Age,RoomService,FoodCourt,ShoppingMall,Spa,VRDeck,TotalSpend,HomePlanet_Ausente,HomePlanet_Earth,HomePlanet_Europa,HomePlanet_Mars,CryoSleep_Ausente,CryoSleep_False,CryoSleep_True,Destination_55 Cancri e,Destination_Ausente,Destination_PSO J318.5-22,Destination_TRAPPIST-1e,VIP_Ausente,VIP_False,VIP_True
-0.1392405063291139,-1.0,-0.514194800495722,0.2748022987865901,0.27450688829865943,0.3172415561782045,0.44731761220859734,0.0,1.0,0.0,0.0,0.0,1.0,0.0,0.0,0.0,0.0,1.0,0.0,1.0,0.0
-0.44303797468354433,-1.0,-1.0,-0.0208605786444378,0.29981365637780444,-1.0,0.2764915990842052,0.0,1.0,0.0,0.0,0.0,1.0,0.0,0.0,0.0,0.0,1.0,0.0,1.0,0.0
-0.16455696202531644,-1.0,-0.3556560016613146,-0.8622584156094552,-0.29594014131866886,0.5458253883570052,0.4915813822100028,0.0,0.0,1.0,0.0,0.0,1.0,0.0,1.0,0.0,0.0,0.0,0.0,1.0,0.0
-0.2911392405063291,-1.0,-1.0,-1.0,0.29921855539165465,-0.4384882522367155,0.24505089380751643,0.0,1.0,0.0,0.0,0.0,1.0,0.0,0.0,0.0,1.0,0.0,0.0,1.0,0.0
-0.49367088607594933,-1.0,-1.0,-1.0,-1.0,-1.0,-1.0,0.0,1.0,0.0,0.0,0.0,0.0,1.0,0.0,0.0,1.0,0.0,0.0,1.0,0.0
-0.03797468354430378,-1.0,-1.0,-1.0,0.3460225649687967,-1.0,0.28524234476922583,0.0,1.0,0.0,0.0,0.0,1.0,0.0,0.0,0.0,0.0,1.0,0.0,1.0,0.0
0.240506329113924,-1.0,-1.0,-1.0,-1.0,-1.0,-1.0,0.0,0.0,1.0,0.0,0.0,0.0,1.0,0.0,0.0,0.0,1.0,0.0,1.0,0.0
0.012658227848101333,-1.0,0.7164545779985867,-0.10802221712786952,0.39656539884242203,-1.0,0.705518076128187,0.0,0.0,1.0,0.0,0.0,1.0,0.0,0.0,0.0,0.0,1.0,0.0,1.0,0.0
0.240506329113924,-1.0,-1.0,0.45682171120959514,0.3712338991013844,-1.0,0.49058746428822664,0.0,1.0,0.0,0.0,0.0,1.0,0.0,0.0,0.0,0.0,1.0,0.0,1.0,0.0
0.3924050632911391,-1.0,-0.09389938613297533,-1.0,0.12430653180175022,0.7015714104347983,0.6498365185518185,0.0,0.0,1.0,0.0,0.0,1.0,0.0,0.0,0.0,1.0,0.0,0.0,0.0,1.0
-0.31645569620253167,-1.0,-0.1869283998258514,-0.5633695079021357,-0.02816640743580945,0.5841807112174338,0.5363052454351547,1.0,0.0,0.0,0.0,0.0,1.0,0.0,0.0,0.0,0.0,1.0,0.0,1.0,0.0
-0.9240506329113924,-1.0,-1.0,-1.0,-1.0,-1.0,-1.0,0.0,1.0,0.0,0.0,0.0,0.0,1.0,0.0,0.0,1.0,0.0,0.0,1.0,0.0
0.240506329113924,-1.0,-1.0,-1.0,-1.0,-1.0,-1.0,0.0,0.0,0.0,1.0,0.0,0.0,1.0,0.0,1.0,0.0,0.0,0.0,1.0,0.0
-0.5189873417721519,-1.0,-1.0,-1.0,-1.0,-1.0,-1.0,0.0,1.0,0.0,0.0,0.0,0.0,1.0,0.0,0.0,0.0,1.0,0.0,1.0,0.0
-0.2405063291139241,0.39881797084198367,-0.0977328892368512,-0.5424323609787505,-1.0,-0.23277050415630363,0.30971159290318373,0.0,0.0,0.0,1.0,0.0,1.0,0.0,0.0,0.0,0.0,1.0,0.0,1.0,0.0
-0.189873417721519,-0.48068668872744935,-0.3224403331882094,-1.0,0.3436513229272795,-0.5436529399901353,0.29425412914828364,0.0,1.0,0.0,0.0,0.0,1.0,0.0,0.0,0.0,0.0,1.0,0.0,1.0,0.0
-0.03797468354430378,-1.0,-1.0,-1.0,-1.0,-1.0,-1.0,0.0,1.0,0.0,0.0,0.0,0.0,1.0,0.0,0.0,1.0,0.0,0.0,1.0,0.0
-0.08860759493670889,-0.4484711928323267,0.42725991429638,-0.8622584156094552,0.4519796682174271,0.5020064983116277,0.6194435182536935,0.0,0.0,1.0,0.0,0.0,1.0,0.0,1.0,0.0,0.0,0.0,0.0,1.0,0.0
-0.44303797468354433,-1.0,-1.0,0.0158496162164683,-0.45932089796816633,0.2774708297095414,0.2764915990842052,0.0,1.0,0.0,0.0,0.0,1.0,0.0,0.0,0.0,0.0,1.0,0.0,1.0,0.0
0.6962025316455696,-1.0,-1.0,-1.0,-1.0,-1.0,-1.0,0.0,1.0,0.0,0.0,0.0,0.0,1.0,0.0,0.0,1.0,0.0,0.0,1.0,0.0
-0.3924050632911392,-1.0,-1.0,-1.0,-1.0,-1.0,-1.0,0.0,0.0,0.0,1.0,0.0,0.0,1.0,0.0,0.0,0.0,1.0,0.0,1.0,0.0
0.240506329113924,-0.7102824304755853,0.3707091210780573,-0.7816847539510678,0.7293158100335826,0.5029163193891455,0.7326399628313349,0.0,0.0,1.0,0.0,0.0,1.0,0.0,1.0,0.0,0.0,0.0,0.0,1.0,0.0
-0.5949367088607596,0.3985588424139852,-0.6853510347334366,-1.0,-1.0,-1.0,0.27672710334034045,0.0,1.0,0.0,0.0,0.0,1.0,0.0,0.0,0.0,0.0,1.0,0.0,1.0,0.0
0.1898734177215189,-1.0,-1.0,-1.0,-1.0,-1.0,-1.0,0.0,0.0,1.0,0.0,0.0,0.0,1.0,1.0,0.0,0.0,0.0,0.0,1.0,0.0
0.139240506329114,-1.0,-1.0,-1.0,-1.0,-1.0,-1.0,0.0,0.0,1.0,0.0,0.0,0.0,1.0,1.0,0.0,0.0,0.0,0.0,1.0,0.0
-0.49367088607594933,-1.0,-1.0,-1.0,-1.0,-1.0,-1.0,0.0,1.0,0.0,0.0,0.0,0.0,1.0,0.0,0.0,1.0,0.0,0.0,1.0,0.0
-0.5189873417721519,-1.0,0.2939793181480874,0.007288084723477084,0.702022359009588,-0.245561329767104,0.6580996666916501,0.0,0.0,1.0,0.0,0.0,1.0,0.0,1.0,0.0,0.0,0.0,0.0,1.0,0.0
-1.0,-1.0,-1.0,-1.0,-1.0,-1.0,-1.0,0.0,1.0,0.0,0.0,0.0,0.0,1.0,1.0,0.0,0.0,0.0,0.0,1.0,0.0
-0.8227848101265822,-1.0,-1.0,-1.0,-1.0,-1.0,-1.0,0.0,0.0,0.0,1.0,0.0,1.0,0.0,0.0,0.0,0.0,1.0,0.0,1.0,0.0
-0.6708860759493671,-1.0,-1.0,-1.0,-1.0,-1.0,-1.0,0.0,0.0,1.0,0.0,0.0,0.0,1.0,0.0,0.0,0.0,1.0,0.0,1.0,0.0
0.11392405063291133,-0.22907196358276727,0.3121613167719466,-1.0,-0.5848265349639614,-0.25923495866381896,0.29871004050405636,0.0,1.0,0.0,0.0,0.0,1.0,0.0,0.0,0.0,0.0,1.0,0.0,1.0,0.0
-0.44303797468354433,-1.0,-1.0,0.21045962200029988,-1.0,0.19899068422639332,0.2892512916546419,0.0,1.0,0.0,0.0,0.0,1.0,0.0,0.0,0.0,0.0,1.0,0.0,1.0,0.0
-0.9493670886075949,-1.0,-1.0,-1.0,-1.0,-1.0,-1.0,0.0,1.0,0.0,0.0,0.0,0.0,1.0,0.0,0.0,0.0,1.0,0.0,1.0,0.0
0.012658227848101333,0.49358283770488187,-1.0,-0.1394005651410034,-1.0,-0.6810270934861755,0.3739699754293264,0.0,0.0,0.0,1.0,0.0,1.0,0.0,0.0,0.0,0.0,1.0,1.0,0.0,0.0
-0.6708860759493671,-1.0,-1.0,-1.0,-0.6786656890936953,0.3277673398781864,0.2781340519483333,0.0,1.0,0.0,0.0,0.0,1.0,0.0,1.0,0.0,0.0,0.0,0.0,1.0,0.0
0.5443037974683544,-1.0,-1.0,-1.0,-1.0,-1.0,-1.0,0.0,0.0,1.0,0.0,0.0,0.0,1.0,0.0,0.0,0.0,1.0,0.0,1.0,0.0
-0.26582278481012656,-1.0,-1.0,-1.0,-1.0,0.34052765374849137,0.28947155819687853,0.0,1.0,0.0,0.0,0.0,1.0,0.0,0.0,0.0,0.0,1.0,0.0,1.0,0.0
-0.2911392405063291,0.3416958036526292,-0.3870033736503038,-1.0,-1.0,-1.0,0.23062338618495803,0.0,1.0,0.0,0.0,1.0,0.0,0.0,1.0,0.0,0.0,0.0,0.0,1.0,0.0
-0.5949367088607596,0.41620220838904576,-1.0,-0.6439431695605231,-0.8616088449879872,-0.4384882522367155,0.2966011620180071,0.0,1.0,0.0,0.0,0.0,1.0,0.0,1.0,0.0,0.0,0.0,0.0,1.0,0.0
-0.11392405063291144,-1.0,-1.0,-1.0,-1.0,-1.0,-1.0,0.0,0.0,1.0,0.0,0.0,0.0,1.0,1.0,0.0,0.0,0.0,0.0,1.0,0.0
-0.49367088607594933,-1.0,0.37472225178653096,0.6371546500487211,0.015770319514128994,-1.0,0.6265993619228385,0.0,0.0,1.0,0.0,0.0,1.0,0.0,0.0,0.0,0.0,1.0,0.0,1.0,0.0
0.08860759493670889,-1.0,-1.0,-1.0,-1.0,-1.0,-1.0,0.0,1.0,0.0,0.0,0.0,0.0,1.0,1.0,0.0,0.0,0.0,0.0,1.0,0.0
-0.2911392405063291,-1.0,-1.0,-1.0,-1.0,-1.0,-1.0,1.0,0.0,0.0,0.0,0.0,0.0,1.0,0.0,0.0,0.0,1.0,0.0,1.0,0.0
0.240506329113924,-1.0,-1.0,-1.0,-1.0,-1.0,-1.0,0.0,1.0,0.0,0.0,0.0,1.0,0.0,0.0,0.0,0.0,1.0,0.0,1.0,0.0
-0.36708860759493667,0.49176482896495366,-1.0,-0.3769174090839149,-0.40188337906966964,-1.0,0.3669164016149582,1.0,0.0,0.0,0.0,0.0,1.0,0.0,0.0,0.0,0.0,1.0,0.0,1.0,0.0
-0.26582278481012656,-0.7102824304755853,-1.0,0.2916318356194205,0.30334748726784944,-0.29536908750557034,0.3789907953622811,0.0,1.0,0.0,0.0,0.0,1.0,0.0,0.0,1.0,0.0,0.0,0.0,1.0,0.0
-0.3417721518987342,-1.0,-1.0,-1.0,-1.0,-1.0,-1.0,0.0,0.0,1.0,0.0,0.0,0.0,1.0,1.0,0.0,0.0,0.0,0.0,1.0,0.0
-0.4177215189873418,-1.0,-1.0,-1.0,-1.0,-1.0,-1.0,0.0,0.0,1.0,0.0,0.0,0.0,1.0,1.0,0.0,0.0,0.0,0.0,1.0,0.0
-0.11392405063291144,-1.0,-1.0,-1.0,-1.0,-1.0,-1.0,0.0,1.0,0.0,0.0,0.0,0.0,1.0,0.0,0.0,1.0,0.0,0.0,1.0,0.0
-0.4177215189873418,0.32870670222182596,0.04350147394559123,-1.0,-1.0,-0.5436529399901353,0.27268341910299565,0.0,1.0,0.0,0.0,0.0,1.0,0.0,0.0,0.0,0.0,1.0,0.0,1.0,0.0
-0.9493670886075949,-1.0,-1.0,-1.0,-1.0,-1.0,-1.0,0.0,1.0,0.0,0.0,0.0,1.0,0.0,0.0,0.0,1.0,0.0,0.0,1.0,0.0
-0.2911392405063291,-1.0,0.5866037628726706,-1.0,0.5314488645334015,-0.33959368702731463,0.6424472084482502,0.0,0.0,1.0,0.0,0.0,1.0,0.0,1.0,0.0,0.0,0.0,0.0,1.0,0.0
-0.4177215189873418,-1.0,0.21181742973945172,-1.0,-0.17599189543729488,-1.0,0.20396408763331642,0.0,1.0,0.0,0.0,0.0,1.0,0.0,0.0,0.0,0.0,1.0,0.0,1.0,0.0
0.06329113924050622,-1.0,-1.0,-1.0,-1.0,-1.0,-1.0,0.0,0.0,0.0,1.0,0.0,0.0,1.0,0.0,0.0,0.0,1.0,0.0,1.0,0.0
-0.1392405063291139,0.7085247493795734,0.3995066257009825,0.4966633162921783,-0.09937878316191584,-1.0,0.6820900297355377,0.0,0.0,1.0,0.0,0.0,1.0,0.0,1.0,0.0,0.0,0.0,0.0,1.0,0.0
-0.36708860759493667,0.4108927829822655,-1.0,0.14627556097397365,-1.0,-1.0,0.3474810535889217,0.0,0.0,0.0,1.0,0.0,1.0,0.0,0.0,0.0,0.0,1.0,0.0,0.0,1.0
-0.4683544303797469,-1.0,-1.0,-1.0,-1.0,-1.0,-1.0,0.0,0.0,1.0,0.0,0.0,0.0,1.0,0.0,0.0,0.0,1.0,0.0,1.0,0.0
-0.5696202531645569,0.5885946528511874,-1.0,-1.0,-1.0,-1.0,0.4491364423497124,0.0,1.0,0.0,0.0,0.0,1.0,0.0,1.0,0.0,0.0,0.0,0.0,1.0,0.0
-0.06329113924050633,-0.38465038264461693,0.6553093830502554,-0.8622584156094552,0.4245254305661177,-0.7822671181404642,0.6594321580851197,0.0,0.0,1.0,0.0,0.0,1.0,0.0,1.0,0.0,0.0,0.0,0.0,1.0,0.0
-0.36708860759493667,-1.0,-1.0,-1.0,-1.0,-1.0,-1.0,0.0,0.0,1.0,0.0,0.0,0.0,1.0,1.0,0.0,0.0,0.0,0.0,1.0,0.0
-0.49367088607594933,-0.6636483178693894,0.14746159904158085,0.046824036112903755,0.09590062978859848,-1.0,0.2724428630192193,0.0,1.0,0.0,0.0,0.0,1.0,0.0,0.0,0.0,0.0,1.0,0.0,1.0,0.0
-0.3924050632911392,-1.0,-1.0,-0.2073126774626588,0.29408727378129673,-1.0,0.250529451019313,0.0,1.0,0.0,0.0,0.0,1.0,0.0,0.0,0.0,0.0,1.0,0.0,1.0,0.0
-0.5189873417721519,-1.0,-0.4840579735152838,0.12807941062072858,0.23346504973511695,-0.7822671181404642,0.2714775917362522,1.0,0.0,0.0,0.0,0.0,1.0,0.0,0.0,0.0,0.0,1.0,0.0,1.0,0.0
-0.8987341772151899,-1.0,-1.0,-1.0,-1.0,-1.0,-1.0,0.0,1.0,0.0,0.0,0.0,0.0,1.0,0.0,0.0,0.0,1.0,0.0,1.0,0.0
0.4177215189873418,-1.0,-1.0,-1.0,-1.0,-1.0,-1.0,0.0,1.0,0.0,0.0,0.0,1.0,0.0,0.0,0.0,0.0,1.0,0.0,1.0,0.0
-0.21518987341772156,-1.0,-1.0,0.394690494033737,-0.7806552088744709,-1.0,0.3383338678673893,0.0,0.0,0.0,1.0,0.0,1.0,0.0,0.0,0.0,0.0,1.0,0.0,1.0,0.0
-0.44303797468354433,0.18708251935337605,0.16938079926025185,-1.0,-1.0,-0.7252516930079197,0.24643536373456643,0.0,1.0,0.0,0.0,0.0,1.0,0.0,1.0,0.0,0.0,0.0,0.0,1.0,0.0
-0.49367088607594933,-0.7704042582518641,0.6553093830502554,-1.0,0.09998372163863856,-0.3131292325197993,0.6250153947124975,0.0,0.0,1.0,0.0,0.0,1.0,0.0,0.0,0.0,0.0,1.0,0.0,1.0,0.0
0.1898734177215189,0.17459099902352304,-1.0,-1.0,-0.3573313781873907,-1.0,0.08737291876454312,0.0,0.0,0.0,1.0,0.0,1.0,0.0,1.0,0.0,0.0,0.0,0.0,1.0,0.0
-0.012658227848101333,-1.0,-1.0,-1.0,-1.0,-1.0,-1.0,0.0,1.0,0.0,0.0,0.0,0.0,1.0,0.0,0.0,0.0,1.0,0.0,1.0,0.0
-0.21518987341772156,-1.0,0.223763163184733,-1.0,-0.19991095170540252,0.1511100099994458,0.29871004050405636,0.0,1.0,0.0,0.0,0.0,1.0,0.0,0.0,0.0,0.0,1.0,0.0,1.0,0.0
-0.6708860759493671,-1.0,-1.0,-1.0,-1.0,-1.0,-1.0,0.0,1.0,0.0,0.0,0.0,0.0,1.0,0.0,0.0,1.0,0.0,0.0,1.0,0.0
0.5189873417721518,0.3714658345929527,-0.37070206946687334,-1.0,-1.0,0.019021209990922827,0.2972362786668288,0.0,1.0,0.0,0.0,1.0,0.0,0.0,0.0,0.0,0.0,1.0,0.0,1.0,0.0
-0.44303797468354433,0.38462120877001005,-1.0,-1.0,-1.0,-1.0,0.2630692473235283,0.0,1.0,0.0,0.0,0.0,1.0,0.0,0.0,0.0,0.0,1.0,0.0,1.0,0.0
0.06329113924050622,-1.0,0.3830067747223118,-1.0,0.5758518126032044,0.11956461174874722,0.58778754349471,0.0,0.0,1.0,0.0,0.0,1.0,0.0,1.0,0.0,0.0,0.0,0.0,1.0,0.0
-0.6962025316455696,-1.0,-1.0,-1.0,-1.0,-1.0,-1.0,0.0,1.0,0.0,0.0,0.0,0.0,1.0,1.0,0.0,0.0,0.0,0.0,1.0,0.0
-0.49367088607594933,0.41572506879729776,-1.0,-0.12673901580427138,-1.0,-1.0,0.3081212548288894,0.0,1.0,0.0,0.0,0.0,1.0,0.0,0.0,0.0,0.0,1.0,0.0,1.0,0.0
-0.06329113924050633,0.26083689433662816,-0.20957379709054347,0.5016065707760802,-1.0,-1.0,0.48260380654667356,0.0,0.0,0.0,1.0,0.0,1.0,0.0,0.0,0.0,0.0,1.0,0.0,1.0,0.0
-1.0,-1.0,-1.0,-1.0,-1.0,-1.0,-1.0,0.0,1.0,0.0,0.0,0.0,0.0,1.0,0.0,0.0,0.0,1.0,0.0,1.0,0.0
-0.31645569620253167,-1.0,-1.0,-1.0,-1.0,-1.0,-1.0,0.0,0.0,0.0,1.0,0.0,0.0,1.0,0.0,0.0,0.0,1.0,0.0,1.0,0.0
-0.16455696202531644,-1.0,0.29785589712750804,-0.8622584156094552,-0.16050691052666288,-0.11951534572289091,0.2999642599693204,0.0,1.0,0.0,0.0,0.0,1.0,0.0,0.0,0.0,0.0,1.0,0.0,1.0,0.0
0.3417721518987342,-0.08684198141166655,-0.12916443879193884,0.34273152804703244,-1.0,-1.0,0.32123417322106906,0.0,0.0,0.0,1.0,0.0,1.0,0.0,0.0,0.0,0.0,1.0,0.0,1.0,0.0
0.1898734177215189,0.06194771015643852,-1.0,0.4143246772597664,-0.27905773174939197,-1.0,0.38495303646526313,0.0,0.0,0.0,1.0,0.0,1.0,0.0,0.0,0.0,0.0,1.0,0.0,1.0,0.0
0.06329113924050622,-1.0,-1.0,-1.0,-1.0,-1.0,-1.0,0.0,0.0,1.0,0.0,0.0,0.0,1.0,1.0,0.0,0.0,0.0,0.0,1.0,0.0
-0.2405063291139241,-0.6636483178693894,0.26262059722609976,-1.0,-1.0,-0.7252516930079197,0.23330222189384453,0.0,1.0,0.0,0.0,0.0,1.0,0.0,0.0,1.0,0.0,0.0,0.0,1.0,0.0
0.3417721518987342,-0.37393074834497464,-0.13847583640246797,-0.11483611097421709,0.3267338311711576,0.22766307197107483,0.38681166497215247,0.0,1.0,0.0,0.0,0.0,1.0,0.0,0.0,0.0,0.0,1.0,0.0,1.0,0.0
-0.5949367088607596,-1.0,-1.0,-1.0,-1.0,-1.0,-1.0,0.0,1.0,0.0,0.0,0.0,0.0,1.0,0.0,0.0,0.0,1.0,0.0,1.0,0.0
-0.31645569620253167,0.04435265334481553,-1.0,0.3764431591404942,-1.0,-1.0,0.34617752255403,0.0,0.0,0.0,1.0,0.0,1.0,0.0,0.0,0.0,0.0,1.0,0.0,1.0,0.0
-0.3924050632911392,-0.8551412152377926,0.2020402727799988,-0.6801739453692954,-1.0,0.1563953634869628,0.27766622184583367,0.0,1.0,0.0,0.0,0.0,1.0,0.0,0.0,0.0,0.0,1.0,0.0,1.0,0.0
-0.1392405063291139,-1.0,-1.0,-1.0,-1.0,-1.0,-1.0,0.0,0.0,1.0,0.0,0.0,0.0,1.0,0.0,1.0,0.0,0.0,0.0,1.0,0.0
-0.9240506329113924,-1.0,-1.0,-1.0,-1.0,-1.0,-1.0,0.0,1.0,0.0,0.0,0.0,0.0,1.0,0.0,0.0,0.0,1.0,0.0,1.0,0.0
-0.5443037974683544,-1.0,-1.0,-1.0,-1.0,-1.0,-1.0,0.0,1.0,0.0,0.0,0.0,0.0,1.0,0.0,0.0,0.0,1.0,0.0,1.0,0.0
0.06329113924050622,-0.4988709397562451,0.11769260357932732,-0.4902955702815448,-1.0,0.22316323138676708,0.2753096940518822,0.0,1.0,0.0,0.0,0.0,1.0,0.0,0.0,0.0,0.0,1.0,0.0,1.0,0.0
-0.31645569620253167,-1.0,0.2525603769050686,-1.0,-1.0,-1.0,0.22141190018755852,0.0,1.0,0.0,0.0,0.0,1.0,0.0,0.0,0.0,1.0,0.0,0.0,1.0,0.0
-0.26582278481012656,-0.5654236457133779,-1.0,-1.0,0.3341246313225188,-1.0,0.2755466619768592,0.0,1.0,0.0,0.0,0.0,1.0,0.0,0.0,0.0,0.0,1.0,0.0,1.0,0.0
-0.3924050632911392,-0.6636483178693894,0.12464172394804507,-1.0,-1.0,0.20131414589002827,0.2612911069207595,0.0,1.0,0.0,0.0,0.0,1.0,0.0,0.0,0.0,0.0,1.0,0.0,1.0,0.0
0.26582278481012667,-1.0,0.6828386449990433,-1.0,0.30910166746036993,0.7363808490795096,0.7992882327580957,0.0,0.0,1.0,0.0,0.0,1.0,0.0,1.0,0.0,0.0,0.0,0.0,0.0,1.0
0.1898734177215189,0.6147705589224242,-1.0,-0.051973841586329006,-1.0,-1.0,0.48260380654667356,0.0,0.0,0.0,1.0,0.0,1.0,0.0,0.0,0.0,0.0,1.0,0.0,1.0,0.0
-0.11392405063291144,-1.0,0.2870722652144704,-1.0,-1.0,0.03568555974817822,0.2985001993479246,0.0,1.0,0.0,0.0,0.0,1.0,0.0,0.0,0.0,0.0,1.0,0.0,1.0,0.0
-0.03797468354430378,-1.0,-1.0,-1.0,0.48687358148293813,-1.0,0.4197331738527341,0.0,1.0,0.0,0.0,0.0,1.0,0.0,0.0,0.0,0.0,1.0,0.0,1.0,0.0
-0.06329113924050633,-1.0,-0.11811616638148303,-1.0,0.6165192698577597,-0.5075188111483839,0.5493012216063409,0.0,0.0,1.0,0.0,0.0,1.0,0.0,1.0,0.0,0.0,0.0,0.0,1.0,0.0
-0.49367088607594933,-1.0,-1.0,-1.0,-1.0,0.42391453895866515,0.36968252326311735,0.0,1.0,0.0,0.0,0.0,1.0,0.0,0.0,0.0,1.0,0.0,0.0,1.0,0.0
0.03797468354430378,-1.0,-1.0,-1.0,-1.0,0.27715599404365876,0.22851350741992382,0.0,1.0,0.0,0.0,0.0,1.0,0.0,0.0,0.0,1.0,0.0,0.0,1.0,0.0
-0.012658227848101333,-1.0,-1.0,-1.0,-1.0,-1.0,-1.0,0.0,0.0,1.0,0.0,0.0,0.0,1.0,1.0,0.0,0.0,0.0,0.0,1.0,0.0
-0.8227848101265822,-1.0,-1.0,-1.0,-1.0,-1.0,-1.0,0.0,1.0,0.0,0.0,0.0,1.0,0.0,0.0,0.0,0.0,1.0,0.0,1.0,0.0
-0.08860759493670889,-0.6255454734896567,-1.0,0.35110226668347244,-1.0,-0.8626258465039598,0.29744751488910315,0.0,1.0,0.0,0.0,0.0,1.0,0.0,0.0,0.0,0.0,1.0,0.0,1.0,0.0
-0.189873417721519,-1.0,-1.0,-1.0,-1.0,-1.0,-1.0,0.0,0.0,0.0,1.0,0.0,0.0,1.0,0.0,0.0,0.0,1.0,0.0,1.0,0.0
-0.31645569620253167,-1.0,0.9463168746110882,-1.0,0.5580044482334121,0.5335969241690166,0.9366117808485652,0.0,0.0,1.0,0.0,0.0,1.0,0.0,1.0,0.0,0.0,0.0,0.0,1.0,0.0
-0.6708860759493671,-1.0,-1.0,-1.0,-1.0,-1.0,-1.0,0.0,0.0,0.0,1.0,0.0,0.0,1.0,0.0,0.0,0.0,1.0,0.0,1.0,0.0
-0.5696202531645569,0.2790629051918003,-0.4143271680087205,-1.0,-1.0,0.6007997139867336,0.5659595357756022,0.0,0.0,1.0,0.0,0.0,1.0,0.0,1.0,0.0,0.0,0.0,0.0,1.0,0.0
-0.31645569620253167,0.5145459954245462,0.00406089079355243,0.38836420396469373,-1.0,-1.0,0.5029773485037516,0.0,1.0,0.0,0.0,0.0,1.0,0.0,0.0,0.0,0.0,1.0,0.0,1.0,0.0
-0.6708860759493671,0.612640382199588,-0.3224403331882094,0.2381156703430265,-1.0,-0.016418735969507492,0.5215126822479537,0.0,0.0,0.0,1.0,0.0,1.0,0.0,1.0,0.0,0.0,0.0,0.0,1.0,0.0
-0.4683544303797469,-0.7102824304755853,-1.0,-1.0,0.35410691764749336,-1.0,0.2936089824375072,0.0,1.0,0.0,0.0,0.0,1.0,0.0,0.0,0.0,0.0,1.0,0.0,1.0,0.0
0.08860759493670889,-1.0,-0.056053104200309845,-1.0,0.6547571621283017,0.036748237951019114,0.5943487457835144,0.0,0.0,1.0,0.0,0.0,1.0,0.0,0.0,0.0,0.0,1.0,0.0,1.0,0.0
-0.4683544303797469,0.3243145184868472,-0.5498391013710785,-1.0,-1.0,-0.31942147560739764,0.22078168251909025,0.0,1.0,0.0,0.0,0.0,1.0,0.0,1.0,0.0,0.0,0.0,0.0,1.0,0.0
-0.5949367088607596,-0.7102824304755853,-1.0,-0.2878863391210461,0.0017311923196254853,0.22316323138676708,0.23969625836169262,0.0,1.0,0.0,0.0,0.0,1.0,0.0,0.0,0.0,0.0,1.0,0.0,1.0,0.0
0.012658227848101333,-1.0,-1.0,-1.0,-1.0,-1.0,-1.0,0.0,1.0,0.0,0.0,0.0,0.0,1.0,0.0,0.0,0.0,1.0,0.0,1.0,0.0
-0.16455696202531644,-1.0,-1.0,-1.0,-1.0,-1.0,-1.0,0.0,0.0,0.0,1.0,0.0,0.0,1.0,1.0,0.0,0.0,0.0,0.0,1.0,0.0
-0.31645569620253167,-1.0,-1.0,-1.0,-1.0,-1.0,-1.0,0.0,1.0,0.0,0.0,0.0,0.0,1.0,0.0,0.0,0.0,1.0,0.0,1.0,0.0
-0.012658227848101333,-1.0,-0.4143271680087205,0.3112497802882934,-1.0,0.29891757291740517,0.3882594091628233,0.0,1.0,0.0,0.0,0.0,1.0,0.0,0.0,0.0,1.0,0.0,0.0,1.0,0.0
-0.36708860759493667,-1.0,-1.0,-1.0,-1.0,-1.0,-1.0,0.0,0.0,1.0,0.0,0.0,0.0,1.0,1.0,0.0,0.0,0.0,0.0,1.0,0.0
-0.49367088607594933,-0.14433500659683873,-1.0,0.47185489562687,0.4801249963772538,-1.0,0.5481144817156895,0.0,0.0,0.0,1.0,0.0,1.0,0.0,0.0,0.0,0.0,1.0,0.0,1.0,0.0
-0.3417721518987342,-1.0,0.300398226767185,-0.22662097017838223,-1.0,-0.006947151616774949,0.3112887739450776,0.0,1.0,0.0,0.0,0.0,1.0,0.0,0.0,0.0,0.0,1.0,0.0,1.0,0.0
-0.5696202531645569,-1.0,-1.0,-1.0,-1.0,-1.0,-1.0,0.0,0.0,0.0,1.0,0.0,0.0,1.0,1.0,0.0,0.0,0.0,0.0,1.0,0.0
-0.36708860759493667,-1.0,-1.0,-1.0,-1.0,-1.0,-1.0,0.0,1.0,0.0,0.0,0.0,0.0,1.0,0.0,0.0,0.0,1.0,0.0,1.0,0.0
-0.16455696202531644,-1.0,0.39935442453000736,0.1761972640045013,0.6193573164199837,0.044031593339141306,0.6303554002781462,0.0,0.0,1.0,0.0,0.0,1.0,0.0,0.0,0.0,0.0,1.0,0.0,1.0,0.0
-0.4177215189873418,-1.0,-1.0,-1.0,-1.0,-1.0,-1.0,0.0,0.0,1.0,0.0,0.0,0.0,1.0,1.0,0.0,0.0,0.0,0.0,1.0,0.0
-0.03797468354430378,-1.0,-0.42435512987010526,-0.3176011508255203,-1.0,0.33282775972449485,0.29274537656158284,0.0,1.0,0.0,0.0,0.0,1.0,0.0,0.0,0.0,0.0,1.0,0.0,1.0,0.0
-0.4177215189873418,-0.5654236457133779,-1.0,-1.0,0.3127548742780599,0.32506416206408817,0.39722334841700824,0.0,1.0,0.0,0.0,0.0,1.0,0.0,0.0,1.0,0.0,0.0,0.0,1.0,0.0
0.36708860759493667,-1.0,0.3053858032351524,-1.0,-0.10607179757566865,0.45818677944141095,0.4875742359363533,0.0,0.0,1.0,0.0,0.0,1.0,0.0,0.0,0.0,0.0,1.0,0.0,1.0,0.0
-0.44303797468354433,0.2682223642932373,-0.2739877697648261,-1.0,-0.5212452626117072,-1.0,0.1777674119075423,0.0,1.0,0.0,0.0,0.0,1.0,0.0,0.0,0.0,1.0,0.0,0.0,1.0,0.0
0.11392405063291133,-0.38465038264461693,0.4233937334571021,-1.0,0.1250208661345542,-0.17268231964341751,0.4303270475696941,0.0,0.0,1.0,0.0,0.0,1.0,0.0,0.0,0.0,0.0,1.0,0.0,1.0,0.0
-0.5949367088607596,-1.0,-1.0,-1.0,-1.0,-1.0,-1.0,0.0,0.0,0.0,1.0,0.0,0.0,1.0,0.0,0.0,0.0,1.0,0.0,1.0,0.0
0.08860759493670889,-1.0,-1.0,-1.0,-1.0,-1.0,-1.0,0.0,0.0,1.0,0.0,0.0,0.0,1.0,0.0,0.0,0.0,1.0,0.0,1.0,0.0
-0.189873417721519,-1.0,-1.0,-1.0,-1.0,-1.0,-1.0,0.0,0.0,0.0,1.0,0.0,0.0,1.0,0.0,0.0,0.0,1.0,0.0,1.0,0.0
-0.06329113924050633,-1.0,-1.0,-1.0,-1.0,-1.0,-1.0,0.0,1.0,0.0,0.0,0.0,0.0,1.0,1.0,0.0,0.0,0.0,0.0,1.0,0.0
-0.2911392405063291,-1.0,0.1728064607733455,-1.0,-0.019157831294643102,0.8047490268513255,0.7470476932880914,0.0,0.0,1.0,0.0,0.0,1.0,0.0,0.0,0.0,0.0,1.0,0.0,1.0,0.0
-0.4177215189873418,-1.0,-1.0,0.22643479265791022,0.6821630965340779,-1.0,0.6252046538078564,0.0,1.0,0.0,0.0,0.0,1.0,0.0,1.0,0.0,0.0,0.0,0.0,1.0,0.0
-0.2911392405063291,-1.0,0.016318616078375037,0.24160546130998317,-1.0,-1.0,0.2480835642409187,0.0,1.0,0.0,0.0,0.0,1.0,0.0,0.0,0.0,0.0,1.0,0.0,1.0,0.0
-0.2405063291139241,-1.0,-0.10765900040864773,-1.0,0.21616798532720405,0.3737415349604014,0.4016743055577603,0.0,1.0,0.0,0.0,0.0,1.0,0.0,0.0,0.0,0.0,1.0,0.0,1.0,0.0
-0.5443037974683544,-1.0,-1.0,-1.0,-1.0,-1.0,-1.0,0.0,0.0,1.0,0.0,0.0,0.0,1.0,0.0,0.0,0.0,1.0,0.0,1.0,0.0
-0.1392405063291139,-1.0,-1.0,-1.0,-1.0,-1.0,-1.0,0.0,0.0,1.0,0.0,0.0,0.0,1.0,1.0,0.0,0.0,0.0,0.0,1.0,0.0
0.4430379746835442,-1.0,0.431697408809274,-1.0,-0.1433830299748715,0.4348750727047468,0.5250640929627715,0.0,0.0,1.0,0.0,0.0,1.0,0.0,0.0,0.0,0.0,1.0,0.0,1.0,0.0
-0.31645569620253167,-1.0,-1.0,-1.0,-1.0,-1.0,-1.0,0.0,0.0,0.0,1.0,0.0,1.0,0.0,0.0,0.0,0.0,1.0,0.0,1.0,0.0
-0.5189873417721519,-1.0,-0.1457624833221085,0.32885620900181345,-1.0,-0.5878775395118796,0.29403932273558775,0.0,1.0,0.0,0.0,0.0,1.0,0.0,0.0,0.0,0.0,1.0,0.0,1.0,0.0
0.4430379746835442,-0.17829935830766064,0.45295266349223606,-1.0,-1.0,-0.02636579174859499,0.43663577670740894,0.0,1.0,0.0,0.0,0.0,1.0,0.0,0.0,0.0,0.0,1.0,0.0,1.0,0.0
-0.5189873417721519,-0.11512657050089148,-1.0,-1.0,0.31358851320541414,-1.0,0.2714775917362522,0.0,1.0,0.0,0.0,1.0,0.0,0.0,0.0,0.0,0.0,1.0,0.0,1.0,0.0
0.012658227848101333,-1.0,0.30880291085022304,-1.0,-1.0,-1.0,0.27625580354258283,0.0,1.0,0.0,0.0,0.0,1.0,0.0,0.0,0.0,0.0,1.0,0.0,1.0,0.0
-0.06329113924050633,0.32652214870258534,-1.0,-0.5867752468283656,-0.06518331659938703,-1.0,0.24477278920517387,0.0,1.0,0.0,0.0,0.0,1.0,0.0,0.0,0.0,1.0,0.0,0.0,1.0,0.0
-0.44303797468354433,-1.0,-1.0,-1.0,-1.0,-1.0,-1.0,1.0,0.0,0.0,0.0,0.0,0.0,1.0,0.0,0.0,0.0,1.0,0.0,1.0,0.0
-0.4177215189873418,-1.0,-0.39569379966122975,-1.0,-1.0,0.3031077714908519,0.25898028261425443,0.0,1.0,0.0,0.0,0.0,1.0,0.0,0.0,0.0,0.0,1.0,0.0,1.0,0.0
-0.3924050632911392,-1.0,-1.0,-0.3857508233676067,-1.0,0.2972163692531571,0.2534768707710904,0.0,1.0,0.0,0.0,0.0,1.0,0.0,0.0,0.0,0.0,1.0,0.0,1.0,0.0
-0.2405063291139241,-0.17829935830766064,0.3939513299190651,-1.0,-0.8616088449879872,0.3510021355728956,0.4682481749763605,0.0,0.0,1.0,0.0,0.0,1.0,0.0,0.0,0.0,0.0,1.0,0.0,1.0,0.0
-0.2911392405063291,-0.21395788183585684,0.3721143554784583,-1.0,-1.0,-1.0,0.3450295752594832,0.0,0.0,0.0,1.0,0.0,1.0,0.0,0.0,0.0,0.0,1.0,1.0,0.0,0.0
-0.620253164556962,-1.0,-0.2739877697648261,-1.0,-1.0,0.33448625484208594,0.29252886243144127,0.0,1.0,0.0,0.0,0.0,1.0,0.0,1.0,0.0,0.0,0.0,0.0,1.0,0.0
0.012658227848101333,-0.5654236457133779,-1.0,-0.6133104850891911,0.4167393105693702,-0.11040160165498347,0.368085979952647,0.0,0.0,0.0,1.0,0.0,1.0,0.0,0.0,0.0,0.0,1.0,0.0,1.0,0.0
-0.3417721518987342,-1.0,0.6030148821441639,-1.0,0.3877734932171961,-1.0,0.6111959425148026,0.0,0.0,1.0,0.0,0.0,1.0,0.0,0.0,0.0,0.0,1.0,0.0,0.0,1.0
-0.49367088607594933,-0.15505464089648102,0.29631447736135774,-0.062344147527011784,-1.0,-1.0,0.3020364615791773,0.0,1.0,0.0,0.0,0.0,1.0,0.0,0.0,0.0,0.0,1.0,0.0,1.0,0.0
0.240506329113924,0.2277844447782067,0.19437252945460837,-0.5633695079021357,-1.0,-1.0,0.27743187557035265,0.0,1.0,0.0,0.0,0.0,1.0,0.0,0.0,0.0,0.0,1.0,0.0,1.0,0.0
-0.4177215189873418,-0.22907196358276727,0.09011139984304806,-1.0,-1.0,-1.0,0.08926985651603658,0.0,1.0,0.0,0.0,0.0,1.0,0.0,0.0,0.0,0.0,1.0,0.0,1.0,0.0
-0.5949367088607596,0.3666887797386742,-1.0,-0.08092956166922327,-0.011949242073952537,-1.0,0.30367815672848075,0.0,1.0,0.0,0.0,0.0,1.0,0.0,0.0,0.0,0.0,1.0,0.0,1.0,0.0
-0.4177215189873418,-1.0,-1.0,-1.0,-1.0,-1.0,-1.0,0.0,1.0,0.0,0.0,0.0,0.0,1.0,0.0,0.0,0.0,1.0,0.0,1.0,0.0
0.11392405063291133,-1.0,-1.0,-1.0,-1.0,-1.0,-1.0,0.0,0.0,1.0,0.0,0.0,0.0,1.0,0.0,1.0,0.0,0.0,0.0,1.0,0.0
-0.189873417721519,-1.0,-1.0,-1.0,-1.0,-1.0,-1.0,0.0,0.0,1.0,0.0,0.0,0.0,1.0,0.0,0.0,0.0,1.0,0.0,1.0,0.0
0.06329113924050622,-1.0,-1.0,-1.0,-1.0,-1.0,-1.0,0.0,0.0,0.0,1.0,0.0,0.0,1.0,0.0,0.0,0.0,1.0,0.0,1.0,0.0
-0.44303797468354433,-1.0,-1.0,-1.0,-1.0,-1.0,-1.0,0.0,0.0,0.0,1.0,1.0,0.0,0.0,1.0,0.0,0.0,0.0,0.0,1.0,0.0
-0.21518987341772156,-0.8551412152377926,-1.0,-0.7816847539510678,0.2791735235498094,-1.0,0.22235333751358932,0.0,1.0,0.0,0.0,0.0,1.0,0.0,1.0,0.0,0.0,0.0,0.0,1.0,0.0
-0.8734177215189873,-1.0,-1.0,-1.0,-1.0,-1.0,-1.0,0.0,0.0,0.0,1.0,0.0,0.0,1.0,0.0,0.0,0.0,1.0,0.0,1.0,0.0
-0.4683544303797469,0.3330084743514372,-1.0,-0.42562792351159096,-1.0,0.4557705857747143,0.4631827560858801,0.0,1.0,0.0,0.0,0.0,1.0,0.0,0.0,0.0,0.0,1.0,0.0,1.0,0.0
-0.9240506329113924,-1.0,-1.0,-1.0,-1.0,-1.0,-1.0,0.0,1.0,0.0,0.0,0.0,0.0,1.0,0.0,0.0,1.0,0.0,0.0,1.0,0.0
0.26582278481012667,-1.0,-1.0,-1.0,-1.0,-1.0,-1.0,0.0,0.0,0.0,1.0,1.0,0.0,0.0,0.0,0.0,0.0,1.0,0.0,1.0,0.0
-0.4683544303797469,-0.012037163643763504,-1.0,-1.0,-1.0,0.42615567490176476,0.3872075958955621,0.0,1.0,0.0,0.0,0.0,1.0,0.0,1.0,0.0,0.0,0.0,0.0,1.0,0.0
-0.36708860759493667,0.34970906835804105,-1.0,-0.10580186888088627,0.14726528329836008,-0.7822671181404642,0.32455938550630026,1.0,0.0,0.0,0.0,0.0,1.0,0.0,0.0,0.0,0.0,1.0,0.0,1.0,0.0
-0.36708860759493667,-0.8551412152377926,-1.0,-0.27198032423261265,-0.5848265349639614,0.30963310197414473,0.27123550831185184,0.0,1.0,0.0,0.0,0.0,1.0,0.0,0.0,0.0,0.0,1.0,0.0,1.0,0.0
-0.7974683544303798,-1.0,-1.0,-1.0,-1.0,-1.0,-1.0,0.0,1.0,0.0,0.0,0.0,1.0,0.0,1.0,0.0,0.0,0.0,0.0,1.0,0.0
-0.4177215189873418,-1.0,-0.11177499231380461,-0.8622584156094552,-1.0,0.2480178619483493,0.2309229002624309,0.0,1.0,0.0,0.0,0.0,1.0,0.0,0.0,1.0,0.0,0.0,0.0,1.0,0.0
-0.4683544303797469,0.3121296733450274,-0.6853510347334366,-0.27714214953154825,-0.8616088449879872,-1.0,0.21140136898160078,0.0,1.0,0.0,0.0,0.0,1.0,0.0,1.0,0.0,0.0,0.0,0.0,1.0,0.0
-0.2911392405063291,-1.0,-1.0,-1.0,-1.0,-1.0,-1.0,0.0,1.0,0.0,0.0,0.0,0.0,1.0,1.0,0.0,0.0,0.0,0.0,1.0,0.0
-0.5443037974683544,-1.0,0.11379541683885996,-1.0,0.2734925445434577,-0.37014465765234383,0.29871004050405636,0.0,1.0,0.0,0.0,0.0,1.0,0.0,0.0,0.0,0.0,1.0,0.0,1.0,0.0
-0.36708860759493667,0.47733435516894884,-1.0,-0.4148837339220931,0.314142344997544,-1.0,0.4406621285017269,0.0,1.0,0.0,0.0,0.0,1.0,0.0,0.0,0.0,0.0,1.0,0.0,1.0,0.0
0.16455696202531644,-0.02540161897517723,0.13725915935135236,-1.0,-0.1433830299748715,0.1819158861387078,0.29702480812812015,0.0,1.0,0.0,0.0,0.0,1.0,0.0,0.0,0.0,0.0,1.0,0.0,1.0,0.0
-0.2405063291139241,-1.0,-1.0,-1.0,-1.0,-1.0,-1.0,0.0,0.0,0.0,1.0,0.0,0.0,1.0,0.0,0.0,0.0,1.0,0.0,1.0,0.0
-0.16455696202531644,-1.0,0.5752985071655758,-1.0,-0.02511816146215251,-1.0,0.5438727524151696,0.0,0.0,1.0,0.0,0.0,1.0,0.0,0.0,0.0,0.0,1.0,0.0,1.0,0.0
-0.9240506329113924,-1.0,-1.0,-1.0,-1.0,-1.0,-1.0,0.0,0.0,0.0,1.0,0.0,1.0,0.0,0.0,0.0,0.0,1.0,0.0,1.0,0.0
-0.3924050632911392,-1.0,-1.0,-1.0,-1.0,0.42119128834134933,0.3670629919113757,0.0,1.0,0.0,0.0,0.0,1.0,0.0,0.0,0.0,0.0,1.0,0.0,1.0,0.0
-0.3417721518987342,-1.0,-1.0,-1.0,-1.0,-1.0,-1.0,0.0,1.0,0.0,0.0,0.0,0.0,1.0,0.0,0.0,0.0,1.0,0.0,1.0,0.0
-0.4683544303797469,-1.0,-1.0,-1.0,-1.0,-1.0,-1.0,0.0,1.0,0.0,0.0,0.0,0.0,1.0,0.0,0.0,0.0,1.0,0.0,1.0,0.0
-0.5696202531645569,-1.0,0.18684376064670571,-1.0,0.5987872198765885,-1.0,0.5522084084120376,0.0,1.0,0.0,0.0,0.0,1.0,0.0,0.0,0.0,0.0,1.0,0.0,1.0,0.0
-0.11392405063291144,-1.0,-1.0,-1.0,-1.0,-1.0,-1.0,0.0,0.0,1.0,0.0,0.0,0.0,1.0,0.0,0.0,0.0,1.0,0.0,1.0,0.0
-0.4683544303797469,0.3510152416749537,-1.0,0.19552534059208404,-1.0,-1.0,0.32638196794542274,0.0,1.0,0.0,0.0,0.0,1.0,0.0,0.0,1.0,0.0,0.0,1.0,0.0,0.0
-0.5949367088607596,-1.0,-1.0,-1.0,-1.0,-1.0,-1.0,0.0,1.0,0.0,0.0,0.0,0.0,1.0,0.0,0.0,1.0,0.0,0.0,1.0,0.0
-0.2405063291139241,-1.0,0.624754104847806,-1.0,0.25799115694638375,0.4168793138424671,0.654727112987612,0.0,0.0,1.0,0.0,0.0,1.0,0.0,1.0,0.0,0.0,0.0,0.0,1.0,0.0
0.36708860759493667,-1.0,-1.0,-1.0,-1.0,-1.0,-1.0,0.0,0.0,1.0,0.0,0.0,0.0,1.0,0.0,0.0,0.0,1.0,0.0,1.0,0.0
0.4430379746835442,-1.0,0.6145413640821185,-0.4755689006986463,0.05380849040844793,0.6374972439340763,0.71193805368998,0.0,0.0,1.0,0.0,0.0,1.0,0.0,0.0,0.0,0.0,1.0,0.0,1.0,0.0
-0.16455696202531644,-1.0,-1.0,-1.0,-1.0,-1.0,-1.0,1.0,0.0,0.0,0.0,0.0,0.0,1.0,0.0,0.0,0.0,1.0,0.0,1.0,0.0
-0.1392405063291139,-1.0,-1.0,-1.0,-1.0,-1.0,-1.0,0.0,0.0,1.0,0.0,0.0,0.0,1.0,1.0,0.0,0.0,0.0,0.0,1.0,0.0
-0.2911392405063291,-0.7102824304755853,0.4981226967016854,-1.0,0.3071065136253397,-0.5247635098122653,0.5156891197369513,0.0,0.0,1.0,0.0,0.0,1.0,0.0,0.0,0.0,0.0,1.0,0.0,1.0,0.0
0.11392405063291133,-1.0,-1.0,-1.0,-1.0,-1.0,-1.0,0.0,0.0,1.0,0.0,0.0,0.0,1.0,1.0,0.0,0.0,0.0,0.0,1.0,0.0
0.7215189873417722,-1.0,-1.0,-1.0,-1.0,-1.0,-1.0,0.0,0.0,1.0,0.0,0.0,0.0,1.0,0.0,0.0,0.0,1.0,0.0,1.0,0.0
-0.3417721518987342,0.5691246752613377,-1.0,-0.6801739453692954,-0.06518331659938703,0.4059993807862585,0.5349130387604637,0.0,1.0,0.0,0.0,0.0,1.0,0.0,0.0,0.0,0.0,1.0,0.0,1.0,0.0
-0.620253164556962,-1.0,-1.0,-1.0,-1.0,-1.0,-1.0,0.0,1.0,0.0,0.0,0.0,0.0,1.0,0.0,0.0,0.0,1.0,0.0,1.0,0.0
-1.0,-1.0,-1.0,-1.0,-1.0,-1.0,-1.0,0.0,1.0,0.0,0.0,0.0,1.0,0.0,0.0,0.0,0.0,1.0,0.0,1.0,0.0
0.4683544303797469,-1.0,-1.0,-1.0,-1.0,-1.0,-1.0,0.0,0.0,0.0,1.0,0.0,0.0,1.0,0.0,0.0,0.0,1.0,0.0,1.0,0.0
-1.0,-1.0,-1.0,-1.0,-1.0,-1.0,-1.0,0.0,1.0,0.0,0.0,0.0,1.0,0.0,1.0,0.0,0.0,0.0,0.0,1.0,0.0
0.11392405063291133,-1.0,-1.0,-1.0,-1.0,-1.0,-1.0,0.0,1.0,0.0,0.0,0.0,0.0,1.0,0.0,0.0,1.0,0.0,0.0,1.0,0.0
0.4177215189873418,0.015637859912279062,-1.0,0.3645908070229058,-1.0,-0.25457147267740143,0.340198753687325,0.0,0.0,0.0,1.0,0.0,1.0,0.0,0.0,0.0,0.0,1.0,0.0,1.0,0.0
-0.08860759493670889,-1.0,0.5783086584833135,-1.0,0.3076785949137033,-0.14967809093485762,0.5800838419872232,0.0,0.0,1.0,0.0,0.0,1.0,0.0,0.0,1.0,0.0,0.0,0.0,1.0,0.0
-1.0,-1.0,-1.0,-1.0,-1.0,-1.0,-1.0,0.0,0.0,0.0,1.0,0.0,1.0,0.0,1.0,0.0,0.0,0.0,0.0,1.0,0.0
-0.6455696202531646,-1.0,-1.0,-1.0,-1.0,-1.0,-1.0,0.0,1.0,0.0,0.0,0.0,0.0,1.0,1.0,0.0,0.0,0.0,0.0,1.0,0.0
-0.11392405063291144,-1.0,-1.0,-1.0,-1.0,-1.0,-1.0,0.0,0.0,1.0,0.0,0.0,0.0,1.0,0.0,0.0,0.0,1.0,0.0,1.0,0.0
-0.4683544303797469,-0.296278776647921,0.24432401172544793,-1.0,-1.0,0.08370942596499997,0.2847916573936091,0.0,1.0,0.0,0.0,0.0,1.0,0.0,0.0,0.0,0.0,1.0,0.0,1.0,0.0
-0.3924050632911392,-1.0,-1.0,-1.0,-1.0,-1.0,-1.0,1.0,0.0,0.0,0.0,0.0,0.0,1.0,1.0,0.0,0.0,0.0,0.0,1.0,0.0
-0.26582278481012656,0.4538279131770304,-1.0,-1.0,-1.0,-1.0,0.3262004918050192,0.0,0.0,0.0,1.0,0.0,1.0,0.0,0.0,0.0,0.0,1.0,0.0,1.0,0.0
-0.5189873417721519,-1.0,-1.0,-0.025228207222498966,0.510661155208896,-1.0,0.4552307127527815,0.0,1.0,0.0,0.0,0.0,1.0,0.0,0.0,0.0,0.0,1.0,0.0,1.0,0.0
-0.5443037974683544,-0.3447223122490274,-1.0,0.2966480258068729,-1.0,-0.8626258465039598,0.25025923032049513,0.0,1.0,0.0,0.0,0.0,1.0,0.0,0.0,0.0,0.0,1.0,0.0,1.0,0.0
-0.4683544303797469,-1.0,-1.0,-1.0,-1.0,-1.0,-1.0,0.0,1.0,0.0,0.0,0.0,0.0,1.0,0.0,0.0,0.0,1.0,0.0,1.0,0.0
-0.06329113924050633,-1.0,-1.0,-1.0,-1.0,-1.0,-1.0,0.0,1.0,0.0,0.0,0.0,0.0,1.0,1.0,0.0,0.0,0.0,0.0,1.0,0.0
0.7468354430379747,0.3290685846506145,-0.0338970748863624,-1.0,-1.0,-1.0,0.2534768707710904,0.0,1.0,0.0,0.0,0.0,1.0,0.0,0.0,0.0,0.0,1.0,0.0,1.0,0.0
-0.8987341772151899,-1.0,-1.0,-1.0,-1.0,-1.0,-1.0,0.0,1.0,0.0,0.0,0.0,1.0,0.0,0.0,0.0,0.0,1.0,0.0,1.0,0.0
-0.7215189873417722,-1.0,-1.0,-1.0,-1.0,-1.0,-1.0,0.0,1.0,0.0,0.0,1.0,0.0,0.0,0.0,0.0,0.0,1.0,0.0,1.0,0.0
-0.1392405063291139,-1.0,-1.0,-1.0,-1.0,-1.0,-1.0,0.0,0.0,1.0,0.0,0.0,0.0,1.0,0.0,0.0,0.0,1.0,0.0,1.0,0.0
-0.4177215189873418,-1.0,-0.37070206946687334,-1.0,-0.19631344477175017,0.7688215349720637,0.7034462815053812,0.0,0.0,1.0,0.0,0.0,1.0,0.0,0.0,0.0,0.0,1.0,0.0,1.0,0.0
-0.36708860759493667,0.4606805615321308,-0.8644880666376419,-0.16444726385198893,-1.0,-0.6448929646444241,0.34470031667833156,0.0,0.0,0.0,1.0,0.0,1.0,0.0,0.0,0.0,0.0,1.0,0.0,1.0,0.0
0.21518987341772156,-1.0,-1.0,-1.0,-1.0,-1.0,-1.0,0.0,0.0,1.0,0.0,0.0,0.0,1.0,0.0,0.0,0.0,1.0,0.0,1.0,0.0
-0.4683544303797469,-1.0,-1.0,-1.0,-1.0,-1.0,-1.0,0.0,1.0,0.0,0.0,0.0,0.0,1.0,0.0,0.0,0.0,1.0,0.0,1.0,0.0
-0.5443037974683544,-1.0,-1.0,-1.0,-1.0,-1.0,-1.0,0.0,1.0,0.0,0.0,0.0,0.0,1.0,0.0,0.0,0.0,1.0,0.0,1.0,0.0
-0.012658227848101333,-1.0,0.5565350908150919,-1.0,-0.6422640538624581,0.5033193475097215,0.6176019436535649,0.0,0.0,1.0,0.0,0.0,1.0,0.0,1.0,0.0,0.0,0.0,0.0,0.0,1.0
0.11392405063291133,-1.0,-1.0,-1.0,-1.0,-1.0,-1.0,0.0,1.0,0.0,0.0,0.0,0.0,1.0,0.0,0.0,0.0,1.0,0.0,1.0,0.0
-0.3417721518987342,-1.0,-1.0,-1.0,-1.0,-1.0,-1.0,0.0,0.0,1.0,0.0,0.0,0.0,1.0,0.0,0.0,0.0,1.0,0.0,1.0,0.0
0.012658227848101333,-1.0,-1.0,-1.0,-1.0,-1.0,-1.0,0.0,0.0,1.0,0.0,0.0,0.0,1.0,1.0,0.0,0.0,0.0,0.0,1.0,0.0
-0.6455696202531646,-1.0,-1.0,-1.0,-1.0,-1.0,-1.0,0.0,0.0,1.0,0.0,0.0,0.0,1.0,0.0,0.0,0.0,1.0,0.0,1.0,0.0
-0.4683544303797469,0.6090726819380143,-1.0,0.16634140446260304,-1.0,-0.4062787864940952,0.49751240318010015,0.0,0.0,0.0,1.0,0.0,1.0,0.0,0.0,0.0,0.0,1.0,0.0,1.0,0.0
0.5189873417721518,0.5768887479323128,0.26353773289199456,-1.0,0.17575118998553108,-0.21313177626172697,0.5227470272487751,0.0,0.0,1.0,0.0,0.0,1.0,0.0,0.0,0.0,0.0,1.0,0.0,0.0,1.0
-0.5189873417721519,0.5294799935322174,-1.0,0.10577649130589184,-1.0,-1.0,0.42553549112722644,0.0,0.0,0.0,1.0,0.0,1.0,0.0,0.0,0.0,0.0,1.0,0.0,1.0,0.0
-0.2405063291139241,0.06194771015643852,-1.0,0.30742288429074827,0.01699897713333609,-1.0,0.3247424298517094,0.0,0.0,0.0,1.0,0.0,1.0,0.0,0.0,0.0,0.0,1.0,0.0,1.0,0.0
-0.8481012658227848,-1.0,-1.0,-1.0,-1.0,-1.0,-1.0,0.0,1.0,0.0,0.0,0.0,0.0,1.0,0.0,0.0,0.0,1.0,1.0,0.0,0.0
-0.44303797468354433,-1.0,-1.0,0.1541888524882522,0.21661918604587216,-1.0,0.26830627263791507,0.0,1.0,0.0,0.0,0.0,1.0,0.0,0.0,0.0,0.0,1.0,0.0,1.0,0.0
-0.3924050632911392,-0.14784747667959774,-1.0,-0.6801739453692954,0.33211296460103745,-0.20579060329844068,0.2980798228355881,0.0,1.0,0.0,0.0,0.0,1.0,0.0,0.0,0.0,0.0,1.0,0.0,1.0,0.0
-0.16455696202531644,-1.0,-0.06898359394471754,0.1969740889339351,0.185992215923096,-1.0,0.2985001993479246,0.0,1.0,0.0,0.0,0.0,1.0,0.0,0.0,0.0,0.0,1.0,0.0,1.0,0.0
-0.44303797468354433,-0.2343630575961404,0.2086124006775405,-0.12673901580427138,-0.22709058882641942,-0.04789582514889945,0.2670723481288735,0.0,1.0,0.0,0.0,0.0,1.0,0.0,0.0,0.0,0.0,1.0,0.0,1.0,0.0
-0.1392405063291139,0.38406612995655687,-1.0,0.038455679613956795,-1.0,-0.13654819080166625,0.3195495613364112,0.0,0.0,0.0,1.0,0.0,1.0,0.0,0.0,0.0,0.0,1.0,0.0,1.0,0.0
-0.08860759493670889,-0.8551412152377926,0.28544306916751605,-0.7245168312189103,-1.0,-0.19526481959845898,0.26904281188414436,0.0,1.0,0.0,0.0,0.0,1.0,0.0,0.0,1.0,0.0,0.0,0.0,1.0,0.0
-0.31645569620253167,-1.0,-0.0592064369852644,0.5237966861394969,0.7779462005439282,0.4074741301209377,0.7712773166247979,0.0,0.0,1.0,0.0,0.0,1.0,0.0,1.0,0.0,0.0,0.0,0.0,1.0,0.0
-0.2405063291139241,0.11747623104641969,-0.010250549959750388,0.560042945145965,0.027729356828225526,0.2206650175103333,0.5598219969055735,0.0,0.0,1.0,0.0,0.0,1.0,0.0,0.0,0.0,0.0,1.0,0.0,1.0,0.0
-0.21518987341772156,0.36849299569616356,-1.0,0.27545170819044285,-1.0,-1.0,0.36837725681771083,0.0,0.0,0.0,1.0,0.0,1.0,0.0,0.0,0.0,0.0,1.0,0.0,1.0,0.0
-0.08860759493670889,-1.0,-1.0,-1.0,-1.0,-1.0,-1.0,0.0,0.0,1.0,0.0,0.0,0.0,1.0,1.0,0.0,0.0,0.0,0.0,1.0,0.0
-0.6455696202531646,-0.7102824304755853,-1.0,0.3477511063100269,-0.34950071834211405,-1.0,0.29891965093869466,0.0,1.0,0.0,0.0,0.0,1.0,0.0,0.0,0.0,0.0,1.0,0.0,1.0,0.0
-1.0,-1.0,-1.0,-1.0,-1.0,-1.0,-1.0,0.0,0.0,0.0,1.0,0.0,1.0,0.0,0.0,0.0,0.0,1.0,0.0,1.0,0.0
-0.3417721518987342,-1.0,-1.0,-0.8622584156094552,-1.0,0.18694633411199213,0.1422168221195672,0.0,1.0,0.0,0.0,0.0,1.0,0.0,0.0,0.0,0.0,1.0,0.0,1.0,0.0
-0.8481012658227848,-1.0,-1.0,-1.0,-1.0,-1.0,-1.0,0.0,1.0,0.0,0.0,0.0,1.0,0.0,0.0,0.0,0.0,1.0,0.0,1.0,0.0
-0.2911392405063291,-1.0,-0.006573280527945591,-1.0,0.46525475949488193,0.4395121061555056,0.5341216185836986,0.0,0.0,1.0,0.0,0.0,1.0,0.0,1.0,0.0,0.0,0.0,0.0,1.0,0.0
-0.21518987341772156,0.26133746236134536,-1.0,0.764603748907938,0.2644787533352788,0.32307479519781834,0.7348664485307639,0.0,0.0,1.0,0.0,0.0,1.0,0.0,0.0,0.0,0.0,1.0,0.0,1.0,0.0
-0.21518987341772156,-1.0,-1.0,-1.0,-1.0,-1.0,-1.0,0.0,0.0,0.0,1.0,0.0,0.0,1.0,0.0,1.0,0.0,0.0,0.0,1.0,0.0
-0.03797468354430378,-1.0,0.5301663695530237,-0.23490213093186518,0.8579674329768221,-0.6448929646444241,0.8139089654534208,1.0,0.0,0.0,0.0,0.0,1.0,0.0,1.0,0.0,0.0,0.0,0.0,1.0,0.0
-0.4177215189873418,-1.0,-1.0,-1.0,-1.0,-1.0,-1.0,0.0,1.0,0.0,0.0,0.0,0.0,1.0,0.0,0.0,0.0,1.0,0.0,1.0,0.0
-0.49367088607594933,-1.0,-1.0,-1.0,-1.0,-1.0,-1.0,0.0,0.0,0.0,1.0,0.0,0.0,1.0,0.0,0.0,0.0,1.0,1.0,0.0,0.0
-0.26582278481012656,-0.11512657050089148,-0.15592073668731155,0.30575995324158556,-0.27373324999522164,-0.4505033860158394,0.2985001993479246,0.0,1.0,0.0,0.0,0.0,1.0,0.0,0.0,0.0,0.0,1.0,0.0,1.0,0.0
-0.44303797468354433,-1.0,-0.16663587814632774,0.03522440352900569,0.28146656537687287,-0.39660911215985917,0.2936089824375072,0.0,1.0,0.0,0.0,0.0,1.0,0.0,0.0,0.0,0.0,1.0,0.0,1.0,0.0
-0.3924050632911392,-1.0,-1.0,-1.0,-1.0,-1.0,-1.0,0.0,1.0,0.0,0.0,0.0,0.0,1.0,0.0,0.0,1.0,0.0,0.0,1.0,0.0
-0.5189873417721519,-0.335827903965242,0.26924843174725344,-1.0,-0.4464353799519486,-0.06133751837257284,0.27696231702976926,0.0,1.0,0.0,0.0,0.0,1.0,0.0,0.0,0.0,0.0,1.0,0.0,1.0,0.0
-0.8987341772151899,-1.0,-1.0,-1.0,-1.0,-1.0,-1.0,0.0,1.0,0.0,0.0,0.0,1.0,0.0,1.0,0.0,0.0,0.0,0.0,1.0,0.0
0.4430379746835442,-1.0,0.3163961912555575,-0.8622584156094552,-1.0,-0.7822671181404642,0.2843399020374313,0.0,1.0,0.0,0.0,0.0,1.0,0.0,0.0,0.0,0.0,1.0,0.0,1.0,0.0
-0.6962025316455696,-1.0,-1.0,-1.0,-1.0,-1.0,-1.0,1.0,0.0,0.0,0.0,0.0,1.0,0.0,0.0,1.0,0.0,0.0,0.0,1.0,0.0
0.11392405063291133,-1.0,-1.0,-1.0,-1.0,-1.0,-1.0,0.0,0.0,1.0,0.0,0.0,0.0,1.0,1.0,0.0,0.0,0.0,0.0,1.0,0.0
0.6455696202531644,0.5139497409533091,-1.0,-1.0,-1.0,-1.0,0.3810443951600435,0.0,0.0,0.0,1.0,0.0,1.0,0.0,0.0,0.0,0.0,1.0,0.0,1.0,0.0
-0.2911392405063291,0.4326916641463494,-1.0,-0.17046951565084023,0.02656517724382379,-1.0,0.34893695038886774,0.0,0.0,0.0,1.0,0.0,1.0,0.0,0.0,0.0,0.0,1.0,0.0,1.0,0.0
-0.31645569620253167,-1.0,-1.0,-1.0,-1.0,-1.0,-1.0,0.0,0.0,0.0,1.0,0.0,0.0,1.0,0.0,0.0,0.0,1.0,0.0,1.0,0.0
-0.8987341772151899,-1.0,-1.0,-1.0,-1.0,-1.0,-1.0,0.0,1.0,0.0,0.0,0.0,0.0,1.0,1.0,0.0,0.0,0.0,0.0,1.0,0.0
0.5189873417721518,-1.0,0.026832030402791585,-0.7245168312189103,0.5140426349026597,-0.31942147560739764,0.4661684379387292,0.0,0.0,1.0,0.0,0.0,1.0,0.0,0.0,0.0,0.0,1.0,0.0,1.0,0.0
-0.44303797468354433,-1.0,-1.0,-1.0,-1.0,-1.0,-1.0,0.0,1.0,0.0,0.0,0.0,0.0,1.0,0.0,0.0,0.0,1.0,0.0,1.0,0.0
-0.36708860759493667,-0.023439284835389596,-0.24728692567616273,-1.0,-1.0,0.3354277720996923,0.31613501027578383,0.0,1.0,0.0,0.0,0.0,1.0,0.0,0.0,0.0,0.0,1.0,0.0,1.0,0.0
-0.9746835443037974,-1.0,-1.0,-1.0,-1.0,-1.0,-1.0,0.0,1.0,0.0,0.0,0.0,0.0,1.0,0.0,0.0,0.0,1.0,0.0,1.0,0.0
-0.5443037974683544,-1.0,-1.0,-1.0,-1.0,-1.0,-1.0,0.0,0.0,1.0,0.0,0.0,0.0,1.0,0.0,0.0,0.0,1.0,0.0,1.0,0.0
-0.11392405063291144,-1.0,-1.0,-1.0,-1.0,-1.0,-1.0,0.0,0.0,0.0,1.0,0.0,0.0,1.0,0.0,0.0,0.0,1.0,0.0,1.0,0.0
0.16455696202531644,0.2902413476897834,-0.6853510347334366,0.3018247929533078,-1.0,-1.0,0.34893695038886774,0.0,0.0,0.0,1.0,0.0,1.0,0.0,0.0,0.0,0.0,1.0,0.0,1.0,0.0
-0.26582278481012656,-1.0,0.24566537132184596,0.7103457033773548,-0.5848265349639614,0.2872902501861452,0.680114753482784,0.0,0.0,1.0,0.0,0.0,1.0,0.0,0.0,0.0,0.0,1.0,0.0,1.0,0.0
-0.5696202531645569,-1.0,-1.0,-1.0,-1.0,-1.0,-1.0,0.0,0.0,0.0,1.0,0.0,0.0,1.0,0.0,0.0,0.0,1.0,0.0,1.0,0.0
-0.7215189873417722,-1.0,-1.0,-1.0,-1.0,-1.0,-1.0,0.0,0.0,0.0,1.0,0.0,0.0,1.0,0.0,0.0,0.0,1.0,0.0,1.0,0.0
-0.6455696202531646,-1.0,-1.0,-1.0,-1.0,-1.0,-1.0,0.0,1.0,0.0,0.0,0.0,0.0,1.0,0.0,0.0,0.0,1.0,0.0,1.0,0.0
-0.9746835443037974,-1.0,-1.0,-1.0,-1.0,-1.0,-1.0,0.0,1.0,0.0,0.0,0.0,1.0,0.0,1.0,0.0,0.0,0.0,0.0,1.0,0.0
-0.5189873417721519,0.07331536683702167,0.17134566398255902,-1.0,-0.08458266460356478,-1.0,0.23941022579325932,0.0,1.0,0.0,0.0,0.0,1.0,0.0,0.0,0.0,0.0,1.0,0.0,1.0,0.0
0.4430379746835442,-1.0,-1.0,-1.0,-1.0,-1.0,-1.0,0.0,0.0,1.0,0.0,0.0,0.0,1.0,1.0,0.0,0.0,0.0,0.0,1.0,0.0
-0.189873417721519,-1.0,-1.0,-1.0,-1.0,-1.0,-1.0,0.0,1.0,0.0,0.0,0.0,0.0,1.0,1.0,0.0,0.0,0.0,0.0,1.0,0.0
-0.03797468354430378,-1.0,-1.0,-1.0,-1.0,-1.0,-1.0,0.0,0.0,1.0,0.0,0.0,0.0,1.0,1.0,0.0,0.0,0.0,0.0,1.0,0.0
-0.3417721518987342,-0.8551412152377926,0.39721107219332374,0.6840439135915792,0.11849794081219467,0.6925982810664884,0.7816291443561081,0.0,0.0,1.0,0.0,0.0,1.0,0.0,1.0,0.0,0.0,0.0,0.0,1.0,0.0
0.03797468354430378,-0.012037163643763504,0.02269425914104306,0.07978435013283414,0.32464590382374303,-1.0,0.3650003988430881,0.0,0.0,0.0,1.0,0.0,1.0,0.0,0.0,0.0,0.0,1.0,0.0,1.0,0.0
-0.16455696202531644,0.23127734586891968,-1.0,0.1814686367707783,0.4758651772733178,-1.0,0.48099840193443866,0.0,0.0,0.0,1.0,0.0,1.0,0.0,0.0,1.0,0.0,0.0,0.0,1.0,0.0
-0.31645569620253167,0.07937338666668725,0.26746300934524747,-1.0,-1.0,-1.0,0.28091717686720474,0.0,1.0,0.0,0.0,0.0,1.0,0.0,0.0,0.0,0.0,1.0,0.0,1.0,0.0
-0.16455696202531644,-1.0,-0.28376492672427933,-1.0,-0.8616088449879872,0.5975730213870067,0.5390595241435499,0.0,0.0,1.0,0.0,0.0,1.0,0.0,1.0,0.0,0.0,0.0,0.0,1.0,0.0
-0.26582278481012656,-1.0,-1.0,-1.0,-1.0,-1.0,-1.0,0.0,0.0,1.0,0.0,0.0,0.0,1.0,0.0,0.0,0.0,1.0,0.0,1.0,0.0
-0.5949367088607596,-1.0,-1.0,-1.0,-1.0,-1.0,-1.0,0.0,1.0,0.0,0.0,0.0,0.0,1.0,0.0,0.0,0.0,1.0,0.0,1.0,0.0
-0.5696202531645569,0.5599858930645669,-1.0,-0.022305814838097793,-0.5613104177489419,-0.5645342362809285,0.4389613082943311,0.0,0.0,0.0,1.0,0.0,1.0,0.0,0.0,0.0,0.0,1.0,0.0,1.0,0.0
-0.3417721518987342,-1.0,-0.20957379709054347,0.14812987396920674,-0.6114869098077889,0.08947832834714076,0.2282101809102719,0.0,1.0,0.0,0.0,0.0,1.0,0.0,0.0,0.0,0.0,1.0,0.0,1.0,0.0
-0.4683544303797469,0.45835630717247966,-0.14330330128400426,-0.23490213093186518,-0.4343312963306818,-1.0,0.35386827314891867,0.0,0.0,0.0,1.0,0.0,1.0,0.0,0.0,0.0,0.0,1.0,0.0,1.0,0.0
-0.26582278481012656,-1.0,-1.0,-1.0,-1.0,-1.0,-1.0,0.0,1.0,0.0,0.0,0.0,0.0,1.0,0.0,0.0,1.0,0.0,0.0,1.0,0.0
-0.06329113924050633,-1.0,-1.0,-1.0,-1.0,-1.0,-1.0,0.0,0.0,1.0,0.0,0.0,0.0,1.0,1.0,0.0,0.0,0.0,0.0,1.0,0.0
-0.8987341772151899,-1.0,-1.0,-1.0,-1.0,-1.0,-1.0,0.0,1.0,0.0,0.0,0.0,1.0,0.0,0.0,0.0,0.0,1.0,0.0,1.0,0.0
-0.5443037974683544,-1.0,-1.0,-1.0,-1.0,-1.0,-1.0,0.0,1.0,0.0,0.0,0.0,0.0,1.0,0.0,0.0,0.0,1.0,0.0,1.0,0.0
-0.36708860759493667,0.43962243983007854,-1.0,-0.7245168312189103,-1.0,-1.0,0.31382418596927875,0.0,1.0,0.0,0.0,0.0,1.0,0.0,0.0,0.0,0.0,1.0,0.0,1.0,0.0
-0.31645569620253167,0.4846741196501019,-1.0,-0.3176011508255203,-0.24446295258768158,-1.0,0.3654442655653667,0.0,0.0,0.0,1.0,0.0,1.0,0.0,0.0,0.0,0.0,1.0,0.0,1.0,0.0
-0.5696202531645569,-1.0,-1.0,-1.0,-1.0,-1.0,-1.0,0.0,1.0,0.0,0.0,0.0,0.0,1.0,1.0,0.0,0.0,0.0,0.0,1.0,0.0
-0.5696202531645569,-1.0,0.08936945438237376,-1.0,-1.0,0.23285260739704672,0.26583038496700495,0.0,1.0,0.0,0.0,0.0,1.0,0.0,1.0,0.0,0.0,0.0,0.0,1.0,0.0
0.3417721518987342,-0.057288776938810404,-0.3350577685915167,-0.07899082335757013,0.09836049129072699,-0.19871167186861294,0.19296594846113302,0.0,1.0,0.0,0.0,0.0,1.0,0.0,0.0,0.0,1.0,0.0,0.0,1.0,0.0
-0.6962025316455696,-1.0,-1.0,-1.0,-1.0,-1.0,-1.0,0.0,1.0,0.0,0.0,0.0,1.0,0.0,0.0,0.0,0.0,1.0,0.0,1.0,0.0
-0.5443037974683544,-1.0,0.0553537326607898,-0.6801739453692954,-1.0,0.2443339452881801,0.2638262595866594,0.0,1.0,0.0,0.0,0.0,1.0,0.0,0.0,0.0,1.0,0.0,0.0,1.0,0.0
-0.1392405063291139,-1.0,-1.0,-1.0,-1.0,-1.0,-1.0,0.0,1.0,0.0,0.0,0.0,0.0,1.0,1.0,0.0,0.0,0.0,0.0,1.0,0.0
0.03797468354430378,-0.07154341792518581,-1.0,-0.6133104850891911,0.3375970011583491,-0.7822671181404642,0.29765851731362925,0.0,1.0,0.0,0.0,0.0,1.0,0.0,0.0,0.0,0.0,1.0,0.0,1.0,0.0
0.36708860759493667,-1.0,0.6967265128043072,-1.0,-1.0,0.3514358097284207,0.6820900297355377,0.0,0.0,1.0,0.0,0.0,1.0,0.0,0.0,0.0,0.0,1.0,0.0,1.0,0.0
-0.7721518987341772,-1.0,-1.0,-1.0,-1.0,-1.0,-1.0,0.0,1.0,0.0,0.0,0.0,1.0,0.0,0.0,0.0,0.0,1.0,0.0,1.0,0.0
-0.49367088607594933,-1.0,-1.0,-1.0,-1.0,-1.0,-1.0,0.0,1.0,0.0,0.0,0.0,0.0,1.0,0.0,0.0,0.0,1.0,0.0,1.0,0.0
-0.8481012658227848,-1.0,-1.0,-1.0,-1.0,-1.0,-1.0,0.0,1.0,0.0,0.0,0.0,0.0,1.0,0.0,0.0,0.0,1.0,0.0,1.0,0.0
-0.6962025316455696,-1.0,-1.0,-1.0,-1.0,-1.0,-1.0,0.0,1.0,0.0,0.0,0.0,0.0,1.0,0.0,0.0,0.0,1.0,0.0,1.0,0.0
0.7215189873417722,-1.0,0.10644232335753201,-1.0,0.48976301299797176,-0.4769678405233547,0.45272285777196863,0.0,1.0,0.0,0.0,0.0,1.0,0.0,0.0,0.0,0.0,1.0,0.0,1.0,0.0
-1.0,-1.0,-1.0,-1.0,-1.0,-1.0,-1.0,0.0,1.0,0.0,0.0,0.0,0.0,1.0,0.0,0.0,0.0,1.0,1.0,0.0,0.0
-0.5443037974683544,-1.0,-1.0,-1.0,-1.0,-1.0,-1.0,0.0,1.0,0.0,0.0,0.0,0.0,1.0,0.0,0.0,1.0,0.0,0.0,1.0,0.0
-0.11392405063291144,-1.0,-1.0,-0.8622584156094552,-1.0,0.41562989120178306,0.36186405384583953,0.0,1.0,0.0,0.0,0.0,1.0,0.0,0.0,0.0,0.0,1.0,1.0,0.0,0.0
-0.4177215189873418,0.609451110380766,-1.0,-0.10580186888088627,-1.0,-1.0,0.47568545632464465,0.0,0.0,0.0,1.0,0.0,1.0,0.0,0.0,0.0,0.0,1.0,0.0,1.0,0.0
-0.21518987341772156,-1.0,-1.0,0.30687011870282754,-1.0,-1.0,0.25374257209786033,0.0,1.0,0.0,0.0,0.0,1.0,0.0,0.0,0.0,0.0,1.0,0.0,1.0,0.0
-0.21518987341772156,0.11846904550458803,-0.4047885740980801,-1.0,0.38468993797949125,0.05006827351576959,0.3886523478201711,0.0,1.0,0.0,0.0,0.0,1.0,0.0,0.0,0.0,0.0,1.0,0.0,1.0,0.0
-0.7721518987341772,-1.0,-1.0,-1.0,-1.0,-1.0,-1.0,0.0,1.0,0.0,0.0,0.0,0.0,1.0,0.0,0.0,0.0,1.0,0.0,1.0,0.0
-0.4177215189873418,-1.0,-1.0,-1.0,-1.0,-1.0,-1.0,0.0,1.0,0.0,0.0,0.0,0.0,1.0,1.0,0.0,0.0,0.0,0.0,1.0,0.0
-0.31645569620253167,-1.0,-1.0,-1.0,-1.0,-1.0,-1.0,0.0,0.0,0.0,1.0,0.0,0.0,1.0,0.0,0.0,0.0,1.0,0.0,1.0,0.0
-0.3417721518987342,-1.0,0.11833464814403438,-1.0,0.6559087874804213,-1.0,0.5951034077094133,0.0,0.0,1.0,0.0,0.0,1.0,0.0,1.0,0.0,0.0,0.0,0.0,1.0,0.0
-0.3417721518987342,-1.0,-1.0,0.4327805398616149,-0.6422640538624581,-1.0,0.3752376314040504,1.0,0.0,0.0,0.0,0.0,1.0,0.0,0.0,0.0,0.0,1.0,0.0,1.0,0.0
0.012658227848101333,-1.0,-1.0,-1.0,-1.0,-1.0,-1.0,0.0,1.0,0.0,0.0,0.0,0.0,1.0,1.0,0.0,0.0,0.0,1.0,0.0,0.0
-0.31645569620253167,-1.0,-1.0,-1.0,-1.0,-1.0,-1.0,0.0,1.0,0.0,0.0,0.0,0.0,1.0,0.0,0.0,0.0,1.0,0.0,1.0,0.0
-0.5443037974683544,-1.0,-1.0,-1.0,-1.0,-1.0,-1.0,0.0,0.0,0.0,1.0,0.0,0.0,1.0,0.0,0.0,0.0,1.0,0.0,1.0,0.0
-0.7974683544303798,-1.0,-1.0,-1.0,-1.0,-1.0,-1.0,0.0,1.0,0.0,0.0,0.0,1.0,0.0,1.0,0.0,0.0,0.0,0.0,1.0,0.0
-0.31645569620253167,-0.4340525761212535,0.3092862297471686,-0.35255398589099995,-0.19991095170540252,-1.0,0.29744751488910315,0.0,1.0,0.0,0.0,0.0,1.0,0.0,0.0,0.0,0.0,1.0,0.0,1.0,0.0
-0.189873417721519,-1.0,-1.0,-1.0,-1.0,-1.0,-1.0,0.0,1.0,0.0,0.0,0.0,0.0,1.0,0.0,0.0,0.0,1.0,0.0,1.0,0.0
-0.21518987341772156,0.320205614809973,0.05886059609225036,-0.5424323609787505,-0.8616088449879872,-1.0,0.2714775917362522,0.0,1.0,0.0,0.0,0.0,1.0,0.0,0.0,0.0,0.0,1.0,0.0,1.0,0.0
-0.36708860759493667,0.14969172694154254,-1.0,-0.2620422984291655,0.13544007703087924,-0.04308128045852622,0.24971763714062,0.0,1.0,0.0,0.0,0.0,1.0,0.0,1.0,0.0,0.0,0.0,0.0,1.0,0.0
-0.2911392405063291,-0.08161703300745626,0.3138191301700213,-1.0,0.6792528613991093,0.6567350873455302,0.749507607045456,0.0,0.0,1.0,0.0,0.0,1.0,0.0,0.0,0.0,0.0,1.0,0.0,1.0,0.0
-0.6455696202531646,-1.0,-1.0,-1.0,-1.0,-1.0,-1.0,0.0,0.0,1.0,0.0,0.0,0.0,1.0,0.0,0.0,0.0,1.0,0.0,1.0,0.0
-0.2911392405063291,-1.0,-1.0,-1.0,-1.0,-1.0,-1.0,0.0,0.0,1.0,0.0,0.0,0.0,1.0,0.0,0.0,0.0,1.0,0.0,1.0,0.0
0.03797468354430378,0.07331536683702167,-1.0,0.24160546130998317,-1.0,-0.21313177626172697,0.25898028261425443,0.0,1.0,0.0,0.0,0.0,1.0,0.0,0.0,0.0,0.0,1.0,0.0,1.0,0.0
0.2911392405063291,-0.2239115273106964,0.28544306916751605,0.5010864995534987,-1.0,-1.0,0.5036943131363034,0.0,0.0,0.0,1.0,0.0,1.0,0.0,1.0,0.0,0.0,0.0,0.0,1.0,0.0
-0.8987341772151899,-1.0,-1.0,-1.0,-1.0,-1.0,-1.0,0.0,0.0,0.0,1.0,0.0,1.0,0.0,1.0,0.0,0.0,0.0,0.0,1.0,0.0
0.139240506329114,-1.0,-0.23519013610451522,-1.0,0.6950458786151796,0.6389241702008852,0.7318415344945817,0.0,0.0,1.0,0.0,0.0,1.0,0.0,0.0,0.0,1.0,0.0,0.0,0.0,1.0
-0.16455696202531644,-1.0,-0.7289761332752838,-1.0,0.33033597431869954,-0.5878775395118796,0.27268341910299565,0.0,1.0,0.0,0.0,0.0,1.0,0.0,0.0,0.0,0.0,1.0,0.0,1.0,0.0
-0.4683544303797469,-0.13748235824173838,0.03777904412550703,0.07450831188706553,0.015770319514128994,-0.18526997864493955,0.250529451019313,0.0,1.0,0.0,0.0,0.0,1.0,0.0,1.0,0.0,0.0,0.0,0.0,1.0,0.0
-0.26582278481012656,0.16049664467448643,-1.0,0.3240917373548238,-0.5613104177489419,-0.7252516930079197,0.32638196794542274,0.0,0.0,0.0,1.0,0.0,1.0,0.0,0.0,0.0,0.0,1.0,0.0,1.0,0.0
-0.4683544303797469,-1.0,-1.0,-1.0,-0.8616088449879872,0.17675442229509009,0.1324382340547059,0.0,0.0,0.0,1.0,0.0,1.0,0.0,1.0,0.0,0.0,0.0,0.0,1.0,0.0
-0.26582278481012656,-0.3637342358463982,-1.0,0.5005650636711991,-1.0,-0.7252516930079197,0.44185363657470567,0.0,0.0,0.0,1.0,0.0,1.0,0.0,0.0,0.0,0.0,1.0,0.0,0.0,1.0
-0.4683544303797469,0.7086423891521174,-0.6497067338580801,-1.0,-1.0,-0.7822671181404642,0.5590206478017461,0.0,1.0,0.0,0.0,0.0,1.0,0.0,0.0,1.0,0.0,0.0,0.0,1.0,0.0
-0.3417721518987342,-1.0,-1.0,-1.0,-0.1301559272165851,0.3028311643140673,0.27268341910299565,1.0,0.0,0.0,0.0,0.0,1.0,0.0,0.0,0.0,0.0,1.0,0.0,1.0,0.0
-0.012658227848101333,-1.0,-1.0,-1.0,-1.0,-1.0,-1.0,0.0,0.0,0.0,1.0,0.0,0.0,1.0,1.0,0.0,0.0,0.0,0.0,1.0,0.0
-0.21518987341772156,-1.0,0.6511960154968277,-0.02376163893706562,0.5250138886571152,0.18892329823536014,0.6950312798124834,0.0,0.0,1.0,0.0,0.0,1.0,0.0,0.0,0.0,0.0,1.0,0.0,1.0,0.0
-0.06329113924050633,-1.0,0.6011254338330034,-0.2992448077181553,0.7709148394495655,-0.8626258465039598,0.7696704622019555,0.0,0.0,1.0,0.0,0.0,1.0,0.0,0.0,0.0,0.0,1.0,0.0,1.0,0.0
-0.44303797468354433,-1.0,-0.3164244002440262,-0.2992448077181553,0.2106725127225173,0.40100275454540624,0.41454995217937407,0.0,1.0,0.0,0.0,0.0,1.0,0.0,0.0,0.0,0.0,1.0,0.0,1.0,0.0
-0.5189873417721519,-1.0,-1.0,0.5181428452994539,-1.0,-1.0,0.45642653270467104,0.0,1.0,0.0,0.0,0.0,1.0,0.0,0.0,0.0,0.0,1.0,0.0,1.0,0.0
-0.1392405063291139,-1.0,-1.0,-1.0,-1.0,-1.0,-1.0,0.0,0.0,1.0,0.0,0.0,0.0,1.0,1.0,0.0,0.0,0.0,0.0,1.0,0.0
-0.7215189873417722,-1.0,-1.0,-1.0,-1.0,-1.0,-1.0,0.0,1.0,0.0,0.0,0.0,1.0,0.0,1.0,0.0,0.0,0.0,0.0,1.0,0.0
0.11392405063291133,0.4500116091899107,0.3535859736514766,-1.0,-0.5038728988504453,-1.0,0.45439842133145336,0.0,1.0,0.0,0.0,1.0,0.0,0.0,0.0,0.0,0.0,1.0,0.0,1.0,0.0
-0.5443037974683544,-0.7704042582518641,-0.133764707373364,0.26342469774824684,-0.27373324999522164,-1.0,0.2486298129559037,0.0,1.0,0.0,0.0,0.0,1.0,0.0,1.0,0.0,0.0,0.0,0.0,1.0,0.0
-0.44303797468354433,-1.0,-1.0,-1.0,-1.0,-1.0,-1.0,0.0,0.0,1.0,0.0,0.0,0.0,1.0,1.0,0.0,0.0,0.0,0.0,1.0,0.0
-0.2405063291139241,-1.0,0.6024769005326864,0.12671363822927684,0.4895333910830255,0.6875378612201799,0.7677277694548581,0.0,0.0,1.0,0.0,0.0,1.0,0.0,1.0,0.0,0.0,0.0,0.0,1.0,0.0
-0.2405063291139241,-1.0,0.06901884945745329,-1.0,0.4070807406917525,-1.0,0.3791283923881734,0.0,1.0,0.0,0.0,0.0,1.0,0.0,0.0,0.0,0.0,1.0,0.0,1.0,0.0
-0.4683544303797469,-0.21395788183585684,0.25288272222828967,-0.8622584156094552,-0.2685470822285979,-0.08533383375935788,0.2714775917362522,0.0,1.0,0.0,0.0,0.0,1.0,0.0,0.0,0.0,0.0,1.0,0.0,1.0,0.0
-0.31645569620253167,-1.0,-1.0,-1.0,0.47388714268655185,0.6270486284947607,0.6341832887932655,0.0,1.0,0.0,0.0,0.0,1.0,0.0,0.0,0.0,1.0,0.0,0.0,1.0,0.0
0.26582278481012667,-1.0,0.31120764466504247,0.18507712426263034,-0.1276125013172802,0.2966460407732592,0.4468360745161062,0.0,0.0,1.0,0.0,0.0,1.0,0.0,0.0,0.0,0.0,1.0,0.0,1.0,0.0
-0.620253164556962,0.19886932388887235,-0.34168560311267027,0.23376542675257306,-0.3921421186822598,-0.22468003347631071,0.29744751488910315,0.0,1.0,0.0,0.0,0.0,1.0,0.0,0.0,0.0,0.0,1.0,0.0,1.0,0.0
-0.7215189873417722,-1.0,-1.0,-1.0,-1.0,-1.0,-1.0,0.0,1.0,0.0,0.0,0.0,1.0,0.0,1.0,0.0,0.0,0.0,0.0,1.0,0.0
-0.5443037974683544,-1.0,-1.0,0.3217943811236472,-1.0,-0.6810270934861755,0.26904281188414436,0.0,1.0,0.0,0.0,0.0,1.0,0.0,0.0,0.0,0.0,1.0,0.0,1.0,0.0
-0.31645569620253167,-1.0,-1.0,-1.0,-1.0,-1.0,-1.0,0.0,1.0,0.0,0.0,0.0,0.0,1.0,0.0,0.0,0.0,1.0,0.0,1.0,0.0
-0.3924050632911392,-1.0,0.4120289492589484,0.3401733767361066,-1.0,-1.0,0.46876458343054206,0.0,1.0,0.0,0.0,0.0,1.0,0.0,1.0,0.0,0.0,0.0,0.0,1.0,0.0
-0.26582278481012656,-1.0,-1.0,-1.0,0.3079640220288462,-0.14432130511281516,0.2680601258366466,0.0,1.0,0.0,0.0,0.0,1.0,0.0,0.0,0.0,0.0,1.0,0.0,1.0,0.0
-0.189873417721519,-1.0,-1.0,-1.0,-1.0,-1.0,-1.0,0.0,0.0,1.0,0.0,0.0,0.0,1.0,0.0,0.0,0.0,1.0,0.0,1.0,0.0
0.26582278481012667,-1.0,0.4500372740326657,0.15656164606121314,0.5026485310141895,-0.6810270934861755,0.5743418052791063,0.0,0.0,1.0,0.0,0.0,1.0,0.0,0.0,0.0,0.0,1.0,0.0,1.0,0.0
0.240506329113924,-1.0,0.6089412542300108,-1.0,-0.7806552088744709,0.1563953634869628,0.58561141505954,0.0,0.0,1.0,0.0,0.0,1.0,0.0,0.0,0.0,0.0,1.0,0.0,1.0,0.0
-0.44303797468354433,-1.0,-0.3286472797228134,-1.0,-1.0,0.2908506275517013,0.24998862605774574,0.0,1.0,0.0,0.0,0.0,1.0,0.0,1.0,0.0,0.0,0.0,0.0,1.0,0.0
-0.3417721518987342,-0.027382553715787572,-1.0,-1.0,0.12573265381549148,0.06623653037320754,0.2198324324030163,0.0,1.0,0.0,0.0,0.0,1.0,0.0,0.0,0.0,1.0,0.0,0.0,1.0,0.0
0.012658227848101333,-1.0,-1.0,-1.0,-1.0,-1.0,-1.0,0.0,0.0,0.0,1.0,0.0,0.0,1.0,0.0,0.0,0.0,1.0,0.0,1.0,0.0
-0.49367088607594933,0.3755580194729735,-0.0592064369852644,-1.0,-1.0,-1.0,0.2845659135293419,0.0,1.0,0.0,0.0,0.0,1.0,0.0,0.0,0.0,0.0,1.0,0.0,1.0,0.0
-0.2911392405063291,0.059335338010751304,-1.0,-1.0,0.22672495880018695,-1.0,0.22699202551254238,0.0,0.0,0.0,1.0,0.0,1.0,0.0,0.0,0.0,0.0,1.0,0.0,1.0,0.0
-0.189873417721519,-1.0,-1.0,-1.0,-1.0,-1.0,-1.0,0.0,0.0,1.0,0.0,0.0,0.0,1.0,1.0,0.0,0.0,0.0,0.0,1.0,0.0
-0.31645569620253167,-1.0,-1.0,-1.0,-1.0,-1.0,-1.0,0.0,1.0,0.0,0.0,0.0,0.0,1.0,0.0,0.0,0.0,1.0,0.0,1.0,0.0
-0.7215189873417722,-1.0,-1.0,-1.0,-1.0,-1.0,-1.0,0.0,1.0,0.0,0.0,0.0,0.0,1.0,0.0,0.0,1.0,0.0,0.0,1.0,0.0
0.26582278481012667,-1.0,0.1502036130537847,-1.0,0.28405533724371734,-0.6810270934861755,0.31363034693773617,0.0,1.0,0.0,0.0,0.0,1.0,0.0,0.0,0.0,0.0,1.0,0.0,1.0,0.0
-0.1392405063291139,-1.0,-1.0,-1.0,-1.0,-1.0,-1.0,0.0,0.0,1.0,0.0,0.0,0.0,1.0,1.0,0.0,0.0,0.0,0.0,1.0,0.0
0.03797468354430378,-1.0,-1.0,-1.0,-1.0,-1.0,-1.0,0.0,0.0,0.0,1.0,0.0,0.0,1.0,0.0,1.0,0.0,0.0,0.0,1.0,0.0
-0.31645569620253167,-1.0,-1.0,-1.0,-1.0,-1.0,-1.0,0.0,0.0,0.0,1.0,0.0,0.0,1.0,0.0,0.0,0.0,1.0,0.0,1.0,0.0
-0.44303797468354433,0.12624620523876162,-0.23131867505580728,0.6851606645209642,-0.003629028490048647,0.09976589565262706,0.6414770248220825,0.0,0.0,0.0,1.0,0.0,1.0,0.0,1.0,0.0,0.0,0.0,0.0,1.0,0.0
0.36708860759493667,-0.12441641324590191,0.272479949853883,-1.0,0.03457538407335736,-1.0,0.29954710297333365,0.0,1.0,0.0,0.0,0.0,1.0,0.0,0.0,0.0,1.0,0.0,0.0,1.0,0.0
-0.2911392405063291,-0.6636483178693894,-1.0,0.5606612859038391,-1.0,-1.0,0.49751240318010015,0.0,0.0,0.0,1.0,0.0,1.0,0.0,0.0,0.0,0.0,1.0,0.0,1.0,0.0
-0.4177215189873418,0.31330266267549733,-0.7289761332752838,-0.42562792351159096,-1.0,0.06440143383642316,0.2670723481288735,1.0,0.0,0.0,0.0,0.0,1.0,0.0,0.0,0.0,0.0,1.0,0.0,1.0,0.0
-0.36708860759493667,-1.0,-0.7289761332752838,-1.0,0.32543143755721604,0.6196891441646037,0.595324799757402,0.0,0.0,1.0,0.0,0.0,1.0,0.0,0.0,0.0,0.0,1.0,0.0,1.0,0.0
-0.189873417721519,-0.8551412152377926,0.20328949360703885,-1.0,0.45211827025911866,0.5174956117506531,0.5824183439527166,0.0,0.0,1.0,0.0,0.0,1.0,0.0,0.0,0.0,0.0,1.0,0.0,1.0,0.0
-0.8227848101265822,-1.0,-1.0,-1.0,-1.0,-1.0,-1.0,0.0,0.0,0.0,1.0,0.0,0.0,1.0,0.0,0.0,0.0,1.0,0.0,1.0,0.0
-0.189873417721519,-1.0,-1.0,-1.0,-1.0,-1.0,-1.0,0.0,1.0,0.0,0.0,0.0,0.0,1.0,0.0,0.0,0.0,1.0,0.0,1.0,0.0
-0.3417721518987342,0.11547633970455329,0.14579773883484415,-0.1420326446896587,-1.0,-0.7252516930079197,0.2303234008026842,0.0,1.0,0.0,0.0,0.0,1.0,0.0,0.0,0.0,0.0,1.0,0.0,1.0,0.0
-0.5189873417721519,-1.0,-1.0,-1.0,-1.0,-1.0,-1.0,0.0,0.0,1.0,0.0,0.0,0.0,1.0,1.0,0.0,0.0,0.0,0.0,1.0,0.0
0.16455696202531644,-1.0,0.3635273257037519,0.3616714812676314,0.569026590106237,0.3277673398781864,0.6388185063263707,0.0,0.0,1.0,0.0,0.0,1.0,0.0,0.0,0.0,0.0,1.0,0.0,1.0,0.0
0.11392405063291133,-1.0,-1.0,-1.0,-1.0,-1.0,-1.0,0.0,0.0,1.0,0.0,0.0,0.0,1.0,1.0,0.0,0.0,0.0,1.0,0.0,0.0
-0.06329113924050633,0.6562552924799272,-1.0,0.39786724357957737,-1.0,-1.0,0.5763565856029778,0.0,0.0,0.0,1.0,0.0,1.0,0.0,0.0,0.0,0.0,1.0,0.0,1.0,0.0
-0.3417721518987342,-1.0,0.17473736431383435,-1.0,-1.0,0.2332462301877971,0.29891965093869466,0.0,1.0,0.0,0.0,0.0,1.0,0.0,1.0,0.0,0.0,0.0,0.0,1.0,0.0
0.03797468354430378,-0.06909909707364958,0.3080756847386177,-1.0,-1.0,-1.0,0.2946830172281585,0.0,1.0,0.0,0.0,0.0,1.0,0.0,0.0,0.0,0.0,1.0,0.0,1.0,0.0
-0.26582278481012656,0.24577292338012824,0.3390088565848701,-1.0,0.8374591387304853,0.42734066503883517,0.799894500310224,0.0,0.0,1.0,0.0,0.0,1.0,0.0,0.0,0.0,0.0,1.0,0.0,1.0,0.0
-0.189873417721519,0.3660838963919264,-1.0,0.2748022987865901,-1.0,-1.0,0.3669164016149582,0.0,0.0,0.0,1.0,0.0,1.0,0.0,0.0,0.0,0.0,1.0,0.0,1.0,0.0
-0.6708860759493671,-1.0,-1.0,-1.0,-1.0,-1.0,-1.0,0.0,1.0,0.0,0.0,0.0,0.0,1.0,0.0,0.0,0.0,1.0,0.0,1.0,0.0
-0.5443037974683544,-0.7102824304755853,0.27765531543981514,-1.0,-1.0,-0.37014465765234383,0.25294435458378817,0.0,1.0,0.0,0.0,0.0,1.0,0.0,0.0,0.0,0.0,1.0,0.0,1.0,0.0
-0.36708860759493667,-1.0,-1.0,-1.0,-1.0,-1.0,-1.0,0.0,0.0,1.0,0.0,0.0,0.0,1.0,0.0,0.0,0.0,1.0,0.0,0.0,1.0
0.06329113924050622,0.48655458841483656,0.300398226767185,-0.4618586993203633,-1.0,-1.0,0.4504656157596101,1.0,0.0,0.0,0.0,0.0,1.0,0.0,0.0,0.0,0.0,1.0,0.0,1.0,0.0
-0.21518987341772156,-1.0,-1.0,-1.0,-1.0,-1.0,-1.0,0.0,0.0,1.0,0.0,0.0,0.0,1.0,1.0,0.0,0.0,0.0,0.0,1.0,0.0
-0.16455696202531644,-1.0,-1.0,-1.0,-1.0,-1.0,-1.0,0.0,1.0,0.0,0.0,0.0,0.0,1.0,0.0,0.0,0.0,1.0,0.0,1.0,0.0
0.139240506329114,-0.7704042582518641,-0.29405690266257756,0.39362019108339963,-0.5402745340816825,-1.0,0.3448650170523748,0.0,0.0,0.0,1.0,0.0,1.0,0.0,0.0,0.0,0.0,1.0,0.0,1.0,0.0
-0.7468354430379747,-1.0,-1.0,-1.0,-1.0,-1.0,-1.0,0.0,0.0,0.0,1.0,0.0,1.0,0.0,0.0,0.0,0.0,1.0,0.0,1.0,0.0
0.7468354430379747,-1.0,-1.0,-1.0,-1.0,-1.0,-1.0,0.0,1.0,0.0,0.0,0.0,0.0,1.0,0.0,0.0,0.0,1.0,0.0,1.0,0.0
-0.36708860759493667,0.3069692370729564,-1.0,0.12325756675754374,-1.0,-1.0,0.2753096940518822,0.0,0.0,0.0,1.0,0.0,1.0,0.0,0.0,0.0,0.0,1.0,0.0,1.0,0.0
-0.5443037974683544,0.3741057061202875,-1.0,-1.0,-1.0,-1.0,0.2534768707710904,0.0,1.0,0.0,0.0,0.0,1.0,0.0,0.0,0.0,0.0,1.0,0.0,1.0,0.0
0.16455696202531644,-1.0,-1.0,-1.0,-1.0,-1.0,-1.0,0.0,1.0,0.0,0.0,0.0,0.0,1.0,0.0,0.0,0.0,1.0,0.0,1.0,0.0
0.240506329113924,0.31982804099379947,-1.0,-0.5867752468283656,-1.0,0.03354295498834414,0.2602675303888142,0.0,0.0,0.0,1.0,0.0,1.0,0.0,0.0,0.0,0.0,1.0,0.0,1.0,0.0
-0.08860759493670889,-1.0,-1.0,-1.0,-1.0,-1.0,-1.0,0.0,0.0,1.0,0.0,0.0,0.0,1.0,0.0,0.0,0.0,1.0,0.0,1.0,0.0
-0.31645569620253167,0.16844387791328996,0.5519851118215964,-1.0,-0.19991095170540252,-0.13654819080166625,0.5387025190371637,0.0,0.0,1.0,0.0,0.0,1.0,0.0,0.0,0.0,0.0,1.0,0.0,1.0,0.0
-0.49367088607594933,-1.0,-1.0,-1.0,-1.0,-1.0,-1.0,0.0,0.0,0.0,1.0,0.0,0.0,1.0,0.0,0.0,0.0,1.0,0.0,1.0,0.0
-0.5696202531645569,-1.0,-1.0,-1.0,-1.0,-1.0,-1.0,0.0,0.0,1.0,0.0,0.0,0.0,1.0,0.0,0.0,0.0,1.0,0.0,1.0,0.0
-0.49367088607594933,-1.0,0.3257130013712919,-0.6439431695605231,-0.34950071834211405,0.2280671271772765,0.38118051845829237,0.0,1.0,0.0,0.0,0.0,1.0,0.0,0.0,0.0,0.0,1.0,0.0,1.0,0.0
-0.11392405063291144,-1.0,-1.0,-1.0,-1.0,-1.0,-1.0,0.0,1.0,0.0,0.0,0.0,0.0,1.0,0.0,0.0,0.0,1.0,0.0,1.0,0.0
0.5949367088607596,0.07937338666668725,0.10369838506181472,0.147513690217439,-0.5613104177489419,-1.0,0.27099311708899076,0.0,1.0,0.0,0.0,0.0,1.0,0.0,0.0,0.0,0.0,1.0,0.0,1.0,0.0
-0.21518987341772156,-1.0,0.7738440206343349,-1.0,0.8918519696207092,0.10807217456269624,0.9063680552791824,0.0,0.0,1.0,0.0,0.0,1.0,0.0,0.0,0.0,0.0,1.0,0.0,1.0,0.0
0.21518987341772156,-1.0,0.007480844957414412,-0.05537083201088289,-0.8616088449879872,0.2824413475311758,0.30388237814179475,0.0,1.0,0.0,0.0,0.0,1.0,0.0,1.0,0.0,0.0,0.0,0.0,1.0,0.0
-0.4177215189873418,-0.8551412152377926,-1.0,-0.8622584156094552,-1.0,0.273979820137362,0.22607327351218043,0.0,1.0,0.0,0.0,1.0,0.0,0.0,0.0,0.0,0.0,1.0,0.0,1.0,0.0
-0.3924050632911392,-1.0,0.21102108487363758,-0.3857508233676067,-1.0,0.03461715279419875,0.24753574584356097,0.0,1.0,0.0,0.0,0.0,1.0,0.0,0.0,0.0,0.0,1.0,0.0,1.0,0.0
-0.8734177215189873,-1.0,-1.0,-1.0,-1.0,-1.0,-1.0,0.0,0.0,0.0,1.0,0.0,1.0,0.0,0.0,0.0,0.0,1.0,0.0,1.0,0.0
-0.06329113924050633,0.5572130216051128,0.2716039107738175,-1.0,-0.32769839905788767,0.4304179684232581,0.5703481390235219,0.0,0.0,1.0,0.0,1.0,0.0,0.0,0.0,0.0,0.0,1.0,0.0,1.0,0.0
-0.5949367088607596,-1.0,-1.0,-1.0,-1.0,-1.0,-1.0,0.0,1.0,0.0,0.0,0.0,0.0,1.0,0.0,0.0,0.0,1.0,0.0,1.0,0.0
-0.08860759493670889,-1.0,0.5639563154677816,-1.0,-0.1546342450073407,0.1598422157571171,0.5499199114492679,0.0,0.0,1.0,0.0,0.0,1.0,0.0,0.0,0.0,0.0,1.0,0.0,1.0,0.0
-0.44303797468354433,0.06833924959827642,-0.29405690266257756,-1.0,0.601493793166157,0.2530629455303446,0.5715049122430182,0.0,0.0,1.0,0.0,0.0,1.0,0.0,0.0,0.0,0.0,1.0,0.0,1.0,0.0
-0.3924050632911392,-1.0,0.38951869709339637,-1.0,-0.011949242073952537,-1.0,0.375658317130696,0.0,1.0,0.0,0.0,0.0,1.0,0.0,0.0,0.0,0.0,1.0,0.0,1.0,0.0
-0.11392405063291144,-1.0,0.6496362037536885,-1.0,0.15477674845848233,0.8625437092364263,0.8570696467910819,0.0,0.0,1.0,0.0,0.0,1.0,0.0,1.0,0.0,0.0,0.0,0.0,1.0,0.0
-0.3924050632911392,-1.0,-1.0,-1.0,-1.0,-1.0,-1.0,0.0,1.0,0.0,0.0,0.0,0.0,1.0,0.0,0.0,1.0,0.0,0.0,1.0,0.0
0.4177215189873418,-1.0,-1.0,-1.0,-1.0,-1.0,-1.0,0.0,0.0,0.0,1.0,0.0,0.0,1.0,0.0,0.0,0.0,1.0,0.0,1.0,0.0
-0.5189873417721519,-0.4340525761212535,0.2554425282812989,-1.0,0.014534054059341273,-1.0,0.2717193681429104,0.0,1.0,0.0,0.0,0.0,1.0,0.0,0.0,0.0,0.0,1.0,0.0,1.0,0.0
-0.5189873417721519,-1.0,0.31358315863353603,-0.6439431695605231,-0.19631344477175017,-1.0,0.29425412914828364,0.0,1.0,0.0,0.0,0.0,1.0,0.0,0.0,0.0,0.0,1.0,0.0,1.0,0.0
-0.3417721518987342,0.3993352657853213,-0.196314317122529,-1.0,-0.4343312963306818,-0.7252516930079197,0.29425412914828364,0.0,1.0,0.0,0.0,0.0,1.0,0.0,0.0,0.0,0.0,1.0,0.0,1.0,0.0
-0.4177215189873418,-1.0,-1.0,-1.0,-1.0,-1.0,-1.0,0.0,1.0,0.0,0.0,0.0,0.0,1.0,0.0,0.0,0.0,1.0,0.0,1.0,0.0
-0.6708860759493671,-1.0,-1.0,-1.0,-1.0,-1.0,-1.0,0.0,1.0,0.0,0.0,0.0,0.0,1.0,0.0,0.0,1.0,0.0,0.0,1.0,0.0
0.21518987341772156,-0.7102824304755853,0.6258566099316061,-1.0,0.6735763316247838,-0.009607446727545543,0.7272897503636133,0.0,0.0,1.0,0.0,0.0,1.0,0.0,1.0,0.0,0.0,0.0,0.0,1.0,0.0
-0.189873417721519,-1.0,-1.0,0.31206032838985953,-1.0,-1.0,0.25872178674943225,0.0,1.0,0.0,0.0,0.0,1.0,0.0,0.0,0.0,1.0,0.0,0.0,1.0,0.0
-0.4683544303797469,0.582877325312293,-0.28884319650774715,-1.0,-1.0,-0.3620541869723509,0.44980218745016853,0.0,1.0,0.0,0.0,0.0,1.0,0.0,1.0,0.0,0.0,0.0,0.0,1.0,0.0
0.16455696202531644,-1.0,0.7623697771075237,-1.0,0.381360624972676,0.00707850048082892,0.7439071846034877,0.0,0.0,1.0,0.0,0.0,1.0,0.0,1.0,0.0,0.0,0.0,0.0,1.0,0.0
-0.2911392405063291,0.628068136570235,0.7784531537520549,-0.25725365464971406,-0.8616088449879872,0.21643004846922453,0.7881770764429719,0.0,0.0,1.0,0.0,0.0,1.0,0.0,0.0,0.0,0.0,1.0,0.0,1.0,0.0
0.1898734177215189,-0.30361240807011936,0.5411589321650678,0.24988662206346635,-0.41212440500723446,-1.0,0.540716764877994,0.0,0.0,1.0,0.0,1.0,0.0,0.0,0.0,0.0,0.0,1.0,0.0,1.0,0.0
-0.3417721518987342,-1.0,0.6575983772264455,-1.0,0.3755498478024055,0.5117919372577973,0.7096196181710952,0.0,0.0,1.0,0.0,0.0,1.0,0.0,0.0,0.0,0.0,1.0,0.0,1.0,0.0
-0.4177215189873418,-1.0,-1.0,-1.0,-1.0,-1.0,-1.0,0.0,0.0,0.0,1.0,0.0,0.0,1.0,0.0,0.0,0.0,1.0,0.0,1.0,0.0
0.11392405063291133,-1.0,-1.0,-1.0,-1.0,-1.0,-1.0,0.0,1.0,0.0,0.0,0.0,0.0,1.0,0.0,0.0,0.0,1.0,0.0,1.0,0.0
-0.31645569620253167,0.4963617443957504,-0.0592064369852644,-1.0,-1.0,-1.0,0.38226601987417763,0.0,0.0,0.0,1.0,0.0,1.0,0.0,1.0,0.0,0.0,0.0,0.0,1.0,0.0
-0.4683544303797469,0.32357342887903173,-0.7852186672204382,-1.0,-1.0,-0.5075188111483839,0.2117326300051714,0.0,1.0,0.0,0.0,0.0,1.0,0.0,0.0,1.0,0.0,0.0,0.0,1.0,0.0
-0.5189873417721519,-1.0,-1.0,-1.0,-1.0,-1.0,-1.0,0.0,1.0,0.0,0.0,0.0,0.0,1.0,0.0,0.0,1.0,0.0,0.0,1.0,0.0
-0.36708860759493667,0.035703679088540996,-0.7289761332752838,0.2843274016347619,-1.0,-0.08533383375935788,0.2936089824375072,0.0,1.0,0.0,0.0,0.0,1.0,0.0,0.0,0.0,0.0,1.0,0.0,1.0,0.0
-0.6708860759493671,0.22953819255562014,-0.18091246688166807,0.27119210848197595,0.30129369453438803,-1.0,0.4179462534837599,0.0,0.0,0.0,1.0,0.0,1.0,0.0,0.0,0.0,1.0,0.0,0.0,1.0,0.0
-0.5696202531645569,-1.0,-1.0,-1.0,-1.0,-1.0,-1.0,0.0,1.0,0.0,0.0,0.0,0.0,1.0,0.0,0.0,0.0,1.0,0.0,1.0,0.0
-0.08860759493670889,-0.4484711928323267,0.03287897824261288,-0.7245168312189103,-1.0,0.8668025067998382,0.7989539619492416,0.0,0.0,1.0,0.0,0.0,1.0,0.0,1.0,0.0,0.0,0.0,0.0,0.0,1.0
-0.31645569620253167,-1.0,-1.0,-1.0,0.5038283456551969,0.29173081705170256,0.49483252142516987,0.0,0.0,1.0,0.0,0.0,1.0,0.0,0.0,1.0,0.0,0.0,0.0,1.0,0.0
-0.5443037974683544,-1.0,-1.0,-1.0,-1.0,-1.0,-1.0,0.0,0.0,1.0,0.0,0.0,0.0,1.0,1.0,0.0,0.0,0.0,0.0,1.0,0.0
-0.4683544303797469,-1.0,0.11313826531509741,-0.7816847539510678,-1.0,0.45512981893787585,0.4333523255347047,0.0,1.0,0.0,0.0,0.0,1.0,0.0,0.0,0.0,0.0,1.0,0.0,1.0,0.0
-0.2911392405063291,-1.0,-1.0,-1.0,0.30129369453438803,-0.04308128045852622,0.27459701781593626,0.0,1.0,0.0,0.0,0.0,1.0,0.0,0.0,0.0,0.0,1.0,0.0,1.0,0.0
0.139240506329114,-1.0,0.7440096642551337,0.22096704389739585,-0.45932089796816633,0.27140171536051505,0.7265352641248048,0.0,0.0,1.0,0.0,0.0,1.0,0.0,0.0,0.0,0.0,1.0,0.0,1.0,0.0
0.03797468354430378,-0.7704042582518641,-1.0,0.25462259013665167,0.7223515785305472,-0.1608466236402405,0.6647016526771587,0.0,1.0,0.0,0.0,0.0,1.0,0.0,0.0,0.0,0.0,1.0,0.0,1.0,0.0
-0.5189873417721519,0.26133746236134536,0.14523995701784287,0.2824585561926414,-0.7232176899759744,0.38021514249648747,0.48858394647526526,0.0,0.0,0.0,1.0,0.0,1.0,0.0,0.0,0.0,0.0,1.0,0.0,1.0,0.0
-0.4683544303797469,-1.0,-1.0,-1.0,-1.0,-1.0,-1.0,0.0,0.0,1.0,0.0,0.0,0.0,1.0,0.0,0.0,0.0,1.0,0.0,1.0,0.0
-0.3924050632911392,-1.0,-1.0,-1.0,-1.0,-1.0,-1.0,0.0,1.0,0.0,0.0,0.0,0.0,1.0,0.0,0.0,0.0,1.0,0.0,1.0,0.0
0.21518987341772156,0.25780804348895714,0.496369300246879,-1.0,-1.0,-1.0,0.49302477334528083,0.0,1.0,0.0,0.0,0.0,1.0,0.0,0.0,0.0,0.0,1.0,0.0,1.0,0.0
-0.6962025316455696,-1.0,-1.0,-1.0,-1.0,-1.0,-1.0,0.0,1.0,0.0,0.0,0.0,1.0,0.0,0.0,0.0,0.0,1.0,0.0,1.0,0.0
0.4430379746835442,-1.0,-0.8644880666376419,-1.0,0.2977229960912815,-0.4062787864940952,0.24477278920517387,0.0,1.0,0.0,0.0,0.0,1.0,0.0,0.0,0.0,1.0,0.0,0.0,1.0,0.0
-0.36708860759493667,-0.01019585613427354,-1.0,-1.0,0.42893094778169827,-1.0,0.3804989279178208,0.0,1.0,0.0,0.0,0.0,1.0,0.0,0.0,0.0,0.0,1.0,0.0,1.0,0.0
-0.5189873417721519,-0.6255454734896567,-0.12466993293651352,-1.0,-1.0,-1.0,-0.13590219080754462,0.0,1.0,0.0,0.0,0.0,1.0,0.0,0.0,0.0,0.0,1.0,0.0,1.0,0.0
-0.16455696202531644,-1.0,0.24766031102217467,-1.0,-0.7232176899759744,0.7421347327940786,0.6922570266469283,0.0,0.0,1.0,0.0,0.0,1.0,0.0,0.0,0.0,0.0,1.0,0.0,1.0,0.0
-0.5949367088607596,0.41974644907849523,-1.0,0.3361539360617243,-1.0,-1.0,0.4206203920734737,0.0,1.0,0.0,0.0,0.0,1.0,0.0,0.0,0.0,0.0,1.0,0.0,1.0,0.0
-0.06329113924050633,-1.0,0.5209044180735978,-1.0,0.43263124643034434,-1.0,0.5661659127062821,0.0,0.0,1.0,0.0,0.0,1.0,0.0,0.0,0.0,0.0,1.0,0.0,1.0,0.0
-0.31645569620253167,0.2928374935028868,0.37088532874590574,0.35656492787980354,-1.0,-0.8626258465039598,0.4928733510409753,0.0,1.0,0.0,0.0,0.0,1.0,0.0,0.0,0.0,0.0,1.0,0.0,1.0,0.0
-0.31645569620253167,-1.0,0.7012316029073782,-1.0,0.33979776575259524,-0.3131292325197993,0.6841561615087335,0.0,0.0,1.0,0.0,0.0,1.0,0.0,0.0,0.0,0.0,1.0,0.0,0.0,1.0
-0.012658227848101333,-1.0,-1.0,-1.0,-1.0,-1.0,-1.0,0.0,1.0,0.0,0.0,0.0,0.0,1.0,0.0,0.0,0.0,1.0,0.0,1.0,0.0
-0.012658227848101333,-1.0,-1.0,-1.0,-1.0,-1.0,-1.0,0.0,0.0,0.0,1.0,0.0,0.0,1.0,0.0,0.0,0.0,1.0,0.0,1.0,0.0
-0.5189873417721519,0.1114182112167541,-1.0,0.024057471429350885,0.45487029498889875,-0.004322093240028302,0.44779793665290835,0.0,0.0,0.0,1.0,0.0,1.0,0.0,1.0,0.0,0.0,0.0,0.0,1.0,0.0
0.08860759493670889,-1.0,0.7789343637369337,-1.0,0.005658982592516848,0.3421232035621724,0.7553691583236415,0.0,0.0,1.0,0.0,0.0,1.0,0.0,0.0,0.0,0.0,1.0,0.0,1.0,0.0
-0.5696202531645569,-0.3540121549940377,-1.0,0.2992532661896796,0.11099118319317047,-0.6448929646444241,0.3124631555095412,0.0,1.0,0.0,0.0,0.0,1.0,0.0,0.0,0.0,0.0,1.0,0.0,1.0,0.0
-0.4177215189873418,-1.0,-0.05294982643559776,0.19259576762264086,-1.0,-0.3873893563162252,0.2032733598084937,0.0,1.0,0.0,0.0,0.0,1.0,0.0,0.0,0.0,1.0,0.0,0.0,1.0,0.0
-0.6708860759493671,-1.0,-1.0,-1.0,-1.0,-1.0,-1.0,0.0,1.0,0.0,0.0,0.0,0.0,1.0,0.0,0.0,0.0,1.0,0.0,1.0,0.0
-0.5443037974683544,-1.0,-1.0,-1.0,-1.0,-1.0,-1.0,0.0,0.0,0.0,1.0,0.0,0.0,1.0,0.0,0.0,0.0,1.0,0.0,1.0,0.0
-0.16455696202531644,-1.0,-1.0,0.26785221304437545,-0.7806552088744709,0.09899322796832122,0.28524234476922583,0.0,1.0,0.0,0.0,0.0,1.0,0.0,1.0,0.0,0.0,0.0,1.0,0.0,0.0
-0.012658227848101333,-1.0,0.4293606989885703,-1.0,-0.011949242073952537,0.17935195633181666,0.4509380835878005,0.0,1.0,0.0,0.0,0.0,1.0,0.0,0.0,0.0,0.0,1.0,0.0,1.0,0.0
-0.3417721518987342,-1.0,-1.0,-1.0,-1.0,-1.0,-1.0,1.0,0.0,0.0,0.0,0.0,0.0,1.0,1.0,0.0,0.0,0.0,0.0,1.0,0.0
-0.9493670886075949,-1.0,-1.0,-1.0,-1.0,-1.0,-1.0,0.0,1.0,0.0,0.0,0.0,0.0,1.0,0.0,0.0,0.0,1.0,0.0,1.0,0.0
0.03797468354430378,-1.0,-1.0,-1.0,-1.0,-1.0,-1.0,0.0,0.0,1.0,0.0,0.0,0.0,1.0,1.0,0.0,0.0,0.0,0.0,1.0,0.0
-0.4683544303797469,-1.0,-1.0,-1.0,-1.0,-1.0,-1.0,0.0,1.0,0.0,0.0,0.0,0.0,1.0,1.0,0.0,0.0,0.0,0.0,1.0,0.0
-0.189873417721519,0.6345383135440372,-1.0,-1.0,-0.017695141726769226,-0.6810270934861755,0.5014628884518497,0.0,0.0,0.0,1.0,0.0,1.0,0.0,0.0,0.0,0.0,1.0,0.0,0.0,1.0
-1.0,-1.0,-1.0,-1.0,-1.0,-1.0,-1.0,0.0,1.0,0.0,0.0,0.0,1.0,0.0,0.0,0.0,0.0,1.0,0.0,1.0,0.0
-0.2911392405063291,-1.0,0.6392938880737322,-1.0,0.30595740983156205,-1.0,0.6264866568228387,0.0,0.0,1.0,0.0,0.0,1.0,0.0,1.0,0.0,0.0,0.0,0.0,1.0,0.0
-0.44303797468354433,-0.1866599551890682,0.1337364983848952,0.03522440352900569,-0.3419656266234128,-0.00044856909357304797,0.25949622520548155,0.0,1.0,0.0,0.0,0.0,1.0,0.0,0.0,0.0,0.0,1.0,0.0,1.0,0.0
0.16455696202531644,0.40215772434432884,-0.3224403331882094,-1.0,-0.21894022317537787,-0.7822671181404642,0.2972362786668288,0.0,1.0,0.0,0.0,0.0,1.0,0.0,0.0,0.0,0.0,1.0,0.0,1.0,0.0
-0.2405063291139241,-1.0,-1.0,-1.0,-1.0,-1.0,-1.0,0.0,0.0,0.0,1.0,0.0,0.0,1.0,1.0,0.0,0.0,0.0,0.0,1.0,0.0
0.03797468354430378,-1.0,0.580370427407171,-1.0,-0.18253858794414057,-1.0,0.5445092827931568,0.0,0.0,1.0,0.0,0.0,1.0,0.0,0.0,0.0,0.0,1.0,0.0,1.0,0.0
-0.3417721518987342,-1.0,-1.0,-1.0,-1.0,-1.0,-1.0,0.0,1.0,0.0,0.0,0.0,0.0,1.0,0.0,0.0,0.0,1.0,0.0,1.0,0.0
-0.3417721518987342,-1.0,-1.0,-0.8622584156094552,0.3552355596187535,-1.0,0.29425412914828364,0.0,1.0,0.0,0.0,0.0,1.0,0.0,0.0,0.0,0.0,1.0,0.0,1.0,0.0
-0.5443037974683544,0.4808616465027622,-1.0,0.006034332295073108,-0.6114869098077889,-1.0,0.3752376314040504,0.0,1.0,0.0,0.0,0.0,1.0,0.0,0.0,0.0,0.0,1.0,0.0,1.0,0.0
-0.9240506329113924,-1.0,-1.0,-1.0,-1.0,-1.0,-1.0,0.0,1.0,0.0,0.0,0.0,0.0,1.0,0.0,0.0,1.0,0.0,0.0,1.0,0.0
-0.5189873417721519,-0.7102824304755853,-1.0,-1.0,-1.0,0.32207257303680836,0.2724428630192193,0.0,1.0,0.0,0.0,0.0,1.0,0.0,0.0,0.0,0.0,1.0,0.0,1.0,0.0
-0.31645569620253167,-1.0,-1.0,-1.0,-1.0,-1.0,-1.0,0.0,0.0,0.0,1.0,0.0,0.0,1.0,0.0,0.0,0.0,1.0,0.0,1.0,0.0
-0.16455696202531644,-1.0,0.3006506508103135,-1.0,0.7452542875844996,-0.6143419940193948,0.6888466440989036,0.0,0.0,1.0,0.0,0.0,1.0,0.0,0.0,0.0,0.0,1.0,0.0,1.0,0.0
-0.4177215189873418,-1.0,0.00406089079355243,-1.0,-1.0,-1.0,-0.02090793933751256,0.0,1.0,0.0,0.0,0.0,1.0,0.0,0.0,1.0,0.0,0.0,0.0,1.0,0.0
-0.5949367088607596,-1.0,-1.0,-1.0,-1.0,-1.0,-1.0,0.0,0.0,1.0,0.0,0.0,0.0,1.0,1.0,0.0,0.0,0.0,0.0,1.0,0.0
-0.36708860759493667,-1.0,-0.07066173638795414,-1.0,0.49917616117835895,0.6458596223363959,0.6578447994463399,0.0,0.0,1.0,0.0,0.0,1.0,0.0,0.0,0.0,0.0,1.0,0.0,1.0,0.0
-0.21518987341772156,-0.3447223122490274,-1.0,-1.0,-0.8616088449879872,0.24133670086779002,0.20223255283147812,0.0,0.0,0.0,1.0,0.0,1.0,0.0,1.0,0.0,0.0,0.0,0.0,1.0,0.0
-0.21518987341772156,0.39170619405888507,-1.0,-0.7245168312189103,-0.18930724404587485,-1.0,0.28366025543132345,0.0,1.0,0.0,0.0,0.0,1.0,0.0,0.0,0.0,0.0,1.0,0.0,1.0,0.0
0.03797468354430378,0.4834685873803277,-1.0,-1.0,-1.0,0.3330655390091597,0.45309647998091984,0.0,0.0,0.0,1.0,0.0,1.0,0.0,0.0,0.0,1.0,0.0,0.0,1.0,0.0
-0.3417721518987342,-1.0,-0.009017092276782046,-1.0,-1.0,0.3510021355728956,0.32997567796226335,0.0,1.0,0.0,0.0,0.0,1.0,0.0,1.0,0.0,0.0,0.0,0.0,1.0,0.0
0.2911392405063291,-1.0,-1.0,-1.0,-1.0,-1.0,-1.0,0.0,0.0,0.0,1.0,0.0,0.0,1.0,0.0,0.0,0.0,1.0,0.0,1.0,0.0
-0.5696202531645569,-0.40789510005579643,0.5015830064017093,-1.0,-1.0,-0.21313177626172697,0.4701348726803454,0.0,1.0,0.0,0.0,0.0,1.0,0.0,0.0,0.0,0.0,1.0,0.0,1.0,0.0
-0.7721518987341772,-1.0,-1.0,-1.0,-1.0,-1.0,-1.0,0.0,1.0,0.0,0.0,0.0,1.0,0.0,0.0,0.0,0.0,1.0,0.0,1.0,0.0
-0.08860759493670889,-0.5187895331071819,0.07788852036426097,-1.0,0.23387884518487034,-0.4384882522367155,0.263321918892786,0.0,1.0,0.0,0.0,0.0,1.0,0.0,0.0,0.0,0.0,1.0,0.0,1.0,0.0
-0.21518987341772156,-0.3540121549940377,-1.0,0.37896230385580476,-1.0,-1.0,0.32674440279051353,0.0,0.0,0.0,1.0,0.0,1.0,0.0,0.0,0.0,0.0,1.0,0.0,1.0,0.0
-0.9240506329113924,-1.0,-1.0,-1.0,-1.0,-1.0,-1.0,0.0,1.0,0.0,0.0,1.0,0.0,0.0,0.0,0.0,0.0,1.0,1.0,0.0,0.0
-0.2405063291139241,-1.0,-1.0,-1.0,-1.0,-1.0,-1.0,0.0,1.0,0.0,0.0,0.0,0.0,1.0,0.0,0.0,1.0,0.0,0.0,1.0,0.0
-0.31645569620253167,-1.0,-1.0,-1.0,-1.0,-1.0,-1.0,0.0,1.0,0.0,0.0,0.0,0.0,1.0,0.0,0.0,0.0,1.0,0.0,1.0,0.0
-0.49367088607594933,-1.0,-0.363034326141483,-1.0,-1.0,0.3258050564222319,0.2811472803002071,0.0,1.0,0.0,0.0,0.0,1.0,0.0,0.0,0.0,0.0,1.0,0.0,1.0,0.0
-0.36708860759493667,-1.0,-1.0,-1.0,-1.0,-1.0,-1.0,0.0,0.0,0.0,1.0,0.0,0.0,1.0,0.0,0.0,0.0,1.0,0.0,1.0,0.0
-0.16455696202531644,-1.0,-1.0,-1.0,-1.0,-1.0,-1.0,0.0,0.0,1.0,0.0,0.0,0.0,1.0,1.0,0.0,0.0,0.0,0.0,0.0,1.0
-0.06329113924050633,-1.0,-1.0,-1.0,-1.0,-1.0,-1.0,0.0,0.0,1.0,0.0,0.0,0.0,1.0,0.0,0.0,0.0,1.0,0.0,1.0,0.0
0.8734177215189873,-1.0,0.35569125717405026,-1.0,0.7564552202400345,-0.05117175113851924,0.7075675972863016,0.0,0.0,1.0,0.0,0.0,1.0,0.0,1.0,0.0,0.0,0.0,0.0,1.0,0.0
-0.6455696202531646,-1.0,-1.0,-1.0,-1.0,-1.0,-1.0,0.0,0.0,1.0,0.0,0.0,0.0,1.0,1.0,0.0,0.0,0.0,0.0,1.0,0.0
-0.4683544303797469,-1.0,0.275658920615957,-0.2148124015004551,-0.02511816146215251,-0.8626258465039598,0.2892512916546419,0.0,1.0,0.0,0.0,0.0,1.0,0.0,0.0,0.0,0.0,1.0,0.0,1.0,0.0
-0.31645569620253167,-1.0,-1.0,-1.0,-1.0,-1.0,-1.0,0.0,0.0,1.0,0.0,0.0,0.0,1.0,1.0,0.0,0.0,0.0,0.0,1.0,0.0
-0.189873417721519,0.2510909469793132,-1.0,-0.5867752468283656,0.040106381343727016,-0.6448929646444241,0.2169559888317858,0.0,1.0,0.0,0.0,0.0,1.0,0.0,0.0,0.0,1.0,0.0,0.0,1.0,0.0
-0.3417721518987342,0.6612571859541112,-0.08463213493659838,0.6692821444925852,-0.4464353799519486,-0.6810270934861755,0.6986171034797626,0.0,0.0,0.0,1.0,0.0,1.0,0.0,0.0,0.0,0.0,1.0,0.0,1.0,0.0
0.16455696202531644,-1.0,0.37263872520071195,-1.0,0.6251482849121577,0.7429174945984658,0.7764807147197013,0.0,0.0,1.0,0.0,0.0,1.0,0.0,0.0,0.0,0.0,1.0,0.0,1.0,0.0
-0.1392405063291139,-1.0,-1.0,-1.0,-1.0,-1.0,-1.0,0.0,1.0,0.0,0.0,0.0,0.0,1.0,0.0,0.0,1.0,0.0,1.0,0.0,0.0
0.21518987341772156,-1.0,-1.0,-1.0,0.5884202234418481,0.4466056565283212,0.5962958819136182,0.0,0.0,1.0,0.0,0.0,1.0,0.0,0.0,0.0,0.0,1.0,0.0,1.0,0.0
-0.1392405063291139,-1.0,-1.0,-1.0,-1.0,-1.0,-1.0,0.0,0.0,1.0,0.0,0.0,0.0,1.0,0.0,0.0,0.0,1.0,0.0,1.0,0.0
-0.08860759493670889,-1.0,-1.0,-1.0,-1.0,-1.0,-1.0,0.0,1.0,0.0,0.0,0.0,0.0,1.0,0.0,0.0,0.0,1.0,0.0,1.0,0.0
0.1898734177215189,-1.0,-0.19313534636045526,0.3298448632834796,-1.0,-0.6143419940193948,0.2910063389965696,0.0,1.0,0.0,0.0,0.0,1.0,0.0,0.0,0.0,0.0,1.0,0.0,1.0,0.0
-0.49367088607594933,-1.0,-1.0,-1.0,-1.0,-1.0,-1.0,0.0,1.0,0.0,0.0,0.0,0.0,1.0,0.0,1.0,0.0,0.0,0.0,1.0,0.0
-0.03797468354430378,-1.0,-1.0,-1.0,-1.0,-1.0,-1.0,0.0,0.0,1.0,0.0,0.0,0.0,1.0,1.0,0.0,0.0,0.0,0.0,1.0,0.0
-0.4683544303797469,0.38406612995655687,-0.6497067338580801,-1.0,-0.8616088449879872,-1.0,0.2640779304761438,0.0,1.0,0.0,0.0,0.0,1.0,0.0,0.0,0.0,1.0,0.0,0.0,1.0,0.0
0.3924050632911391,0.4880806669637323,-1.0,-0.21102716132545507,-1.0,-1.0,0.36529642478936664,0.0,0.0,0.0,1.0,0.0,1.0,0.0,0.0,0.0,0.0,1.0,0.0,1.0,0.0
-0.08860759493670889,-1.0,-1.0,-1.0,-1.0,-1.0,-1.0,1.0,0.0,0.0,0.0,0.0,0.0,1.0,0.0,0.0,0.0,1.0,0.0,1.0,0.0
-0.3924050632911392,0.2945505117037497,-1.0,-1.0,-1.0,-1.0,0.18090560081225782,0.0,1.0,0.0,0.0,0.0,1.0,0.0,1.0,0.0,0.0,0.0,0.0,1.0,0.0
-0.44303797468354433,0.39829939228704925,-1.0,-1.0,-1.0,-1.0,0.2755466619768592,0.0,1.0,0.0,0.0,0.0,1.0,0.0,0.0,1.0,0.0,0.0,0.0,1.0,0.0
-0.6455696202531646,-1.0,-1.0,-1.0,0.5314488645334015,-0.5878775395118796,0.46291705475911016,0.0,1.0,0.0,0.0,0.0,1.0,0.0,0.0,0.0,0.0,1.0,0.0,1.0,0.0
-0.2405063291139241,-1.0,0.413025323282878,-0.24800923897706195,-1.0,0.44417882200119996,0.5185569537219112,0.0,0.0,1.0,0.0,0.0,1.0,0.0,0.0,0.0,0.0,1.0,0.0,1.0,0.0
-0.3924050632911392,-1.0,-1.0,-1.0,-1.0,-1.0,-1.0,0.0,0.0,0.0,1.0,0.0,0.0,1.0,0.0,0.0,0.0,1.0,0.0,1.0,0.0
-0.08860759493670889,-1.0,0.517189884656247,-1.0,0.5142457440077026,-0.33959368702731463,0.5966917214928804,0.0,0.0,1.0,0.0,0.0,1.0,0.0,0.0,0.0,0.0,1.0,0.0,1.0,0.0
-0.49367088607594933,-1.0,-0.3485460401529257,-0.8622584156094552,0.30422125773481157,-0.8626258465039598,0.25321079861192275,0.0,1.0,0.0,0.0,0.0,1.0,0.0,0.0,0.0,0.0,1.0,0.0,1.0,0.0
-0.31645569620253167,0.0022581204875098404,-1.0,0.450205950399887,-0.7232176899759744,-1.0,0.4065009094626113,0.0,0.0,0.0,1.0,0.0,1.0,0.0,0.0,0.0,0.0,1.0,0.0,1.0,0.0
-0.012658227848101333,-1.0,-1.0,-1.0,-1.0,-1.0,-1.0,0.0,0.0,1.0,0.0,0.0,0.0,1.0,0.0,0.0,0.0,1.0,0.0,1.0,0.0
0.03797468354430378,-1.0,0.8490580074083123,-0.7816847539510678,0.5872969786618587,0.4513719546140025,0.8588217788588979,0.0,0.0,1.0,0.0,0.0,1.0,0.0,1.0,0.0,0.0,0.0,0.0,1.0,0.0
-0.49367088607594933,0.2804363190092234,-1.0,0.02174675817577132,0.4041072683336113,-1.0,0.42467090610296343,0.0,0.0,0.0,1.0,1.0,0.0,0.0,0.0,0.0,0.0,1.0,0.0,1.0,0.0
-0.31645569620253167,0.17759805882269863,0.2525603769050686,0.6144239020389102,0.12995090014823263,-0.7252516930079197,0.6056601581356855,0.0,0.0,1.0,0.0,0.0,1.0,0.0,0.0,0.0,0.0,1.0,0.0,1.0,0.0
-0.1392405063291139,-1.0,-1.0,-1.0,-1.0,-1.0,-1.0,0.0,1.0,0.0,0.0,0.0,0.0,1.0,1.0,0.0,0.0,0.0,0.0,1.0,0.0
-0.4683544303797469,-0.4484711928323267,-1.0,0.3914621343912843,-0.16655756244782238,-0.8626258465039598,0.34796758895575786,0.0,1.0,0.0,0.0,0.0,1.0,0.0,1.0,0.0,0.0,0.0,0.0,1.0,0.0
-0.31645569620253167,0.14969172694154254,-1.0,0.23215960709932726,0.1374602247851353,-0.37014465765234383,0.3274672118880446,0.0,0.0,0.0,1.0,0.0,1.0,0.0,0.0,0.0,0.0,1.0,0.0,1.0,0.0
-0.11392405063291144,-1.0,0.1658940399363975,-1.0,0.49575371452162886,0.5795076631240501,0.6264490736445802,0.0,0.0,1.0,0.0,0.0,1.0,0.0,1.0,0.0,0.0,0.0,0.0,1.0,0.0
-0.2911392405063291,-1.0,0.31120764466504247,-0.18971542597687385,-1.0,-0.3542810726612019,0.29702480812812015,0.0,1.0,0.0,0.0,0.0,1.0,0.0,0.0,0.0,0.0,1.0,0.0,1.0,0.0
0.240506329113924,-1.0,-1.0,-1.0,-1.0,-1.0,-1.0,0.0,1.0,0.0,0.0,0.0,0.0,1.0,0.0,0.0,0.0,1.0,0.0,1.0,0.0
-0.189873417721519,0.5715183354939988,-1.0,0.2910332836586871,-1.0,-1.0,0.49203837165239883,0.0,0.0,0.0,1.0,0.0,1.0,0.0,0.0,0.0,0.0,1.0,0.0,1.0,0.0
-0.5949367088607596,-1.0,0.37193925256102633,-1.0,0.4821617112859464,-0.030786547747543636,0.5213170530146782,0.0,1.0,0.0,0.0,0.0,1.0,0.0,0.0,0.0,0.0,1.0,0.0,1.0,0.0
-0.2405063291139241,-1.0,-1.0,-1.0,-1.0,-1.0,-1.0,0.0,1.0,0.0,0.0,0.0,0.0,1.0,0.0,0.0,0.0,1.0,0.0,1.0,0.0
-0.5443037974683544,-0.21395788183585684,-0.09201045941676678,-1.0,0.24038553043117972,-1.0,0.23300642560316343,0.0,1.0,0.0,0.0,0.0,1.0,0.0,1.0,0.0,0.0,0.0,0.0,1.0,0.0
-0.4177215189873418,0.032739274060491264,-1.0,-1.0,0.26624407193609056,-1.0,0.25079928924001504,0.0,1.0,0.0,0.0,0.0,1.0,0.0,0.0,0.0,0.0,1.0,0.0,1.0,0.0
-0.16455696202531644,-1.0,-1.0,-1.0,-1.0,-1.0,-1.0,0.0,0.0,1.0,0.0,0.0,0.0,1.0,1.0,0.0,0.0,0.0,0.0,1.0,0.0
-0.012658227848101333,-1.0,-1.0,-1.0,-1.0,-1.0,-1.0,0.0,1.0,0.0,0.0,0.0,0.0,1.0,0.0,0.0,0.0,1.0,0.0,1.0,0.0
-0.012658227848101333,0.16766261700192797,-0.6853510347334366,-0.8622584156094552,-1.0,0.21210260558604355,0.25532905008367734,0.0,1.0,0.0,0.0,0.0,1.0,0.0,0.0,0.0,0.0,1.0,0.0,1.0,0.0
-1.0,-1.0,-1.0,-1.0,-1.0,-1.0,-1.0,0.0,1.0,0.0,0.0,0.0,0.0,1.0,0.0,0.0,0.0,1.0,0.0,1.0,0.0
-0.5443037974683544,-1.0,-1.0,-1.0,-1.0,-1.0,-1.0,0.0,0.0,1.0,0.0,0.0,0.0,1.0,1.0,0.0,0.0,0.0,0.0,1.0,0.0
-0.8481012658227848,-1.0,-1.0,-1.0,-1.0,-1.0,-1.0,0.0,1.0,0.0,0.0,0.0,0.0,1.0,1.0,0.0,0.0,0.0,0.0,1.0,0.0
-0.3924050632911392,-1.0,-1.0,-1.0,-1.0,-1.0,-1.0,0.0,0.0,1.0,0.0,0.0,0.0,1.0,1.0,0.0,0.0,0.0,0.0,1.0,0.0
-0.16455696202531644,-1.0,-1.0,-1.0,-1.0,-1.0,-1.0,0.0,0.0,0.0,1.0,0.0,0.0,1.0,0.0,0.0,0.0,1.0,0.0,1.0,0.0
-1.0,-1.0,-1.0,-1.0,-1.0,-1.0,-1.0,0.0,1.0,0.0,0.0,0.0,1.0,0.0,0.0,0.0,0.0,1.0,0.0,1.0,0.0
-0.2405063291139241,-1.0,0.26108241152380707,-1.0,0.3004069888591596,0.5317742841238613,0.5599285893998784,0.0,0.0,1.0,0.0,0.0,1.0,0.0,0.0,0.0,0.0,1.0,0.0,0.0,1.0
-0.26582278481012656,-1.0,0.37403020719047353,-1.0,0.5039352566259117,0.3826355174629612,0.5842561992870925,0.0,0.0,1.0,0.0,0.0,1.0,0.0,0.0,0.0,0.0,1.0,0.0,1.0,0.0
0.11392405063291133,-1.0,-1.0,-1.0,-1.0,-1.0,-1.0,0.0,1.0,0.0,0.0,0.0,0.0,1.0,0.0,0.0,1.0,0.0,0.0,1.0,0.0
-0.8987341772151899,-1.0,-1.0,-1.0,-1.0,-1.0,-1.0,0.0,0.0,0.0,1.0,0.0,1.0,0.0,0.0,0.0,0.0,1.0,0.0,1.0,0.0
0.16455696202531644,-1.0,-1.0,0.34480034014637684,-1.0,-0.7252516930079197,0.2907878396361492,0.0,1.0,0.0,0.0,0.0,1.0,0.0,0.0,0.0,0.0,1.0,0.0,1.0,0.0
-0.5189873417721519,0.2643159505492376,-1.0,-1.0,-1.0,-1.0,0.1533252458684604,0.0,1.0,0.0,0.0,0.0,1.0,0.0,1.0,0.0,0.0,0.0,0.0,1.0,0.0
-0.11392405063291144,0.10198862453447033,-1.0,0.29577196663316774,-1.0,-1.0,0.2910063389965696,0.0,1.0,0.0,0.0,0.0,1.0,0.0,0.0,0.0,0.0,1.0,0.0,1.0,0.0
0.03797468354430378,-0.3447223122490274,0.20901591453439705,0.1669019664724689,-1.0,-1.0,0.28836767166671073,0.0,0.0,0.0,1.0,0.0,1.0,0.0,0.0,0.0,0.0,1.0,0.0,0.0,1.0
-0.5949367088607596,-0.6636483178693894,0.450389424943088,-1.0,-0.2845281077249162,-0.2640108285545778,0.42314838266809174,0.0,1.0,0.0,0.0,0.0,1.0,0.0,0.0,0.0,0.0,1.0,0.0,1.0,0.0
-0.5443037974683544,-1.0,-1.0,-1.0,-1.0,-1.0,-1.0,0.0,0.0,0.0,1.0,0.0,0.0,1.0,0.0,0.0,0.0,1.0,0.0,1.0,0.0
-0.06329113924050633,-1.0,0.04630107874424527,-1.0,0.6616178584874512,-1.0,0.5960756153713815,0.0,0.0,1.0,0.0,0.0,1.0,0.0,0.0,0.0,0.0,1.0,0.0,1.0,0.0
-0.5696202531645569,-1.0,-1.0,-1.0,-1.0,-1.0,-1.0,0.0,0.0,1.0,0.0,0.0,0.0,1.0,1.0,0.0,0.0,0.0,0.0,1.0,0.0
-0.08860759493670889,-1.0,-1.0,-1.0,-1.0,-1.0,-1.0,0.0,1.0,0.0,0.0,0.0,0.0,1.0,0.0,0.0,0.0,1.0,0.0,1.0,0.0
-0.189873417721519,-1.0,-1.0,-1.0,-1.0,-1.0,-1.0,0.0,0.0,0.0,1.0,0.0,0.0,1.0,0.0,0.0,0.0,1.0,0.0,1.0,0.0
-0.2911392405063291,-1.0,-1.0,-1.0,-1.0,-1.0,-1.0,0.0,0.0,1.0,0.0,0.0,1.0,0.0,0.0,0.0,0.0,1.0,0.0,1.0,0.0
0.26582278481012667,-0.0012250776503305305,-1.0,0.3808786070445749,-1.0,-1.0,0.3451939915448772,0.0,0.0,0.0,1.0,0.0,1.0,0.0,0.0,0.0,0.0,1.0,0.0,1.0,0.0
-0.7721518987341772,-1.0,-1.0,-1.0,-1.0,-1.0,-1.0,0.0,1.0,0.0,0.0,0.0,1.0,0.0,0.0,0.0,0.0,1.0,0.0,1.0,0.0
-0.4177215189873418,-0.30361240807011936,-1.0,-0.3051771617092195,0.31524542091412733,-1.0,0.2707504172839674,0.0,1.0,0.0,0.0,0.0,1.0,0.0,0.0,0.0,0.0,1.0,0.0,1.0,0.0
0.3417721518987342,-1.0,-1.0,-1.0,-1.0,-1.0,-1.0,0.0,1.0,0.0,0.0,0.0,0.0,1.0,0.0,0.0,0.0,1.0,0.0,1.0,0.0
0.11392405063291133,-0.7704042582518641,-1.0,-1.0,0.3318600751016938,-1.0,0.27220200301106146,0.0,1.0,0.0,0.0,0.0,1.0,0.0,0.0,0.0,0.0,1.0,0.0,1.0,0.0
-0.2911392405063291,-1.0,-1.0,-1.0,-1.0,-1.0,-1.0,0.0,0.0,0.0,1.0,0.0,0.0,1.0,0.0,0.0,0.0,1.0,0.0,1.0,0.0
-0.44303797468354433,-1.0,-1.0,-0.3176011508255203,0.24078524274293955,-0.02204149634641628,0.23998186241675445,0.0,1.0,0.0,0.0,0.0,1.0,0.0,1.0,0.0,0.0,0.0,1.0,0.0,0.0
0.11392405063291133,-1.0,-1.0,-1.0,-1.0,-1.0,-1.0,0.0,0.0,0.0,1.0,0.0,0.0,1.0,0.0,0.0,0.0,1.0,0.0,1.0,0.0
0.240506329113924,-1.0,0.7491394959635107,-1.0,0.8915454427576468,-1.0,0.894565824300684,0.0,0.0,1.0,0.0,0.0,1.0,0.0,1.0,0.0,0.0,0.0,0.0,1.0,0.0
0.16455696202531644,-1.0,-1.0,-1.0,-1.0,-1.0,-1.0,0.0,0.0,0.0,1.0,0.0,0.0,1.0,0.0,0.0,0.0,1.0,0.0,1.0,0.0
-0.4683544303797469,-0.5408085165037282,0.306123085294036,-1.0,-1.0,-1.0,0.2755466619768592,0.0,1.0,0.0,0.0,0.0,1.0,0.0,0.0,0.0,0.0,1.0,0.0,1.0,0.0
-0.4177215189873418,-1.0,-1.0,-1.0,-1.0,-1.0,-1.0,0.0,1.0,0.0,0.0,0.0,0.0,1.0,0.0,0.0,0.0,1.0,0.0,1.0,0.0
-0.36708860759493667,-1.0,-1.0,-1.0,-1.0,-1.0,-1.0,0.0,1.0,0.0,0.0,0.0,0.0,1.0,0.0,0.0,1.0,0.0,0.0,1.0,0.0
-0.31645569620253167,-1.0,-1.0,-1.0,-1.0,-1.0,-1.0,0.0,0.0,1.0,0.0,0.0,0.0,1.0,1.0,0.0,0.0,0.0,0.0,1.0,0.0
-0.31645569620253167,-1.0,-1.0,-0.6133104850891911,0.32067119592151383,-0.37857950549977637,0.2680601258366466,0.0,1.0,0.0,0.0,0.0,1.0,0.0,0.0,0.0,0.0,1.0,0.0,1.0,0.0
-0.44303797468354433,-1.0,-0.2739877697648261,0.29896547598626655,-1.0,-0.1315304795020149,0.2764915990842052,0.0,1.0,0.0,0.0,0.0,1.0,0.0,0.0,0.0,0.0,1.0,0.0,1.0,0.0
-1.0,-1.0,-1.0,-1.0,-1.0,-1.0,-1.0,0.0,0.0,1.0,0.0,0.0,1.0,0.0,0.0,0.0,0.0,1.0,0.0,1.0,0.0
-0.03797468354430378,-1.0,-1.0,-1.0,-1.0,-1.0,-1.0,0.0,0.0,1.0,0.0,0.0,0.0,1.0,1.0,0.0,0.0,0.0,0.0,1.0,0.0
-0.2911392405063291,-1.0,-1.0,-1.0,-1.0,-1.0,-1.0,0.0,0.0,1.0,0.0,0.0,1.0,0.0,0.0,0.0,0.0,1.0,0.0,1.0,0.0
-0.6962025316455696,-1.0,-1.0,-1.0,-1.0,-1.0,-1.0,0.0,1.0,0.0,0.0,0.0,1.0,0.0,0.0,0.0,0.0,1.0,0.0,1.0,0.0
-0.31645569620253167,-1.0,-1.0,-1.0,-1.0,-1.0,-1.0,0.0,0.0,1.0,0.0,0.0,0.0,1.0,0.0,0.0,0.0,1.0,0.0,1.0,0.0
-0.5949367088607596,-0.5654236457133779,-1.0,0.14124442893902178,-1.0,0.293769516983003,0.3172800027332523,0.0,1.0,0.0,0.0,0.0,1.0,0.0,0.0,0.0,0.0,1.0,0.0,1.0,0.0
-0.36708860759493667,-1.0,-1.0,-1.0,-1.0,-1.0,-1.0,0.0,0.0,1.0,0.0,0.0,0.0,1.0,0.0,0.0,0.0,1.0,0.0,1.0,0.0
0.2911392405063291,-0.057288776938810404,-1.0,-1.0,0.35410691764749336,-1.0,0.31148500728314255,0.0,1.0,0.0,0.0,0.0,1.0,0.0,0.0,0.0,0.0,1.0,0.0,1.0,0.0
-0.4177215189873418,-1.0,-1.0,-1.0,-1.0,-1.0,-1.0,0.0,1.0,0.0,0.0,0.0,0.0,1.0,0.0,0.0,0.0,1.0,0.0,1.0,0.0
0.1898734177215189,0.33371690570915824,-1.0,-0.23071841638888846,-0.7232176899759744,-0.2094272009253526,0.24726124518980264,0.0,1.0,0.0,0.0,0.0,1.0,0.0,0.0,0.0,0.0,1.0,0.0,1.0,0.0
-0.31645569620253167,0.047157890771564404,-1.0,0.34976857643757686,-0.5402745340816825,-1.0,0.3260188427478288,0.0,0.0,0.0,1.0,0.0,1.0,0.0,0.0,0.0,0.0,1.0,0.0,0.0,1.0
-0.16455696202531644,-1.0,-0.0005941480345520445,-0.8622584156094552,0.5641852553466933,-1.0,0.5056875870047248,0.0,0.0,1.0,0.0,0.0,1.0,0.0,0.0,0.0,0.0,1.0,0.0,1.0,0.0
0.03797468354430378,-0.6636483178693894,0.2910868291566555,-1.0,-0.21110956333010122,-1.0,0.27268341910299565,0.0,1.0,0.0,0.0,0.0,1.0,0.0,1.0,0.0,0.0,0.0,0.0,1.0,0.0
-0.1392405063291139,-1.0,-1.0,-1.0,-1.0,-1.0,-1.0,0.0,1.0,0.0,0.0,0.0,0.0,1.0,0.0,0.0,0.0,1.0,0.0,1.0,0.0
-0.49367088607594933,0.2657894258686748,-1.0,0.07271803760975493,-0.7806552088744709,-1.0,0.2344808387613615,0.0,1.0,0.0,0.0,0.0,1.0,0.0,0.0,0.0,1.0,0.0,0.0,1.0,0.0
-0.5696202531645569,-1.0,-1.0,-1.0,-1.0,-1.0,-1.0,0.0,0.0,0.0,1.0,0.0,0.0,1.0,0.0,0.0,0.0,1.0,0.0,1.0,0.0
-0.3417721518987342,-1.0,0.7935162542442966,-0.2148124015004551,0.08135820406366734,0.5449298932578241,0.7960269828522264,0.0,0.0,1.0,0.0,0.0,1.0,0.0,1.0,0.0,0.0,0.0,0.0,1.0,0.0
-0.36708860759493667,-1.0,-0.5498391013710785,0.5110397663049708,-1.0,-0.6448929646444241,0.4509380835878005,0.0,1.0,0.0,0.0,0.0,1.0,0.0,0.0,0.0,0.0,1.0,0.0,1.0,0.0
-0.9746835443037974,-1.0,-1.0,-1.0,-1.0,-1.0,-1.0,0.0,1.0,0.0,0.0,0.0,1.0,0.0,0.0,0.0,0.0,1.0,0.0,1.0,0.0
-0.9493670886075949,-1.0,-1.0,-1.0,-1.0,-1.0,-1.0,0.0,0.0,0.0,1.0,0.0,0.0,1.0,1.0,0.0,0.0,0.0,0.0,1.0,0.0
-0.9746835443037974,-1.0,-1.0,-1.0,-1.0,-1.0,-1.0,0.0,1.0,0.0,0.0,0.0,1.0,0.0,0.0,0.0,0.0,1.0,0.0,1.0,0.0
-0.31645569620253167,-1.0,0.6375907386088522,-1.0,-1.0,-0.28435575371962574,0.5984411319896177,0.0,0.0,1.0,0.0,0.0,1.0,0.0,1.0,0.0,0.0,0.0,0.0,1.0,0.0
-0.31645569620253167,-1.0,0.9207235487172578,-1.0,-0.7806552088744709,0.6375483828867519,0.909263309598977,0.0,0.0,1.0,0.0,0.0,1.0,0.0,0.0,0.0,0.0,1.0,0.0,1.0,0.0
-0.11392405063291144,-1.0,0.30340601523553956,-0.42562792351159096,0.07413003974290344,-1.0,0.3204872940244494,0.0,1.0,0.0,0.0,0.0,1.0,0.0,0.0,0.0,0.0,1.0,0.0,1.0,0.0
-0.1392405063291139,-1.0,-1.0,-1.0,-1.0,-1.0,-1.0,0.0,0.0,0.0,1.0,0.0,0.0,1.0,0.0,0.0,0.0,1.0,0.0,1.0,0.0
-0.2911392405063291,-1.0,-0.09580674169344927,-1.0,-1.0,0.8638864805316546,0.7944764198424934,0.0,0.0,1.0,0.0,0.0,1.0,0.0,1.0,0.0,0.0,0.0,0.0,1.0,0.0
-0.620253164556962,-1.0,-1.0,-1.0,0.36661007442388915,-0.245561329767104,0.31363034693773617,0.0,1.0,0.0,0.0,0.0,1.0,0.0,0.0,0.0,0.0,1.0,0.0,1.0,0.0
-0.5949367088607596,-1.0,-1.0,-1.0,-1.0,-1.0,-1.0,0.0,0.0,1.0,0.0,0.0,0.0,1.0,1.0,0.0,0.0,0.0,0.0,1.0,0.0
0.36708860759493667,0.5630767704001933,-0.5934641999129258,0.07978435013283414,-1.0,-1.0,0.4496122116784955,1.0,0.0,0.0,0.0,0.0,1.0,0.0,0.0,0.0,0.0,1.0,0.0,0.0,1.0
-0.3417721518987342,-1.0,-1.0,-1.0,-1.0,-1.0,-1.0,0.0,0.0,0.0,1.0,0.0,0.0,1.0,0.0,0.0,0.0,1.0,0.0,1.0,0.0
-0.08860759493670889,-1.0,0.4432229881023768,0.2396742595149035,-0.10158495183062433,0.5271875958738468,0.6005194519628063,0.0,0.0,1.0,0.0,0.0,1.0,0.0,0.0,1.0,0.0,0.0,0.0,1.0,0.0
-0.5696202531645569,-1.0,0.2656611312053214,-0.2226063063480459,-0.13798658706186173,-1.0,0.26731977278540575,0.0,1.0,0.0,0.0,0.0,1.0,0.0,0.0,0.0,0.0,1.0,0.0,1.0,0.0
-0.5696202531645569,-1.0,-1.0,-1.0,-1.0,-1.0,-1.0,0.0,1.0,0.0,0.0,1.0,0.0,0.0,0.0,0.0,1.0,0.0,0.0,1.0,0.0
-0.44303797468354433,-1.0,-1.0,-1.0,-1.0,-1.0,-1.0,0.0,0.0,1.0,0.0,0.0,0.0,1.0,1.0,0.0,0.0,0.0,0.0,1.0,0.0
-0.4177215189873418,-1.0,-0.08104483439466637,-1.0,0.6928173650729332,-0.3542810726612019,0.6216147594539463,0.0,0.0,1.0,0.0,0.0,1.0,0.0,0.0,1.0,0.0,0.0,0.0,1.0,0.0
0.49367088607594933,-1.0,0.6804671478041082,-1.0,0.12925401904617861,0.39431291874082763,0.6831258946573489,0.0,0.0,1.0,0.0,0.0,1.0,0.0,0.0,0.0,0.0,1.0,0.0,1.0,0.0
-0.5696202531645569,-0.5408085165037282,0.3324739363588889,-1.0,-1.0,-1.0,0.30100317627942696,0.0,1.0,0.0,0.0,0.0,1.0,0.0,0.0,0.0,1.0,0.0,0.0,1.0,0.0
-0.36708860759493667,-1.0,-1.0,-1.0,-1.0,-1.0,-1.0,1.0,0.0,0.0,0.0,0.0,0.0,1.0,0.0,0.0,0.0,1.0,0.0,1.0,0.0
-0.5189873417721519,-1.0,-1.0,-1.0,-1.0,-1.0,-1.0,0.0,1.0,0.0,0.0,0.0,0.0,1.0,0.0,0.0,1.0,0.0,0.0,1.0,0.0
-0.3417721518987342,-1.0,-1.0,-1.0,-1.0,-1.0,-1.0,0.0,0.0,0.0,1.0,0.0,0.0,1.0,0.0,0.0,0.0,1.0,0.0,1.0,0.0
0.139240506329114,-0.22907196358276727,0.7390097364459633,0.26785221304437545,-0.0597129406238629,-0.04308128045852622,0.7170536879547951,0.0,0.0,1.0,0.0,0.0,1.0,0.0,1.0,0.0,0.0,0.0,0.0,1.0,0.0
-0.6455696202531646,-1.0,0.020592062603985717,-0.43698639210870016,0.42131803254494327,-1.0,0.385751811395431,0.0,1.0,0.0,0.0,0.0,1.0,0.0,1.0,0.0,0.0,0.0,0.0,1.0,0.0
-0.49367088607594933,-1.0,0.05087979842575985,-1.0,0.2568890958242076,-1.0,0.2638262595866594,0.0,1.0,0.0,0.0,0.0,1.0,0.0,0.0,0.0,0.0,1.0,1.0,0.0,0.0
0.03797468354430378,-1.0,-1.0,-1.0,-1.0,-1.0,-1.0,0.0,1.0,0.0,0.0,0.0,0.0,1.0,0.0,0.0,0.0,1.0,0.0,1.0,0.0
-0.1392405063291139,-0.03967945625997338,0.2851702116295145,-0.32411711492981843,0.7278238892813536,0.49656224951709493,0.7243662013618986,0.0,0.0,1.0,0.0,0.0,1.0,0.0,0.0,0.0,0.0,1.0,0.0,1.0,0.0
-0.06329113924050633,-1.0,0.4118861946748449,-1.0,-1.0,0.3611570487852047,0.47807415876266,0.0,1.0,0.0,0.0,0.0,1.0,0.0,0.0,1.0,0.0,0.0,0.0,1.0,0.0
-0.31645569620253167,-1.0,-0.3049209416110785,-0.3684600007794333,-1.0,0.11390168335183959,0.10726818212173739,0.0,1.0,0.0,0.0,0.0,1.0,0.0,0.0,0.0,0.0,1.0,0.0,1.0,0.0
-0.6708860759493671,-1.0,-1.0,-0.31129207804727577,-1.0,0.3275231143266464,0.2841136222825593,0.0,1.0,0.0,0.0,0.0,1.0,0.0,0.0,0.0,0.0,1.0,0.0,1.0,0.0
-0.21518987341772156,-1.0,-1.0,-1.0,-1.0,-1.0,-1.0,0.0,0.0,1.0,0.0,1.0,0.0,0.0,0.0,0.0,0.0,1.0,0.0,1.0,0.0
-0.31645569620253167,-1.0,-1.0,-1.0,-1.0,-1.0,-1.0,0.0,1.0,0.0,0.0,0.0,0.0,1.0,0.0,0.0,0.0,1.0,0.0,1.0,0.0
0.012658227848101333,-0.5654236457133779,-1.0,0.33829199841605506,-0.3419656266234128,-1.0,0.2912245882145654,0.0,1.0,0.0,0.0,0.0,1.0,0.0,0.0,0.0,1.0,0.0,0.0,1.0,0.0
-0.08860759493670889,-0.21395788183585684,-1.0,0.0653911578906965,0.003049060028804229,0.4913922669877324,0.47225642441164206,0.0,0.0,0.0,1.0,0.0,1.0,0.0,0.0,0.0,0.0,1.0,0.0,1.0,0.0
-0.9746835443037974,-1.0,-1.0,-1.0,-1.0,-1.0,-1.0,0.0,1.0,0.0,0.0,0.0,0.0,1.0,0.0,0.0,0.0,1.0,0.0,1.0,0.0
-0.4177215189873418,-1.0,-0.8644880666376419,0.12875879282339797,-1.0,0.15581501458033697,0.23002294263001422,0.0,1.0,0.0,0.0,0.0,1.0,0.0,0.0,0.0,0.0,1.0,0.0,1.0,0.0
-0.8481012658227848,-1.0,-1.0,-1.0,-1.0,-1.0,-1.0,0.0,0.0,0.0,1.0,0.0,0.0,1.0,0.0,0.0,0.0,1.0,0.0,1.0,0.0
-0.2911392405063291,-1.0,-1.0,-1.0,-1.0,-1.0,-1.0,0.0,0.0,0.0,1.0,0.0,0.0,1.0,0.0,0.0,0.0,1.0,0.0,1.0,0.0
-0.44303797468354433,-1.0,-1.0,-0.8622584156094552,-0.0886994338144067,0.269773201596218,0.2494462624740159,0.0,1.0,0.0,0.0,0.0,1.0,0.0,0.0,0.0,0.0,1.0,0.0,1.0,0.0
-0.26582278481012656,-0.7102824304755853,0.3371340190433487,-1.0,0.30070299518919663,0.3072112102066764,0.4791353170256405,0.0,0.0,1.0,0.0,0.0,1.0,0.0,0.0,0.0,0.0,1.0,0.0,1.0,0.0
-0.5443037974683544,-1.0,-1.0,-1.0,-1.0,-1.0,-1.0,0.0,0.0,1.0,0.0,0.0,0.0,1.0,1.0,0.0,0.0,0.0,0.0,1.0,0.0
-0.31645569620253167,0.4769783294433121,-0.514194800495722,-0.7245168312189103,-1.0,-0.6810270934861755,0.3502218123449241,0.0,0.0,0.0,1.0,0.0,1.0,0.0,1.0,0.0,0.0,0.0,0.0,1.0,0.0
-0.5443037974683544,-1.0,-1.0,-1.0,-1.0,-1.0,-1.0,0.0,1.0,0.0,0.0,0.0,0.0,1.0,0.0,0.0,1.0,0.0,1.0,0.0,0.0
-0.31645569620253167,-1.0,-1.0,-1.0,0.3127548742780599,-1.0,0.2534768707710904,0.0,1.0,0.0,0.0,0.0,1.0,0.0,0.0,0.0,0.0,1.0,1.0,0.0,0.0
0.5696202531645569,0.24141886901040843,0.19610265042938924,-1.0,-0.5848265349639614,-1.0,0.28366025543132345,0.0,1.0,0.0,0.0,0.0,1.0,0.0,0.0,0.0,0.0,1.0,0.0,1.0,0.0
-0.4683544303797469,-0.48068668872744935,-1.0,-1.0,0.3443656572600835,-1.0,0.28614053569381914,0.0,1.0,0.0,0.0,0.0,1.0,0.0,0.0,0.0,0.0,1.0,0.0,1.0,0.0
-0.21518987341772156,0.32357342887903173,-1.0,0.15057567839095598,-1.0,-1.0,0.2944686937979426,0.0,1.0,0.0,0.0,0.0,1.0,0.0,0.0,0.0,0.0,1.0,0.0,1.0,0.0
-0.44303797468354433,-1.0,-1.0,0.3616714812676314,-1.0,-0.6810270934861755,0.3071205140999236,0.0,1.0,0.0,0.0,0.0,1.0,0.0,0.0,0.0,0.0,1.0,0.0,1.0,0.0
0.012658227848101333,0.1827584950947696,-1.0,0.5382178689585841,-0.487891873354127,-1.0,0.4989117421848983,0.0,0.0,0.0,1.0,0.0,1.0,0.0,0.0,0.0,0.0,1.0,0.0,1.0,0.0
-0.31645569620253167,-1.0,0.6289862324310311,-1.0,0.44188453650121606,-0.25457147267740143,0.6441674932768708,0.0,0.0,1.0,0.0,0.0,1.0,0.0,0.0,0.0,0.0,1.0,0.0,1.0,0.0
-0.5189873417721519,0.19271214056960906,-0.6497067338580801,0.28494646475450214,-1.0,-1.0,0.30671874225238205,0.0,0.0,0.0,1.0,0.0,1.0,0.0,0.0,0.0,0.0,1.0,0.0,1.0,0.0
-0.3417721518987342,0.8930056870438199,-0.14825299336192121,-0.05709135445321023,-0.3209297429561534,-0.6810270934861755,0.73173338184455,0.0,0.0,1.0,0.0,0.0,1.0,0.0,0.0,0.0,0.0,1.0,0.0,1.0,0.0
0.31645569620253156,-1.0,-1.0,-1.0,-1.0,-1.0,-1.0,0.0,1.0,0.0,0.0,0.0,0.0,1.0,0.0,0.0,0.0,1.0,0.0,1.0,0.0
0.7215189873417722,-1.0,-1.0,0.2870981233704093,-1.0,0.08620240235752097,0.2944686937979426,0.0,1.0,0.0,0.0,0.0,1.0,0.0,0.0,0.0,0.0,1.0,0.0,1.0,0.0
0.16455696202531644,-0.8551412152377926,-1.0,0.351544848382507,-1.0,-0.0933425601568989,0.31613501027578383,0.0,1.0,0.0,0.0,0.0,1.0,0.0,0.0,0.0,0.0,1.0,0.0,1.0,0.0
0.16455696202531644,-1.0,-1.0,0.2480346133116076,0.12358963252867672,-1.0,0.27696231702976926,0.0,1.0,0.0,0.0,0.0,1.0,0.0,0.0,0.0,0.0,1.0,0.0,1.0,0.0
0.5443037974683544,-1.0,0.26776171436018315,0.35242706559497905,-1.0,-0.1608466236402405,0.4094566379886537,0.0,1.0,0.0,0.0,0.0,1.0,0.0,1.0,0.0,0.0,0.0,0.0,1.0,0.0
-0.3924050632911392,-0.13748235824173838,-1.0,-1.0,-1.0,0.4488706984391395,0.40130733591394163,0.0,1.0,0.0,0.0,0.0,1.0,0.0,0.0,0.0,1.0,0.0,0.0,1.0,0.0
-0.2911392405063291,-0.8551412152377926,-1.0,0.34226885239978055,-1.0,-1.0,0.28792432106899324,0.0,1.0,0.0,0.0,0.0,1.0,0.0,1.0,0.0,0.0,0.0,0.0,1.0,0.0
-0.189873417721519,0.6338665988624101,0.18548452647462454,-0.07899082335757013,-1.0,-1.0,0.5273533346665722,0.0,0.0,0.0,1.0,0.0,1.0,0.0,0.0,0.0,0.0,1.0,0.0,0.0,1.0
-0.1392405063291139,-0.4340525761212535,0.2939793181480874,-1.0,-0.25375096367024685,-1.0,0.2753096940518822,0.0,1.0,0.0,0.0,0.0,1.0,0.0,0.0,0.0,0.0,1.0,0.0,1.0,0.0
0.06329113924050622,0.07817574986242226,0.26835775870676004,-1.0,-1.0,-0.37014465765234383,0.2865880492117525,0.0,1.0,0.0,0.0,0.0,1.0,0.0,0.0,0.0,0.0,1.0,0.0,1.0,0.0
-0.49367088607594933,-1.0,-0.28376492672427933,-1.0,-1.0,0.48331961185092154,0.4308520841755783,1.0,0.0,0.0,0.0,0.0,1.0,0.0,0.0,0.0,0.0,1.0,0.0,1.0,0.0
0.240506329113924,-1.0,0.6211151662960828,0.1327870206345405,0.13202706686042975,0.5688796809497996,0.6963643453972488,0.0,0.0,1.0,0.0,0.0,1.0,0.0,0.0,0.0,0.0,1.0,0.0,1.0,0.0
-0.5696202531645569,0.8268511299328254,-1.0,-1.0,-0.8616088449879872,-0.3873893563162252,0.6671461890865737,0.0,1.0,0.0,0.0,0.0,1.0,0.0,1.0,0.0,0.0,0.0,0.0,1.0,0.0
-0.31645569620253167,0.7041849391372652,-0.5312057330235879,-1.0,-0.06891531746405233,0.5412237784279106,0.6577491363159065,0.0,0.0,1.0,0.0,1.0,0.0,0.0,1.0,0.0,0.0,0.0,0.0,1.0,0.0
-0.11392405063291144,0.5007007317491048,-1.0,-0.36034789073859075,-1.0,-0.8626258465039598,0.3725515115111344,0.0,0.0,0.0,1.0,0.0,1.0,0.0,0.0,0.0,0.0,1.0,0.0,1.0,0.0
-0.08860759493670889,-1.0,-1.0,-1.0,-1.0,-1.0,-1.0,0.0,0.0,0.0,1.0,0.0,0.0,1.0,0.0,0.0,0.0,1.0,1.0,0.0,0.0
-0.2911392405063291,0.0022581204875098404,-0.5704373344408764,0.3968139596610787,-0.8616088449879872,-0.5878775395118796,0.36171340929347484,0.0,0.0,0.0,1.0,0.0,1.0,0.0,0.0,0.0,0.0,1.0,0.0,1.0,0.0
-0.3924050632911392,0.37028176881699904,-1.0,-1.0,-1.0,-1.0,0.24998862605774574,0.0,1.0,0.0,0.0,0.0,1.0,0.0,0.0,0.0,0.0,1.0,0.0,1.0,0.0
-0.31645569620253167,0.4654412924613547,-1.0,-1.0,-1.0,-1.0,0.3367943655219794,0.0,1.0,0.0,0.0,0.0,1.0,0.0,0.0,0.0,0.0,1.0,0.0,1.0,0.0
0.4683544303797469,-1.0,-1.0,-1.0,-1.0,-1.0,-1.0,0.0,0.0,0.0,1.0,0.0,0.0,1.0,0.0,0.0,0.0,1.0,0.0,1.0,0.0
-0.4177215189873418,-1.0,-1.0,-1.0,-1.0,-1.0,-1.0,0.0,1.0,0.0,0.0,0.0,0.0,1.0,0.0,0.0,1.0,0.0,0.0,1.0,0.0
0.06329113924050622,-1.0,0.1813491865171739,-1.0,-0.8616088449879872,0.024733104171895226,0.21855936809891863,0.0,1.0,0.0,0.0,0.0,1.0,0.0,0.0,0.0,0.0,1.0,0.0,1.0,0.0
-0.4683544303797469,0.3444011754177345,-1.0,-1.0,-1.0,-1.0,0.2263800164119829,0.0,1.0,0.0,0.0,0.0,1.0,0.0,0.0,0.0,0.0,1.0,0.0,1.0,0.0
-0.8987341772151899,-1.0,-1.0,-1.0,-1.0,-1.0,-1.0,0.0,1.0,0.0,0.0,0.0,0.0,1.0,0.0,0.0,1.0,0.0,0.0,1.0,0.0
-0.03797468354430378,-1.0,-1.0,-1.0,0.38293427830580895,-1.0,0.3204872940244494,0.0,1.0,0.0,0.0,0.0,1.0,0.0,0.0,0.0,0.0,1.0,0.0,1.0,0.0
-0.012658227848101333,-0.4639587993442762,-0.5704373344408764,-1.0,-0.6786656890936953,0.313079954244299,0.26904281188414436,0.0,1.0,0.0,0.0,0.0,1.0,0.0,0.0,0.0,0.0,1.0,0.0,1.0,0.0
0.06329113924050622,-1.0,-1.0,-0.3051771617092195,0.3277696634973324,-1.0,0.2755466619768592,0.0,1.0,0.0,0.0,0.0,1.0,0.0,0.0,0.0,0.0,1.0,0.0,1.0,0.0
-0.2405063291139241,-1.0,-1.0,-1.0,-1.0,-1.0,-1.0,0.0,1.0,0.0,0.0,0.0,0.0,1.0,0.0,0.0,0.0,1.0,0.0,1.0,0.0
0.06329113924050622,0.5112453416710527,-1.0,0.4160896546337911,-1.0,-1.0,0.5008827718502369,0.0,0.0,0.0,1.0,0.0,1.0,0.0,0.0,0.0,0.0,1.0,0.0,1.0,0.0
-0.8734177215189873,-1.0,-1.0,-1.0,-1.0,-1.0,-1.0,0.0,0.0,0.0,1.0,0.0,0.0,1.0,0.0,1.0,0.0,0.0,0.0,1.0,0.0
-0.16455696202531644,0.44131980591511577,-1.0,-1.0,0.5432898386506935,0.5932087021598027,0.6696197261652315,0.0,0.0,1.0,0.0,0.0,1.0,0.0,1.0,0.0,0.0,0.0,0.0,1.0,0.0
-0.1392405063291139,-1.0,0.6676182116108815,-1.0,-0.1927796138817054,0.1481116319335427,0.6400474310145092,0.0,0.0,1.0,0.0,0.0,1.0,0.0,0.0,0.0,0.0,1.0,0.0,1.0,0.0
-0.21518987341772156,0.5462505202817336,-0.6853510347334366,-0.2226063063480459,-0.6114869098077889,-1.0,0.4172718164439144,0.0,1.0,0.0,0.0,0.0,1.0,0.0,0.0,0.0,0.0,1.0,0.0,1.0,0.0
-0.5443037974683544,0.4742886262882666,-0.34168560311267027,-0.21867114605976812,-1.0,-1.0,0.3572921160037634,0.0,1.0,0.0,0.0,0.0,1.0,0.0,0.0,0.0,0.0,1.0,0.0,1.0,0.0
0.5443037974683544,-1.0,0.1555748957942975,-0.7245168312189103,0.6760289185579937,-1.0,0.615702643549503,0.0,1.0,0.0,0.0,0.0,1.0,0.0,0.0,0.0,0.0,1.0,0.0,1.0,0.0
0.012658227848101333,-1.0,-1.0,-1.0,-1.0,-1.0,-1.0,0.0,0.0,1.0,0.0,0.0,0.0,1.0,0.0,0.0,0.0,1.0,0.0,1.0,0.0
0.26582278481012667,-1.0,-1.0,-1.0,-1.0,-1.0,-1.0,0.0,1.0,0.0,0.0,0.0,0.0,1.0,0.0,0.0,0.0,1.0,0.0,1.0,0.0
0.3924050632911391,-0.4340525761212535,-1.0,-1.0,0.6446112584019721,-0.8626258465039598,0.571103351965853,0.0,0.0,0.0,1.0,0.0,1.0,0.0,1.0,0.0,0.0,0.0,0.0,1.0,0.0
-0.36708860759493667,-1.0,0.35397044259395494,-1.0,-1.0,-1.0,0.3203001161291006,0.0,1.0,0.0,0.0,0.0,1.0,0.0,0.0,0.0,0.0,1.0,0.0,1.0,0.0
-0.4683544303797469,-0.4639587993442762,-1.0,-1.0,0.48024538000046,-1.0,0.41477826438761767,0.0,1.0,0.0,0.0,0.0,1.0,0.0,0.0,0.0,0.0,1.0,1.0,0.0,0.0
-0.08860759493670889,0.022019639760848975,0.5942804950205292,-1.0,0.6450334763400001,-1.0,0.6984110611240153,0.0,0.0,1.0,0.0,0.0,1.0,0.0,1.0,0.0,0.0,0.0,0.0,0.0,1.0
-0.16455696202531644,-1.0,-1.0,-1.0,-1.0,-1.0,-1.0,0.0,0.0,0.0,1.0,0.0,0.0,1.0,0.0,0.0,0.0,1.0,0.0,1.0,0.0
-0.36708860759493667,-1.0,-1.0,0.3472999844347324,-1.0,-1.0,0.29252886243144127,0.0,1.0,0.0,0.0,0.0,1.0,0.0,0.0,0.0,0.0,1.0,0.0,1.0,0.0
-0.012658227848101333,-1.0,-1.0,-1.0,-1.0,-1.0,-1.0,0.0,0.0,1.0,0.0,0.0,0.0,1.0,1.0,0.0,0.0,0.0,0.0,1.0,0.0
-0.44303797468354433,0.4510226757502813,-1.0,0.1087988933052495,-1.0,-1.0,0.3669164016149582,0.0,0.0,0.0,1.0,0.0,1.0,0.0,0.0,0.0,0.0,1.0,0.0,1.0,0.0
-0.5949367088607596,-1.0,-1.0,-1.0,-1.0,-1.0,-1.0,0.0,1.0,0.0,0.0,0.0,0.0,1.0,0.0,0.0,0.0,1.0,0.0,1.0,0.0
-0.06329113924050633,-1.0,-0.5312057330235879,0.2520864869727284,-0.5402745340816825,0.13042700187926526,0.2888099936078252,0.0,1.0,0.0,0.0,0.0,1.0,0.0,0.0,0.0,1.0,0.0,0.0,1.0,0.0
0.11392405063291133,-1.0,0.2086124006775405,-1.0,0.13339928004915436,-1.0,0.26830627263791507,0.0,1.0,0.0,0.0,0.0,1.0,0.0,0.0,0.0,1.0,0.0,0.0,1.0,0.0
0.5949367088607596,-1.0,-1.0,-1.0,-1.0,-1.0,-1.0,0.0,1.0,0.0,0.0,0.0,0.0,1.0,0.0,0.0,0.0,1.0,0.0,1.0,0.0
-1.0,-1.0,-1.0,-1.0,-1.0,-1.0,-1.0,0.0,1.0,0.0,0.0,0.0,1.0,0.0,1.0,0.0,0.0,0.0,0.0,1.0,0.0
-0.4683544303797469,-1.0,-1.0,-1.0,-1.0,-1.0,-1.0,0.0,1.0,0.0,0.0,0.0,0.0,1.0,0.0,0.0,0.0,1.0,0.0,1.0,0.0
-0.5443037974683544,-1.0,-1.0,-1.0,-1.0,-1.0,-1.0,0.0,1.0,0.0,0.0,0.0,0.0,1.0,0.0,0.0,1.0,0.0,0.0,1.0,0.0
-0.4683544303797469,-1.0,-1.0,-1.0,-1.0,-1.0,-1.0,0.0,1.0,0.0,0.0,0.0,0.0,1.0,0.0,0.0,0.0,1.0,0.0,1.0,0.0
0.08860759493670889,-1.0,-1.0,-1.0,-1.0,-1.0,-1.0,0.0,0.0,1.0,0.0,0.0,0.0,1.0,0.0,0.0,0.0,1.0,0.0,1.0,0.0
-0.21518987341772156,-1.0,-1.0,0.04058103784922462,0.27818267172439537,-1.0,0.27196083830957996,0.0,1.0,0.0,0.0,0.0,1.0,0.0,0.0,0.0,0.0,1.0,0.0,1.0,0.0
-0.8227848101265822,-1.0,-1.0,-1.0,-1.0,-1.0,-1.0,0.0,1.0,0.0,0.0,0.0,1.0,0.0,1.0,0.0,0.0,0.0,0.0,1.0,0.0
-0.16455696202531644,-0.3637342358463982,-1.0,0.18302316178336198,0.26269768681376315,-1.0,0.3095135246556546,0.0,0.0,0.0,1.0,0.0,1.0,0.0,0.0,0.0,0.0,1.0,0.0,1.0,0.0
-0.9493670886075949,-1.0,-1.0,-1.0,-1.0,-1.0,-1.0,0.0,1.0,0.0,0.0,0.0,1.0,0.0,1.0,0.0,0.0,0.0,0.0,1.0,0.0
0.3924050632911391,0.23976242400780268,-1.0,0.3425003248787475,-1.0,-0.3131292325197993,0.36186405384583953,0.0,0.0,0.0,1.0,0.0,1.0,0.0,0.0,0.0,0.0,1.0,0.0,1.0,0.0
-0.4177215189873418,-1.0,-1.0,-1.0,-1.0,-1.0,-1.0,0.0,0.0,0.0,1.0,0.0,0.0,1.0,0.0,0.0,0.0,1.0,0.0,1.0,0.0
-0.5443037974683544,-1.0,-1.0,-1.0,-1.0,-1.0,-1.0,1.0,0.0,0.0,0.0,0.0,0.0,1.0,0.0,0.0,0.0,1.0,0.0,1.0,0.0
-0.1392405063291139,-1.0,-0.3870033736503038,-1.0,0.265186754903574,0.05784138782691839,0.2729236720284265,0.0,1.0,0.0,0.0,0.0,1.0,0.0,0.0,1.0,0.0,0.0,0.0,1.0,0.0
-0.31645569620253167,-1.0,0.3209964598369828,-1.0,0.7590929629304854,-0.17268231964341751,0.7042477148290158,0.0,0.0,1.0,0.0,0.0,1.0,0.0,1.0,0.0,0.0,0.0,0.0,1.0,0.0
-0.4177215189873418,0.5330525087383333,-1.0,0.3425003248787475,0.1374602247851353,-1.0,0.5054750160801569,0.0,0.0,0.0,1.0,0.0,1.0,0.0,0.0,0.0,0.0,1.0,0.0,1.0,0.0
-0.3924050632911392,-1.0,-1.0,-1.0,-1.0,-1.0,-1.0,0.0,1.0,0.0,0.0,0.0,0.0,1.0,0.0,0.0,0.0,1.0,0.0,1.0,0.0
-0.5949367088607596,-1.0,-1.0,-1.0,-1.0,-1.0,-1.0,0.0,1.0,0.0,0.0,0.0,0.0,1.0,0.0,0.0,1.0,0.0,0.0,1.0,0.0
-0.6708860759493671,-1.0,-1.0,-1.0,-1.0,-1.0,-1.0,0.0,1.0,0.0,0.0,0.0,0.0,1.0,0.0,0.0,0.0,1.0,0.0,1.0,0.0
-0.3417721518987342,-0.3112127747555923,0.6483196843393253,-1.0,-0.07464746905468156,-1.0,0.6125753447485325,0.0,0.0,1.0,0.0,0.0,1.0,0.0,1.0,0.0,0.0,0.0,0.0,1.0,0.0
-0.03797468354430378,-1.0,0.2787870256578937,-1.0,0.6342561916625578,-1.0,0.5940816796584498,0.0,0.0,1.0,0.0,0.0,1.0,0.0,1.0,0.0,0.0,0.0,0.0,1.0,0.0
-0.49367088607594933,-1.0,-1.0,-1.0,-1.0,-1.0,-1.0,0.0,1.0,0.0,0.0,0.0,0.0,1.0,0.0,0.0,1.0,0.0,0.0,1.0,0.0
-0.08860759493670889,-1.0,0.7912935694456509,-1.0,0.5478020359585982,0.21600153152391566,0.7956405228149614,0.0,0.0,1.0,0.0,0.0,1.0,0.0,0.0,0.0,0.0,1.0,0.0,1.0,0.0
-0.36708860759493667,0.4984621344413598,-1.0,-1.0,-1.0,-1.0,0.3669164016149582,0.0,0.0,0.0,1.0,1.0,0.0,0.0,0.0,0.0,0.0,1.0,0.0,1.0,0.0
-0.7468354430379747,-1.0,-1.0,-1.0,-1.0,-1.0,-1.0,0.0,0.0,0.0,1.0,0.0,0.0,1.0,0.0,0.0,0.0,1.0,0.0,1.0,0.0
-0.49367088607594933,-0.32729663573877876,-0.20957379709054347,-0.8622584156094552,-1.0,0.218981873551221,0.2029270551336151,0.0,1.0,0.0,0.0,0.0,1.0,0.0,1.0,0.0,0.0,0.0,0.0,1.0,0.0
-0.49367088607594933,-1.0,-1.0,-1.0,-1.0,-1.0,-1.0,0.0,1.0,0.0,0.0,0.0,0.0,1.0,0.0,0.0,1.0,0.0,0.0,1.0,0.0
-0.31645569620253167,-1.0,-1.0,-1.0,-1.0,-1.0,-1.0,0.0,0.0,1.0,0.0,0.0,0.0,1.0,1.0,0.0,0.0,0.0,0.0,1.0,0.0
-0.3924050632911392,0.3608704494351427,-1.0,0.2357546235499588,-1.0,-1.0,0.3474810535889217,0.0,0.0,0.0,1.0,0.0,1.0,0.0,0.0,0.0,0.0,1.0,0.0,1.0,0.0
-0.31645569620253167,-0.6636483178693894,-1.0,-0.5424323609787505,-0.3921421186822598,0.3325896948189988,0.2892512916546419,0.0,1.0,0.0,0.0,0.0,1.0,0.0,0.0,0.0,0.0,1.0,0.0,1.0,0.0
-0.08860759493670889,-1.0,-1.0,-1.0,-1.0,-1.0,-1.0,0.0,0.0,0.0,1.0,0.0,0.0,1.0,0.0,0.0,0.0,1.0,0.0,1.0,0.0
-0.8227848101265822,-1.0,-1.0,-1.0,-1.0,-1.0,-1.0,0.0,1.0,0.0,0.0,0.0,1.0,0.0,0.0,0.0,0.0,1.0,0.0,1.0,0.0
-0.36708860759493667,0.16130510622586658,-1.0,0.13803403438624207,0.14662638280744078,-0.3620541869723509,0.2968131027525629,0.0,1.0,0.0,0.0,0.0,1.0,0.0,1.0,0.0,0.0,0.0,1.0,0.0,0.0
-0.3417721518987342,-1.0,-1.0,-1.0,-1.0,-1.0,-1.0,0.0,0.0,0.0,1.0,0.0,0.0,1.0,1.0,0.0,0.0,0.0,0.0,1.0,0.0
0.06329113924050622,-0.8551412152377926,0.7665105361530429,-1.0,-1.0,0.23442242954505166,0.7337564560436085,0.0,0.0,1.0,0.0,0.0,1.0,0.0,0.0,0.0,0.0,1.0,0.0,1.0,0.0
-0.5189873417721519,-1.0,0.391747575892617,-1.0,0.513228125938084,-1.0,0.5381060208311863,0.0,0.0,1.0,0.0,0.0,1.0,0.0,0.0,0.0,0.0,1.0,0.0,1.0,0.0
-0.03797468354430378,-0.5933299775945341,0.5154319835898751,-1.0,-1.0,-1.0,0.47823779883373563,0.0,1.0,0.0,0.0,0.0,1.0,0.0,0.0,0.0,0.0,1.0,0.0,1.0,0.0
-0.5949367088607596,-1.0,-1.0,-1.0,-1.0,-1.0,-1.0,0.0,1.0,0.0,0.0,0.0,0.0,1.0,0.0,0.0,0.0,1.0,0.0,1.0,0.0
0.240506329113924,-1.0,-1.0,-1.0,-1.0,-1.0,-1.0,0.0,0.0,1.0,0.0,0.0,0.0,1.0,1.0,0.0,0.0,0.0,0.0,1.0,0.0
-0.16455696202531644,0.17077028839756103,0.17759842602201914,-0.8622584156094552,-1.0,-0.6448929646444241,0.24588278169232924,0.0,1.0,0.0,0.0,0.0,1.0,0.0,0.0,0.0,1.0,0.0,0.0,1.0,0.0
-0.06329113924050633,-1.0,-1.0,-1.0,-1.0,-1.0,-1.0,0.0,0.0,0.0,1.0,0.0,0.0,1.0,0.0,0.0,0.0,1.0,0.0,1.0,0.0
-0.03797468354430378,-1.0,-1.0,-1.0,-1.0,-1.0,-1.0,0.0,0.0,0.0,1.0,0.0,0.0,1.0,0.0,0.0,0.0,1.0,0.0,1.0,0.0
0.31645569620253156,-0.7704042582518641,0.15344405841419984,-1.0,0.5315419660659995,0.4860837990575271,0.5956343173245651,0.0,0.0,1.0,0.0,0.0,1.0,0.0,0.0,0.0,0.0,1.0,0.0,1.0,0.0
-0.6455696202531646,-1.0,-1.0,-1.0,-1.0,-1.0,-1.0,0.0,1.0,0.0,0.0,0.0,0.0,1.0,0.0,0.0,0.0,1.0,0.0,1.0,0.0
0.012658227848101333,0.3627253762611793,-1.0,0.08065022993733462,-1.0,-1.0,0.2985001993479246,0.0,1.0,0.0,0.0,0.0,1.0,0.0,0.0,0.0,0.0,1.0,0.0,1.0,0.0
-0.11392405063291144,-1.0,-1.0,-1.0,-1.0,-1.0,-1.0,0.0,1.0,0.0,0.0,0.0,0.0,1.0,0.0,0.0,1.0,0.0,0.0,1.0,0.0
-0.3417721518987342,-1.0,-1.0,-1.0,-1.0,-1.0,-1.0,0.0,0.0,1.0,0.0,0.0,0.0,1.0,1.0,0.0,0.0,0.0,0.0,1.0,0.0
-0.3417721518987342,-1.0,-1.0,0.3351962517950391,-0.8616088449879872,-1.0,0.2811472803002071,0.0,1.0,0.0,0.0,0.0,1.0,0.0,0.0,0.0,0.0,1.0,0.0,1.0,0.0
-0.2911392405063291,-1.0,-1.0,-1.0,-1.0,-1.0,-1.0,0.0,1.0,0.0,0.0,0.0,0.0,1.0,0.0,0.0,0.0,1.0,0.0,1.0,0.0
-0.21518987341772156,-1.0,0.38887717922739085,-1.0,0.35769633985991844,0.22316323138676708,0.4984709543096888,0.0,0.0,1.0,0.0,0.0,1.0,0.0,0.0,0.0,0.0,1.0,0.0,1.0,0.0
-0.36708860759493667,-0.4988709397562451,-1.0,0.35374309093941525,-0.6422640538624581,-1.0,0.3018302520716756,0.0,1.0,0.0,0.0,0.0,1.0,0.0,0.0,0.0,0.0,1.0,0.0,1.0,0.0
-0.44303797468354433,-1.0,0.6315100851460955,-0.34505426185320365,0.5591425568781243,0.21813491068104862,0.6922836394299825,0.0,0.0,1.0,0.0,0.0,1.0,0.0,1.0,0.0,0.0,0.0,0.0,1.0,0.0
-0.1392405063291139,0.24141886901040843,-1.0,0.46942702057954633,-1.0,-1.0,0.4496122116784955,0.0,0.0,0.0,1.0,0.0,1.0,0.0,0.0,0.0,0.0,1.0,0.0,1.0,0.0
-0.08860759493670889,-1.0,0.4022261773563178,-1.0,0.5242430142128369,0.8288070705031634,0.8136838712838443,0.0,0.0,1.0,0.0,0.0,1.0,0.0,1.0,0.0,0.0,0.0,0.0,1.0,0.0
-0.2405063291139241,-1.0,-0.03529853174253794,-1.0,0.7183749513957083,-0.06308368834671219,0.6493038163649074,0.0,0.0,1.0,0.0,0.0,1.0,0.0,1.0,0.0,0.0,0.0,0.0,1.0,0.0
0.3417721518987342,-1.0,0.4281817865061808,-1.0,-0.15754898630665604,-1.0,0.4010622964572006,0.0,1.0,0.0,0.0,0.0,1.0,0.0,0.0,0.0,0.0,1.0,0.0,1.0,0.0
-0.012658227848101333,-1.0,-1.0,-1.0,-1.0,-1.0,-1.0,0.0,1.0,0.0,0.0,0.0,0.0,1.0,0.0,0.0,0.0,1.0,0.0,1.0,0.0
-0.31645569620253167,-1.0,-1.0,-1.0,-1.0,-1.0,-1.0,0.0,0.0,0.0,1.0,0.0,1.0,0.0,0.0,0.0,0.0,1.0,0.0,1.0,0.0
-0.2911392405063291,0.5788675985441938,-1.0,-1.0,-1.0,-0.6143419940193948,0.44086123104838615,0.0,0.0,0.0,1.0,0.0,1.0,0.0,0.0,0.0,0.0,1.0,0.0,1.0,0.0
-0.26582278481012656,0.20874456491694504,-1.0,0.2528143965804912,-1.0,-1.0,0.2905690895592532,0.0,1.0,0.0,0.0,0.0,1.0,0.0,0.0,0.0,0.0,1.0,0.0,1.0,0.0
-0.4683544303797469,-1.0,-1.0,-1.0,-1.0,-1.0,-1.0,0.0,0.0,1.0,0.0,0.0,0.0,1.0,1.0,0.0,0.0,0.0,0.0,1.0,0.0
-0.31645569620253167,-1.0,-1.0,-1.0,-1.0,-1.0,-1.0,0.0,0.0,1.0,0.0,0.0,0.0,1.0,0.0,0.0,0.0,1.0,0.0,1.0,0.0
0.012658227848101333,0.08174826506853794,0.3369245895704629,-1.0,-1.0,-1.0,0.3366225397590199,0.0,1.0,0.0,0.0,0.0,1.0,0.0,0.0,0.0,0.0,1.0,0.0,1.0,0.0
-0.26582278481012656,0.13739482439735662,-1.0,0.4402748240860843,0.22629605158252586,-1.0,0.45825173258313723,0.0,0.0,0.0,1.0,0.0,1.0,0.0,0.0,0.0,0.0,1.0,0.0,1.0,0.0
-0.44303797468354433,-1.0,-0.0544953079561602,-1.0,0.297422535187265,-1.0,0.2717193681429104,0.0,1.0,0.0,0.0,0.0,1.0,0.0,0.0,0.0,0.0,1.0,0.0,1.0,0.0
-0.8227848101265822,-1.0,-1.0,-1.0,-1.0,-1.0,-1.0,0.0,1.0,0.0,0.0,0.0,0.0,1.0,0.0,0.0,0.0,1.0,0.0,1.0,0.0
0.06329113924050622,-0.296278776647921,-1.0,-1.0,-1.0,0.26514086026453487,0.22576603626421932,0.0,1.0,0.0,0.0,0.0,1.0,0.0,1.0,0.0,0.0,0.0,0.0,1.0,0.0
0.1898734177215189,-1.0,-1.0,-1.0,-1.0,-1.0,-1.0,0.0,1.0,0.0,0.0,0.0,0.0,1.0,0.0,0.0,1.0,0.0,0.0,1.0,0.0
-0.4683544303797469,-1.0,0.18774469493345491,-1.0,-0.1353420949832087,-0.02636579174859499,0.23330222189384453,0.0,1.0,0.0,0.0,0.0,1.0,0.0,0.0,0.0,1.0,0.0,0.0,1.0,0.0
0.139240506329114,0.6937780722672244,-1.0,-0.5234924077581515,-1.0,-1.0,0.5456611936760256,0.0,0.0,0.0,1.0,0.0,1.0,0.0,0.0,0.0,0.0,1.0,0.0,1.0,0.0
-0.1392405063291139,-1.0,-1.0,-1.0,-1.0,-1.0,-1.0,0.0,0.0,1.0,0.0,0.0,0.0,1.0,1.0,0.0,0.0,0.0,0.0,1.0,0.0
-0.2911392405063291,0.6618465047807303,-1.0,-1.0,-1.0,-1.0,0.5159577223472156,0.0,1.0,0.0,0.0,0.0,1.0,0.0,1.0,0.0,0.0,0.0,0.0,1.0,0.0
-0.5443037974683544,0.2949765812711149,-1.0,-0.20366635312744685,0.05380849040844793,-1.0,0.25949622520548155,0.0,1.0,0.0,0.0,0.0,1.0,0.0,0.0,0.0,0.0,1.0,0.0,1.0,0.0
-0.44303797468354433,-1.0,-1.0,0.3867043595984154,-0.2312940331994816,-0.7252516930079197,0.33884428496238117,0.0,1.0,0.0,0.0,0.0,1.0,0.0,1.0,0.0,0.0,0.0,0.0,1.0,0.0
-0.5189873417721519,-1.0,-1.0,-1.0,-1.0,-1.0,-1.0,0.0,1.0,0.0,0.0,0.0,0.0,1.0,0.0,0.0,0.0,1.0,0.0,1.0,0.0
-0.06329113924050633,0.14363370711187695,-0.7852186672204382,0.3043634675175293,-1.0,-1.0,0.30671874225238205,0.0,0.0,0.0,1.0,0.0,1.0,0.0,0.0,0.0,0.0,1.0,0.0,1.0,0.0
-0.06329113924050633,-1.0,0.6495515340277038,0.1583228313030942,0.5184639903404438,0.024733104171895226,0.6916172027899752,0.0,0.0,1.0,0.0,0.0,1.0,0.0,0.0,0.0,0.0,1.0,0.0,1.0,0.0
-0.3924050632911392,0.36938929607104054,-1.0,-1.0,-1.0,-1.0,0.24917450095814808,0.0,1.0,0.0,0.0,0.0,1.0,0.0,1.0,0.0,0.0,0.0,0.0,1.0,0.0
0.012658227848101333,-0.09220091735077918,-1.0,0.40390256083756904,-1.0,-0.17268231964341751,0.36837725681771083,0.0,0.0,0.0,1.0,0.0,1.0,0.0,0.0,0.0,0.0,1.0,0.0,1.0,0.0
-0.4177215189873418,-1.0,0.07788852036426097,0.3850305341603504,-0.27905773174939197,-1.0,0.3736871257170573,0.0,1.0,0.0,0.0,0.0,1.0,0.0,1.0,0.0,0.0,0.0,0.0,1.0,0.0
-1.0,-1.0,-1.0,-1.0,-1.0,-1.0,-1.0,0.0,1.0,0.0,0.0,0.0,1.0,0.0,0.0,0.0,0.0,1.0,0.0,1.0,0.0
-0.26582278481012656,-1.0,-1.0,-1.0,-1.0,-1.0,-1.0,0.0,0.0,0.0,1.0,0.0,0.0,1.0,0.0,0.0,0.0,1.0,0.0,1.0,0.0
-0.16455696202531644,-0.7704042582518641,0.6548153780009414,-1.0,-0.29015259890148426,-1.0,0.6151052106848267,0.0,0.0,1.0,0.0,0.0,1.0,0.0,0.0,0.0,0.0,1.0,0.0,1.0,0.0
-0.8481012658227848,-1.0,-1.0,-1.0,-1.0,-1.0,-1.0,0.0,1.0,0.0,0.0,0.0,1.0,0.0,0.0,0.0,0.0,1.0,0.0,1.0,0.0
-0.2405063291139241,-1.0,0.2426342657332723,0.03304065517175214,-0.6786656890936953,-0.245561329767104,0.2753096940518822,0.0,1.0,0.0,0.0,0.0,1.0,0.0,0.0,0.0,0.0,1.0,0.0,1.0,0.0
-0.3924050632911392,-0.01766047286342709,-0.5498391013710785,-0.35255398589099995,0.2598145142129149,-0.245561329767104,0.25872178674943225,0.0,1.0,0.0,0.0,0.0,1.0,0.0,0.0,0.0,0.0,1.0,0.0,1.0,0.0
-0.9746835443037974,-1.0,-1.0,-1.0,-1.0,-1.0,-1.0,0.0,1.0,0.0,0.0,0.0,1.0,0.0,0.0,0.0,0.0,1.0,0.0,1.0,0.0
-0.189873417721519,-0.10915510567366649,0.2981116229903178,0.30879810846943667,0.2590871682972564,0.4207337529092219,0.5503686099114129,0.0,0.0,1.0,0.0,0.0,1.0,0.0,1.0,0.0,0.0,0.0,0.0,1.0,0.0
-1.0,-1.0,-1.0,-1.0,-1.0,-1.0,-1.0,0.0,1.0,0.0,0.0,0.0,0.0,1.0,0.0,0.0,0.0,1.0,0.0,1.0,0.0
-0.5443037974683544,-1.0,-1.0,-1.0,-1.0,-1.0,-1.0,0.0,1.0,0.0,0.0,0.0,0.0,1.0,1.0,0.0,0.0,0.0,0.0,1.0,0.0
-0.8227848101265822,-1.0,-1.0,-1.0,-1.0,-1.0,-1.0,0.0,1.0,0.0,0.0,0.0,0.0,1.0,0.0,0.0,1.0,0.0,0.0,1.0,0.0
0.4683544303797469,-1.0,-1.0,-1.0,0.5165667675485275,-0.4164445537281488,0.44980218745016853,0.0,1.0,0.0,0.0,0.0,1.0,0.0,0.0,0.0,0.0,1.0,0.0,1.0,0.0
0.36708860759493667,-1.0,-1.0,-0.6439431695605231,0.4267403401771055,-0.3468013544213927,0.3669164016149582,0.0,1.0,0.0,0.0,0.0,1.0,0.0,0.0,0.0,0.0,1.0,0.0,1.0,0.0
-0.5443037974683544,-1.0,-1.0,-1.0,-0.16965306992792295,0.24171384467331292,0.21598744819935756,0.0,1.0,0.0,0.0,0.0,1.0,0.0,1.0,0.0,0.0,0.0,0.0,1.0,0.0
-0.5189873417721519,0.005684214437439383,-0.7852186672204382,-1.0,0.23305039489648105,0.2562396851196158,0.346830402202736,0.0,1.0,0.0,0.0,0.0,1.0,0.0,0.0,0.0,0.0,1.0,0.0,1.0,0.0
-0.36708860759493667,-0.22907196358276727,-1.0,0.020581246912549256,-0.3921421186822598,0.4362917264134454,0.41027609561985545,0.0,1.0,0.0,0.0,0.0,1.0,0.0,0.0,0.0,1.0,0.0,0.0,1.0,0.0
-0.5189873417721519,-1.0,-1.0,-1.0,-1.0,-1.0,-1.0,0.0,1.0,0.0,0.0,0.0,0.0,1.0,0.0,0.0,0.0,1.0,0.0,1.0,0.0
-0.11392405063291144,-1.0,-1.0,-1.0,-1.0,-1.0,-1.0,1.0,0.0,0.0,0.0,0.0,0.0,1.0,0.0,0.0,1.0,0.0,0.0,1.0,0.0
-0.4177215189873418,-1.0,-1.0,-1.0,-1.0,-1.0,-1.0,0.0,1.0,0.0,0.0,0.0,0.0,1.0,0.0,0.0,1.0,0.0,0.0,1.0,0.0
0.11392405063291133,-1.0,0.5301663695530237,-1.0,0.44071438673100793,0.3047593561319697,0.6073710741862257,0.0,0.0,1.0,0.0,0.0,1.0,0.0,0.0,0.0,0.0,1.0,0.0,1.0,0.0
-0.49367088607594933,-1.0,-1.0,-1.0,-1.0,-1.0,-1.0,0.0,0.0,1.0,0.0,0.0,0.0,1.0,1.0,0.0,0.0,0.0,0.0,1.0,0.0
-0.06329113924050633,-1.0,0.5078012350665784,-0.5867752468283656,0.6608400392108713,-0.10818717627106378,0.6716765370326636,0.0,0.0,1.0,0.0,1.0,0.0,0.0,1.0,0.0,0.0,0.0,0.0,1.0,0.0
-0.1392405063291139,-1.0,0.34432619507408746,0.11543576955244705,-1.0,0.11956461174874722,0.3973483996980405,0.0,1.0,0.0,0.0,0.0,1.0,0.0,1.0,0.0,0.0,0.0,0.0,1.0,0.0
-0.3417721518987342,-1.0,-0.5312057330235879,-1.0,0.30881786324337357,-0.8626258465039598,0.2526775376457655,0.0,1.0,0.0,0.0,0.0,1.0,0.0,0.0,0.0,0.0,1.0,0.0,1.0,0.0
0.08860759493670889,-0.7704042582518641,0.5072759260333479,-0.2992448077181553,-0.6114869098077889,0.04907484281420249,0.48920265913548655,0.0,0.0,1.0,0.0,0.0,1.0,0.0,0.0,0.0,0.0,1.0,0.0,1.0,0.0
-0.3924050632911392,-1.0,-1.0,-1.0,-1.0,-1.0,-1.0,0.0,1.0,0.0,0.0,0.0,0.0,1.0,0.0,0.0,1.0,0.0,0.0,1.0,0.0
-1.0,-1.0,-1.0,-1.0,-1.0,-1.0,-1.0,0.0,1.0,0.0,0.0,0.0,1.0,0.0,0.0,0.0,0.0,1.0,0.0,1.0,0.0
-0.2405063291139241,0.031241152588492138,-1.0,0.061623858319755254,0.3695648717599065,-1.0,0.3667696985133764,0.0,0.0,0.0,1.0,0.0,1.0,0.0,0.0,0.0,0.0,1.0,0.0,1.0,0.0
-0.7468354430379747,-1.0,-1.0,-1.0,-1.0,-1.0,-1.0,0.0,1.0,0.0,0.0,0.0,1.0,0.0,0.0,0.0,0.0,1.0,0.0,1.0,0.0
-0.4683544303797469,0.6695729381570448,-1.0,0.12533841405058843,-0.3347045997837631,-1.0,0.5423012893514043,0.0,0.0,0.0,1.0,0.0,1.0,0.0,0.0,0.0,0.0,1.0,0.0,1.0,0.0
-0.6708860759493671,-0.7704042582518641,-0.8644880666376419,-0.3176011508255203,-1.0,-1.0,-0.3277322630542523,0.0,1.0,0.0,0.0,0.0,1.0,0.0,0.0,0.0,0.0,1.0,0.0,1.0,0.0
0.11392405063291133,0.4932534648228257,-0.42435512987010526,-1.0,-0.7232176899759744,-1.0,0.36529642478936664,0.0,0.0,0.0,1.0,0.0,1.0,0.0,0.0,0.0,0.0,1.0,0.0,1.0,0.0
-0.36708860759493667,-1.0,-1.0,-1.0,0.3318600751016938,-0.7252516930079197,0.2724428630192193,0.0,1.0,0.0,0.0,0.0,1.0,0.0,0.0,0.0,0.0,1.0,0.0,1.0,0.0
-0.7974683544303798,-1.0,-1.0,-1.0,-1.0,-1.0,-1.0,0.0,1.0,0.0,0.0,0.0,1.0,0.0,0.0,0.0,0.0,1.0,0.0,1.0,0.0
0.03797468354430378,0.2593279560094517,-1.0,-1.0,-0.5848265349639614,0.1598422157571171,0.2665765333601957,0.0,1.0,0.0,0.0,0.0,1.0,0.0,0.0,0.0,1.0,0.0,0.0,1.0,0.0
-0.06329113924050633,-1.0,-1.0,-1.0,-1.0,-1.0,-1.0,0.0,0.0,0.0,1.0,0.0,0.0,1.0,0.0,0.0,0.0,1.0,0.0,1.0,0.0
0.5696202531645569,0.37293654474702675,-0.7852186672204382,0.14812987396920674,-1.0,0.23867640575701943,0.4009396585172378,0.0,1.0,0.0,0.0,0.0,1.0,0.0,0.0,0.0,0.0,1.0,0.0,1.0,0.0
-0.4177215189873418,-1.0,0.249635099472016,-0.19311241640142773,0.11022474757620349,0.6743546134990004,0.6446122361836932,0.0,0.0,1.0,0.0,0.0,1.0,0.0,0.0,0.0,0.0,1.0,0.0,1.0,0.0
-0.3417721518987342,0.41380554163654293,-1.0,-1.0,-1.0,-1.0,0.2896915705364711,0.0,0.0,0.0,1.0,0.0,1.0,0.0,1.0,0.0,0.0,0.0,0.0,1.0,0.0
-0.31645569620253167,-1.0,-1.0,-1.0,-1.0,-1.0,-1.0,0.0,1.0,0.0,0.0,0.0,0.0,1.0,1.0,0.0,0.0,0.0,0.0,1.0,0.0
0.5443037974683544,0.2113010133131934,0.6725736945507303,-1.0,-0.3921421186822598,0.2447054337005925,0.6608495673735779,0.0,0.0,1.0,0.0,0.0,1.0,0.0,0.0,0.0,0.0,1.0,0.0,1.0,0.0
-0.5443037974683544,-0.38465038264461693,-0.7852186672204382,0.4861674590933076,-0.8616088449879872,-0.7822671181404642,0.42821232071516,0.0,1.0,0.0,0.0,0.0,1.0,0.0,0.0,0.0,0.0,1.0,0.0,1.0,0.0
-0.5443037974683544,0.3567940536469161,-1.0,0.5396812607624162,-1.0,-0.37014465765234383,0.5262757286689363,0.0,0.0,0.0,1.0,0.0,1.0,0.0,0.0,0.0,0.0,1.0,0.0,1.0,0.0
-0.5949367088607596,0.45041662298024954,-1.0,0.11103590492910076,-1.0,-1.0,0.3669164016149582,0.0,0.0,0.0,1.0,0.0,1.0,0.0,0.0,0.0,0.0,1.0,0.0,1.0,0.0
0.139240506329114,-0.012037163643763504,0.17473736431383435,0.05188077462952556,-1.0,-1.0,0.2534768707710904,0.0,1.0,0.0,0.0,1.0,0.0,0.0,0.0,0.0,0.0,1.0,0.0,1.0,0.0
0.06329113924050622,0.5608225595253837,0.2215073413002493,-1.0,-0.487891873354127,0.29055636022222053,0.5232643699572985,0.0,0.0,1.0,0.0,0.0,1.0,0.0,1.0,0.0,0.0,0.0,0.0,1.0,0.0
-0.3417721518987342,-0.8551412152377926,0.19262696076678454,0.02174675817577132,0.28211691198785505,-0.1608466236402405,0.3667696985133764,0.0,0.0,0.0,1.0,0.0,1.0,0.0,0.0,0.0,0.0,1.0,0.0,0.0,1.0
-0.16455696202531644,-1.0,0.4880367021695404,-1.0,0.49851831467533847,0.03246290321459622,0.5821340177686218,0.0,0.0,1.0,0.0,0.0,1.0,0.0,1.0,0.0,0.0,0.0,0.0,1.0,0.0
-0.11392405063291144,-1.0,-1.0,-1.0,-1.0,-1.0,-1.0,0.0,0.0,0.0,1.0,0.0,0.0,1.0,0.0,0.0,0.0,1.0,0.0,1.0,0.0
-0.5443037974683544,-1.0,-1.0,-1.0,-1.0,-1.0,-1.0,0.0,1.0,0.0,0.0,0.0,0.0,1.0,0.0,0.0,1.0,0.0,0.0,1.0,0.0
0.3924050632911391,-1.0,-1.0,-1.0,-1.0,-1.0,-1.0,0.0,1.0,0.0,0.0,0.0,0.0,1.0,0.0,0.0,1.0,0.0,0.0,1.0,0.0
-0.49367088607594933,-1.0,-1.0,-1.0,0.15661127499206007,-1.0,0.10438400198125897,0.0,1.0,0.0,0.0,0.0,1.0,0.0,0.0,0.0,0.0,1.0,0.0,1.0,0.0
-0.03797468354430378,-0.2692751980081092,0.3801721487721115,-1.0,-0.20730647247606515,0.49996959435962984,0.5376274748099708,0.0,1.0,0.0,0.0,0.0,1.0,0.0,0.0,0.0,0.0,1.0,0.0,1.0,0.0
-0.5696202531645569,-1.0,-1.0,-1.0,-1.0,-1.0,-1.0,0.0,0.0,0.0,1.0,0.0,0.0,1.0,0.0,0.0,0.0,1.0,0.0,1.0,0.0
-0.2405063291139241,-1.0,0.7563575594344236,-1.0,-1.0,-0.6810270934861755,0.712776351854425,0.0,0.0,1.0,0.0,0.0,1.0,0.0,1.0,0.0,0.0,0.0,0.0,1.0,0.0
0.139240506329114,-1.0,0.47576076700615366,-1.0,0.3538804216129492,0.269773201596218,0.5492448773851248,0.0,0.0,1.0,0.0,0.0,1.0,0.0,0.0,0.0,0.0,1.0,0.0,1.0,0.0
0.3417721518987342,-1.0,-1.0,-1.0,-1.0,-1.0,-1.0,0.0,0.0,1.0,0.0,0.0,0.0,1.0,0.0,0.0,0.0,1.0,0.0,1.0,0.0
-0.06329113924050633,0.4438402833049446,-1.0,-0.12673901580427138,-0.2585621900439785,-1.0,0.33867429772766977,0.0,0.0,0.0,1.0,0.0,1.0,0.0,0.0,0.0,0.0,1.0,0.0,1.0,0.0
-0.189873417721519,0.411624787409822,-0.009017092276782046,-1.0,-0.29594014131866886,-1.0,0.3260188427478288,0.0,0.0,0.0,1.0,0.0,1.0,0.0,0.0,0.0,0.0,1.0,0.0,1.0,0.0
-0.3417721518987342,-1.0,-1.0,-1.0,-1.0,-1.0,-1.0,0.0,0.0,1.0,0.0,0.0,0.0,1.0,1.0,0.0,0.0,0.0,0.0,1.0,0.0
-0.4683544303797469,-1.0,-1.0,-1.0,-1.0,-1.0,-1.0,0.0,0.0,1.0,0.0,0.0,0.0,1.0,0.0,0.0,0.0,1.0,0.0,1.0,0.0
-0.3924050632911392,-1.0,-1.0,-0.42562792351159096,-1.0,0.32332456083893435,0.27696231702976926,1.0,0.0,0.0,0.0,0.0,1.0,0.0,0.0,0.0,0.0,1.0,0.0,1.0,0.0
-0.3924050632911392,-1.0,-0.11811616638148303,-1.0,0.3336236116542357,-1.0,0.29382427401442257,0.0,1.0,0.0,0.0,0.0,1.0,0.0,0.0,0.0,0.0,1.0,0.0,1.0,0.0
-0.49367088607594933,-1.0,0.24127187419728724,-0.12189196817407655,-1.0,-1.0,0.23594393628112487,0.0,1.0,0.0,0.0,0.0,1.0,0.0,0.0,0.0,1.0,0.0,0.0,1.0,0.0
-0.44303797468354433,-1.0,0.2641467751111657,-1.0,-0.20730647247606515,-1.0,0.24753574584356097,0.0,1.0,0.0,0.0,0.0,1.0,0.0,1.0,0.0,0.0,0.0,0.0,1.0,0.0
-0.06329113924050633,-0.296278776647921,-0.363034326141483,-0.34505426185320365,0.33636379011573037,-0.7252516930079197,0.2944686937979426,0.0,1.0,0.0,0.0,0.0,1.0,0.0,0.0,0.0,0.0,1.0,0.0,1.0,0.0
-0.44303797468354433,-1.0,-1.0,-1.0,-1.0,-1.0,-1.0,0.0,1.0,0.0,0.0,0.0,0.0,1.0,0.0,0.0,0.0,1.0,0.0,1.0,0.0
-0.49367088607594933,0.3865524559823694,-1.0,0.3136715731688442,0.17127691348932084,-1.0,0.43469305528263225,0.0,0.0,0.0,1.0,0.0,1.0,0.0,0.0,0.0,0.0,1.0,0.0,1.0,0.0
-0.08860759493670889,-1.0,-1.0,-1.0,0.31524542091412733,-0.7822671181404642,0.2563794145649989,0.0,1.0,0.0,0.0,0.0,1.0,0.0,1.0,0.0,0.0,0.0,0.0,1.0,0.0
-0.2911392405063291,-1.0,0.6024230208591355,-1.0,-0.3080442249399358,0.603489550599061,0.6857325131683916,0.0,0.0,1.0,0.0,0.0,1.0,0.0,0.0,0.0,0.0,1.0,0.0,1.0,0.0
-0.6455696202531646,-1.0,0.3398363811822851,-1.0,0.7908503448673139,0.1798674026821645,0.7397829560784499,0.0,0.0,1.0,0.0,0.0,1.0,0.0,0.0,0.0,0.0,1.0,0.0,1.0,0.0
-0.36708860759493667,-0.7704042582518641,-0.2514914402879457,-0.23917582469336995,-1.0,0.32874124360698076,0.2985001993479246,0.0,1.0,0.0,0.0,0.0,1.0,0.0,0.0,0.0,0.0,1.0,0.0,1.0,0.0
0.08860759493670889,-1.0,-1.0,-1.0,-1.0,-1.0,-1.0,0.0,0.0,1.0,0.0,0.0,0.0,1.0,1.0,0.0,0.0,0.0,0.0,1.0,0.0
0.26582278481012667,-1.0,-1.0,-1.0,-1.0,-1.0,-1.0,0.0,1.0,0.0,0.0,0.0,0.0,1.0,0.0,0.0,0.0,1.0,0.0,1.0,0.0
0.012658227848101333,-1.0,-0.8644880666376419,-1.0,0.3556852360093785,-0.12906847256185694,0.311092338408792,0.0,1.0,0.0,0.0,0.0,1.0,0.0,0.0,0.0,0.0,1.0,1.0,0.0,0.0
-0.36708860759493667,-1.0,-1.0,-1.0,-1.0,-1.0,-1.0,0.0,0.0,1.0,0.0,0.0,0.0,1.0,0.0,0.0,0.0,1.0,0.0,1.0,0.0
0.03797468354430378,-1.0,0.3859640101797397,-1.0,-0.03599706728108598,0.2586757527874384,0.4387602105213615,0.0,1.0,0.0,0.0,0.0,1.0,0.0,0.0,0.0,0.0,1.0,0.0,1.0,0.0
-0.5189873417721519,0.010720290663944976,0.23607664216429836,-0.3684600007794333,-1.0,-1.0,0.25025923032049513,0.0,1.0,0.0,0.0,0.0,1.0,0.0,0.0,0.0,0.0,1.0,0.0,1.0,0.0
-0.5696202531645569,-1.0,-1.0,-1.0,-1.0,-1.0,-1.0,0.0,1.0,0.0,0.0,0.0,0.0,1.0,0.0,0.0,1.0,0.0,0.0,1.0,0.0
0.03797468354430378,0.34905290753516605,-1.0,-0.5867752468283656,-1.0,-1.0,0.23271016964440183,0.0,1.0,0.0,0.0,0.0,1.0,0.0,1.0,0.0,0.0,0.0,0.0,1.0,0.0
-0.44303797468354433,-1.0,-1.0,-1.0,-1.0,-1.0,-1.0,0.0,1.0,0.0,0.0,0.0,0.0,1.0,0.0,0.0,1.0,0.0,0.0,1.0,0.0
-0.7468354430379747,-1.0,-1.0,-1.0,-1.0,-1.0,-1.0,0.0,1.0,0.0,0.0,0.0,1.0,0.0,1.0,0.0,0.0,0.0,0.0,1.0,0.0
-0.03797468354430378,0.032739274060491264,-0.5498391013710785,-1.0,-1.0,0.26210471392600754,0.2571634074633109,0.0,1.0,0.0,0.0,0.0,1.0,0.0,0.0,0.0,0.0,1.0,0.0,1.0,0.0
0.139240506329114,-1.0,-1.0,-1.0,-1.0,-1.0,-1.0,0.0,0.0,0.0,1.0,0.0,0.0,1.0,0.0,0.0,0.0,1.0,0.0,1.0,0.0
-0.3924050632911392,0.07937338666668725,-1.0,-1.0,0.28724480176347766,-1.0,0.2755466619768592,0.0,1.0,0.0,0.0,0.0,1.0,0.0,0.0,0.0,0.0,1.0,0.0,1.0,0.0
-0.8481012658227848,-1.0,-1.0,-1.0,-1.0,-1.0,-1.0,0.0,1.0,0.0,0.0,0.0,1.0,0.0,1.0,0.0,0.0,0.0,0.0,1.0,0.0
-0.3417721518987342,0.3925084485964865,-1.0,-1.0,0.5624387483343987,-0.8626258465039598,0.5437567909328243,0.0,0.0,0.0,1.0,0.0,1.0,0.0,0.0,0.0,0.0,1.0,0.0,1.0,0.0
0.5696202531645569,-0.03549957591880015,-1.0,-0.27198032423261265,0.41756467856182233,-1.0,0.37411124306906074,0.0,0.0,0.0,1.0,0.0,1.0,0.0,0.0,1.0,0.0,0.0,0.0,1.0,0.0
-0.3417721518987342,-1.0,-1.0,-1.0,-0.37397903613286987,0.3750917329513819,0.32674440279051353,0.0,1.0,0.0,0.0,0.0,1.0,0.0,0.0,0.0,0.0,1.0,0.0,1.0,0.0
0.08860759493670889,-1.0,0.4949738453983352,-1.0,0.6240971528573025,-0.31942147560739764,0.6430338486810396,0.0,0.0,1.0,0.0,0.0,1.0,0.0,1.0,0.0,0.0,0.0,0.0,1.0,0.0
-0.5696202531645569,-1.0,-1.0,-1.0,-1.0,-1.0,-1.0,0.0,1.0,0.0,0.0,0.0,0.0,1.0,0.0,1.0,0.0,0.0,0.0,1.0,0.0
-0.31645569620253167,-1.0,-1.0,-1.0,-1.0,0.4876150683416427,0.4309569182013697,0.0,1.0,0.0,0.0,0.0,1.0,0.0,0.0,0.0,0.0,1.0,0.0,1.0,0.0
-0.5696202531645569,-1.0,-1.0,-1.0,-1.0,-1.0,-1.0,0.0,0.0,0.0,1.0,0.0,0.0,1.0,1.0,0.0,0.0,0.0,0.0,1.0,0.0
-0.2405063291139241,0.3319413041155832,-0.4840579735152838,-0.043727052380233444,-0.2585621900439785,-0.07575762276568698,0.28947155819687853,0.0,1.0,0.0,0.0,0.0,1.0,0.0,0.0,0.0,1.0,0.0,0.0,1.0,0.0
-0.2911392405063291,-1.0,0.32190366515047586,-1.0,-0.42291926273692904,-1.0,0.29274537656158284,0.0,1.0,0.0,0.0,0.0,1.0,0.0,0.0,0.0,0.0,1.0,0.0,1.0,0.0
-0.1392405063291139,-0.20445683437311757,0.4004173527869457,-0.2148124015004551,-1.0,-0.5436529399901353,0.3803623168972148,0.0,1.0,0.0,0.0,0.0,1.0,0.0,0.0,0.0,0.0,1.0,0.0,1.0,0.0
-0.8481012658227848,-1.0,-1.0,-1.0,-1.0,-1.0,-1.0,0.0,0.0,1.0,0.0,0.0,1.0,0.0,1.0,0.0,0.0,0.0,0.0,1.0,0.0
-0.4683544303797469,0.5155853647802726,-0.7289761332752838,-0.2226063063480459,-1.0,-1.0,0.3894358037355341,0.0,0.0,0.0,1.0,0.0,1.0,0.0,1.0,0.0,0.0,0.0,0.0,1.0,0.0
-0.31645569620253167,-1.0,-1.0,-1.0,-1.0,-1.0,-1.0,0.0,0.0,1.0,0.0,0.0,0.0,1.0,1.0,0.0,0.0,0.0,0.0,1.0,0.0
-0.2911392405063291,-1.0,-1.0,-1.0,-1.0,-1.0,-1.0,0.0,0.0,1.0,0.0,0.0,0.0,1.0,0.0,0.0,0.0,1.0,0.0,1.0,0.0
-0.4177215189873418,0.4026668282511645,-1.0,0.3436536600995206,0.2977229960912815,-1.0,0.4797042727656504,0.0,0.0,0.0,1.0,0.0,1.0,0.0,0.0,0.0,0.0,1.0,0.0,1.0,0.0
-0.012658227848101333,0.7294997243415604,0.4890016715237089,-1.0,0.45798892774017164,0.2717258184744362,0.7145367099652504,0.0,0.0,1.0,0.0,0.0,1.0,0.0,0.0,0.0,0.0,1.0,0.0,1.0,0.0
-0.1392405063291139,-1.0,-1.0,-1.0,-1.0,-1.0,-1.0,0.0,0.0,0.0,1.0,0.0,0.0,1.0,0.0,1.0,0.0,0.0,0.0,1.0,0.0
-0.6708860759493671,-1.0,0.6052583768618081,-1.0,0.46408375183869377,0.6364716840259872,0.7371303397158795,0.0,0.0,1.0,0.0,0.0,1.0,0.0,0.0,0.0,0.0,1.0,0.0,1.0,0.0
-0.012658227848101333,-1.0,0.08862468245597777,-1.0,0.5000499316453211,0.4853137047941434,0.5758671356008842,0.0,0.0,1.0,0.0,0.0,1.0,0.0,0.0,0.0,0.0,1.0,0.0,1.0,0.0
-0.3417721518987342,-1.0,-1.0,-1.0,-1.0,-1.0,-1.0,0.0,1.0,0.0,0.0,0.0,0.0,1.0,0.0,0.0,0.0,1.0,0.0,1.0,0.0
0.21518987341772156,-1.0,0.11961244611928623,-0.7245168312189103,-1.0,0.16656113072101641,0.24026703924046022,0.0,1.0,0.0,0.0,0.0,1.0,0.0,0.0,0.0,1.0,0.0,0.0,1.0,0.0
-0.11392405063291144,0.6178802704401836,-1.0,0.1979340864566279,-1.0,-1.0,0.5073796750755724,0.0,0.0,0.0,1.0,0.0,1.0,0.0,0.0,0.0,0.0,1.0,1.0,0.0,0.0
-0.36708860759493667,0.06959443085128547,-1.0,0.24313702265403014,-1.0,-1.0,0.2453285933046867,0.0,1.0,0.0,0.0,0.0,1.0,0.0,0.0,0.0,1.0,0.0,0.0,1.0,0.0
-0.4683544303797469,-1.0,-1.0,-1.0,-1.0,-1.0,-1.0,1.0,0.0,0.0,0.0,0.0,0.0,1.0,1.0,0.0,0.0,0.0,0.0,1.0,0.0
-0.3417721518987342,-1.0,-0.363034326141483,-0.4755689006986463,-0.5038728988504453,0.36884289185898167,0.3258370204440151,0.0,0.0,0.0,1.0,0.0,1.0,0.0,0.0,0.0,0.0,1.0,0.0,1.0,0.0
-0.2405063291139241,-1.0,-1.0,-1.0,-1.0,-1.0,-1.0,0.0,1.0,0.0,0.0,0.0,0.0,1.0,0.0,0.0,0.0,1.0,0.0,1.0,0.0
-0.16455696202531644,0.10935920884340722,0.3116850622264533,-1.0,-1.0,-1.0,0.3208610993816594,0.0,1.0,0.0,0.0,0.0,1.0,0.0,0.0,0.0,0.0,1.0,0.0,1.0,0.0
-0.5189873417721519,-1.0,-1.0,-1.0,-1.0,-1.0,-1.0,0.0,1.0,0.0,0.0,0.0,0.0,1.0,0.0,0.0,0.0,1.0,0.0,1.0,0.0
-0.012658227848101333,-1.0,0.01194966567922262,-0.24800923897706195,0.296518429945555,-1.0,0.29252886243144127,0.0,1.0,0.0,0.0,0.0,1.0,0.0,0.0,0.0,0.0,1.0,0.0,1.0,0.0
-0.6455696202531646,-1.0,-1.0,-1.0,-1.0,-1.0,-1.0,0.0,1.0,0.0,0.0,0.0,0.0,1.0,0.0,0.0,1.0,0.0,0.0,1.0,0.0
0.36708860759493667,-1.0,0.46777138544933017,0.5442594630121163,0.3689353718173878,-0.23694305848224295,0.6307232905333748,0.0,0.0,1.0,0.0,0.0,1.0,0.0,1.0,0.0,0.0,0.0,0.0,1.0,0.0
0.240506329113924,-1.0,-1.0,-1.0,-1.0,-1.0,-1.0,0.0,0.0,0.0,1.0,1.0,0.0,0.0,0.0,0.0,1.0,0.0,0.0,1.0,0.0
-0.4683544303797469,-1.0,-1.0,-1.0,-1.0,-1.0,-1.0,0.0,1.0,0.0,0.0,0.0,0.0,1.0,0.0,0.0,1.0,0.0,0.0,1.0,0.0
-0.5443037974683544,-1.0,-1.0,-1.0,-1.0,-1.0,-1.0,0.0,1.0,0.0,0.0,0.0,0.0,1.0,0.0,0.0,1.0,0.0,0.0,1.0,0.0
-0.4177215189873418,-0.112119510701716,0.704071568775207,-1.0,-1.0,0.06440143383642316,0.6703376583029463,0.0,0.0,1.0,0.0,0.0,1.0,0.0,0.0,0.0,0.0,1.0,0.0,1.0,0.0
-0.6455696202531646,-0.6255454734896567,-1.0,0.22684922263236107,0.1374602247851353,-0.5436529399901353,0.27220200301106146,0.0,1.0,0.0,0.0,0.0,1.0,0.0,0.0,0.0,0.0,1.0,0.0,1.0,0.0
-0.4683544303797469,-1.0,-1.0,-1.0,-1.0,-1.0,-1.0,0.0,1.0,0.0,0.0,0.0,0.0,1.0,0.0,0.0,0.0,1.0,0.0,1.0,0.0
0.06329113924050622,-1.0,0.39410779442861155,-1.0,0.43369770728819956,0.3965680477812037,0.566886477655745,0.0,0.0,1.0,0.0,0.0,1.0,0.0,1.0,0.0,0.0,0.0,0.0,1.0,0.0
-0.8481012658227848,-1.0,-1.0,-1.0,-1.0,-1.0,-1.0,0.0,1.0,0.0,0.0,0.0,1.0,0.0,0.0,0.0,0.0,1.0,0.0,1.0,0.0
-0.620253164556962,-1.0,0.30340601523553956,-1.0,-1.0,-1.0,0.27099311708899076,0.0,1.0,0.0,0.0,0.0,1.0,0.0,0.0,0.0,0.0,1.0,0.0,1.0,0.0
-0.21518987341772156,0.4538279131770304,-0.3224403331882094,0.07891468090792886,-0.7806552088744709,-1.0,0.36837725681771083,0.0,0.0,0.0,1.0,0.0,1.0,0.0,0.0,0.0,0.0,1.0,0.0,1.0,0.0
-0.49367088607594933,0.42529510377143054,-0.4985462595038411,-0.35255398589099995,0.06374368595733126,0.13820011619041406,0.3902160531374981,0.0,0.0,0.0,1.0,0.0,1.0,0.0,0.0,0.0,0.0,1.0,0.0,1.0,0.0
0.3924050632911391,-1.0,0.07390666389780898,-1.0,0.232634877091898,-0.7252516930079197,0.255592184247051,0.0,1.0,0.0,0.0,0.0,1.0,0.0,0.0,0.0,0.0,1.0,0.0,1.0,0.0
-0.4177215189873418,0.2795217133901411,-0.5312057330235879,0.26852469795256706,0.08833380378817424,-1.0,0.36529642478936664,0.0,0.0,0.0,1.0,0.0,1.0,0.0,0.0,0.0,0.0,1.0,0.0,1.0,0.0
-0.8481012658227848,-1.0,-1.0,-1.0,-1.0,-1.0,-1.0,0.0,1.0,0.0,0.0,0.0,1.0,0.0,1.0,0.0,0.0,0.0,0.0,1.0,0.0
-0.5443037974683544,-1.0,-1.0,-1.0,-1.0,-1.0,-1.0,0.0,1.0,0.0,0.0,0.0,0.0,1.0,0.0,0.0,1.0,0.0,0.0,1.0,0.0
-0.7215189873417722,-1.0,-1.0,-1.0,-1.0,-1.0,-1.0,0.0,0.0,1.0,0.0,0.0,1.0,0.0,0.0,0.0,0.0,1.0,0.0,1.0,0.0
-0.9240506329113924,-1.0,-1.0,-1.0,-1.0,-1.0,-1.0,0.0,1.0,0.0,0.0,0.0,0.0,1.0,1.0,0.0,0.0,0.0,0.0,1.0,0.0
-0.16455696202531644,-1.0,-1.0,-1.0,-1.0,-1.0,-1.0,0.0,1.0,0.0,0.0,0.0,0.0,1.0,0.0,0.0,1.0,0.0,0.0,1.0,0.0
-0.6708860759493671,0.25882254572586816,-0.6853510347334366,-1.0,-1.0,0.2512758368478798,0.3106988590717934,0.0,1.0,0.0,0.0,0.0,1.0,0.0,0.0,0.0,0.0,1.0,0.0,1.0,0.0
-0.11392405063291144,-1.0,-1.0,-1.0,-1.0,-1.0,-1.0,0.0,1.0,0.0,0.0,0.0,0.0,1.0,0.0,0.0,0.0,1.0,0.0,1.0,0.0
-0.5443037974683544,-1.0,-1.0,0.3351962517950391,-1.0,-1.0,0.28091717686720474,0.0,1.0,0.0,0.0,0.0,1.0,0.0,0.0,0.0,0.0,1.0,0.0,1.0,0.0
-0.6455696202531646,0.23069923471076614,-1.0,0.5217422410476664,-0.8616088449879872,-0.5645342362809285,0.49051079399919906,0.0,1.0,0.0,0.0,0.0,1.0,0.0,0.0,0.0,0.0,1.0,0.0,1.0,0.0
-0.08860759493670889,-1.0,-1.0,-1.0,-1.0,-1.0,-1.0,0.0,1.0,0.0,0.0,0.0,0.0,1.0,0.0,0.0,0.0,1.0,0.0,1.0,0.0
0.16455696202531644,-1.0,-1.0,-1.0,-1.0,-1.0,-1.0,0.0,0.0,0.0,1.0,0.0,0.0,1.0,0.0,0.0,0.0,1.0,0.0,1.0,0.0
-0.4177215189873418,-1.0,-1.0,-1.0,-1.0,-1.0,-1.0,0.0,0.0,0.0,1.0,0.0,0.0,1.0,1.0,0.0,0.0,0.0,0.0,1.0,0.0
-0.2911392405063291,-1.0,-0.004159640065753312,0.3134039379758986,0.6422195006672098,-0.0873058799802705,0.6133821198463518,0.0,0.0,1.0,0.0,0.0,1.0,0.0,1.0,0.0,0.0,0.0,0.0,1.0,0.0
-0.11392405063291144,0.3837880367014095,-1.0,-1.0,-1.0,0.3817080987842203,0.4306422430194463,0.0,0.0,0.0,1.0,0.0,1.0,0.0,0.0,0.0,0.0,1.0,0.0,1.0,0.0
-0.4177215189873418,-1.0,-1.0,-1.0,-1.0,-1.0,-1.0,0.0,1.0,0.0,0.0,0.0,0.0,1.0,0.0,0.0,0.0,1.0,0.0,1.0,0.0
-0.03797468354430378,-1.0,-1.0,-1.0,-1.0,-1.0,-1.0,0.0,0.0,1.0,0.0,0.0,0.0,1.0,1.0,0.0,0.0,0.0,0.0,1.0,0.0
-0.49367088607594933,-1.0,-0.6195699068776419,0.2549822628153373,-0.3921421186822598,-1.0,0.2127229733808529,1.0,0.0,0.0,0.0,0.0,1.0,0.0,1.0,0.0,0.0,0.0,0.0,1.0,0.0
-0.9746835443037974,-1.0,-1.0,-1.0,-1.0,-1.0,-1.0,0.0,1.0,0.0,0.0,0.0,1.0,0.0,1.0,0.0,0.0,0.0,0.0,1.0,0.0
-0.4683544303797469,0.30454382822092674,-1.0,0.4839092631934676,-0.11775092984877333,-1.0,0.4793793631495562,0.0,0.0,0.0,1.0,0.0,1.0,0.0,1.0,0.0,0.0,0.0,0.0,1.0,0.0
-1.0,-1.0,-1.0,-1.0,-1.0,-1.0,-1.0,0.0,0.0,0.0,1.0,0.0,1.0,0.0,0.0,0.0,0.0,1.0,0.0,1.0,0.0
0.3924050632911391,0.36759283471910287,-1.0,-0.8622584156094552,-0.10607179757566865,-1.0,0.27026408877763064,0.0,1.0,0.0,0.0,0.0,1.0,0.0,0.0,0.0,0.0,1.0,0.0,1.0,0.0
-0.012658227848101333,0.6053466426841834,-0.3286472797228134,0.44966705081341996,-1.0,-1.0,0.5647685131769515,0.0,0.0,1.0,0.0,0.0,1.0,0.0,0.0,0.0,0.0,1.0,0.0,1.0,0.0
-0.8987341772151899,-1.0,-1.0,-1.0,-1.0,-1.0,-1.0,0.0,1.0,0.0,0.0,0.0,0.0,1.0,0.0,0.0,0.0,1.0,0.0,1.0,0.0
-0.4683544303797469,0.3308686565063703,-1.0,-1.0,-0.0009309302268775133,-0.2094272009253526,0.2705074081100842,0.0,1.0,0.0,0.0,0.0,1.0,0.0,0.0,0.0,0.0,1.0,0.0,1.0,0.0
-0.5949367088607596,-1.0,-1.0,-1.0,-1.0,-1.0,-1.0,0.0,1.0,0.0,0.0,0.0,0.0,1.0,0.0,0.0,1.0,0.0,0.0,1.0,0.0
-0.49367088607594933,-1.0,-1.0,0.3385281471078079,-0.6422640538624581,-1.0,0.28524234476922583,0.0,1.0,0.0,0.0,0.0,1.0,0.0,0.0,0.0,0.0,1.0,0.0,1.0,0.0
-0.620253164556962,-1.0,-1.0,0.34639465666966074,-0.7232176899759744,-1.0,0.2923121021225885,0.0,1.0,0.0,0.0,0.0,1.0,0.0,0.0,0.0,0.0,1.0,0.0,1.0,0.0
-0.9746835443037974,-1.0,-1.0,-1.0,-1.0,-1.0,-1.0,0.0,1.0,0.0,0.0,0.0,0.0,1.0,0.0,0.0,0.0,1.0,0.0,1.0,0.0
-0.7974683544303798,-1.0,-1.0,-1.0,-1.0,-1.0,-1.0,0.0,1.0,0.0,0.0,0.0,0.0,1.0,0.0,0.0,0.0,1.0,0.0,1.0,0.0
-0.21518987341772156,-1.0,0.47054149296540637,-1.0,-0.0727184083180884,0.2969314101674083,0.5023297668129822,0.0,0.0,1.0,0.0,0.0,1.0,0.0,0.0,0.0,0.0,1.0,0.0,1.0,0.0
-0.5189873417721519,-1.0,0.09158689661461095,0.34797628378536705,-0.7806552088744709,0.126423047316786,0.38681166497215247,0.0,1.0,0.0,0.0,0.0,1.0,0.0,0.0,0.0,0.0,1.0,0.0,1.0,0.0
-0.6455696202531646,-1.0,-1.0,-1.0,-1.0,-1.0,-1.0,0.0,1.0,0.0,0.0,0.0,0.0,1.0,0.0,0.0,0.0,1.0,0.0,1.0,0.0
-0.08860759493670889,-1.0,-0.514194800495722,-1.0,-0.41212440500723446,0.3421232035621724,0.2972362786668288,0.0,1.0,0.0,0.0,0.0,1.0,0.0,0.0,0.0,0.0,1.0,0.0,1.0,0.0
-0.2911392405063291,0.33964354116642004,-1.0,-1.0,0.08400269614232037,-1.0,0.2825220987904502,0.0,1.0,0.0,0.0,0.0,1.0,0.0,0.0,0.0,0.0,1.0,0.0,1.0,0.0
-0.6455696202531646,-0.08161703300745626,-0.04688725090638035,-1.0,0.43521140849658724,-1.0,0.3984701852427044,0.0,1.0,0.0,0.0,0.0,1.0,0.0,0.0,0.0,1.0,0.0,0.0,1.0,0.0
0.16455696202531644,-1.0,0.5815131919255263,0.3186893320014137,0.6760740539109695,-1.0,0.7236226105431256,0.0,0.0,1.0,0.0,0.0,1.0,0.0,0.0,0.0,0.0,1.0,0.0,1.0,0.0
-0.21518987341772156,-1.0,-1.0,-1.0,-1.0,-1.0,-1.0,0.0,0.0,1.0,0.0,0.0,0.0,1.0,1.0,0.0,0.0,0.0,0.0,1.0,0.0
-0.06329113924050633,-0.8551412152377926,0.20617366975031248,-1.0,-1.0,0.7571751740452093,0.7026918655185068,0.0,0.0,1.0,0.0,0.0,1.0,0.0,0.0,0.0,0.0,1.0,0.0,1.0,0.0
-0.6708860759493671,-1.0,-1.0,-1.0,-1.0,-1.0,-1.0,0.0,1.0,0.0,0.0,0.0,0.0,1.0,0.0,0.0,0.0,1.0,0.0,1.0,0.0
-0.5443037974683544,-1.0,-1.0,-1.0,0.47138671885978933,-1.0,0.4049456270842622,0.0,1.0,0.0,0.0,0.0,1.0,0.0,0.0,0.0,0.0,1.0,0.0,1.0,0.0
-0.16455696202531644,0.5459945655033762,-1.0,0.3168553918853698,-1.0,-1.0,0.48268372298930173,0.0,0.0,0.0,1.0,0.0,1.0,0.0,0.0,0.0,0.0,1.0,0.0,1.0,0.0
-0.49367088607594933,-0.3191000145820688,-1.0,0.3276134338397767,-0.23997610684263726,-0.245561329767104,0.29891965093869466,0.0,1.0,0.0,0.0,0.0,1.0,0.0,0.0,0.0,0.0,1.0,0.0,1.0,0.0
-0.3924050632911392,0.1856510956038493,-0.18389729423727774,0.19745466740449413,-0.2845281077249162,-1.0,0.2750724312071964,0.0,1.0,0.0,0.0,0.0,1.0,0.0,0.0,0.0,0.0,1.0,0.0,1.0,0.0
-0.5189873417721519,-1.0,-1.0,0.3418050969950801,-0.5038728988504453,-0.25457147267740143,0.29871004050405636,0.0,1.0,0.0,0.0,0.0,1.0,0.0,0.0,0.0,0.0,1.0,0.0,1.0,0.0
-0.31645569620253167,-1.0,-1.0,-1.0,-1.0,-1.0,-1.0,0.0,0.0,1.0,0.0,0.0,1.0,0.0,0.0,0.0,0.0,1.0,0.0,1.0,0.0
-0.6455696202531646,0.405946112981896,0.3657097006735335,-0.7245168312189103,0.04119442890316871,0.058791936459585914,0.47642998581939344,0.0,1.0,0.0,0.0,0.0,1.0,0.0,1.0,0.0,0.0,0.0,0.0,1.0,0.0
-0.2911392405063291,-1.0,-1.0,-1.0,-1.0,-1.0,-1.0,0.0,1.0,0.0,0.0,0.0,0.0,1.0,0.0,0.0,0.0,1.0,0.0,1.0,0.0
-0.3924050632911392,-1.0,-1.0,-0.04052183610788607,-0.6786656890936953,0.22024556971356768,0.21951496243606505,0.0,1.0,0.0,0.0,0.0,1.0,0.0,0.0,0.0,0.0,1.0,0.0,1.0,0.0
-0.49367088607594933,0.5106395816805467,0.09305134087215072,-0.2824416396096122,-1.0,-1.0,0.4159157419333861,0.0,0.0,0.0,1.0,0.0,1.0,0.0,0.0,0.0,0.0,1.0,0.0,1.0,0.0
-0.49367088607594933,-1.0,-1.0,-0.7245168312189103,0.13879572296216414,-0.10168859374786188,0.13981879463805802,0.0,1.0,0.0,0.0,0.0,1.0,0.0,0.0,0.0,0.0,1.0,0.0,1.0,0.0
-0.5949367088607596,-1.0,-1.0,-0.40469077658820574,0.373506265651671,-1.0,0.3151755685370752,0.0,1.0,0.0,0.0,0.0,1.0,0.0,0.0,1.0,0.0,0.0,0.0,1.0,0.0
-0.03797468354430378,0.4532299526820922,-1.0,0.4603047057406737,-1.0,-1.0,0.49905844528648013,0.0,0.0,0.0,1.0,0.0,1.0,0.0,0.0,0.0,0.0,1.0,0.0,1.0,0.0
-0.06329113924050633,-1.0,-1.0,0.2574819071036929,-0.5038728988504453,-1.0,0.21007053864799485,0.0,1.0,0.0,0.0,0.0,1.0,0.0,0.0,0.0,1.0,0.0,0.0,1.0,0.0
-0.7974683544303798,-1.0,-1.0,-1.0,-1.0,-1.0,-1.0,0.0,1.0,0.0,0.0,0.0,0.0,1.0,0.0,0.0,0.0,1.0,0.0,1.0,0.0
-0.36708860759493667,-1.0,-1.0,-1.0,-1.0,-1.0,-1.0,0.0,0.0,0.0,1.0,0.0,0.0,1.0,0.0,0.0,0.0,1.0,0.0,1.0,0.0
-0.5443037974683544,-1.0,-1.0,-1.0,-1.0,-1.0,-1.0,0.0,0.0,0.0,1.0,0.0,0.0,1.0,0.0,1.0,0.0,0.0,0.0,1.0,0.0
0.5443037974683544,-1.0,-1.0,-1.0,-1.0,-1.0,-1.0,0.0,0.0,0.0,1.0,0.0,0.0,1.0,0.0,0.0,0.0,1.0,0.0,1.0,0.0
-0.44303797468354433,0.38126840343028867,-1.0,0.37838379078135875,-1.0,-1.0,0.42575102610902915,0.0,0.0,0.0,1.0,0.0,1.0,0.0,0.0,0.0,0.0,1.0,0.0,1.0,0.0
0.08860759493670889,-1.0,-1.0,-1.0,-1.0,-1.0,-1.0,0.0,0.0,1.0,0.0,0.0,0.0,1.0,1.0,0.0,0.0,0.0,0.0,1.0,0.0
0.620253164556962,-1.0,-1.0,-1.0,-1.0,-1.0,-1.0,0.0,0.0,1.0,0.0,0.0,0.0,1.0,1.0,0.0,0.0,0.0,0.0,1.0,0.0
0.2911392405063291,-0.5933299775945341,-1.0,-1.0,-1.0,0.39930882107099386,0.34699327335411856,0.0,1.0,0.0,0.0,0.0,1.0,0.0,0.0,0.0,0.0,1.0,0.0,1.0,0.0
-0.9746835443037974,-1.0,-1.0,-1.0,-1.0,-1.0,-1.0,0.0,1.0,0.0,0.0,0.0,0.0,1.0,0.0,0.0,1.0,0.0,0.0,1.0,0.0
-0.3924050632911392,-0.7704042582518641,0.26475392589182833,-1.0,-1.0,-1.0,0.23389244116125418,0.0,1.0,0.0,0.0,0.0,1.0,0.0,1.0,0.0,0.0,0.0,0.0,1.0,0.0
-0.6708860759493671,-1.0,-1.0,-1.0,-1.0,-1.0,-1.0,0.0,0.0,1.0,0.0,0.0,0.0,1.0,1.0,0.0,0.0,0.0,0.0,1.0,0.0
-0.5189873417721519,0.47229394081645504,-1.0,-0.7245168312189103,-1.0,-1.0,0.3435434126531227,0.0,0.0,0.0,1.0,0.0,1.0,0.0,0.0,0.0,0.0,1.0,0.0,1.0,0.0
-0.21518987341772156,-1.0,0.5266252754651808,-1.0,-0.21110956333010122,0.5200096709590012,0.6100524217788352,0.0,0.0,1.0,0.0,0.0,1.0,0.0,1.0,0.0,0.0,0.0,0.0,0.0,1.0
-0.26582278481012656,-1.0,-0.5934641999129258,-0.31129207804727577,0.3082490416818733,-1.0,0.25923842845071654,0.0,1.0,0.0,0.0,0.0,1.0,0.0,0.0,0.0,0.0,1.0,0.0,1.0,0.0
-0.44303797468354433,0.3890095495420387,-1.0,-1.0,-0.8616088449879872,0.3066689690750073,0.39419724248128274,0.0,1.0,0.0,0.0,0.0,1.0,0.0,0.0,0.0,0.0,1.0,1.0,0.0,0.0
0.012658227848101333,-0.8551412152377926,-1.0,0.35088060564462276,-0.5212452626117072,-1.0,0.29829012696182167,0.0,1.0,0.0,0.0,0.0,1.0,0.0,0.0,0.0,0.0,1.0,0.0,1.0,0.0
-0.26582278481012656,-0.6636483178693894,0.3168611198795319,-1.0,0.17740352686210992,0.38936676873821474,0.47700706072389676,0.0,0.0,1.0,0.0,0.0,1.0,0.0,0.0,0.0,0.0,1.0,0.0,1.0,0.0
-0.5443037974683544,0.485017284013588,-1.0,-0.2934844304584865,0.39747832330926935,-1.0,0.4796230972604436,0.0,0.0,0.0,1.0,0.0,1.0,0.0,0.0,0.0,0.0,1.0,0.0,1.0,0.0
-0.1392405063291139,-1.0,0.3182493083930886,-0.4618586993203633,-1.0,-1.0,0.28858896092092245,0.0,1.0,0.0,0.0,0.0,1.0,0.0,0.0,1.0,0.0,0.0,0.0,1.0,0.0
-0.1392405063291139,-1.0,0.4480296812161564,-1.0,-0.21110956333010122,0.4444499424401911,0.536244925652624,0.0,0.0,1.0,0.0,0.0,1.0,0.0,1.0,0.0,0.0,0.0,0.0,1.0,0.0
0.5949367088607596,-1.0,0.1030063404657573,-0.09505767929138842,-1.0,0.1102783829848204,0.23359755994066989,0.0,1.0,0.0,0.0,0.0,1.0,0.0,0.0,0.0,0.0,1.0,0.0,1.0,0.0
-0.36708860759493667,-1.0,-0.4985462595038411,0.34087432667178597,-0.40188337906966964,-0.07953276566912171,0.31421127375931923,0.0,1.0,0.0,0.0,0.0,1.0,0.0,1.0,0.0,0.0,0.0,0.0,1.0,0.0
-0.7721518987341772,-1.0,-1.0,-1.0,-1.0,-1.0,-1.0,0.0,1.0,0.0,0.0,0.0,1.0,0.0,1.0,0.0,0.0,0.0,0.0,1.0,0.0
-0.49367088607594933,-1.0,-1.0,-0.006958470828522523,-1.0,-1.0,-0.04732809851125819,0.0,1.0,0.0,0.0,0.0,1.0,0.0,0.0,0.0,0.0,1.0,0.0,1.0,0.0
-0.2911392405063291,-1.0,0.5584338456079678,-0.23490213093186518,0.7102139356676513,0.7853310336043147,0.8497091478705427,0.0,0.0,1.0,0.0,0.0,1.0,0.0,0.0,0.0,0.0,1.0,0.0,1.0,0.0
-0.012658227848101333,-1.0,-1.0,-1.0,-1.0,-1.0,-1.0,0.0,0.0,1.0,0.0,0.0,0.0,1.0,0.0,0.0,0.0,1.0,0.0,1.0,0.0
-0.5949367088607596,-1.0,-0.4047885740980801,-1.0,0.13946013699641102,0.2931891680763772,0.3172800027332523,0.0,1.0,0.0,0.0,0.0,1.0,0.0,0.0,0.0,0.0,1.0,0.0,1.0,0.0
-0.6708860759493671,-1.0,-0.7852186672204382,-1.0,0.2658922546943274,0.058791936459585914,0.26879761484571585,0.0,1.0,0.0,0.0,0.0,1.0,0.0,0.0,0.0,0.0,1.0,0.0,1.0,0.0
-0.49367088607594933,-0.8551412152377926,-1.0,-1.0,-0.30190047148617816,0.34280309791675845,0.29871004050405636,0.0,1.0,0.0,0.0,0.0,1.0,0.0,0.0,0.0,0.0,1.0,0.0,1.0,0.0
-0.8227848101265822,-1.0,-1.0,-1.0,-1.0,-1.0,-1.0,0.0,1.0,0.0,0.0,0.0,0.0,1.0,0.0,0.0,0.0,1.0,0.0,1.0,0.0
-0.4683544303797469,-1.0,-1.0,-1.0,-1.0,-1.0,-1.0,0.0,1.0,0.0,0.0,0.0,0.0,1.0,0.0,0.0,1.0,0.0,0.0,1.0,0.0
0.5949367088607596,-1.0,-1.0,-1.0,-1.0,-1.0,-1.0,0.0,1.0,0.0,0.0,0.0,0.0,1.0,0.0,0.0,1.0,0.0,0.0,1.0,0.0
0.240506329113924,-0.3447223122490274,-1.0,0.3969898951313795,-1.0,-0.13654819080166625,0.3562093668882307,0.0,0.0,0.0,1.0,0.0,1.0,0.0,0.0,0.0,0.0,1.0,0.0,1.0,0.0
-0.2911392405063291,-1.0,0.6412475962123496,-0.7245168312189103,0.06567274669392442,0.45881775421822724,0.6649475217050773,0.0,0.0,1.0,0.0,0.0,1.0,0.0,0.0,0.0,0.0,1.0,0.0,0.0,1.0
-0.620253164556962,0.5043271540568417,-0.08283025679667244,-1.0,-1.0,-1.0,0.38707571026519116,0.0,1.0,0.0,0.0,0.0,1.0,0.0,0.0,0.0,0.0,1.0,0.0,1.0,0.0
0.5696202531645569,-1.0,-1.0,-1.0,-1.0,-1.0,-1.0,0.0,0.0,0.0,1.0,0.0,0.0,1.0,0.0,0.0,0.0,1.0,0.0,1.0,0.0
0.4430379746835442,-1.0,-1.0,-1.0,-1.0,-1.0,-1.0,0.0,0.0,1.0,0.0,0.0,1.0,0.0,0.0,0.0,0.0,1.0,0.0,1.0,0.0
-0.8987341772151899,-1.0,-1.0,-1.0,-1.0,-1.0,-1.0,0.0,0.0,0.0,1.0,0.0,0.0,1.0,0.0,0.0,0.0,1.0,0.0,1.0,0.0
-0.5696202531645569,-1.0,-1.0,-1.0,-1.0,-1.0,-1.0,0.0,1.0,0.0,0.0,0.0,0.0,1.0,0.0,0.0,0.0,1.0,0.0,1.0,0.0
-0.49367088607594933,-1.0,-1.0,-1.0,-1.0,-1.0,-1.0,0.0,1.0,0.0,0.0,0.0,0.0,1.0,0.0,0.0,0.0,1.0,0.0,1.0,0.0
-0.012658227848101333,-0.4340525761212535,0.2453308932347109,0.1406064858527014,-1.0,-1.0,0.2985001993479246,0.0,1.0,0.0,0.0,0.0,1.0,0.0,0.0,0.0,0.0,1.0,0.0,1.0,0.0
-0.06329113924050633,0.3574263901366139,0.32482334161420723,-1.0,-0.7232176899759744,-0.4769678405233547,0.4009396585172378,0.0,1.0,0.0,0.0,0.0,1.0,0.0,0.0,0.0,0.0,1.0,0.0,1.0,0.0
0.7215189873417722,-1.0,-1.0,-1.0,-1.0,-1.0,-1.0,0.0,0.0,1.0,0.0,0.0,0.0,1.0,0.0,0.0,0.0,1.0,0.0,1.0,0.0
-0.8987341772151899,-1.0,-1.0,-1.0,-1.0,-1.0,-1.0,0.0,0.0,1.0,0.0,0.0,0.0,1.0,0.0,0.0,0.0,1.0,0.0,1.0,0.0
-0.44303797468354433,0.3871009787392725,-0.4840579735152838,-0.5234924077581515,-1.0,-1.0,0.27099311708899076,0.0,1.0,0.0,0.0,0.0,1.0,0.0,0.0,0.0,0.0,1.0,0.0,1.0,0.0
-0.3924050632911392,-0.8551412152377926,0.030884038542284165,-1.0,-1.0,0.27841234696714756,0.28091717686720474,0.0,1.0,0.0,0.0,0.0,1.0,0.0,0.0,0.0,0.0,1.0,0.0,1.0,0.0
-0.06329113924050633,-1.0,-1.0,-1.0,-1.0,-1.0,-1.0,0.0,0.0,1.0,0.0,0.0,0.0,1.0,0.0,0.0,0.0,1.0,0.0,1.0,0.0
0.03797468354430378,0.2505651931161017,-1.0,0.2883172627815007,-1.0,-1.0,0.3262004918050192,0.0,0.0,0.0,1.0,0.0,1.0,0.0,0.0,0.0,0.0,1.0,0.0,1.0,0.0
-0.49367088607594933,-1.0,-1.0,-1.0,0.30910166746036993,-1.0,0.24998862605774574,0.0,1.0,0.0,0.0,0.0,1.0,0.0,0.0,0.0,0.0,1.0,0.0,1.0,0.0
-0.03797468354430378,-1.0,-1.0,-1.0,-1.0,-1.0,-1.0,0.0,0.0,1.0,0.0,0.0,0.0,1.0,1.0,0.0,0.0,0.0,0.0,1.0,0.0
-0.31645569620253167,-1.0,-0.12690427033310847,-1.0,0.1047757012554229,0.2579827835150281,0.29871004050405636,0.0,1.0,0.0,0.0,0.0,1.0,0.0,0.0,0.0,0.0,1.0,0.0,1.0,0.0
-0.4177215189873418,-1.0,-1.0,-1.0,-1.0,-1.0,-1.0,0.0,1.0,0.0,0.0,0.0,0.0,1.0,0.0,0.0,0.0,1.0,0.0,1.0,0.0
-0.3924050632911392,0.38013874094778277,0.11115345238663599,0.13477092164520998,-1.0,-1.0,0.3715522694647815,0.0,0.0,0.0,1.0,0.0,1.0,0.0,1.0,0.0,0.0,0.0,0.0,1.0,0.0
-0.5189873417721519,-1.0,0.35908810237287025,-1.0,-0.7806552088744709,-0.6810270934861755,0.32638196794542274,0.0,1.0,0.0,0.0,0.0,1.0,0.0,0.0,0.0,0.0,1.0,0.0,1.0,0.0
-0.9493670886075949,-1.0,-1.0,-1.0,-1.0,-1.0,-1.0,0.0,1.0,0.0,0.0,0.0,1.0,0.0,0.0,0.0,0.0,1.0,0.0,1.0,0.0
-0.3924050632911392,0.3657807969183393,-1.0,-1.0,-1.0,-0.4271600827848884,0.250529451019313,0.0,1.0,0.0,0.0,0.0,1.0,0.0,0.0,0.0,0.0,1.0,0.0,1.0,0.0
-0.5189873417721519,0.3290685846506145,0.00406089079355243,-1.0,-0.5848265349639614,-1.0,0.2630692473235283,0.0,1.0,0.0,0.0,0.0,1.0,0.0,0.0,0.0,1.0,0.0,0.0,1.0,0.0
-0.012658227848101333,0.2557641440641556,-1.0,0.3445715328663783,-1.0,-1.0,0.36306494393395305,0.0,0.0,0.0,1.0,0.0,1.0,0.0,0.0,0.0,0.0,1.0,0.0,1.0,0.0
-0.03797468354430378,-1.0,-1.0,-1.0,-1.0,-1.0,-1.0,0.0,0.0,1.0,0.0,0.0,1.0,0.0,0.0,0.0,0.0,1.0,0.0,1.0,0.0
-0.9493670886075949,-1.0,-1.0,-1.0,-1.0,-1.0,-1.0,0.0,1.0,0.0,0.0,0.0,1.0,0.0,0.0,0.0,0.0,1.0,1.0,0.0,0.0
-0.6455696202531646,0.37352194303008934,0.06984201864934714,-1.0,0.273153281533977,-0.8626258465039598,0.3992143918003954,0.0,1.0,0.0,0.0,0.0,1.0,0.0,1.0,0.0,0.0,0.0,0.0,1.0,0.0
-0.26582278481012656,0.39803961966142576,-1.0,-1.0,-0.18589423387542536,-1.0,0.28858896092092245,0.0,0.0,0.0,1.0,0.0,1.0,0.0,0.0,0.0,0.0,1.0,0.0,0.0,1.0
-0.26582278481012656,0.1723069648093256,0.25576016018584435,-1.0,-1.0,-0.8626258465039598,0.2944686937979426,0.0,1.0,0.0,0.0,0.0,1.0,0.0,0.0,0.0,0.0,1.0,0.0,1.0,0.0
-0.44303797468354433,-0.5408085165037282,-1.0,0.32885620900181345,-1.0,-0.4916552261572421,0.27953069314797574,0.0,1.0,0.0,0.0,0.0,1.0,0.0,0.0,0.0,0.0,1.0,0.0,1.0,0.0
-0.6455696202531646,-1.0,-1.0,-1.0,-1.0,-1.0,-1.0,0.0,1.0,0.0,0.0,0.0,0.0,1.0,0.0,0.0,0.0,1.0,0.0,1.0,0.0
-0.06329113924050633,0.3406721915634512,-1.0,0.19600943121083425,-0.0009309302268775133,-0.46329421162663964,0.34893695038886774,0.0,0.0,0.0,1.0,0.0,1.0,0.0,0.0,1.0,0.0,0.0,0.0,1.0,0.0
-0.6708860759493671,0.8554035970053471,-1.0,0.006034332295073108,-0.3921421186822598,-1.0,0.6971701085170174,0.0,0.0,0.0,1.0,0.0,1.0,0.0,0.0,0.0,0.0,1.0,0.0,1.0,0.0
-0.26582278481012656,-1.0,-0.3164244002440262,-1.0,0.6802718569228843,-1.0,0.6057439746554343,0.0,1.0,0.0,0.0,0.0,1.0,0.0,0.0,0.0,0.0,1.0,0.0,1.0,0.0
-0.3924050632911392,0.15640674799472754,-1.0,-1.0,0.21974935907568027,-1.0,0.2494462624740159,0.0,1.0,0.0,0.0,0.0,1.0,0.0,1.0,0.0,0.0,0.0,0.0,1.0,0.0
-0.3924050632911392,-1.0,-1.0,0.3308286232169779,-1.0,-1.0,0.27672710334034045,0.0,1.0,0.0,0.0,0.0,1.0,0.0,1.0,0.0,0.0,0.0,0.0,1.0,0.0
-0.16455696202531644,-1.0,-1.0,-1.0,-1.0,-1.0,-1.0,0.0,0.0,1.0,0.0,0.0,0.0,1.0,1.0,0.0,0.0,0.0,0.0,1.0,0.0
-1.0,-1.0,-1.0,-1.0,-1.0,-1.0,-1.0,0.0,1.0,0.0,0.0,0.0,0.0,1.0,0.0,0.0,0.0,1.0,0.0,1.0,0.0
0.240506329113924,-1.0,-1.0,-1.0,-1.0,-1.0,-1.0,0.0,1.0,0.0,0.0,0.0,0.0,1.0,0.0,0.0,1.0,0.0,0.0,1.0,0.0
-0.5949367088607596,-1.0,-1.0,-1.0,-1.0,-1.0,-1.0,0.0,0.0,1.0,0.0,0.0,0.0,1.0,0.0,0.0,0.0,1.0,0.0,1.0,0.0
-0.44303797468354433,0.3795716115620096,-0.03529853174253794,-1.0,-1.0,-1.0,0.2912245882145654,0.0,1.0,0.0,0.0,0.0,1.0,0.0,0.0,0.0,0.0,1.0,1.0,0.0,0.0
-0.5189873417721519,-1.0,-1.0,-1.0,-1.0,-1.0,-1.0,0.0,0.0,0.0,1.0,0.0,0.0,1.0,0.0,0.0,0.0,1.0,0.0,1.0,0.0
-0.3924050632911392,-1.0,-1.0,-1.0,-1.0,-1.0,-1.0,0.0,0.0,1.0,0.0,0.0,0.0,1.0,0.0,0.0,0.0,1.0,0.0,1.0,0.0
-0.49367088607594933,-0.5933299775945341,0.37263872520071195,-1.0,-0.3573313781873907,-0.4769678405233547,0.34568639131349066,0.0,1.0,0.0,0.0,1.0,0.0,0.0,1.0,0.0,0.0,0.0,0.0,1.0,0.0
-0.4177215189873418,-1.0,-1.0,-1.0,-1.0,-1.0,-1.0,0.0,1.0,0.0,0.0,0.0,0.0,1.0,1.0,0.0,0.0,0.0,0.0,1.0,0.0
-0.5443037974683544,-1.0,-1.0,-1.0,-1.0,-1.0,-1.0,0.0,0.0,0.0,1.0,0.0,0.0,1.0,0.0,0.0,0.0,1.0,0.0,1.0,0.0
-0.4177215189873418,-1.0,-1.0,-1.0,-1.0,-1.0,-1.0,0.0,0.0,0.0,1.0,0.0,0.0,1.0,0.0,0.0,0.0,1.0,0.0,1.0,0.0
-0.16455696202531644,-1.0,0.3508733101910211,0.5365694583215959,-1.0,-0.32592005813059954,0.545143694929697,0.0,0.0,1.0,0.0,0.0,1.0,0.0,1.0,0.0,0.0,0.0,0.0,1.0,0.0
-0.3417721518987342,-1.0,-0.14330330128400426,-0.2073126774626588,-1.0,-1.0,-0.0677005602930798,0.0,1.0,0.0,0.0,0.0,1.0,0.0,0.0,0.0,0.0,1.0,0.0,1.0,0.0
-0.2911392405063291,-0.37393074834497464,-0.3870033736503038,0.5893552320635178,0.6351445412172787,0.004601105597808797,0.6816966083996616,0.0,0.0,1.0,0.0,0.0,1.0,0.0,1.0,0.0,0.0,0.0,0.0,0.0,1.0
0.11392405063291133,-1.0,0.3116850622264533,0.33710702710084517,0.11552902018687372,0.6465937471787404,0.6577491363159065,0.0,0.0,1.0,0.0,0.0,1.0,0.0,0.0,0.0,0.0,1.0,0.0,1.0,0.0
-0.08860759493670889,-1.0,0.7606981939917297,-0.6439431695605231,-1.0,0.7856461388049112,0.8494642807710313,0.0,0.0,1.0,0.0,0.0,1.0,0.0,1.0,0.0,0.0,0.0,0.0,1.0,0.0
0.16455696202531644,-1.0,0.23642731919866833,-1.0,0.13064535731112237,0.32030639575954845,0.4095739192418746,0.0,1.0,0.0,0.0,0.0,1.0,0.0,0.0,0.0,0.0,1.0,0.0,1.0,0.0
0.8734177215189873,0.4106482106308822,-1.0,0.25172152984402385,-0.3080442249399358,-1.0,0.38481958131728744,1.0,0.0,0.0,0.0,0.0,1.0,0.0,0.0,0.0,0.0,1.0,0.0,1.0,0.0
-0.44303797468354433,-0.13748235824173838,-1.0,0.06724835926594275,0.2179667022950793,-1.0,0.2545374613846978,0.0,1.0,0.0,0.0,0.0,1.0,0.0,0.0,0.0,0.0,1.0,0.0,1.0,0.0
-0.1392405063291139,0.32688783042389336,-1.0,-1.0,-1.0,-1.0,0.21040411821009242,0.0,1.0,0.0,0.0,0.0,1.0,0.0,0.0,0.0,1.0,0.0,0.0,1.0,0.0
-0.2911392405063291,-0.6636483178693894,0.0005800440491012804,0.31393884839504627,-1.0,-1.0,0.29975579557337273,0.0,1.0,0.0,0.0,0.0,1.0,0.0,0.0,0.0,0.0,1.0,0.0,1.0,0.0
-0.5189873417721519,-1.0,-1.0,-1.0,0.2906953488609503,-1.0,0.2324134525866859,0.0,1.0,0.0,0.0,0.0,1.0,0.0,0.0,1.0,0.0,0.0,0.0,1.0,0.0
-0.11392405063291144,-1.0,-1.0,-1.0,-1.0,-1.0,-1.0,0.0,0.0,1.0,0.0,0.0,0.0,1.0,0.0,0.0,1.0,0.0,0.0,1.0,0.0
-0.31645569620253167,-1.0,-0.6195699068776419,-0.009662173769816262,-0.006364088151583069,-1.0,0.08481394516026386,0.0,0.0,0.0,1.0,0.0,1.0,0.0,0.0,0.0,1.0,0.0,0.0,1.0,0.0
-0.5949367088607596,-1.0,-1.0,-1.0,-1.0,-1.0,-1.0,0.0,0.0,0.0,1.0,0.0,0.0,1.0,0.0,0.0,0.0,1.0,0.0,1.0,0.0
-0.44303797468354433,-1.0,-0.4349254010785184,-1.0,0.28405533724371734,-1.0,0.23122194451370714,0.0,1.0,0.0,0.0,0.0,1.0,0.0,0.0,0.0,1.0,0.0,0.0,1.0,0.0
-0.11392405063291144,-1.0,-1.0,-1.0,-1.0,-1.0,-1.0,0.0,1.0,0.0,0.0,0.0,0.0,1.0,0.0,0.0,0.0,1.0,0.0,1.0,0.0
-0.08860759493670889,0.31134400681667396,0.6684657110017822,-0.8622584156094552,-0.003629028490048647,0.3421232035621724,0.6776596285489693,0.0,0.0,1.0,0.0,0.0,1.0,0.0,0.0,0.0,0.0,1.0,0.0,0.0,1.0
-0.3924050632911392,0.3651732759951518,-1.0,-0.4755689006986463,-1.0,-1.0,0.24890235148852158,0.0,1.0,0.0,0.0,0.0,1.0,0.0,0.0,0.0,0.0,1.0,0.0,1.0,0.0
-0.9240506329113924,-1.0,-1.0,-1.0,-1.0,-1.0,-1.0,0.0,0.0,0.0,1.0,0.0,0.0,1.0,0.0,0.0,0.0,1.0,0.0,1.0,0.0
-0.31645569620253167,-0.8551412152377926,0.29887679967842673,-1.0,0.8928906548373834,0.6260757871140898,0.8628775316956898,0.0,0.0,1.0,0.0,0.0,1.0,0.0,0.0,0.0,0.0,1.0,0.0,1.0,0.0
0.012658227848101333,-1.0,-1.0,-1.0,-1.0,-1.0,-1.0,0.0,1.0,0.0,0.0,0.0,0.0,1.0,0.0,0.0,0.0,1.0,0.0,1.0,0.0
-0.1392405063291139,-1.0,-1.0,-1.0,-1.0,-1.0,-1.0,0.0,0.0,0.0,1.0,0.0,0.0,1.0,0.0,0.0,0.0,1.0,0.0,1.0,0.0
-0.49367088607594933,-1.0,-1.0,-1.0,0.4648651862336448,-1.0,0.39871857703171765,0.0,1.0,0.0,0.0,0.0,1.0,0.0,0.0,0.0,0.0,1.0,0.0,1.0,0.0
0.31645569620253156,-1.0,-1.0,-1.0,-1.0,-1.0,-1.0,0.0,0.0,1.0,0.0,0.0,0.0,1.0,0.0,0.0,0.0,1.0,0.0,1.0,0.0
-0.36708860759493667,-1.0,-1.0,-1.0,-1.0,-1.0,-1.0,0.0,0.0,1.0,0.0,0.0,0.0,1.0,1.0,0.0,0.0,0.0,0.0,1.0,0.0
-0.49367088607594933,-1.0,-1.0,0.3063158112284252,-0.7806552088744709,-1.0,0.25374257209786033,0.0,1.0,0.0,0.0,0.0,1.0,0.0,1.0,0.0,0.0,0.0,0.0,1.0,0.0
-0.8734177215189873,-1.0,-1.0,-1.0,-1.0,-1.0,-1.0,0.0,1.0,0.0,0.0,0.0,0.0,1.0,0.0,0.0,1.0,0.0,0.0,1.0,0.0
-0.6708860759493671,0.4660053604162173,-1.0,0.29838864219741756,-1.0,-0.7252516930079197,0.4292726163910361,0.0,0.0,0.0,1.0,0.0,1.0,0.0,0.0,0.0,0.0,1.0,0.0,1.0,0.0
-0.5189873417721519,-1.0,0.2868016736221475,-1.0,-0.34950071834211405,-0.8626258465039598,0.26154614464588355,0.0,1.0,0.0,0.0,0.0,1.0,0.0,0.0,0.0,0.0,1.0,0.0,1.0,0.0
-0.9240506329113924,-1.0,-1.0,-1.0,-1.0,-1.0,-1.0,0.0,0.0,0.0,1.0,0.0,1.0,0.0,1.0,0.0,0.0,0.0,0.0,1.0,0.0
-0.44303797468354433,-1.0,0.0063474945704193875,0.532432078424282,-0.8616088449879872,0.32506416206408817,0.5390000697001871,0.0,0.0,1.0,0.0,0.0,1.0,0.0,1.0,0.0,0.0,0.0,0.0,1.0,0.0
0.2911392405063291,0.3160143028548481,-1.0,0.1702325321558138,-1.0,-1.0,0.29744751488910315,0.0,1.0,0.0,0.0,0.0,1.0,0.0,0.0,0.0,0.0,1.0,0.0,1.0,0.0
0.03797468354430378,0.39881797084198367,-0.4461000078353691,-0.038938408600782015,0.38096526596618174,-1.0,0.44480022801761,0.0,0.0,0.0,1.0,0.0,1.0,0.0,0.0,0.0,0.0,1.0,0.0,1.0,0.0
-0.7721518987341772,-1.0,-1.0,-1.0,-1.0,-1.0,-1.0,0.0,1.0,0.0,0.0,0.0,1.0,0.0,0.0,0.0,0.0,1.0,0.0,1.0,0.0
-0.31645569620253167,-0.112119510701716,0.5572153364361239,-1.0,0.6672625649460739,0.6335715579212862,0.7736538030607218,0.0,0.0,1.0,0.0,0.0,1.0,0.0,0.0,0.0,0.0,1.0,1.0,0.0,0.0
-0.44303797468354433,0.10091413861792087,-0.8644880666376419,0.2843274016347619,-0.4464353799519486,-0.31942147560739764,0.29252886243144127,0.0,0.0,0.0,1.0,0.0,1.0,0.0,0.0,0.0,1.0,0.0,0.0,1.0,0.0
0.620253164556962,-1.0,0.12587908500413025,-0.7816847539510678,0.3004069888591596,-1.0,0.3153678435620455,0.0,1.0,0.0,0.0,0.0,1.0,0.0,1.0,0.0,0.0,0.0,0.0,1.0,0.0
0.31645569620253156,-1.0,-1.0,0.10729343837235916,0.45002906842983514,0.2583295710225728,0.47225642441164206,0.0,0.0,0.0,1.0,0.0,1.0,0.0,1.0,0.0,0.0,0.0,0.0,1.0,0.0
-0.3417721518987342,-1.0,-0.39569379966122975,0.8385415778502021,0.4426124127468245,0.7608046541470777,0.878599811773026,0.0,0.0,1.0,0.0,0.0,1.0,0.0,0.0,0.0,0.0,1.0,0.0,1.0,0.0
-0.620253164556962,0.35166527968085326,-1.0,-0.23917582469336995,-1.0,-0.5247635098122653,0.2486298129559037,0.0,0.0,0.0,1.0,0.0,1.0,0.0,0.0,0.0,0.0,1.0,0.0,1.0,0.0
0.06329113924050622,0.4248383012935901,-0.6853510347334366,-0.8622584156094552,0.45555241465832874,-1.0,0.48252385658907593,0.0,0.0,0.0,1.0,0.0,1.0,0.0,0.0,0.0,0.0,1.0,0.0,1.0,0.0
-0.11392405063291144,0.3906317081423356,-0.4705697019538748,-1.0,0.2808140934463914,-0.6810270934861755,0.38158830614553785,0.0,1.0,0.0,0.0,1.0,0.0,0.0,1.0,0.0,0.0,0.0,0.0,1.0,0.0
0.03797468354430378,-1.0,-1.0,-1.0,-1.0,-1.0,-1.0,0.0,0.0,1.0,0.0,0.0,0.0,1.0,1.0,0.0,0.0,0.0,0.0,1.0,0.0
0.139240506329114,-1.0,-1.0,-1.0,-1.0,-1.0,-1.0,0.0,1.0,0.0,0.0,0.0,0.0,1.0,0.0,0.0,0.0,1.0,0.0,1.0,0.0
-0.2911392405063291,0.4304777975705907,-0.19313534636045526,-1.0,-0.20357447161139997,-0.6810270934861755,0.3274672118880446,0.0,0.0,0.0,1.0,0.0,1.0,0.0,0.0,0.0,0.0,1.0,0.0,1.0,0.0
0.08860759493670889,-1.0,0.7758517077765397,-1.0,0.2707621603434376,-1.0,0.7438462802833601,0.0,0.0,1.0,0.0,0.0,1.0,0.0,0.0,0.0,0.0,1.0,0.0,1.0,0.0
-0.012658227848101333,0.37087464027959327,-0.7289761332752838,-1.0,-1.0,-1.0,0.25133782256733506,1.0,0.0,0.0,0.0,0.0,1.0,0.0,0.0,0.0,0.0,1.0,0.0,1.0,0.0
0.03797468354430378,-1.0,-1.0,-1.0,-1.0,-1.0,-1.0,0.0,0.0,1.0,0.0,0.0,0.0,1.0,0.0,0.0,0.0,1.0,0.0,1.0,0.0
-0.3924050632911392,-1.0,0.36002128979740466,-0.8622584156094552,-1.0,-1.0,0.32638196794542274,0.0,1.0,0.0,0.0,0.0,1.0,0.0,0.0,0.0,0.0,1.0,0.0,1.0,0.0
-0.3417721518987342,-1.0,-0.7289761332752838,0.02859982007205808,0.281140595944402,-1.0,0.27220200301106146,0.0,1.0,0.0,0.0,0.0,1.0,0.0,0.0,0.0,0.0,1.0,0.0,1.0,0.0
-0.11392405063291144,0.47009598488206494,-0.07406186372818535,-0.21102716132545507,-1.0,-1.0,0.3669164016149582,0.0,0.0,0.0,1.0,0.0,1.0,0.0,0.0,0.0,0.0,1.0,0.0,1.0,0.0
-0.012658227848101333,-1.0,-1.0,-1.0,-1.0,-1.0,-1.0,0.0,1.0,0.0,0.0,0.0,0.0,1.0,1.0,0.0,0.0,0.0,0.0,1.0,0.0
-0.5443037974683544,-1.0,0.6536992813774596,-1.0,-0.27905773174939197,0.36824683423677684,0.6502682457155571,0.0,0.0,1.0,0.0,0.0,1.0,0.0,1.0,0.0,0.0,0.0,0.0,1.0,0.0
-0.16455696202531644,-1.0,0.7347842500578303,-0.3769174090839149,-1.0,0.25199261524217453,0.7064097321851908,0.0,0.0,1.0,0.0,0.0,1.0,0.0,0.0,0.0,0.0,1.0,0.0,0.0,1.0
-0.012658227848101333,-0.8551412152377926,0.56349654144109,-1.0,0.6099036415818122,-0.8626258465039598,0.6631887460597143,0.0,0.0,1.0,0.0,0.0,1.0,0.0,0.0,0.0,0.0,1.0,0.0,1.0,0.0
-0.44303797468354433,-1.0,-1.0,-1.0,-1.0,-1.0,-1.0,0.0,1.0,0.0,0.0,0.0,0.0,1.0,0.0,0.0,1.0,0.0,0.0,1.0,0.0
0.3417721518987342,-1.0,-1.0,-1.0,-1.0,-1.0,-1.0,0.0,1.0,0.0,0.0,0.0,0.0,1.0,0.0,0.0,0.0,1.0,0.0,1.0,0.0
-0.21518987341772156,-1.0,-1.0,-1.0,-1.0,-1.0,-1.0,0.0,1.0,0.0,0.0,0.0,0.0,1.0,0.0,0.0,1.0,0.0,0.0,1.0,0.0
-1.0,-1.0,-1.0,-1.0,-1.0,-1.0,-1.0,0.0,0.0,0.0,1.0,0.0,1.0,0.0,1.0,0.0,0.0,0.0,0.0,1.0,0.0
0.5696202531645569,-1.0,-1.0,-1.0,-1.0,-1.0,-1.0,0.0,0.0,1.0,0.0,0.0,0.0,1.0,0.0,0.0,0.0,1.0,0.0,1.0,0.0
0.21518987341772156,0.20154868174783136,0.5562623284489168,-1.0,-1.0,0.8684201237649212,0.8406651124910969,0.0,0.0,1.0,0.0,0.0,1.0,0.0,0.0,0.0,0.0,1.0,0.0,0.0,1.0
-0.620253164556962,-1.0,-0.7852186672204382,-0.4490336624378206,-0.6422640538624581,0.3351928117757943,0.2892512916546419,0.0,1.0,0.0,0.0,0.0,1.0,0.0,0.0,0.0,0.0,1.0,0.0,1.0,0.0
-0.4177215189873418,0.24251591641358305,0.30563187298978134,-0.21102716132545507,0.2946978437771306,0.4237642249507052,0.538583368613849,0.0,0.0,1.0,0.0,0.0,1.0,0.0,0.0,0.0,0.0,1.0,0.0,1.0,0.0
-0.189873417721519,-1.0,-0.0592064369852644,0.6327473390414351,0.16260740830375897,0.4341629303287604,0.6435499775165487,0.0,0.0,1.0,0.0,0.0,1.0,0.0,1.0,0.0,0.0,0.0,0.0,0.0,1.0
-0.31645569620253167,-1.0,-1.0,-1.0,0.27585137979714824,-1.0,0.21823976924603183,0.0,1.0,0.0,0.0,0.0,1.0,0.0,0.0,0.0,0.0,1.0,0.0,1.0,0.0
-0.3924050632911392,-0.8551412152377926,0.30464573019652175,-1.0,-1.0,-1.0,0.2724428630192193,0.0,1.0,0.0,0.0,0.0,1.0,0.0,0.0,0.0,0.0,1.0,0.0,1.0,0.0
-0.4683544303797469,-1.0,0.5048944101669015,-0.5424323609787505,-0.14613695271290328,-0.08533383375935788,0.48244387308838577,0.0,1.0,0.0,0.0,0.0,1.0,0.0,0.0,0.0,1.0,0.0,0.0,1.0,0.0
-0.11392405063291144,-0.0595980496109102,-1.0,-1.0,0.25835716297562605,-1.0,0.2303234008026842,0.0,1.0,0.0,0.0,0.0,1.0,0.0,0.0,0.0,0.0,1.0,0.0,1.0,0.0
-0.11392405063291144,-0.7102824304755853,0.413025323282878,-0.5062015851699782,-1.0,0.16711089254370237,0.4236935379469253,0.0,0.0,0.0,1.0,0.0,1.0,0.0,0.0,0.0,0.0,1.0,0.0,1.0,0.0
-0.8987341772151899,-1.0,-1.0,-1.0,-1.0,-1.0,-1.0,0.0,1.0,0.0,0.0,0.0,0.0,1.0,0.0,0.0,0.0,1.0,1.0,0.0,0.0
-0.6455696202531646,-1.0,-0.8644880666376419,-1.0,-1.0,0.3813359127405769,0.32890466013916364,0.0,1.0,0.0,0.0,0.0,1.0,0.0,0.0,0.0,0.0,1.0,0.0,1.0,0.0
-0.5189873417721519,-1.0,-1.0,-1.0,-1.0,-1.0,-1.0,0.0,0.0,0.0,1.0,0.0,0.0,1.0,0.0,0.0,0.0,1.0,0.0,1.0,0.0
-0.620253164556962,0.6186052912901747,-1.0,0.3992629936598009,-0.8616088449879872,-0.5247635098122653,0.553700602758799,0.0,0.0,0.0,1.0,0.0,1.0,0.0,0.0,0.0,0.0,1.0,0.0,1.0,0.0
-0.49367088607594933,0.3795716115620096,-1.0,-1.0,-0.25375096367024685,-0.8626258465039598,0.26904281188414436,0.0,1.0,0.0,0.0,0.0,1.0,0.0,0.0,0.0,0.0,1.0,0.0,1.0,0.0
0.4430379746835442,-1.0,0.05357642592719847,-1.0,0.8069934630843125,-1.0,0.7302127667888352,0.0,0.0,1.0,0.0,0.0,1.0,0.0,0.0,0.0,0.0,1.0,0.0,1.0,0.0
-0.5949367088607596,-0.32729663573877876,-1.0,-0.4755689006986463,0.3130331408499871,-1.0,0.263321918892786,0.0,1.0,0.0,0.0,0.0,1.0,0.0,0.0,0.0,0.0,1.0,1.0,0.0,0.0
-0.6708860759493671,0.43834030666508106,-1.0,0.4985710343104972,-1.0,0.23403113818399857,0.5481144817156895,0.0,0.0,0.0,1.0,0.0,1.0,0.0,0.0,0.0,0.0,1.0,0.0,1.0,0.0
-0.2911392405063291,0.317165749571533,-1.0,0.2357546235499588,-1.0,-1.0,0.3256550245627965,0.0,1.0,0.0,0.0,0.0,1.0,0.0,0.0,0.0,1.0,0.0,0.0,1.0,0.0
-0.9493670886075949,-1.0,-1.0,-1.0,-1.0,-1.0,-1.0,0.0,1.0,0.0,0.0,0.0,1.0,0.0,0.0,0.0,0.0,1.0,0.0,1.0,0.0
-0.2405063291139241,0.49358283770488187,-0.5498391013710785,-1.0,-1.0,-1.0,0.3638116768553854,0.0,1.0,0.0,0.0,0.0,1.0,0.0,0.0,0.0,1.0,0.0,0.0,1.0,0.0
-0.16455696202531644,-1.0,-1.0,-1.0,-1.0,-1.0,-1.0,0.0,0.0,1.0,0.0,0.0,0.0,1.0,0.0,0.0,0.0,1.0,0.0,1.0,0.0
0.012658227848101333,-1.0,-0.8644880666376419,0.04886219860270735,0.26376823218314005,-1.0,0.2638262595866594,0.0,1.0,0.0,0.0,0.0,1.0,0.0,0.0,0.0,0.0,1.0,0.0,1.0,0.0
0.5189873417721518,-1.0,-1.0,-1.0,-1.0,-1.0,-1.0,0.0,0.0,1.0,0.0,0.0,0.0,1.0,0.0,0.0,0.0,1.0,0.0,1.0,0.0
0.16455696202531644,-1.0,-1.0,-1.0,-1.0,-1.0,-1.0,0.0,1.0,0.0,0.0,0.0,0.0,1.0,0.0,0.0,0.0,1.0,0.0,1.0,0.0
0.03797468354430378,-1.0,-1.0,-1.0,-1.0,-1.0,-1.0,0.0,0.0,1.0,0.0,0.0,0.0,1.0,1.0,0.0,0.0,0.0,0.0,1.0,0.0
-0.5189873417721519,-1.0,-1.0,-1.0,-1.0,-1.0,-1.0,0.0,0.0,0.0,1.0,0.0,0.0,1.0,0.0,0.0,0.0,1.0,0.0,1.0,0.0
-0.11392405063291144,-0.5654236457133779,0.35890092917116934,-1.0,-1.0,-1.0,0.32638196794542274,0.0,1.0,0.0,0.0,0.0,1.0,0.0,0.0,0.0,0.0,1.0,0.0,1.0,0.0
-0.08860759493670889,-1.0,-1.0,-1.0,-1.0,-1.0,-1.0,0.0,0.0,1.0,0.0,0.0,0.0,1.0,0.0,0.0,0.0,1.0,0.0,1.0,0.0
-0.11392405063291144,-1.0,-1.0,-1.0,-1.0,-1.0,-1.0,1.0,0.0,0.0,0.0,0.0,0.0,1.0,0.0,0.0,0.0,1.0,0.0,1.0,0.0
-0.06329113924050633,-0.4988709397562451,-0.4047885740980801,0.34480034014637684,-0.05091608903386202,-1.0,0.3195495613364112,0.0,0.0,0.0,1.0,0.0,1.0,0.0,0.0,0.0,0.0,1.0,0.0,1.0,0.0
-0.11392405063291144,-1.0,-1.0,-1.0,-1.0,-1.0,-1.0,0.0,1.0,0.0,0.0,0.0,0.0,1.0,0.0,1.0,0.0,0.0,0.0,1.0,0.0
-0.8734177215189873,-1.0,-1.0,-1.0,-1.0,-1.0,-1.0,0.0,1.0,0.0,0.0,0.0,0.0,1.0,0.0,0.0,0.0,1.0,0.0,1.0,0.0
-0.06329113924050633,-0.13084729142675589,-1.0,-1.0,-1.0,0.2872902501861452,0.255592184247051,0.0,1.0,0.0,0.0,0.0,1.0,0.0,0.0,0.0,0.0,1.0,0.0,1.0,0.0
-1.0,-1.0,-1.0,-1.0,-1.0,-1.0,-1.0,0.0,1.0,0.0,0.0,0.0,0.0,1.0,0.0,0.0,0.0,1.0,0.0,1.0,0.0
0.139240506329114,-1.0,-1.0,-1.0,-1.0,-1.0,-1.0,0.0,0.0,1.0,0.0,0.0,0.0,1.0,0.0,0.0,0.0,1.0,0.0,1.0,0.0
-0.31645569620253167,-1.0,-1.0,-1.0,-1.0,-1.0,-1.0,0.0,0.0,0.0,1.0,0.0,0.0,1.0,0.0,0.0,0.0,1.0,0.0,1.0,0.0
0.240506329113924,0.4776897754083653,-1.0,-0.3949952390402589,-0.0727184083180884,-1.0,0.3669164016149582,0.0,0.0,0.0,1.0,0.0,1.0,0.0,0.0,0.0,0.0,1.0,0.0,1.0,0.0
-0.31645569620253167,-1.0,-1.0,-1.0,-1.0,-1.0,-1.0,0.0,1.0,0.0,0.0,0.0,0.0,1.0,0.0,0.0,0.0,1.0,0.0,1.0,0.0
-0.36708860759493667,-1.0,-1.0,0.3801143018688278,-0.5613104177489419,-0.8626258465039598,0.3256550245627965,0.0,1.0,0.0,0.0,0.0,1.0,0.0,0.0,0.0,0.0,1.0,0.0,1.0,0.0
-0.1392405063291139,-1.0,-1.0,-1.0,-1.0,-1.0,-1.0,0.0,0.0,1.0,0.0,0.0,0.0,1.0,0.0,0.0,0.0,1.0,0.0,1.0,0.0
0.03797468354430378,-1.0,-1.0,-1.0,-1.0,-1.0,-1.0,0.0,0.0,1.0,0.0,0.0,0.0,1.0,0.0,0.0,0.0,1.0,0.0,1.0,0.0
-0.36708860759493667,-1.0,0.42122747977850095,-1.0,-1.0,-1.0,0.38588461576938227,0.0,1.0,0.0,0.0,0.0,1.0,0.0,1.0,0.0,0.0,0.0,0.0,1.0,0.0
-0.5189873417721519,-1.0,-1.0,-1.0,-1.0,-1.0,-1.0,0.0,1.0,0.0,0.0,0.0,0.0,1.0,0.0,0.0,0.0,1.0,0.0,1.0,0.0
-0.31645569620253167,0.21817415159922904,-0.09013960883151684,-0.05366507818368049,0.014534054059341273,-1.0,0.25427286637886715,0.0,1.0,0.0,0.0,0.0,1.0,0.0,1.0,0.0,0.0,0.0,0.0,1.0,0.0
-0.2405063291139241,-0.3191000145820688,0.07630549637709372,0.05188077462952556,-0.7806552088744709,0.1444526539768689,0.2724428630192193,0.0,1.0,0.0,0.0,0.0,1.0,0.0,1.0,0.0,0.0,0.0,0.0,1.0,0.0
0.26582278481012667,0.003978188225416401,0.23677736834186214,-1.0,-0.5212452626117072,-1.0,0.24615927292440265,0.0,1.0,0.0,0.0,0.0,1.0,0.0,0.0,0.0,1.0,0.0,0.0,1.0,0.0
0.31645569620253156,-0.4484711928323267,0.7032045944309355,-1.0,0.8464635744484788,0.13042700187926526,0.8544506669660008,0.0,0.0,1.0,0.0,0.0,1.0,0.0,1.0,0.0,0.0,0.0,0.0,1.0,0.0
-0.36708860759493667,-1.0,-1.0,-1.0,-1.0,-1.0,-1.0,0.0,0.0,1.0,0.0,0.0,0.0,1.0,1.0,0.0,0.0,0.0,0.0,1.0,0.0
-0.3924050632911392,0.49076648128420053,-0.6195699068776419,-1.0,-0.03760074042528205,0.3003241722212473,0.4572500358041769,0.0,1.0,0.0,0.0,0.0,1.0,0.0,0.0,0.0,0.0,1.0,0.0,1.0,0.0
-0.2911392405063291,-1.0,-1.0,-1.0,-1.0,-1.0,-1.0,0.0,1.0,0.0,0.0,0.0,0.0,1.0,0.0,0.0,0.0,1.0,0.0,1.0,0.0
-0.5443037974683544,-1.0,0.3404547340253796,-1.0,-1.0,-1.0,0.3071205140999236,0.0,1.0,0.0,0.0,0.0,1.0,0.0,0.0,0.0,0.0,1.0,0.0,1.0,0.0
-0.5189873417721519,-1.0,-0.4705697019538748,0.3104359125265379,-1.0,-1.0,0.2607800056197276,0.0,1.0,0.0,0.0,0.0,1.0,0.0,0.0,0.0,0.0,1.0,0.0,1.0,0.0
-0.31645569620253167,0.6484813554756379,-0.45795226655056753,-1.0,-0.061519796693389694,-0.7822671181404642,0.5125726783157849,0.0,0.0,1.0,0.0,0.0,1.0,0.0,0.0,0.0,0.0,1.0,0.0,1.0,0.0
0.16455696202531644,0.3413551563882826,-1.0,-0.17667999299132686,-1.0,-1.0,0.24196919939753858,0.0,1.0,0.0,0.0,0.0,1.0,0.0,1.0,0.0,0.0,0.0,0.0,1.0,0.0
-0.4683544303797469,-1.0,-1.0,-1.0,-1.0,-1.0,-1.0,0.0,0.0,0.0,1.0,0.0,1.0,0.0,0.0,0.0,0.0,1.0,1.0,0.0,0.0
-0.44303797468354433,0.03717026089947861,0.4029749427076057,-1.0,-1.0,-1.0,0.3877342279185729,0.0,1.0,0.0,0.0,0.0,1.0,0.0,0.0,0.0,0.0,1.0,0.0,1.0,0.0
-0.31645569620253167,0.5373672333586941,-1.0,-1.0,-1.0,-0.012303937438817414,0.41928801154631934,0.0,0.0,0.0,1.0,0.0,1.0,0.0,0.0,0.0,0.0,1.0,0.0,0.0,1.0
-0.620253164556962,-1.0,-1.0,-1.0,-1.0,-1.0,-1.0,0.0,1.0,0.0,0.0,0.0,0.0,1.0,0.0,0.0,1.0,0.0,0.0,1.0,0.0
0.012658227848101333,0.6229033769797512,-1.0,-0.5424323609787505,-1.0,-1.0,0.4811595521309302,0.0,0.0,0.0,1.0,1.0,0.0,0.0,0.0,0.0,0.0,1.0,0.0,1.0,0.0
0.06329113924050622,0.2521385033100507,-0.15333126314538903,-0.27198032423261265,0.32751120879064044,-1.0,0.3645554962582078,0.0,1.0,0.0,0.0,0.0,1.0,0.0,0.0,0.0,0.0,1.0,0.0,1.0,0.0
-0.31645569620253167,-1.0,-0.21303410679056745,-1.0,0.3193285127641676,-0.11719731918136134,0.29274537656158284,0.0,1.0,0.0,0.0,0.0,1.0,0.0,0.0,0.0,0.0,1.0,0.0,1.0,0.0
0.5949367088607596,-1.0,0.3635273257037519,-1.0,0.033450557250103596,0.7857914031725153,0.7447375994639216,0.0,0.0,1.0,0.0,0.0,1.0,0.0,1.0,0.0,0.0,0.0,0.0,1.0,0.0
-0.2911392405063291,-0.7102824304755853,-1.0,-1.0,0.15661127499206007,0.5117919372577973,0.48260380654667356,0.0,0.0,0.0,1.0,0.0,1.0,0.0,0.0,0.0,0.0,1.0,0.0,1.0,0.0
0.240506329113924,-1.0,-0.8644880666376419,0.43453524530890086,0.08312508491371173,-1.0,0.4055453151254649,0.0,0.0,0.0,1.0,0.0,1.0,0.0,0.0,0.0,0.0,1.0,0.0,1.0,0.0
-0.44303797468354433,-1.0,-1.0,-1.0,-1.0,-1.0,-1.0,0.0,0.0,0.0,1.0,0.0,0.0,1.0,0.0,0.0,0.0,1.0,0.0,1.0,0.0
-0.06329113924050633,0.1892114381070229,0.43941477832968734,-0.40469077658820574,0.24707414795375482,-1.0,0.4841958047008723,0.0,0.0,0.0,1.0,0.0,1.0,0.0,0.0,0.0,1.0,0.0,0.0,1.0,0.0
0.26582278481012667,-0.20915337023183045,0.2698399674307481,-0.8622584156094552,-0.1106617981837873,-1.0,0.27220200301106146,0.0,1.0,0.0,0.0,0.0,1.0,0.0,0.0,0.0,0.0,1.0,0.0,1.0,0.0
0.5189873417721518,-1.0,-1.0,-1.0,-1.0,-1.0,-1.0,0.0,1.0,0.0,0.0,0.0,0.0,1.0,0.0,0.0,0.0,1.0,0.0,1.0,0.0
-0.189873417721519,0.08641856110671231,-0.363034326141483,0.2661609764470241,-1.0,-1.0,0.27196083830957996,0.0,1.0,0.0,0.0,0.0,1.0,0.0,0.0,0.0,0.0,1.0,0.0,1.0,0.0
-0.4177215189873418,-1.0,-1.0,-1.0,-1.0,-1.0,-1.0,0.0,1.0,0.0,0.0,0.0,0.0,1.0,0.0,0.0,0.0,1.0,0.0,1.0,0.0
0.012658227848101333,0.4337898645210947,-1.0,0.16801836885104082,-1.0,-1.0,0.36837725681771083,0.0,0.0,0.0,1.0,0.0,1.0,0.0,0.0,0.0,0.0,1.0,0.0,1.0,0.0
-0.5949367088607596,-1.0,-1.0,-1.0,-1.0,-1.0,-1.0,0.0,1.0,0.0,0.0,0.0,0.0,1.0,0.0,0.0,0.0,1.0,0.0,1.0,0.0
-0.5949367088607596,-1.0,-1.0,-0.18309084251992647,-1.0,0.5028154341693569,0.451315216591301,0.0,1.0,0.0,0.0,0.0,1.0,0.0,0.0,0.0,0.0,1.0,0.0,1.0,0.0
-1.0,-1.0,-1.0,-1.0,-1.0,-1.0,-1.0,0.0,1.0,0.0,0.0,0.0,1.0,0.0,1.0,0.0,0.0,0.0,0.0,1.0,0.0
-0.620253164556962,-1.0,-1.0,-1.0,-1.0,0.33282775972449485,0.28206492669822203,0.0,1.0,0.0,0.0,0.0,1.0,0.0,1.0,0.0,0.0,0.0,0.0,1.0,0.0
-0.31645569620253167,0.2138265673166726,0.3339687735265937,-1.0,-0.6422640538624581,0.6806654346084529,0.6607867946792019,0.0,0.0,1.0,0.0,0.0,1.0,0.0,1.0,0.0,0.0,0.0,0.0,1.0,0.0
-0.21518987341772156,-1.0,-1.0,-1.0,-1.0,-1.0,-1.0,0.0,0.0,1.0,0.0,0.0,0.0,1.0,0.0,0.0,0.0,1.0,0.0,1.0,0.0
-0.2911392405063291,-1.0,-1.0,-1.0,-1.0,-1.0,-1.0,0.0,0.0,1.0,0.0,0.0,0.0,1.0,0.0,0.0,0.0,1.0,0.0,1.0,0.0
-0.5443037974683544,-1.0,-1.0,-1.0,-1.0,-1.0,-1.0,0.0,0.0,0.0,1.0,0.0,0.0,1.0,0.0,0.0,0.0,1.0,0.0,1.0,0.0
-0.16455696202531644,-0.8551412152377926,0.5067492017068946,-1.0,-0.487891873354127,0.18990443395196754,0.5020412451217435,0.0,0.0,1.0,0.0,0.0,1.0,0.0,0.0,0.0,0.0,1.0,0.0,1.0,0.0
-0.03797468354430378,-1.0,-1.0,-1.0,-1.0,-1.0,-1.0,0.0,0.0,0.0,1.0,0.0,0.0,1.0,1.0,0.0,0.0,0.0,0.0,1.0,0.0
-0.03797468354430378,0.46861773256190453,-1.0,-0.3684600007794333,-0.29015259890148426,-1.0,0.34909803250330795,0.0,0.0,0.0,1.0,0.0,1.0,0.0,0.0,0.0,0.0,1.0,0.0,1.0,0.0
0.49367088607594933,0.012372370812063771,-1.0,-0.035808909266186184,-0.5038728988504453,0.4348750727047468,0.413289323971729,0.0,0.0,0.0,1.0,0.0,1.0,0.0,0.0,0.0,0.0,1.0,0.0,1.0,0.0
0.08860759493670889,-1.0,0.002907480992317746,-0.7245168312189103,-1.0,0.21210260558604355,0.22699202551254238,0.0,1.0,0.0,0.0,0.0,1.0,0.0,0.0,0.0,1.0,0.0,0.0,1.0,0.0
-0.21518987341772156,-1.0,-1.0,-1.0,-1.0,-1.0,-1.0,0.0,1.0,0.0,0.0,0.0,0.0,1.0,0.0,0.0,0.0,1.0,0.0,1.0,0.0
0.3924050632911391,-1.0,-1.0,-1.0,-1.0,-1.0,-1.0,0.0,0.0,1.0,0.0,0.0,0.0,1.0,0.0,0.0,0.0,1.0,0.0,1.0,0.0
-0.4683544303797469,-1.0,-1.0,-1.0,-1.0,-1.0,-1.0,0.0,0.0,1.0,0.0,0.0,0.0,1.0,0.0,0.0,0.0,1.0,0.0,1.0,0.0
-0.31645569620253167,-1.0,0.8375545487753648,-1.0,-0.1353420949832087,-1.0,0.7930386770053681,0.0,0.0,1.0,0.0,0.0,1.0,0.0,1.0,0.0,0.0,0.0,0.0,1.0,0.0
-0.26582278481012656,-1.0,0.8265683780757465,-0.4902955702815448,0.3336236116542357,0.18892329823536014,0.8003328417887217,0.0,0.0,1.0,0.0,0.0,1.0,0.0,1.0,0.0,0.0,0.0,0.0,1.0,0.0
-0.8987341772151899,-1.0,-1.0,-1.0,-1.0,-1.0,-1.0,0.0,0.0,0.0,1.0,0.0,1.0,0.0,0.0,0.0,0.0,1.0,0.0,1.0,0.0
-0.9493670886075949,-1.0,-1.0,-1.0,-1.0,-1.0,-1.0,0.0,1.0,0.0,0.0,0.0,0.0,1.0,0.0,0.0,1.0,0.0,0.0,1.0,0.0
-0.49367088607594933,-1.0,-1.0,-1.0,-1.0,-1.0,-1.0,0.0,1.0,0.0,0.0,0.0,0.0,1.0,0.0,0.0,1.0,0.0,0.0,1.0,0.0
-0.5949367088607596,-1.0,-1.0,-1.0,-1.0,-1.0,-1.0,0.0,1.0,0.0,0.0,0.0,0.0,1.0,1.0,0.0,0.0,0.0,0.0,1.0,0.0
-0.36708860759493667,-1.0,-1.0,-1.0,-1.0,-1.0,-1.0,0.0,0.0,1.0,0.0,0.0,0.0,1.0,1.0,0.0,0.0,0.0,0.0,1.0,0.0
-0.21518987341772156,0.281346939405998,0.030884038542284165,-1.0,-0.6422640538624581,-0.041502076804283305,0.2705074081100842,0.0,1.0,0.0,0.0,0.0,1.0,0.0,0.0,0.0,0.0,1.0,0.0,1.0,0.0
-1.0,-1.0,-1.0,-1.0,-1.0,-1.0,-1.0,0.0,0.0,0.0,1.0,0.0,1.0,0.0,0.0,0.0,0.0,1.0,0.0,1.0,0.0
-0.3924050632911392,-1.0,0.22929140317391283,-1.0,-0.6422640538624581,0.048076407402846355,0.25949622520548155,0.0,1.0,0.0,0.0,0.0,1.0,0.0,0.0,0.0,0.0,1.0,0.0,1.0,0.0
0.03797468354430378,-0.5408085165037282,0.22746597073133268,-1.0,-1.0,-0.08533383375935788,0.23211627299244952,0.0,1.0,0.0,0.0,0.0,1.0,0.0,0.0,0.0,0.0,1.0,1.0,0.0,0.0
-0.6708860759493671,-1.0,0.25448652444847064,-1.0,-1.0,-1.0,0.2232901485933092,0.0,1.0,0.0,0.0,0.0,1.0,0.0,0.0,0.0,1.0,0.0,0.0,1.0,0.0
-0.49367088607594933,-1.0,-1.0,-1.0,-1.0,-1.0,-1.0,0.0,0.0,1.0,0.0,1.0,0.0,0.0,1.0,0.0,0.0,0.0,0.0,1.0,0.0
-0.6708860759493671,0.058016803350540824,-1.0,0.4089336928725207,-1.0,-0.46329421162663964,0.3770539358898706,0.0,0.0,0.0,1.0,0.0,1.0,0.0,0.0,0.0,0.0,1.0,0.0,1.0,0.0
-0.5189873417721519,-0.8551412152377926,-0.028389600991443942,-1.0,0.10634780570115177,-0.0720530474293124,0.18703112924825693,0.0,1.0,0.0,0.0,0.0,1.0,0.0,0.0,0.0,0.0,1.0,0.0,1.0,0.0
-0.8987341772151899,-1.0,-1.0,-1.0,-1.0,-1.0,-1.0,0.0,1.0,0.0,0.0,0.0,0.0,1.0,0.0,0.0,0.0,1.0,0.0,1.0,0.0
-0.4683544303797469,-0.2891937913590461,-0.3485460401529257,-0.23071841638888846,0.3065327884229687,-0.5075188111483839,0.2764915990842052,0.0,1.0,0.0,0.0,0.0,1.0,0.0,0.0,0.0,0.0,1.0,0.0,1.0,0.0
-0.012658227848101333,-0.8551412152377926,0.16789408187318156,-0.17046951565084023,-0.0009309302268775133,0.43114367047904323,0.44644996669582526,0.0,0.0,1.0,0.0,0.0,1.0,0.0,0.0,0.0,0.0,1.0,0.0,0.0,1.0
-0.26582278481012656,-1.0,0.7354675866299418,-1.0,-0.18589423387542536,-0.8626258465039598,0.693873645903669,0.0,0.0,1.0,0.0,0.0,1.0,0.0,0.0,0.0,0.0,1.0,0.0,1.0,0.0
-0.31645569620253167,0.140091468914203,-1.0,-1.0,-1.0,0.22725819131954772,0.25480168966136607,0.0,1.0,0.0,0.0,0.0,1.0,0.0,0.0,0.0,0.0,1.0,0.0,1.0,0.0
0.03797468354430378,0.041509248252832975,-1.0,0.545346047552983,-0.3143830504493078,-0.2640108285545778,0.49898510784718453,0.0,0.0,0.0,1.0,0.0,1.0,0.0,0.0,0.0,0.0,1.0,0.0,1.0,0.0
-0.012658227848101333,-1.0,-1.0,0.42361304275029643,0.08135820406366734,-1.0,0.39621997414766574,0.0,1.0,0.0,0.0,0.0,1.0,0.0,1.0,0.0,0.0,0.0,0.0,1.0,0.0
-0.5443037974683544,-1.0,-1.0,-0.31129207804727577,0.5293895696122777,-1.0,0.4630942301167491,0.0,1.0,0.0,0.0,0.0,1.0,0.0,0.0,0.0,0.0,1.0,0.0,1.0,0.0
-0.3417721518987342,-1.0,-1.0,-1.0,-1.0,-1.0,-1.0,0.0,0.0,1.0,0.0,0.0,0.0,1.0,1.0,0.0,0.0,0.0,0.0,1.0,0.0
-0.36708860759493667,-1.0,0.35126314560282856,0.46979309824044235,-0.14066657673737903,0.3117613265589634,0.5532045012673636,0.0,0.0,1.0,0.0,0.0,1.0,0.0,0.0,0.0,0.0,1.0,0.0,1.0,0.0
0.012658227848101333,-1.0,0.15768275873893267,-0.5867752468283656,-0.6422640538624581,0.44512612532059204,0.43438449194939754,0.0,0.0,1.0,0.0,0.0,1.0,0.0,1.0,0.0,0.0,0.0,0.0,1.0,0.0
-0.620253164556962,-1.0,-1.0,-1.0,-1.0,-1.0,-1.0,0.0,0.0,1.0,0.0,0.0,0.0,1.0,0.0,0.0,0.0,1.0,0.0,1.0,0.0
-0.5443037974683544,-1.0,-1.0,-1.0,-1.0,-1.0,-1.0,0.0,0.0,0.0,1.0,0.0,0.0,1.0,0.0,0.0,0.0,1.0,0.0,1.0,0.0
-0.2911392405063291,0.041509248252832975,-0.5704373344408764,0.2567709256628887,-1.0,-0.14432130511281516,0.2707504172839674,0.0,1.0,0.0,0.0,0.0,1.0,0.0,0.0,0.0,0.0,1.0,0.0,1.0,0.0
-0.189873417721519,0.3101599410407203,0.472226868870645,-1.0,0.20502148739307113,0.580464769551231,0.6491370412067796,0.0,0.0,1.0,0.0,0.0,1.0,0.0,0.0,0.0,0.0,1.0,0.0,0.0,1.0
-0.5189873417721519,-0.07154341792518581,-0.6853510347334366,-0.6801739453692954,0.2869281383615869,-1.0,0.25480168966136607,0.0,1.0,0.0,0.0,0.0,1.0,0.0,1.0,0.0,0.0,0.0,1.0,0.0,0.0
-0.49367088607594933,-1.0,-1.0,-1.0,-1.0,-1.0,-1.0,0.0,1.0,0.0,0.0,0.0,0.0,1.0,0.0,0.0,1.0,0.0,0.0,1.0,0.0
-0.5189873417721519,-1.0,-0.7289761332752838,0.3618814327934732,-1.0,-1.0,0.3071205140999236,0.0,1.0,0.0,0.0,0.0,1.0,0.0,0.0,0.0,0.0,1.0,0.0,1.0,0.0
0.1898734177215189,-1.0,-1.0,-1.0,-1.0,-1.0,-1.0,0.0,1.0,0.0,0.0,0.0,0.0,1.0,0.0,0.0,0.0,1.0,0.0,1.0,0.0
-0.21518987341772156,-1.0,-1.0,-1.0,-1.0,-1.0,-1.0,0.0,0.0,0.0,1.0,0.0,0.0,1.0,0.0,0.0,0.0,1.0,0.0,1.0,0.0
-0.11392405063291144,-1.0,0.3754118553031047,-1.0,-1.0,0.6378038799055001,0.6243325020261214,0.0,0.0,1.0,0.0,0.0,1.0,0.0,1.0,0.0,0.0,0.0,0.0,1.0,0.0
0.012658227848101333,0.3857269629390707,-0.2739877697648261,-0.6801739453692954,-0.7806552088744709,-1.0,0.2753096940518822,0.0,1.0,0.0,0.0,0.0,1.0,0.0,0.0,0.0,0.0,1.0,0.0,1.0,0.0
-0.6708860759493671,-1.0,0.27277109271371036,-1.0,-0.5613104177489419,-1.0,0.24337614800553142,0.0,1.0,0.0,0.0,0.0,1.0,0.0,0.0,0.0,0.0,1.0,0.0,1.0,0.0
-0.5696202531645569,0.4326916641463494,-0.24317093377100574,0.12875879282339797,-1.0,-1.0,0.36514846927468536,0.0,0.0,0.0,1.0,0.0,1.0,0.0,0.0,0.0,0.0,1.0,0.0,1.0,0.0
-0.7468354430379747,-1.0,-1.0,-1.0,-1.0,-1.0,-1.0,0.0,1.0,0.0,0.0,0.0,1.0,0.0,0.0,0.0,0.0,1.0,0.0,1.0,0.0
-0.21518987341772156,0.33477507025037,0.23037853699048383,0.08827791218993508,-1.0,-0.13654819080166625,0.3876027062361589,0.0,1.0,0.0,0.0,0.0,1.0,0.0,0.0,0.0,0.0,1.0,0.0,1.0,0.0
0.16455696202531644,-1.0,0.3562615124959463,-1.0,-1.0,-1.0,0.32253421206096133,0.0,1.0,0.0,0.0,0.0,1.0,0.0,0.0,0.0,0.0,1.0,0.0,1.0,0.0
-0.189873417721519,0.63975394734702,-1.0,0.21709157566033488,-0.7806552088744709,-1.0,0.5272268731885699,0.0,0.0,0.0,1.0,0.0,1.0,0.0,1.0,0.0,0.0,0.0,0.0,1.0,0.0
-0.189873417721519,-0.8551412152377926,-1.0,-1.0,-0.5402745340816825,0.2878881058732812,0.24168655935896544,0.0,1.0,0.0,0.0,0.0,1.0,0.0,1.0,0.0,0.0,0.0,0.0,1.0,0.0
-0.49367088607594933,-0.15141999188571376,-1.0,0.4066016733100255,-1.0,-1.0,0.3583687503276771,0.0,0.0,0.0,1.0,0.0,1.0,0.0,0.0,0.0,0.0,1.0,0.0,1.0,0.0
-0.3417721518987342,0.21445321561349284,0.4675566656097967,-1.0,-0.8616088449879872,-1.0,0.4631827560858801,0.0,1.0,0.0,0.0,0.0,1.0,0.0,1.0,0.0,0.0,0.0,0.0,1.0,0.0
-0.26582278481012656,-1.0,-1.0,-1.0,-1.0,-1.0,-1.0,0.0,0.0,1.0,0.0,0.0,0.0,1.0,1.0,0.0,0.0,0.0,0.0,0.0,1.0
-0.08860759493670889,-1.0,-1.0,-0.27198032423261265,-0.5402745340816825,0.35761972320960767,0.3151755685370752,0.0,1.0,0.0,0.0,0.0,1.0,0.0,0.0,0.0,0.0,1.0,0.0,1.0,0.0
-0.5443037974683544,-1.0,-0.7289761332752838,-0.06412639356068006,0.2734925445434577,-1.0,0.2494462624740159,0.0,1.0,0.0,0.0,0.0,1.0,0.0,0.0,0.0,1.0,0.0,0.0,1.0,0.0
-0.49367088607594933,-1.0,-1.0,-1.0,-1.0,-1.0,-1.0,0.0,0.0,0.0,1.0,0.0,0.0,1.0,0.0,0.0,0.0,1.0,0.0,1.0,0.0
-0.16455696202531644,0.2526603189379697,0.09522764231659231,-0.2992448077181553,-1.0,-1.0,0.24998862605774574,0.0,1.0,0.0,0.0,0.0,1.0,0.0,0.0,0.0,1.0,0.0,0.0,1.0,0.0
-0.620253164556962,-1.0,-1.0,-1.0,-1.0,-1.0,-1.0,0.0,0.0,1.0,0.0,0.0,0.0,1.0,1.0,0.0,0.0,0.0,0.0,1.0,0.0
-0.08860759493670889,0.22895524364094189,-1.0,-0.05709135445321023,-1.0,-1.0,0.17377060574731362,0.0,1.0,0.0,0.0,0.0,1.0,0.0,0.0,0.0,0.0,1.0,0.0,1.0,0.0
0.16455696202531644,-1.0,-1.0,-1.0,-1.0,-1.0,-1.0,0.0,1.0,0.0,0.0,0.0,0.0,1.0,0.0,0.0,0.0,1.0,0.0,1.0,0.0
-0.5443037974683544,-0.1276071172136657,-1.0,-0.7245168312189103,0.6259040089268293,-0.6448929646444241,0.5564334573421383,0.0,1.0,0.0,0.0,0.0,1.0,0.0,0.0,0.0,0.0,1.0,0.0,1.0,0.0
-0.6455696202531646,-0.08950427283393292,-1.0,-0.5424323609787505,0.20833732548192763,0.014330126843701052,0.24253322546309364,0.0,1.0,0.0,0.0,0.0,1.0,0.0,1.0,0.0,0.0,0.0,0.0,1.0,0.0
-0.4177215189873418,-1.0,-1.0,-1.0,-1.0,-1.0,-1.0,0.0,1.0,0.0,0.0,0.0,0.0,1.0,0.0,0.0,0.0,1.0,0.0,1.0,0.0
0.4683544303797469,-0.4639587993442762,-1.0,0.03952120013314819,0.5570237361524772,-0.6810270934861755,0.5018968203640044,0.0,0.0,0.0,1.0,0.0,1.0,0.0,0.0,0.0,0.0,1.0,0.0,1.0,0.0
0.3924050632911391,0.2542179936056146,-1.0,0.3567803415602193,-1.0,-1.0,0.3706915877722021,0.0,0.0,0.0,1.0,0.0,1.0,0.0,0.0,0.0,0.0,1.0,0.0,1.0,0.0
-0.31645569620253167,-1.0,-1.0,-1.0,-1.0,-1.0,-1.0,0.0,0.0,1.0,0.0,0.0,0.0,1.0,1.0,0.0,0.0,0.0,0.0,1.0,0.0
-0.5443037974683544,-1.0,-0.8644880666376419,-1.0,0.28341128432058404,-0.3873893563162252,0.23211627299244952,0.0,1.0,0.0,0.0,0.0,1.0,0.0,0.0,0.0,0.0,1.0,0.0,1.0,0.0
-0.36708860759493667,-1.0,-1.0,-1.0,-1.0,-1.0,-1.0,0.0,0.0,0.0,1.0,0.0,0.0,1.0,0.0,0.0,1.0,0.0,0.0,1.0,0.0
-0.5696202531645569,-1.0,0.15451238016681978,1.0,0.17352658498705842,-0.7252516930079197,0.924489252642571,0.0,0.0,1.0,0.0,0.0,1.0,0.0,0.0,0.0,0.0,1.0,0.0,1.0,0.0
0.8227848101265822,-1.0,-1.0,-1.0,-1.0,-1.0,-1.0,0.0,0.0,0.0,1.0,0.0,0.0,1.0,0.0,0.0,0.0,1.0,0.0,1.0,0.0
0.49367088607594933,-1.0,-1.0,-1.0,-1.0,-1.0,-1.0,0.0,0.0,1.0,0.0,0.0,0.0,1.0,1.0,0.0,0.0,0.0,0.0,1.0,0.0
-0.5443037974683544,0.7329829224794004,0.2733520809399317,0.433952063376849,-0.7806552088744709,-1.0,0.6593689168600918,0.0,0.0,0.0,1.0,0.0,1.0,0.0,1.0,0.0,0.0,0.0,0.0,1.0,0.0
-0.06329113924050633,-0.08421317882056001,0.05357642592719847,-1.0,0.21661918604587216,0.28669058555317517,0.38090817459612136,0.0,0.0,1.0,0.0,0.0,1.0,0.0,0.0,0.0,0.0,1.0,0.0,1.0,0.0
-0.3924050632911392,-1.0,-1.0,-0.7245168312189103,0.3341246313225188,-0.6448929646444241,0.2757833357143922,0.0,1.0,0.0,0.0,0.0,1.0,0.0,0.0,0.0,0.0,1.0,0.0,1.0,0.0
-0.5949367088607596,-1.0,-1.0,-1.0,-1.0,-1.0,-1.0,0.0,1.0,0.0,0.0,0.0,0.0,1.0,0.0,0.0,0.0,1.0,0.0,1.0,0.0
-0.21518987341772156,-0.05500474272461264,0.2960563883545777,-1.0,-1.0,-0.4916552261572421,0.28814612524886885,0.0,1.0,0.0,0.0,0.0,1.0,0.0,0.0,0.0,0.0,1.0,0.0,1.0,0.0
-0.26582278481012656,0.29369575774983114,-1.0,-0.18309084251992647,-0.487891873354127,-1.0,0.20636211511482583,0.0,1.0,0.0,0.0,0.0,1.0,0.0,0.0,0.0,1.0,0.0,0.0,1.0,0.0
-0.3924050632911392,-1.0,-1.0,-1.0,-1.0,-1.0,-1.0,0.0,0.0,1.0,0.0,0.0,0.0,1.0,1.0,0.0,0.0,0.0,0.0,1.0,0.0
0.26582278481012667,0.031241152588492138,0.2826972038855069,-1.0,-0.41212440500723446,-0.2640108285545778,0.29744751488910315,0.0,1.0,0.0,0.0,0.0,1.0,0.0,0.0,0.0,0.0,1.0,0.0,1.0,0.0
0.4430379746835442,0.3016781430595834,-1.0,-0.8622584156094552,0.03569390931272509,-1.0,0.24505089380751643,0.0,1.0,0.0,0.0,0.0,1.0,0.0,0.0,0.0,1.0,0.0,0.0,1.0,0.0
-0.2405063291139241,0.08174826506853794,-1.0,0.5391659991926838,-1.0,-1.0,0.49058746428822664,0.0,0.0,0.0,1.0,0.0,1.0,0.0,0.0,0.0,0.0,1.0,0.0,1.0,0.0
-0.4683544303797469,0.5570916233731742,0.5165220705338174,-1.0,-0.8616088449879872,0.15288750182430144,0.5990930441868263,1.0,0.0,0.0,0.0,0.0,1.0,0.0,1.0,0.0,0.0,0.0,0.0,1.0,0.0
-0.620253164556962,0.8078058031466346,-1.0,0.5561341035254594,-1.0,0.431577819634023,0.7480434161779324,0.0,0.0,0.0,1.0,0.0,1.0,0.0,0.0,0.0,0.0,1.0,0.0,1.0,0.0
0.16455696202531644,0.43769627826509416,-1.0,-0.3949952390402589,-1.0,-0.6448929646444241,0.3163263205488358,0.0,1.0,0.0,0.0,0.0,1.0,0.0,0.0,1.0,0.0,0.0,0.0,1.0,0.0
-0.31645569620253167,-1.0,-1.0,0.2647975467367323,0.0694758375479605,-1.0,0.2724428630192193,0.0,1.0,0.0,0.0,0.0,1.0,0.0,0.0,0.0,0.0,1.0,0.0,1.0,0.0
-0.21518987341772156,0.18850420545101287,0.20739683783358132,-0.31129207804727577,-0.7232176899759744,-1.0,0.2764915990842052,0.0,1.0,0.0,0.0,0.0,1.0,0.0,0.0,0.0,0.0,1.0,0.0,1.0,0.0
-0.26582278481012656,0.6501994948647496,-1.0,-1.0,0.5886301301368848,0.5548752372916035,0.7155522030888681,0.0,0.0,1.0,0.0,0.0,1.0,0.0,1.0,0.0,0.0,0.0,0.0,1.0,0.0
-0.5189873417721519,-0.6255454734896567,0.27131102323702594,-1.0,-0.03760074042528205,0.20678177568028167,0.35713781355009666,0.0,1.0,0.0,0.0,0.0,1.0,0.0,0.0,0.0,0.0,1.0,0.0,1.0,0.0
-0.49367088607594933,-1.0,-1.0,-0.2073126774626588,-0.7806552088744709,0.3133426302403324,0.27672710334034045,0.0,1.0,0.0,0.0,0.0,1.0,0.0,0.0,0.0,0.0,1.0,0.0,1.0,0.0
0.1898734177215189,-1.0,-1.0,-1.0,-1.0,-1.0,-1.0,0.0,0.0,0.0,1.0,0.0,0.0,1.0,0.0,0.0,0.0,1.0,0.0,1.0,0.0
-0.31645569620253167,0.6353749321569362,-1.0,-0.24354345327143112,-0.36548174383843235,-0.32592005813059954,0.49898510784718453,0.0,0.0,0.0,1.0,0.0,1.0,0.0,0.0,0.0,0.0,1.0,0.0,1.0,0.0
-1.0,-1.0,-1.0,-1.0,-1.0,-1.0,-1.0,0.0,0.0,1.0,0.0,0.0,1.0,0.0,0.0,0.0,0.0,1.0,1.0,0.0,0.0
-0.49367088607594933,-1.0,-1.0,0.4840227845337297,0.3773713567338395,-1.0,0.5091264407420559,0.0,0.0,0.0,1.0,0.0,1.0,0.0,0.0,0.0,0.0,1.0,0.0,1.0,0.0
0.012658227848101333,0.2628320125955448,-1.0,0.16179905581989562,-0.8616088449879872,-1.0,0.26632814157118245,0.0,1.0,0.0,0.0,0.0,1.0,0.0,0.0,0.0,1.0,0.0,0.0,1.0,0.0
0.2911392405063291,0.414767509044599,-0.34168560311267027,0.11902934127234377,0.006951260456996788,0.4193547747213302,0.5004465229845894,0.0,0.0,0.0,1.0,1.0,0.0,0.0,0.0,0.0,0.0,1.0,0.0,1.0,0.0
-0.6708860759493671,-0.5408085165037282,0.41429895902025193,0.4459907447188387,0.10319111965981298,-0.5645342362809285,0.5324057796814685,0.0,1.0,0.0,0.0,0.0,1.0,0.0,1.0,0.0,0.0,0.0,0.0,1.0,0.0
0.06329113924050622,-1.0,-1.0,-1.0,-1.0,-1.0,-1.0,0.0,1.0,0.0,0.0,0.0,0.0,1.0,0.0,0.0,0.0,1.0,0.0,1.0,0.0
-0.5189873417721519,-1.0,-1.0,-1.0,-1.0,-1.0,-1.0,0.0,1.0,0.0,0.0,0.0,0.0,1.0,0.0,0.0,0.0,1.0,0.0,1.0,0.0
-0.189873417721519,-0.16251925762563446,0.6106020225435544,-1.0,-0.3828541075996944,-0.6448929646444241,0.5745393092295326,0.0,0.0,1.0,0.0,1.0,0.0,0.0,1.0,0.0,0.0,0.0,0.0,1.0,0.0
-0.06329113924050633,-1.0,-1.0,-1.0,-1.0,-1.0,-1.0,0.0,0.0,0.0,1.0,0.0,1.0,0.0,0.0,0.0,0.0,1.0,0.0,1.0,0.0
-0.2911392405063291,-1.0,-1.0,-1.0,-1.0,-1.0,-1.0,0.0,1.0,0.0,0.0,0.0,0.0,1.0,0.0,0.0,0.0,1.0,0.0,1.0,0.0
-0.5443037974683544,0.2106648269759257,0.005207535689018439,-1.0,-1.0,-0.033789468984214976,0.2282101809102719,0.0,1.0,0.0,0.0,0.0,1.0,0.0,0.0,0.0,0.0,1.0,0.0,1.0,0.0
-0.5949367088607596,-0.7102824304755853,0.2493073502012182,-1.0,-0.5402745340816825,0.1444526539768689,0.30285907632306674,0.0,1.0,0.0,0.0,0.0,1.0,0.0,0.0,0.0,0.0,1.0,0.0,1.0,0.0
-1.0,-1.0,-1.0,-1.0,-1.0,-1.0,-1.0,0.0,1.0,0.0,0.0,0.0,1.0,0.0,0.0,0.0,0.0,1.0,0.0,1.0,0.0
-0.5443037974683544,0.3148564768994331,-0.7852186672204382,-0.7245168312189103,0.35836223119325306,-1.0,0.38707571026519116,0.0,1.0,0.0,0.0,0.0,1.0,0.0,0.0,0.0,0.0,1.0,0.0,1.0,0.0
0.06329113924050622,-1.0,-1.0,-1.0,-1.0,-1.0,-1.0,0.0,0.0,0.0,1.0,0.0,0.0,1.0,0.0,0.0,0.0,1.0,0.0,1.0,0.0
-0.9746835443037974,-1.0,-1.0,-1.0,-1.0,-1.0,-1.0,0.0,1.0,0.0,0.0,0.0,0.0,1.0,0.0,0.0,0.0,1.0,0.0,1.0,0.0
-0.620253164556962,-1.0,0.34086588537406337,-0.03426244931582978,-1.0,-1.0,0.331571006695365,0.0,1.0,0.0,0.0,0.0,1.0,0.0,0.0,0.0,0.0,1.0,0.0,1.0,0.0
-0.9746835443037974,-1.0,-1.0,-1.0,-1.0,-1.0,-1.0,0.0,1.0,0.0,0.0,0.0,1.0,0.0,0.0,0.0,0.0,1.0,0.0,1.0,0.0
-0.2911392405063291,-1.0,-1.0,-1.0,-1.0,-1.0,-1.0,0.0,1.0,0.0,0.0,0.0,0.0,1.0,0.0,0.0,1.0,0.0,0.0,1.0,0.0
-0.2405063291139241,0.5724230427527845,-1.0,0.17990185519271074,-1.0,0.0008259626943738496,0.48260380654667356,0.0,0.0,0.0,1.0,0.0,1.0,0.0,0.0,0.0,0.0,1.0,0.0,1.0,0.0
0.03797468354430378,-1.0,-1.0,-1.0,-1.0,-1.0,-1.0,0.0,1.0,0.0,0.0,0.0,0.0,1.0,0.0,0.0,0.0,1.0,0.0,1.0,0.0
-1.0,-1.0,-1.0,-1.0,-1.0,-1.0,-1.0,0.0,1.0,0.0,0.0,0.0,0.0,1.0,0.0,0.0,0.0,1.0,0.0,1.0,0.0
-0.31645569620253167,-1.0,-1.0,0.2613474756907783,-0.7806552088744709,-0.03228232096064931,0.24998862605774574,0.0,1.0,0.0,0.0,1.0,0.0,0.0,0.0,0.0,0.0,1.0,0.0,1.0,0.0
-0.3924050632911392,-1.0,-0.06731973373798084,0.523424727021587,-1.0,-1.0,0.471664765901858,0.0,1.0,0.0,0.0,0.0,1.0,0.0,0.0,0.0,0.0,1.0,0.0,1.0,0.0
-0.26582278481012656,0.388466019845795,-0.4461000078353691,-0.5424323609787505,-1.0,-1.0,0.27268341910299565,0.0,1.0,0.0,0.0,0.0,1.0,0.0,0.0,0.0,0.0,1.0,0.0,1.0,0.0
-0.26582278481012656,0.12814610059992715,0.3745494701630505,-1.0,-0.5848265349639614,0.35929221423200985,0.47642998581939344,0.0,0.0,1.0,0.0,0.0,1.0,0.0,0.0,0.0,0.0,1.0,0.0,1.0,0.0
-0.4683544303797469,-0.296278776647921,-1.0,-1.0,0.2971216214407204,-1.0,0.24643536373456643,0.0,1.0,0.0,0.0,0.0,1.0,0.0,0.0,1.0,0.0,0.0,0.0,1.0,0.0
-0.44303797468354433,-1.0,-1.0,-1.0,-1.0,-1.0,-1.0,0.0,0.0,1.0,0.0,0.0,0.0,1.0,0.0,0.0,0.0,1.0,0.0,1.0,0.0
0.5443037974683544,-1.0,-1.0,-1.0,-1.0,-1.0,-1.0,0.0,1.0,0.0,0.0,0.0,0.0,1.0,0.0,0.0,1.0,0.0,0.0,1.0,0.0
-0.3417721518987342,-0.38465038264461693,-0.1314510425688057,-0.09716054654132034,0.3552355596187535,0.12370808691536572,0.3770539358898706,0.0,1.0,0.0,0.0,0.0,1.0,0.0,0.0,0.0,1.0,0.0,0.0,1.0,0.0
-0.11392405063291144,-1.0,-1.0,-1.0,-1.0,-1.0,-1.0,0.0,0.0,0.0,1.0,0.0,0.0,1.0,0.0,0.0,0.0,1.0,0.0,1.0,0.0
0.2911392405063291,-1.0,0.8980243262045293,0.3486502892954719,-1.0,0.16875108681544337,0.8647604712674657,0.0,0.0,1.0,0.0,0.0,1.0,0.0,0.0,0.0,0.0,1.0,0.0,1.0,0.0
-0.012658227848101333,-1.0,-0.7289761332752838,-1.0,0.33537170741342126,-0.22468003347631071,0.28703451468770114,0.0,1.0,0.0,0.0,0.0,1.0,0.0,0.0,0.0,0.0,1.0,0.0,1.0,0.0
-0.7721518987341772,-1.0,-1.0,-1.0,-1.0,-1.0,-1.0,0.0,1.0,0.0,0.0,0.0,1.0,0.0,0.0,0.0,0.0,1.0,0.0,1.0,0.0
-0.6708860759493671,-1.0,-1.0,-1.0,-1.0,-1.0,-1.0,0.0,1.0,0.0,0.0,0.0,0.0,1.0,0.0,0.0,0.0,1.0,0.0,1.0,0.0
-0.26582278481012656,-1.0,-1.0,-1.0,-1.0,-1.0,-1.0,0.0,0.0,1.0,0.0,0.0,0.0,1.0,1.0,0.0,0.0,0.0,0.0,1.0,0.0
-0.6708860759493671,0.2557641440641556,-1.0,-0.21102716132545507,-1.0,0.1814057468351813,0.285017134263297,0.0,1.0,0.0,0.0,0.0,1.0,0.0,0.0,0.0,0.0,1.0,0.0,1.0,0.0
-0.26582278481012656,-1.0,-1.0,-1.0,-1.0,-1.0,-1.0,0.0,0.0,1.0,0.0,0.0,0.0,1.0,0.0,0.0,0.0,1.0,0.0,1.0,0.0
-0.49367088607594933,-1.0,-1.0,-1.0,0.30910166746036993,-1.0,0.24998862605774574,1.0,0.0,0.0,0.0,0.0,1.0,0.0,0.0,0.0,0.0,1.0,0.0,1.0,0.0
-0.2405063291139241,0.3117372092852637,0.30880291085022304,-0.2878863391210461,0.0588378805988663,-1.0,0.403377551983374,0.0,0.0,0.0,1.0,0.0,1.0,0.0,0.0,0.0,0.0,1.0,0.0,1.0,0.0
-0.36708860759493667,-0.37393074834497464,-1.0,-1.0,0.4827568122720962,-1.0,0.4179462534837599,0.0,1.0,0.0,0.0,0.0,1.0,0.0,0.0,0.0,0.0,1.0,0.0,1.0,0.0
-0.08860759493670889,0.3183108869594806,0.01523549755040321,-0.36034789073859075,-1.0,-0.13654819080166625,0.2811472803002071,0.0,1.0,0.0,0.0,0.0,1.0,0.0,0.0,0.0,0.0,1.0,0.0,1.0,0.0
-0.5443037974683544,0.38682689732240716,-0.39569379966122975,-0.3378273163081015,-1.0,-1.0,0.27672710334034045,0.0,1.0,0.0,0.0,0.0,1.0,0.0,0.0,0.0,0.0,1.0,0.0,1.0,0.0
-0.7468354430379747,-1.0,-1.0,-1.0,-1.0,-1.0,-1.0,0.0,1.0,0.0,0.0,0.0,0.0,1.0,0.0,0.0,0.0,1.0,0.0,1.0,0.0
-0.08860759493670889,-1.0,-1.0,-1.0,-1.0,-1.0,-1.0,0.0,1.0,0.0,0.0,0.0,0.0,1.0,1.0,0.0,0.0,0.0,0.0,1.0,0.0
0.2911392405063291,0.20874456491694504,-1.0,0.2588962838981568,-0.04414743293212775,-1.0,0.31822893784881656,0.0,0.0,0.0,1.0,0.0,1.0,0.0,1.0,0.0,0.0,0.0,0.0,1.0,0.0
-0.5189873417721519,-0.5933299775945341,-1.0,-0.8622584156094552,0.3121971749404704,-1.0,0.25480168966136607,0.0,1.0,0.0,0.0,0.0,1.0,0.0,0.0,0.0,0.0,1.0,0.0,1.0,0.0
-0.6455696202531646,-1.0,-1.0,-1.0,-1.0,-1.0,-1.0,0.0,0.0,1.0,0.0,0.0,0.0,1.0,0.0,0.0,0.0,1.0,0.0,1.0,0.0
0.139240506329114,0.10623216221710585,0.19653279888508024,-0.8622584156094552,-1.0,-0.6810270934861755,0.23710638299925568,0.0,1.0,0.0,0.0,0.0,1.0,0.0,0.0,0.0,0.0,1.0,0.0,1.0,0.0
-0.36708860759493667,-1.0,-0.133764707373364,-1.0,0.21526251333063584,-1.0,0.19333081110092176,0.0,1.0,0.0,0.0,0.0,1.0,0.0,1.0,0.0,0.0,0.0,0.0,1.0,0.0
-0.31645569620253167,-1.0,0.7609618196935424,0.38144991295046005,0.3079640220288462,-0.23694305848224295,0.7549481910980707,0.0,0.0,1.0,0.0,0.0,1.0,0.0,1.0,0.0,0.0,0.0,0.0,1.0,0.0
0.3417721518987342,-1.0,-1.0,-1.0,-1.0,-1.0,-1.0,0.0,0.0,1.0,0.0,0.0,0.0,1.0,1.0,0.0,0.0,0.0,0.0,1.0,0.0
-0.5696202531645569,0.12239380029475377,0.2346676098002496,-1.0,0.09590062978859848,-1.0,0.31841815937412554,0.0,1.0,0.0,0.0,0.0,1.0,0.0,0.0,0.0,0.0,1.0,0.0,1.0,0.0
-0.21518987341772156,-0.09220091735077918,-1.0,0.5465924603830488,-0.07464746905468156,-0.37014465765234383,0.49905844528648013,0.0,0.0,0.0,1.0,0.0,1.0,0.0,0.0,0.0,0.0,1.0,0.0,1.0,0.0
0.21518987341772156,-1.0,-1.0,-0.8622584156094552,-1.0,-1.0,-0.8678579563284781,0.0,1.0,0.0,0.0,0.0,1.0,0.0,0.0,0.0,0.0,1.0,0.0,1.0,0.0
0.8734177215189873,-1.0,-1.0,-1.0,-1.0,-1.0,-1.0,0.0,0.0,1.0,0.0,0.0,0.0,1.0,0.0,0.0,0.0,1.0,0.0,1.0,0.0
-0.26582278481012656,-1.0,0.35569125717405026,-1.0,-0.4343312963306818,-1.0,0.324925298614986,0.0,1.0,0.0,0.0,0.0,1.0,0.0,0.0,0.0,0.0,1.0,0.0,1.0,0.0
0.1898734177215189,-1.0,-1.0,-1.0,-1.0,-1.0,-1.0,0.0,0.0,1.0,0.0,0.0,0.0,1.0,0.0,0.0,0.0,1.0,0.0,1.0,0.0
-0.49367088607594933,0.34574084058466203,-1.0,-0.7816847539510678,-1.0,-1.0,0.2282101809102719,0.0,1.0,0.0,0.0,1.0,0.0,0.0,0.0,0.0,0.0,1.0,0.0,1.0,0.0
0.620253164556962,-1.0,-1.0,-1.0,0.2648330679500732,0.1581262828735841,0.2985001993479246,0.0,1.0,0.0,0.0,0.0,1.0,0.0,0.0,0.0,0.0,1.0,0.0,1.0,0.0
-0.3924050632911392,-1.0,-1.0,0.36889092443988813,-0.5848265349639614,-1.0,0.3145975771764009,0.0,1.0,0.0,0.0,0.0,1.0,0.0,0.0,0.0,0.0,1.0,0.0,1.0,0.0
-1.0,-1.0,-1.0,-1.0,-1.0,-1.0,-1.0,0.0,1.0,0.0,0.0,0.0,1.0,0.0,1.0,0.0,0.0,0.0,0.0,1.0,0.0
-0.4177215189873418,0.42891401758282255,-1.0,-0.025228207222498966,-1.0,0.19805361860365212,0.39253782207802046,0.0,0.0,0.0,1.0,0.0,1.0,0.0,0.0,0.0,0.0,1.0,0.0,1.0,0.0
0.3417721518987342,-1.0,0.5884645968545943,-1.0,0.051760716220905945,0.7091964014131966,0.7385969748180765,0.0,0.0,1.0,0.0,1.0,0.0,0.0,0.0,0.0,0.0,1.0,0.0,1.0,0.0
0.240506329113924,-0.5187895331071819,0.5238260524351859,-0.09297683199834372,0.42372839863723133,0.016689547685515782,0.5786886106587976,0.0,0.0,1.0,0.0,0.0,1.0,0.0,1.0,0.0,0.0,0.0,0.0,1.0,0.0
-0.5443037974683544,-1.0,-1.0,-1.0,-1.0,-1.0,-1.0,0.0,0.0,0.0,1.0,0.0,0.0,1.0,0.0,0.0,0.0,1.0,0.0,1.0,0.0
-0.189873417721519,-1.0,-1.0,-1.0,-1.0,-1.0,-1.0,0.0,0.0,1.0,0.0,0.0,0.0,1.0,0.0,0.0,0.0,1.0,0.0,1.0,0.0
-0.49367088607594933,-0.14433500659683873,-0.3350577685915167,-0.3378273163081015,-1.0,-1.0,-0.09377237584338449,0.0,1.0,0.0,0.0,0.0,1.0,0.0,0.0,0.0,0.0,1.0,0.0,1.0,0.0
0.5949367088607596,-1.0,0.07470954960218723,-1.0,0.32905694218643444,-1.0,0.3208610993816594,0.0,1.0,0.0,0.0,0.0,1.0,0.0,0.0,0.0,0.0,1.0,0.0,1.0,0.0
-0.5443037974683544,-0.26303631529358906,-1.0,0.2166562652984736,0.023031346353778792,-0.22868398803878975,0.24998862605774574,0.0,1.0,0.0,0.0,0.0,1.0,0.0,0.0,0.0,0.0,1.0,0.0,1.0,0.0
-0.6708860759493671,-1.0,-1.0,-1.0,-1.0,-1.0,-1.0,0.0,1.0,0.0,0.0,0.0,0.0,1.0,0.0,0.0,1.0,0.0,0.0,1.0,0.0
-0.5443037974683544,-1.0,-1.0,-0.3051771617092195,-1.0,0.2908506275517013,0.250529451019313,0.0,1.0,0.0,0.0,0.0,1.0,0.0,0.0,0.0,0.0,1.0,0.0,1.0,0.0
0.16455696202531644,-1.0,-1.0,-1.0,-1.0,-1.0,-1.0,0.0,0.0,1.0,0.0,0.0,0.0,1.0,0.0,0.0,0.0,1.0,0.0,1.0,0.0
-0.36708860759493667,-0.48068668872744935,0.3021583888300843,-1.0,-1.0,-1.0,0.2724428630192193,0.0,1.0,0.0,0.0,0.0,1.0,0.0,0.0,0.0,0.0,1.0,0.0,1.0,0.0
-0.2911392405063291,-1.0,-0.4705697019538748,-1.0,-1.0,0.2730169566564602,0.22881635207629936,0.0,1.0,0.0,0.0,0.0,1.0,0.0,0.0,0.0,0.0,1.0,0.0,1.0,0.0
-0.31645569620253167,-1.0,-1.0,-1.0,-1.0,-1.0,-1.0,0.0,1.0,0.0,0.0,0.0,0.0,1.0,0.0,0.0,0.0,1.0,0.0,1.0,0.0
-0.21518987341772156,-0.7704042582518641,0.30976835673440406,-1.0,-1.0,-1.0,0.27766622184583367,0.0,1.0,0.0,0.0,0.0,1.0,0.0,0.0,0.0,0.0,1.0,0.0,1.0,0.0
-0.6455696202531646,-1.0,-1.0,-1.0,-1.0,-1.0,-1.0,0.0,0.0,0.0,1.0,0.0,0.0,1.0,0.0,0.0,0.0,1.0,0.0,1.0,0.0
-0.5696202531645569,-1.0,-1.0,-1.0,-1.0,-1.0,-1.0,0.0,1.0,0.0,0.0,0.0,0.0,1.0,0.0,0.0,1.0,0.0,0.0,1.0,0.0
-0.2911392405063291,-1.0,-0.14330330128400426,0.5108415427466646,-1.0,-1.0,0.4567929733193641,0.0,0.0,0.0,1.0,0.0,1.0,0.0,0.0,0.0,0.0,1.0,0.0,1.0,0.0
0.012658227848101333,0.4450892136179987,-1.0,-1.0,0.12855469702459943,0.14931643205713518,0.4088691470118626,0.0,0.0,1.0,0.0,0.0,1.0,0.0,0.0,0.0,0.0,1.0,0.0,1.0,0.0
0.4177215189873418,0.4427937761086196,-1.0,0.029719367262675433,-1.0,0.30936545978627916,0.44046281779763663,0.0,0.0,0.0,1.0,0.0,1.0,0.0,0.0,0.0,0.0,1.0,0.0,0.0,1.0
-0.3924050632911392,-1.0,-1.0,-1.0,-1.0,-1.0,-1.0,0.0,1.0,0.0,0.0,1.0,0.0,0.0,0.0,0.0,0.0,1.0,0.0,1.0,0.0
-0.7974683544303798,-1.0,-1.0,-1.0,-1.0,-1.0,-1.0,0.0,0.0,0.0,1.0,0.0,0.0,1.0,0.0,0.0,0.0,1.0,0.0,1.0,0.0
0.03797468354430378,-1.0,-1.0,-1.0,-1.0,-1.0,-1.0,0.0,1.0,0.0,0.0,0.0,0.0,1.0,1.0,0.0,0.0,0.0,0.0,1.0,0.0
-0.36708860759493667,-1.0,-1.0,-1.0,-1.0,-1.0,-1.0,0.0,1.0,0.0,0.0,0.0,0.0,1.0,0.0,0.0,0.0,1.0,0.0,1.0,0.0
-0.03797468354430378,0.48329579939991385,-1.0,-0.4755689006986463,-0.2685470822285979,-1.0,0.3609583957478213,0.0,0.0,0.0,1.0,0.0,1.0,0.0,0.0,0.0,1.0,0.0,0.0,1.0,0.0
-0.31645569620253167,-1.0,-1.0,-1.0,-1.0,-1.0,-1.0,0.0,1.0,0.0,0.0,0.0,0.0,1.0,1.0,0.0,0.0,0.0,0.0,1.0,0.0
-0.7215189873417722,-1.0,-1.0,-1.0,-1.0,-1.0,-1.0,0.0,1.0,0.0,0.0,0.0,1.0,0.0,0.0,0.0,0.0,1.0,0.0,1.0,0.0
-0.08860759493670889,0.5091174551382769,-0.08283025679667244,-1.0,-1.0,-0.13654819080166625,0.40081694163427617,0.0,1.0,0.0,0.0,0.0,1.0,0.0,0.0,0.0,0.0,1.0,0.0,1.0,0.0
-0.49367088607594933,0.13466292862793372,-1.0,-0.8622584156094552,-1.0,0.30060429807706335,0.30429016582904,0.0,1.0,0.0,0.0,0.0,1.0,0.0,0.0,0.0,0.0,1.0,0.0,1.0,0.0
-0.4683544303797469,-1.0,-0.20957379709054347,-1.0,-1.0,0.4982216125124934,0.44664311835479786,0.0,1.0,0.0,0.0,0.0,1.0,0.0,1.0,0.0,0.0,0.0,0.0,1.0,0.0
0.06329113924050622,-1.0,-1.0,0.31579977665021186,-1.0,0.002092350453637648,0.29829012696182167,0.0,1.0,0.0,0.0,0.0,1.0,0.0,0.0,0.0,0.0,1.0,0.0,1.0,0.0
-0.5189873417721519,-0.21395788183585684,-1.0,0.16179905581989562,0.4508673743487639,-1.0,0.4309569182013697,0.0,1.0,0.0,0.0,0.0,1.0,0.0,0.0,0.0,0.0,1.0,0.0,1.0,0.0
-0.189873417721519,0.6353749321569362,0.28103098021238426,0.3925440922404597,0.9046924959771481,0.22563034635692558,0.8751234159012935,0.0,0.0,1.0,0.0,0.0,1.0,0.0,0.0,0.0,1.0,0.0,0.0,0.0,1.0
-0.11392405063291144,-1.0,-0.16390153435380206,0.2815175010761628,-1.0,-1.0,0.24971763714062,0.0,1.0,0.0,0.0,0.0,1.0,0.0,1.0,0.0,0.0,0.0,0.0,1.0,0.0
-0.08860759493670889,-1.0,-1.0,-1.0,-1.0,-1.0,-1.0,0.0,1.0,0.0,0.0,0.0,0.0,1.0,0.0,0.0,0.0,1.0,0.0,1.0,0.0
0.5443037974683544,-1.0,-1.0,-1.0,-1.0,-1.0,-1.0,0.0,1.0,0.0,0.0,0.0,0.0,1.0,0.0,0.0,0.0,1.0,0.0,1.0,0.0
0.6708860759493671,0.4796338550125774,-0.8644880666376419,-1.0,-0.6114869098077889,-1.0,0.3508610104998102,0.0,1.0,0.0,0.0,0.0,1.0,0.0,0.0,0.0,0.0,1.0,0.0,1.0,0.0
-0.31645569620253167,-1.0,-1.0,-1.0,-1.0,-1.0,-1.0,0.0,1.0,0.0,0.0,0.0,0.0,1.0,0.0,0.0,0.0,1.0,0.0,1.0,0.0
-0.16455696202531644,-0.5933299775945341,-1.0,-1.0,-1.0,0.35908392308304804,0.308520084830205,0.0,1.0,0.0,0.0,0.0,1.0,0.0,0.0,1.0,0.0,0.0,0.0,1.0,0.0
-0.08860759493670889,-1.0,-1.0,0.45446533062636707,-0.0597129406238629,-0.054502737278512514,0.42205337293099987,0.0,1.0,0.0,0.0,0.0,1.0,0.0,0.0,0.0,0.0,1.0,0.0,1.0,0.0
-0.3924050632911392,-1.0,-1.0,0.2728412391144015,-1.0,-0.10383119850769595,0.24780985181615733,0.0,1.0,0.0,0.0,0.0,1.0,0.0,0.0,0.0,1.0,0.0,0.0,1.0,0.0
-0.8227848101265822,-1.0,-1.0,-1.0,-1.0,-1.0,-1.0,0.0,1.0,0.0,0.0,0.0,0.0,1.0,0.0,0.0,0.0,1.0,0.0,1.0,0.0
0.5949367088607596,-1.0,0.6665730522768945,-0.6801739453692954,0.2486159025882162,-1.0,0.6439618768581268,0.0,0.0,1.0,0.0,0.0,1.0,0.0,1.0,0.0,0.0,0.0,0.0,1.0,0.0
-0.5696202531645569,-1.0,-1.0,-1.0,-1.0,-1.0,-1.0,0.0,0.0,1.0,0.0,0.0,0.0,1.0,0.0,0.0,0.0,1.0,0.0,1.0,0.0
-0.4683544303797469,-1.0,-1.0,-1.0,-1.0,-1.0,-1.0,0.0,0.0,0.0,1.0,0.0,1.0,0.0,0.0,0.0,0.0,1.0,0.0,1.0,0.0
-0.44303797468354433,-1.0,-1.0,-1.0,-1.0,-1.0,-1.0,0.0,1.0,0.0,0.0,0.0,0.0,1.0,0.0,0.0,0.0,1.0,0.0,1.0,0.0
-0.31645569620253167,-1.0,-1.0,-1.0,-1.0,-1.0,-1.0,0.0,1.0,0.0,0.0,0.0,0.0,1.0,0.0,0.0,0.0,1.0,0.0,1.0,0.0
-0.2405063291139241,-1.0,0.38167795129388904,0.03630734408771974,-0.09719672610884411,-1.0,0.3873393903502391,0.0,0.0,1.0,0.0,0.0,1.0,0.0,0.0,0.0,0.0,1.0,0.0,0.0,1.0
-0.6455696202531646,-1.0,-1.0,-1.0,-1.0,-1.0,-1.0,0.0,1.0,0.0,0.0,0.0,0.0,1.0,0.0,0.0,0.0,1.0,0.0,1.0,0.0
-0.2911392405063291,-1.0,-1.0,-1.0,-1.0,-1.0,-1.0,0.0,0.0,1.0,0.0,0.0,0.0,1.0,1.0,0.0,0.0,0.0,0.0,1.0,0.0
0.4430379746835442,0.4385545425120383,-1.0,0.13078311356202232,-0.2634922240576568,-1.0,0.36837725681771083,0.0,0.0,0.0,1.0,0.0,1.0,0.0,0.0,0.0,0.0,1.0,0.0,0.0,1.0
-0.06329113924050633,-1.0,-1.0,-1.0,-1.0,-1.0,-1.0,0.0,0.0,1.0,0.0,0.0,0.0,1.0,1.0,0.0,0.0,0.0,0.0,1.0,0.0
-0.5189873417721519,-1.0,-1.0,-1.0,-1.0,-1.0,-1.0,0.0,1.0,0.0,0.0,0.0,0.0,1.0,0.0,0.0,0.0,1.0,0.0,1.0,0.0
-0.4177215189873418,0.15723115557427114,-1.0,-1.0,0.3556852360093785,-1.0,0.342212582319517,0.0,0.0,0.0,1.0,0.0,1.0,0.0,1.0,0.0,0.0,0.0,0.0,1.0,0.0
-0.21518987341772156,-1.0,0.05972757043652188,-1.0,0.14012234733163842,0.6482477642260427,0.6085307429350209,0.0,0.0,1.0,0.0,0.0,1.0,0.0,1.0,0.0,0.0,0.0,0.0,1.0,0.0
-0.11392405063291144,0.38126840343028867,-1.0,-0.31129207804727577,-1.0,-0.28435575371962574,0.2764915990842052,0.0,0.0,0.0,1.0,0.0,1.0,0.0,0.0,0.0,0.0,1.0,0.0,1.0,0.0
-0.5443037974683544,0.7029800522575316,-1.0,0.06908836408528862,-1.0,-1.0,0.5650280648454955,0.0,0.0,0.0,1.0,0.0,1.0,0.0,0.0,0.0,0.0,1.0,0.0,1.0,0.0
-0.06329113924050633,-0.4988709397562451,0.23642731919866833,-0.2148124015004551,-0.11535980865823414,-1.0,0.2494462624740159,0.0,1.0,0.0,0.0,0.0,1.0,0.0,0.0,0.0,0.0,1.0,0.0,1.0,0.0
-0.4683544303797469,0.06580604221371833,-0.02435848097572213,-0.20366635312744685,0.09917375609356327,-0.09539635066026353,0.24998862605774574,0.0,1.0,0.0,0.0,0.0,1.0,0.0,0.0,0.0,0.0,1.0,0.0,1.0,0.0
1.0,-1.0,-1.0,-1.0,0.5375926179871591,-0.7822671181404642,0.4683343402528999,0.0,0.0,1.0,0.0,0.0,1.0,0.0,0.0,0.0,0.0,1.0,0.0,1.0,0.0
0.4430379746835442,-1.0,0.4176553057323207,-0.32411711492981843,-1.0,-1.0,0.38628247470564125,0.0,1.0,0.0,0.0,0.0,1.0,0.0,0.0,0.0,0.0,1.0,0.0,1.0,0.0
0.1898734177215189,-0.14433500659683873,-0.8644880666376419,0.15118245474246916,0.26269768681376315,-1.0,0.3061144923927972,0.0,1.0,0.0,0.0,0.0,1.0,0.0,0.0,0.0,0.0,1.0,0.0,1.0,0.0
0.139240506329114,-0.8551412152377926,-0.45795226655056753,-0.24354345327143112,-1.0,0.4548729310082029,0.406739061487458,0.0,1.0,0.0,0.0,0.0,1.0,0.0,0.0,0.0,1.0,0.0,0.0,1.0,0.0
-0.36708860759493667,-0.1276071172136657,-1.0,-1.0,0.296518429945555,-1.0,0.255592184247051,0.0,1.0,0.0,0.0,0.0,1.0,0.0,0.0,0.0,0.0,1.0,0.0,1.0,0.0
-0.31645569620253167,-1.0,-1.0,-1.0,-1.0,-1.0,-1.0,0.0,0.0,0.0,1.0,0.0,0.0,1.0,0.0,0.0,0.0,1.0,0.0,1.0,0.0
-0.7468354430379747,-1.0,-1.0,-1.0,-1.0,-1.0,-1.0,0.0,1.0,0.0,0.0,0.0,1.0,0.0,1.0,0.0,0.0,0.0,0.0,1.0,0.0
-0.3924050632911392,-1.0,-1.0,-0.19656848787316095,0.265186754903574,0.34393109760371887,0.39432429391624035,0.0,1.0,0.0,0.0,0.0,1.0,0.0,0.0,0.0,0.0,1.0,0.0,1.0,0.0
-0.11392405063291144,-1.0,-1.0,-1.0,-1.0,-1.0,-1.0,0.0,1.0,0.0,0.0,0.0,0.0,1.0,0.0,0.0,0.0,1.0,0.0,1.0,0.0
-0.4177215189873418,-1.0,-1.0,-1.0,-1.0,-1.0,-1.0,0.0,0.0,0.0,1.0,0.0,0.0,1.0,0.0,0.0,0.0,1.0,0.0,1.0,0.0
0.7721518987341771,-1.0,-0.7289761332752838,-0.8622584156094552,-0.7806552088744709,0.419662044565817,0.3664759531993309,0.0,1.0,0.0,0.0,0.0,1.0,0.0,0.0,0.0,1.0,0.0,0.0,1.0,0.0
-0.8227848101265822,-1.0,-1.0,-1.0,-1.0,-1.0,-1.0,0.0,0.0,0.0,1.0,0.0,0.0,1.0,0.0,0.0,0.0,1.0,0.0,1.0,0.0
-0.5949367088607596,0.6003716868427047,-1.0,0.16465016786525144,-1.0,0.34859981512919713,0.5483977096256034,0.0,0.0,0.0,1.0,0.0,1.0,0.0,0.0,0.0,0.0,1.0,0.0,1.0,0.0
-0.44303797468354433,0.059335338010751304,0.437043510516538,0.4072707618233582,0.34578670406358936,-0.0933425601568989,0.5736489256494761,0.0,1.0,0.0,0.0,0.0,1.0,0.0,0.0,0.0,0.0,1.0,0.0,1.0,0.0
0.139240506329114,-1.0,-1.0,-1.0,-1.0,-1.0,-1.0,0.0,0.0,0.0,1.0,0.0,0.0,1.0,0.0,0.0,0.0,1.0,1.0,0.0,0.0
-0.11392405063291144,0.10623216221710585,-0.25578836917431313,-0.08887938578783727,-0.3143830504493078,0.23597991504574756,0.29252886243144127,0.0,1.0,0.0,0.0,0.0,1.0,0.0,0.0,0.0,0.0,1.0,0.0,1.0,0.0
-0.2911392405063291,-1.0,-0.5704373344408764,0.15773750215906213,-0.019157831294643102,0.18293224226350824,0.2907878396361492,0.0,1.0,0.0,0.0,0.0,1.0,0.0,0.0,0.0,0.0,1.0,0.0,1.0,0.0
-0.9493670886075949,-1.0,-1.0,-1.0,-1.0,-1.0,-1.0,0.0,0.0,1.0,0.0,0.0,1.0,0.0,0.0,0.0,0.0,1.0,0.0,1.0,0.0
-0.5443037974683544,-1.0,-1.0,-0.5867752468283656,0.3130331408499871,-1.0,0.255592184247051,0.0,1.0,0.0,0.0,0.0,1.0,0.0,0.0,0.0,0.0,1.0,0.0,1.0,0.0
0.012658227848101333,-1.0,0.010842000425844489,-1.0,-0.5038728988504453,0.2461844630274046,0.25532905008367734,0.0,1.0,0.0,0.0,0.0,1.0,0.0,0.0,0.0,0.0,1.0,0.0,1.0,0.0
-0.31645569620253167,-1.0,0.5459648196066789,-1.0,-1.0,0.3664478293578981,0.5665265356209195,0.0,0.0,1.0,0.0,1.0,0.0,0.0,0.0,0.0,0.0,1.0,0.0,1.0,0.0
-0.3417721518987342,-0.8551412152377926,-1.0,-1.0,-1.0,0.3036598303714717,0.25427286637886715,0.0,1.0,0.0,0.0,0.0,1.0,0.0,1.0,0.0,0.0,0.0,0.0,1.0,0.0
-0.189873417721519,0.4782217749754274,-1.0,-0.6801739453692954,-1.0,-1.0,0.34909803250330795,0.0,0.0,0.0,1.0,0.0,1.0,0.0,0.0,0.0,0.0,1.0,0.0,0.0,1.0
-0.21518987341772156,-1.0,-1.0,-1.0,-1.0,-1.0,-1.0,0.0,1.0,0.0,0.0,0.0,0.0,1.0,0.0,0.0,0.0,1.0,0.0,1.0,0.0
-0.11392405063291144,-1.0,-1.0,-1.0,-1.0,-1.0,-1.0,0.0,0.0,1.0,0.0,0.0,0.0,1.0,0.0,0.0,0.0,1.0,0.0,1.0,0.0
0.2911392405063291,0.30372906285986634,-1.0,0.12807941062072858,0.6663169973106446,-1.0,0.624294491723713,0.0,0.0,0.0,1.0,0.0,1.0,0.0,0.0,0.0,0.0,1.0,0.0,0.0,1.0
-0.3924050632911392,-1.0,-1.0,-1.0,-1.0,-1.0,-1.0,0.0,1.0,0.0,0.0,0.0,0.0,1.0,0.0,0.0,1.0,0.0,0.0,1.0,0.0
-0.6455696202531646,-1.0,-1.0,-1.0,-1.0,-1.0,-1.0,0.0,0.0,1.0,0.0,0.0,0.0,1.0,0.0,0.0,0.0,1.0,0.0,1.0,0.0
0.11392405063291133,-0.8551412152377926,-1.0,0.5183339213725642,-0.5038728988504453,-1.0,0.45770600509855397,0.0,0.0,0.0,1.0,0.0,1.0,0.0,0.0,0.0,0.0,1.0,0.0,1.0,0.0
0.11392405063291133,0.6413828492052678,-0.7289761332752838,-0.3949952390402589,-1.0,-1.0,0.49898510784718453,0.0,0.0,0.0,1.0,0.0,1.0,0.0,0.0,0.0,0.0,1.0,0.0,1.0,0.0
-0.08860759493670889,-1.0,-1.0,-1.0,-1.0,-1.0,-1.0,0.0,0.0,1.0,0.0,0.0,0.0,1.0,1.0,0.0,0.0,0.0,0.0,1.0,0.0
-0.26582278481012656,-1.0,-1.0,-1.0,-1.0,-1.0,-1.0,0.0,0.0,0.0,1.0,0.0,0.0,1.0,1.0,0.0,0.0,0.0,1.0,0.0,0.0
-0.31645569620253167,-1.0,-1.0,-1.0,-1.0,-1.0,-1.0,0.0,0.0,1.0,0.0,0.0,0.0,1.0,0.0,1.0,0.0,0.0,0.0,1.0,0.0
-0.2405063291139241,-0.8551412152377926,0.30636822939417274,-1.0,-0.5212452626117072,-1.0,0.2764915990842052,0.0,1.0,0.0,0.0,0.0,1.0,0.0,0.0,0.0,0.0,1.0,0.0,1.0,0.0
-0.36708860759493667,0.3687921898065436,0.6643088219230024,-1.0,-0.003629028490048647,-1.0,0.6527728091372937,0.0,0.0,1.0,0.0,0.0,1.0,0.0,1.0,0.0,0.0,0.0,0.0,1.0,0.0
0.26582278481012667,-1.0,0.18729474676190283,-0.6801739453692954,-1.0,0.5084854688403557,0.48835141055975284,0.0,1.0,0.0,0.0,0.0,1.0,0.0,1.0,0.0,0.0,0.0,0.0,1.0,0.0
-0.620253164556962,-0.06909909707364958,-1.0,0.3971656749754149,-1.0,0.09349852724469665,0.3895660672671466,0.0,0.0,0.0,1.0,0.0,1.0,0.0,0.0,0.0,0.0,1.0,0.0,1.0,0.0
0.012658227848101333,-1.0,-1.0,-1.0,-1.0,-1.0,-1.0,0.0,1.0,0.0,0.0,0.0,0.0,1.0,0.0,0.0,0.0,1.0,0.0,1.0,0.0
-0.8987341772151899,-1.0,-1.0,-1.0,-1.0,-1.0,-1.0,0.0,0.0,0.0,1.0,0.0,1.0,0.0,0.0,0.0,0.0,1.0,0.0,1.0,0.0
-0.2911392405063291,-1.0,-1.0,0.2948920282180001,-0.3080442249399358,-1.0,0.25079928924001504,0.0,1.0,0.0,0.0,0.0,1.0,0.0,1.0,0.0,0.0,0.0,0.0,1.0,0.0
-0.49367088607594933,0.12044063607446942,-1.0,0.3711067711272038,-1.0,-0.4769678405233547,0.3543387974628809,0.0,0.0,0.0,1.0,0.0,1.0,0.0,0.0,0.0,0.0,1.0,0.0,1.0,0.0
-0.31645569620253167,-1.0,0.20245756726979258,-1.0,-0.18253858794414057,0.13692558440246705,0.2829781771684947,0.0,1.0,0.0,0.0,0.0,1.0,0.0,0.0,0.0,1.0,0.0,0.0,1.0,0.0
-0.3924050632911392,-1.0,-0.4047885740980801,-1.0,-0.45932089796816633,0.28669058555317517,0.24726124518980264,0.0,1.0,0.0,0.0,0.0,1.0,0.0,0.0,0.0,0.0,1.0,0.0,1.0,0.0
-0.8227848101265822,-1.0,-1.0,-1.0,-1.0,-1.0,-1.0,0.0,1.0,0.0,0.0,0.0,1.0,0.0,1.0,0.0,0.0,0.0,0.0,1.0,0.0
-0.012658227848101333,-0.5187895331071819,-1.0,0.29838864219741756,-1.0,-1.0,0.2480835642409187,0.0,0.0,0.0,1.0,0.0,1.0,0.0,0.0,0.0,0.0,1.0,0.0,1.0,0.0
-0.21518987341772156,-1.0,0.4844243204513352,-1.0,0.028886787507560463,-0.21313177626172697,0.467903123893751,0.0,0.0,1.0,0.0,0.0,1.0,0.0,0.0,0.0,0.0,1.0,1.0,0.0,0.0
0.49367088607594933,-1.0,-1.0,-1.0,-1.0,-1.0,-1.0,0.0,0.0,1.0,0.0,0.0,0.0,1.0,1.0,0.0,0.0,0.0,0.0,1.0,0.0
-0.16455696202531644,-0.08950427283393292,0.520167136014714,-1.0,0.638059282516594,-0.0056302762734922185,0.6667206516976163,0.0,0.0,1.0,0.0,0.0,1.0,0.0,1.0,0.0,0.0,0.0,0.0,1.0,0.0
-0.3924050632911392,-1.0,-0.15854496930021933,0.27706600708190665,-1.0,-1.0,0.24643536373456643,0.0,1.0,0.0,0.0,0.0,1.0,0.0,0.0,0.0,1.0,0.0,1.0,0.0,0.0
-0.620253164556962,-1.0,-1.0,-1.0,-1.0,-1.0,-1.0,0.0,0.0,1.0,0.0,1.0,0.0,0.0,0.0,0.0,0.0,1.0,0.0,1.0,0.0
-0.9746835443037974,-1.0,-1.0,-1.0,-1.0,-1.0,-1.0,0.0,1.0,0.0,0.0,0.0,0.0,1.0,0.0,0.0,0.0,1.0,0.0,1.0,0.0
-0.21518987341772156,-1.0,-1.0,-1.0,-1.0,-1.0,-1.0,0.0,1.0,0.0,0.0,0.0,0.0,1.0,1.0,0.0,0.0,0.0,0.0,1.0,0.0
-0.7468354430379747,-1.0,-1.0,-1.0,-1.0,-1.0,-1.0,0.0,0.0,0.0,1.0,0.0,1.0,0.0,0.0,0.0,0.0,1.0,0.0,1.0,0.0
-0.08860759493670889,-1.0,-1.0,-1.0,-1.0,-1.0,-1.0,0.0,1.0,0.0,0.0,0.0,0.0,1.0,0.0,0.0,0.0,1.0,0.0,1.0,0.0
-0.7215189873417722,-1.0,-1.0,-1.0,-1.0,-1.0,-1.0,0.0,1.0,0.0,0.0,0.0,0.0,1.0,0.0,0.0,0.0,1.0,0.0,1.0,0.0
-0.4683544303797469,-1.0,0.21379421497603035,-1.0,0.6492588867867135,-0.31942147560739764,0.5990930441868263,0.0,1.0,0.0,0.0,0.0,1.0,0.0,1.0,0.0,0.0,0.0,0.0,1.0,0.0
-0.5443037974683544,-1.0,-1.0,-1.0,0.06471054611818827,0.5647886456953473,0.5192837081567441,0.0,0.0,1.0,0.0,0.0,1.0,0.0,0.0,0.0,0.0,1.0,0.0,1.0,0.0
-0.31645569620253167,-1.0,-1.0,-1.0,-1.0,-1.0,-1.0,0.0,0.0,0.0,1.0,0.0,0.0,1.0,1.0,0.0,0.0,0.0,0.0,1.0,0.0
0.08860759493670889,0.28761254509867684,0.4150029655218883,-1.0,-1.0,-1.0,0.43561575998244995,0.0,1.0,0.0,0.0,0.0,1.0,0.0,0.0,0.0,0.0,1.0,0.0,1.0,0.0
0.03797468354430378,0.2790629051918003,0.11379541683885996,-1.0,-0.7806552088744709,-1.0,0.2630692473235283,0.0,1.0,0.0,0.0,0.0,1.0,0.0,0.0,0.0,1.0,0.0,0.0,1.0,0.0
-0.9746835443037974,-1.0,-1.0,-1.0,-1.0,-1.0,-1.0,0.0,1.0,0.0,0.0,0.0,0.0,1.0,0.0,0.0,0.0,1.0,0.0,1.0,0.0
0.012658227848101333,-0.7704042582518641,-0.023033035937861435,-1.0,0.4846493025839991,0.39639548441810746,0.5258302319889274,0.0,1.0,0.0,0.0,0.0,1.0,0.0,0.0,0.0,0.0,1.0,0.0,1.0,0.0
-0.49367088607594933,-1.0,-1.0,-1.0,-1.0,-1.0,-1.0,0.0,0.0,1.0,0.0,0.0,0.0,1.0,1.0,0.0,0.0,0.0,0.0,1.0,0.0
0.5696202531645569,-1.0,-1.0,-1.0,-1.0,-1.0,-1.0,0.0,0.0,1.0,0.0,0.0,0.0,1.0,0.0,0.0,0.0,1.0,0.0,1.0,0.0
-0.4683544303797469,0.017251667548541683,-0.08645077497427067,0.12044876945537974,0.04119442890316871,-0.4164445537281488,0.2534768707710904,0.0,1.0,0.0,0.0,0.0,1.0,0.0,0.0,0.0,0.0,1.0,0.0,1.0,0.0
-0.5443037974683544,0.33547754839214616,-0.04100703639475123,-0.5867752468283656,-1.0,-1.0,0.25872178674943225,0.0,1.0,0.0,0.0,0.0,1.0,0.0,0.0,0.0,0.0,1.0,0.0,1.0,0.0
-0.5189873417721519,-1.0,-1.0,-1.0,-1.0,-1.0,-1.0,0.0,1.0,0.0,0.0,0.0,0.0,1.0,0.0,0.0,0.0,1.0,0.0,1.0,0.0
-0.49367088607594933,0.44047284609163295,-0.8644880666376419,0.35656492787980354,-1.0,-1.0,0.43996362748597173,0.0,0.0,0.0,1.0,0.0,1.0,0.0,0.0,0.0,0.0,1.0,0.0,1.0,0.0
-0.012658227848101333,0.5500526939911754,-1.0,0.10729343837235916,0.08574642978544778,-1.0,0.46327124096614014,0.0,1.0,0.0,0.0,0.0,1.0,0.0,1.0,0.0,0.0,0.0,0.0,1.0,0.0
0.240506329113924,-1.0,-0.42435512987010526,-1.0,-1.0,0.2946368663323047,0.25025923032049513,0.0,1.0,0.0,0.0,0.0,1.0,0.0,0.0,0.0,1.0,0.0,0.0,1.0,0.0
0.06329113924050622,0.4556115972655219,-1.0,-1.0,-1.0,-1.0,0.32782759133581085,0.0,0.0,0.0,1.0,0.0,1.0,0.0,0.0,0.0,0.0,1.0,0.0,1.0,0.0
0.1898734177215189,-0.07401666632198345,-0.8644880666376419,-1.0,0.2946978437771306,-0.7252516930079197,0.26001077523741456,0.0,1.0,0.0,0.0,0.0,1.0,0.0,0.0,0.0,1.0,0.0,0.0,1.0,0.0
0.3417721518987342,-1.0,-1.0,-1.0,-1.0,-1.0,-1.0,0.0,1.0,0.0,0.0,0.0,0.0,1.0,0.0,0.0,1.0,0.0,0.0,1.0,0.0
-0.189873417721519,-1.0,0.6266675274544067,0.18507712426263034,0.35658156179328393,-0.7822671181404642,0.638006592232718,0.0,0.0,1.0,0.0,0.0,1.0,0.0,0.0,0.0,0.0,1.0,0.0,1.0,0.0
0.1898734177215189,-0.4639587993442762,-0.5934641999129258,-1.0,0.3138656211375297,-1.0,0.25949622520548155,0.0,1.0,0.0,0.0,0.0,1.0,0.0,0.0,0.0,0.0,1.0,0.0,1.0,0.0
-0.3924050632911392,0.2827054732283698,-1.0,-1.0,-1.0,0.08702647427243382,0.24971763714062,0.0,1.0,0.0,0.0,0.0,1.0,0.0,0.0,0.0,0.0,1.0,0.0,1.0,0.0
-0.31645569620253167,-1.0,-1.0,-1.0,-1.0,-1.0,-1.0,0.0,0.0,1.0,0.0,0.0,0.0,1.0,0.0,0.0,0.0,1.0,0.0,1.0,0.0
0.240506329113924,-1.0,0.4586561716612596,-1.0,-0.40188337906966964,-1.0,0.42445414579411067,0.0,1.0,0.0,0.0,0.0,1.0,0.0,0.0,0.0,0.0,1.0,0.0,1.0,0.0
-0.1392405063291139,0.3294298415260595,-1.0,-1.0,-1.0,0.14567983443022325,0.2972362786668288,0.0,1.0,0.0,0.0,0.0,1.0,0.0,0.0,0.0,0.0,1.0,0.0,1.0,0.0
-0.44303797468354433,-0.296278776647921,0.030884038542284165,-0.7816847539510678,-1.0,0.1725262297188781,0.21791963370296363,0.0,1.0,0.0,0.0,0.0,1.0,0.0,0.0,0.0,1.0,0.0,0.0,1.0,0.0
0.08860759493670889,-1.0,-1.0,0.34525716586646626,-1.0,-0.46329421162663964,0.2936089824375072,0.0,1.0,0.0,0.0,0.0,1.0,0.0,0.0,0.0,0.0,1.0,0.0,1.0,0.0
-0.6455696202531646,-1.0,-1.0,-1.0,-1.0,-1.0,-1.0,0.0,1.0,0.0,0.0,0.0,0.0,1.0,1.0,0.0,0.0,0.0,0.0,1.0,0.0
-0.6962025316455696,-1.0,-1.0,-1.0,-1.0,-1.0,-1.0,0.0,0.0,0.0,1.0,0.0,1.0,0.0,0.0,0.0,0.0,1.0,1.0,0.0,0.0
-0.189873417721519,0.4940759257442584,-1.0,0.39236417452719663,-0.5402745340816825,-1.0,0.48260380654667356,0.0,0.0,0.0,1.0,0.0,1.0,0.0,0.0,0.0,0.0,1.0,0.0,1.0,0.0
-0.36708860759493667,-1.0,-1.0,-1.0,-1.0,-1.0,-1.0,0.0,0.0,0.0,1.0,0.0,1.0,0.0,0.0,0.0,0.0,1.0,0.0,1.0,0.0
-0.9746835443037974,-1.0,-1.0,-1.0,-1.0,-1.0,-1.0,0.0,0.0,0.0,1.0,0.0,0.0,1.0,0.0,0.0,0.0,1.0,0.0,1.0,0.0
0.012658227848101333,0.19340529891784075,-1.0,0.42651410304292425,-0.6786656890936953,-1.0,0.40839784721410477,0.0,0.0,0.0,1.0,0.0,1.0,0.0,0.0,0.0,1.0,0.0,0.0,0.0,1.0
-0.06329113924050633,-1.0,-1.0,-1.0,-1.0,-1.0,-1.0,0.0,1.0,0.0,0.0,0.0,0.0,1.0,0.0,0.0,0.0,1.0,0.0,1.0,0.0
-0.012658227848101333,-1.0,0.6732875505356801,-0.7816847539510678,-0.04581820613847054,-0.18204732211135755,0.6381833896775486,0.0,0.0,1.0,0.0,0.0,1.0,0.0,1.0,0.0,0.0,0.0,0.0,1.0,0.0
-0.08860759493670889,-1.0,-1.0,-1.0,-1.0,-1.0,-1.0,0.0,1.0,0.0,0.0,0.0,0.0,1.0,0.0,0.0,1.0,0.0,0.0,1.0,0.0
-0.5189873417721519,0.32208331881986685,-1.0,0.16634140446260304,-1.0,-0.5645342362809285,0.30100317627942696,0.0,1.0,0.0,0.0,0.0,1.0,0.0,1.0,0.0,0.0,0.0,0.0,1.0,0.0
-0.49367088607594933,-1.0,0.22929140317391283,0.27545170819044285,-0.7232176899759744,-1.0,0.3440400885860717,0.0,1.0,0.0,0.0,0.0,1.0,0.0,0.0,0.0,0.0,1.0,0.0,1.0,0.0
-0.44303797468354433,-1.0,-1.0,-1.0,-1.0,-1.0,-1.0,0.0,0.0,1.0,0.0,0.0,0.0,1.0,1.0,0.0,0.0,0.0,0.0,1.0,0.0
-0.21518987341772156,-1.0,-1.0,-1.0,-1.0,-1.0,-1.0,0.0,0.0,1.0,0.0,0.0,0.0,1.0,0.0,0.0,0.0,1.0,0.0,1.0,0.0
-0.36708860759493667,0.0342267326558634,0.6424368675702923,-1.0,-1.0,0.511405791962734,0.677860650590294,0.0,0.0,1.0,0.0,0.0,1.0,0.0,1.0,0.0,0.0,0.0,0.0,1.0,0.0
-0.4177215189873418,0.3583713218914597,-0.4349254010785184,-1.0,-1.0,-1.0,0.24393603290457144,0.0,1.0,0.0,0.0,0.0,1.0,0.0,1.0,0.0,0.0,0.0,0.0,1.0,0.0
-0.26582278481012656,0.37381402840314926,-1.0,-1.0,0.3076785949137033,-0.0738966794216418,0.39672232139774977,0.0,1.0,0.0,0.0,0.0,1.0,0.0,0.0,0.0,0.0,1.0,0.0,1.0,0.0
-0.36708860759493667,-0.11512657050089148,-1.0,0.6327473390414351,-1.0,-1.0,0.5698429965152072,0.0,0.0,0.0,1.0,0.0,1.0,0.0,0.0,0.0,0.0,1.0,0.0,1.0,0.0
0.08860759493670889,-1.0,-0.4461000078353691,-0.2934844304584865,0.3228008825999982,-0.8626258465039598,0.2755466619768592,0.0,1.0,0.0,0.0,0.0,1.0,0.0,0.0,0.0,0.0,1.0,0.0,1.0,0.0
-0.36708860759493667,-1.0,0.017395766980875083,0.2937126829124652,-1.0,-1.0,0.2865880492117525,0.0,1.0,0.0,0.0,0.0,1.0,0.0,0.0,0.0,0.0,1.0,0.0,1.0,0.0
-0.16455696202531644,-1.0,0.6022612926870199,-1.0,0.46512498618317033,0.23127025160624592,0.6473601962736957,0.0,0.0,1.0,0.0,0.0,1.0,0.0,0.0,0.0,0.0,1.0,0.0,1.0,0.0
-0.2911392405063291,-1.0,0.596958651890914,-0.8622584156094552,0.5938073320444217,0.5286102238575474,0.7291849338957006,0.0,0.0,1.0,0.0,0.0,1.0,0.0,0.0,0.0,0.0,1.0,0.0,1.0,0.0
0.2911392405063291,0.12239380029475377,-0.7289761332752838,-0.43698639210870016,0.26694585203661214,-1.0,0.2750724312071964,0.0,1.0,0.0,0.0,0.0,1.0,0.0,0.0,0.0,0.0,1.0,0.0,1.0,0.0
0.06329113924050622,-1.0,-1.0,-1.0,-1.0,-1.0,-1.0,0.0,0.0,0.0,1.0,0.0,0.0,1.0,0.0,0.0,0.0,1.0,0.0,1.0,0.0
-0.11392405063291144,0.38462120877001005,0.13725915935135236,-0.8622584156094552,0.16900160415775356,-1.0,0.3861499472959957,0.0,1.0,0.0,0.0,0.0,1.0,0.0,0.0,0.0,0.0,1.0,1.0,0.0,0.0
-0.11392405063291144,-1.0,-1.0,-1.0,-1.0,-1.0,-1.0,0.0,1.0,0.0,0.0,1.0,0.0,0.0,0.0,0.0,1.0,0.0,0.0,1.0,0.0
-0.2405063291139241,0.5843746800830163,-1.0,0.2837064039396284,-1.0,-1.0,0.49898510784718453,0.0,0.0,0.0,1.0,0.0,1.0,0.0,0.0,0.0,0.0,1.0,0.0,0.0,1.0
-0.21518987341772156,-1.0,-1.0,-1.0,-1.0,-1.0,-1.0,0.0,0.0,1.0,0.0,0.0,0.0,1.0,0.0,0.0,0.0,1.0,0.0,1.0,0.0
-0.4177215189873418,-1.0,-1.0,-0.6801739453692954,-1.0,0.36218553583640456,0.311092338408792,0.0,1.0,0.0,0.0,0.0,1.0,0.0,0.0,0.0,0.0,1.0,0.0,1.0,0.0
-0.9240506329113924,-1.0,-1.0,-1.0,-1.0,-1.0,-1.0,0.0,1.0,0.0,0.0,0.0,0.0,1.0,0.0,0.0,0.0,1.0,0.0,1.0,0.0
-0.5443037974683544,-0.029382445057654194,-1.0,0.034135529019808875,0.47450738622059085,-0.37857950549977637,0.4410601258719544,0.0,1.0,0.0,0.0,1.0,0.0,0.0,0.0,0.0,1.0,0.0,1.0,0.0,0.0
-0.5696202531645569,-0.012037163643763504,-0.20957379709054347,0.1541888524882522,-1.0,0.2700999766248975,0.3362784229307523,0.0,1.0,0.0,0.0,0.0,1.0,0.0,0.0,0.0,0.0,1.0,0.0,1.0,0.0
-0.26582278481012656,-1.0,-1.0,-1.0,-1.0,-1.0,-1.0,0.0,0.0,0.0,1.0,0.0,0.0,1.0,0.0,0.0,0.0,1.0,0.0,1.0,0.0
-0.189873417721519,-1.0,-1.0,-1.0,0.3267338311711576,-0.7252516930079197,0.2675668767358772,0.0,1.0,0.0,0.0,0.0,1.0,0.0,0.0,0.0,0.0,1.0,0.0,1.0,0.0
0.49367088607594933,0.16130510622586658,0.1602860248234017,-0.6439431695605231,-1.0,-1.0,0.23211627299244952,0.0,1.0,0.0,0.0,0.0,1.0,0.0,1.0,0.0,0.0,0.0,0.0,1.0,0.0
-0.11392405063291144,0.19615516820268275,0.6020994306154781,-1.0,0.15230419384893734,0.1563953634869628,0.6073295266931775,0.0,0.0,1.0,0.0,0.0,1.0,0.0,0.0,0.0,0.0,1.0,0.0,1.0,0.0
0.08860759493670889,0.018853108721271994,-1.0,0.34525716586646626,-0.3080442249399358,-0.3468013544213927,0.32764748676776456,0.0,0.0,0.0,1.0,0.0,1.0,0.0,0.0,0.0,0.0,1.0,0.0,1.0,0.0
-0.2911392405063291,-1.0,-0.21303410679056745,-1.0,0.29530655227618663,-1.0,0.25214278085446273,0.0,1.0,0.0,0.0,0.0,1.0,0.0,0.0,0.0,0.0,1.0,0.0,1.0,0.0
-0.4683544303797469,-1.0,-1.0,-0.33085400079197247,0.2443470935941614,0.11173566168289883,0.2764915990842052,0.0,1.0,0.0,0.0,0.0,1.0,0.0,0.0,0.0,0.0,1.0,0.0,1.0,0.0
-0.4177215189873418,-0.057288776938810404,-0.6853510347334366,-1.0,-0.5848265349639614,0.26413397066445343,0.24615927292440265,0.0,1.0,0.0,0.0,0.0,1.0,0.0,0.0,0.0,1.0,0.0,0.0,1.0,0.0
-0.9493670886075949,-1.0,-1.0,-1.0,-1.0,-1.0,-1.0,0.0,1.0,0.0,0.0,0.0,0.0,1.0,0.0,0.0,0.0,1.0,0.0,1.0,0.0
0.1898734177215189,-1.0,0.6645050503789456,-1.0,0.030037547079654336,-0.2500152028201851,0.6312004889580021,0.0,0.0,1.0,0.0,0.0,1.0,0.0,0.0,0.0,0.0,1.0,0.0,1.0,0.0
-0.11392405063291144,0.4118682202275683,-0.5312057330235879,-0.43698639210870016,-1.0,-1.0,0.2936089824375072,0.0,1.0,0.0,0.0,0.0,1.0,0.0,0.0,0.0,0.0,1.0,0.0,1.0,0.0
-0.4177215189873418,-1.0,0.3736832640750325,-1.0,-1.0,0.3678484642333122,0.460059623524981,0.0,1.0,0.0,0.0,0.0,1.0,0.0,0.0,0.0,0.0,1.0,0.0,1.0,0.0
-0.26582278481012656,-1.0,-1.0,-1.0,-1.0,0.5037215577137124,0.44644996669582526,0.0,1.0,0.0,0.0,0.0,1.0,0.0,0.0,0.0,0.0,1.0,0.0,1.0,0.0
-0.4177215189873418,0.2352799561855754,0.010842000425844489,0.10501365313024946,-0.8616088449879872,-0.08338121688113975,0.2978692864573731,0.0,1.0,0.0,0.0,0.0,1.0,0.0,0.0,0.0,0.0,1.0,0.0,1.0,0.0
0.06329113924050622,-1.0,-1.0,-1.0,-1.0,-1.0,-1.0,0.0,0.0,0.0,1.0,0.0,0.0,1.0,0.0,0.0,0.0,1.0,0.0,1.0,0.0
0.6708860759493671,0.3406721915634512,0.5334911888396776,-1.0,-0.42291926273692904,-1.0,0.5372677753238306,0.0,1.0,0.0,0.0,0.0,1.0,0.0,0.0,0.0,0.0,1.0,0.0,1.0,0.0
-0.4177215189873418,-1.0,-1.0,-0.4490336624378206,-1.0,0.431577819634023,0.3791283923881734,0.0,1.0,0.0,0.0,0.0,1.0,0.0,0.0,0.0,0.0,1.0,0.0,1.0,0.0
-0.2405063291139241,0.32798105201219396,-1.0,-1.0,-0.34950071834211405,-0.7822671181404642,0.2201493745726053,0.0,1.0,0.0,0.0,0.0,1.0,0.0,0.0,0.0,0.0,1.0,0.0,1.0,0.0
0.1898734177215189,-0.04180117042686071,0.18041822097586668,-0.03736749843806331,-0.34950071834211405,-0.20221953353127442,0.25480168966136607,0.0,1.0,0.0,0.0,0.0,1.0,0.0,0.0,0.0,1.0,0.0,0.0,1.0,0.0
-0.36708860759493667,0.02044237151630557,-0.056053104200309845,0.19504006782168704,0.05482455485598203,-0.5436529399901353,0.2901308349499321,0.0,1.0,0.0,0.0,0.0,1.0,0.0,0.0,0.0,0.0,1.0,0.0,1.0,0.0
0.4430379746835442,-1.0,-1.0,-1.0,-1.0,-1.0,-1.0,0.0,0.0,1.0,0.0,0.0,0.0,1.0,1.0,0.0,0.0,0.0,0.0,1.0,0.0
0.06329113924050622,0.6093565674927452,0.8265854996236177,-1.0,0.5040421103790849,0.2090161737549363,0.8447629900478779,0.0,0.0,1.0,0.0,0.0,1.0,0.0,0.0,0.0,0.0,1.0,0.0,1.0,0.0
-0.26582278481012656,0.6724594482741406,0.4999515444090763,-1.0,-1.0,0.48331961185092154,0.6855396267318044,0.0,0.0,1.0,0.0,0.0,1.0,0.0,1.0,0.0,0.0,0.0,0.0,1.0,0.0
0.08860759493670889,-1.0,-1.0,-1.0,-1.0,-1.0,-1.0,0.0,1.0,0.0,0.0,0.0,0.0,1.0,0.0,0.0,0.0,1.0,0.0,1.0,0.0
-0.5189873417721519,-1.0,0.13784014757757346,0.23850646516066298,-0.8616088449879872,-1.0,0.285017134263297,0.0,1.0,0.0,0.0,0.0,1.0,0.0,1.0,0.0,0.0,0.0,0.0,1.0,0.0
0.11392405063291133,-1.0,0.21884222357311423,-0.032727931260295384,0.09998372163863856,-1.0,0.2936089824375072,0.0,1.0,0.0,0.0,0.0,1.0,0.0,0.0,0.0,0.0,1.0,0.0,1.0,0.0
0.11392405063291133,0.3608704494351427,-1.0,-1.0,-1.0,-0.39660911215985917,0.24698634871665126,0.0,1.0,0.0,0.0,0.0,1.0,0.0,1.0,0.0,0.0,0.0,0.0,1.0,0.0
-0.3924050632911392,-1.0,-1.0,-1.0,-1.0,-1.0,-1.0,0.0,0.0,1.0,0.0,1.0,0.0,0.0,0.0,0.0,0.0,1.0,0.0,1.0,0.0
-0.03797468354430378,-1.0,-1.0,-1.0,-1.0,-1.0,-1.0,0.0,1.0,0.0,0.0,0.0,0.0,1.0,1.0,0.0,0.0,0.0,0.0,1.0,0.0
-0.26582278481012656,-1.0,-1.0,-1.0,-1.0,-1.0,-1.0,0.0,0.0,1.0,0.0,0.0,0.0,1.0,0.0,0.0,0.0,1.0,0.0,1.0,0.0
-0.4177215189873418,0.36638655690884536,-1.0,-1.0,0.1340818661261043,0.461818780794943,0.49751240318010015,0.0,0.0,0.0,1.0,0.0,1.0,0.0,0.0,0.0,0.0,1.0,0.0,1.0,0.0
-0.620253164556962,0.2236342109339562,0.4457612310385506,-1.0,-1.0,-1.0,0.44673962084792285,0.0,1.0,0.0,0.0,0.0,1.0,0.0,0.0,0.0,0.0,1.0,0.0,1.0,0.0
-0.4683544303797469,0.4364022366667817,-1.0,-0.3684600007794333,-0.7232176899759744,-1.0,0.3153678435620455,0.0,1.0,0.0,0.0,0.0,1.0,0.0,0.0,0.0,0.0,1.0,0.0,1.0,0.0
-0.31645569620253167,0.3209587221129069,-1.0,0.3142057646215082,-1.0,-1.0,0.3669164016149582,0.0,0.0,0.0,1.0,0.0,1.0,0.0,0.0,0.0,0.0,1.0,0.0,1.0,0.0
-0.08860759493670889,-0.6255454734896567,0.25828280672515325,-0.10802221712786952,-0.6422640538624581,-0.8626258465039598,0.2550655522240399,0.0,1.0,0.0,0.0,0.0,1.0,0.0,0.0,0.0,0.0,1.0,0.0,1.0,0.0
-0.5189873417721519,0.2277844447782067,-1.0,-1.0,-1.0,0.12026123464521166,0.23181862941739362,0.0,1.0,0.0,0.0,0.0,1.0,0.0,1.0,0.0,0.0,0.0,0.0,1.0,0.0
-0.4683544303797469,-1.0,0.24297338532262702,-0.8622584156094552,-0.3921421186822598,-1.0,0.2188784320580779,0.0,1.0,0.0,0.0,0.0,1.0,0.0,0.0,0.0,1.0,0.0,0.0,1.0,0.0
0.5696202531645569,0.416440370295625,-0.45795226655056753,-1.0,-1.0,-0.8626258465039598,0.29553790956252945,0.0,1.0,0.0,0.0,0.0,1.0,0.0,0.0,0.0,0.0,1.0,0.0,1.0,0.0
-0.5189873417721519,-1.0,-1.0,-1.0,-1.0,-1.0,-1.0,0.0,1.0,0.0,0.0,0.0,0.0,1.0,0.0,0.0,1.0,0.0,0.0,1.0,0.0
-0.26582278481012656,-1.0,-1.0,-1.0,-1.0,-1.0,-1.0,0.0,0.0,0.0,1.0,0.0,0.0,1.0,1.0,0.0,0.0,0.0,0.0,1.0,0.0
0.1898734177215189,0.43070024256275286,0.42686349159703063,-1.0,-1.0,-1.0,0.48514466109897203,0.0,1.0,0.0,0.0,0.0,1.0,0.0,0.0,0.0,0.0,1.0,0.0,1.0,0.0
0.49367088607594933,-1.0,-1.0,-1.0,-1.0,0.3136049585512928,0.26357425601910145,0.0,1.0,0.0,0.0,0.0,1.0,0.0,0.0,0.0,0.0,1.0,0.0,1.0,0.0
-0.5443037974683544,0.6665021693721456,-0.6497067338580801,-0.21867114605976812,-1.0,-0.5436529399901353,0.5243590837941694,0.0,0.0,0.0,1.0,0.0,1.0,0.0,1.0,0.0,0.0,0.0,0.0,1.0,0.0
-0.26582278481012656,-1.0,-0.6497067338580801,-0.6133104850891911,-1.0,-1.0,-0.5262757286689363,0.0,1.0,0.0,0.0,0.0,1.0,0.0,0.0,0.0,0.0,1.0,0.0,1.0,0.0
-0.012658227848101333,0.07817574986242226,-1.0,0.29043292338112625,-0.8616088449879872,0.32030639575954845,0.40839784721410477,0.0,0.0,0.0,1.0,1.0,0.0,0.0,0.0,0.0,1.0,0.0,0.0,1.0,0.0
-1.0,-1.0,-1.0,-1.0,-1.0,-1.0,-1.0,0.0,1.0,0.0,0.0,0.0,1.0,0.0,0.0,0.0,0.0,1.0,0.0,1.0,0.0
-1.0,-1.0,-1.0,-1.0,-1.0,-1.0,-1.0,0.0,0.0,0.0,1.0,0.0,1.0,0.0,0.0,0.0,0.0,1.0,0.0,1.0,0.0
-0.6708860759493671,-1.0,-1.0,-1.0,-1.0,-1.0,-1.0,0.0,1.0,0.0,0.0,0.0,0.0,1.0,0.0,0.0,0.0,1.0,0.0,1.0,0.0
-0.36708860759493667,0.5839479580350031,-1.0,0.011002568586273354,0.09424372207988507,-0.3326389730944991,0.48260380654667356,0.0,0.0,0.0,1.0,0.0,1.0,0.0,0.0,0.0,0.0,1.0,0.0,1.0,0.0
-0.06329113924050633,0.29960689666652374,-1.0,0.03193971550965857,-0.8616088449879872,-1.0,0.24393603290457144,0.0,1.0,0.0,0.0,0.0,1.0,0.0,0.0,0.0,1.0,0.0,0.0,1.0,0.0
-0.4177215189873418,-1.0,-1.0,-1.0,-1.0,-1.0,-1.0,0.0,0.0,0.0,1.0,0.0,0.0,1.0,0.0,0.0,0.0,1.0,0.0,1.0,0.0
0.2911392405063291,-1.0,-1.0,-1.0,-1.0,-1.0,-1.0,0.0,0.0,1.0,0.0,0.0,0.0,1.0,0.0,0.0,0.0,1.0,0.0,1.0,0.0
-0.44303797468354433,-0.5654236457133779,-0.19313534636045526,-0.06412639356068006,0.31051466863783306,-1.0,0.29403932273558775,0.0,1.0,0.0,0.0,0.0,1.0,0.0,0.0,0.0,0.0,1.0,0.0,1.0,0.0
-0.012658227848101333,-1.0,-1.0,-1.0,-1.0,-1.0,-1.0,0.0,0.0,1.0,0.0,0.0,0.0,1.0,0.0,0.0,0.0,1.0,0.0,1.0,0.0
-0.189873417721519,0.18420979988840713,-1.0,0.26886008891948054,0.2995163276064905,-0.2640108285545778,0.4054255283347832,0.0,0.0,0.0,1.0,0.0,1.0,0.0,0.0,0.0,0.0,1.0,0.0,1.0,0.0
-1.0,-1.0,-1.0,-1.0,-1.0,-1.0,-1.0,0.0,1.0,0.0,0.0,0.0,1.0,0.0,1.0,0.0,0.0,0.0,0.0,1.0,0.0
-0.189873417721519,-1.0,0.6926593516479835,-1.0,-0.18253858794414057,-0.04627794669504215,0.6564690195631149,0.0,0.0,1.0,0.0,0.0,1.0,0.0,1.0,0.0,0.0,0.0,0.0,1.0,0.0
0.7468354430379747,-1.0,0.09450489696760678,-1.0,0.04864912753319017,0.8052542471005202,0.7459463576364389,0.0,0.0,1.0,0.0,0.0,1.0,0.0,0.0,0.0,0.0,1.0,0.0,0.0,1.0
-0.31645569620253167,-0.06668303489978522,0.05357642592719847,-1.0,-1.0,0.22357655585356095,0.2705074081100842,0.0,1.0,0.0,0.0,0.0,1.0,0.0,0.0,0.0,0.0,1.0,0.0,1.0,0.0
-0.1392405063291139,-0.5933299775945341,0.3252686775567568,-1.0,-0.5212452626117072,0.5256647801694323,0.5324673263070547,1.0,0.0,0.0,0.0,0.0,1.0,0.0,0.0,0.0,0.0,1.0,0.0,1.0,0.0
-0.7215189873417722,-1.0,-1.0,-1.0,-1.0,-1.0,-1.0,0.0,0.0,0.0,1.0,0.0,1.0,0.0,0.0,0.0,0.0,1.0,0.0,1.0,0.0
-0.012658227848101333,-1.0,-1.0,-1.0,0.34625814757198636,-0.8626258465039598,0.28569196920193196,1.0,0.0,0.0,0.0,0.0,1.0,0.0,0.0,0.0,0.0,1.0,0.0,1.0,0.0
-0.3924050632911392,-1.0,-1.0,-1.0,-1.0,-1.0,-1.0,0.0,1.0,0.0,0.0,0.0,0.0,1.0,0.0,0.0,1.0,0.0,0.0,1.0,0.0
0.4430379746835442,-1.0,-1.0,-1.0,-1.0,-1.0,-1.0,0.0,0.0,1.0,0.0,0.0,0.0,1.0,1.0,0.0,0.0,0.0,0.0,1.0,0.0
0.5949367088607596,0.5340039961398477,-1.0,-1.0,-1.0,-0.8626258465039598,0.3994618164569277,0.0,1.0,0.0,0.0,0.0,1.0,0.0,0.0,0.0,0.0,1.0,0.0,1.0,0.0
-0.3924050632911392,-1.0,-1.0,-1.0,-1.0,-1.0,-1.0,0.0,1.0,0.0,0.0,0.0,0.0,1.0,0.0,0.0,0.0,1.0,0.0,1.0,0.0
-0.6708860759493671,-1.0,-1.0,-1.0,-1.0,-1.0,-1.0,0.0,0.0,1.0,0.0,0.0,0.0,1.0,1.0,0.0,0.0,0.0,0.0,1.0,0.0
-0.5949367088607596,-1.0,-0.2514914402879457,-0.7816847539510678,0.7077260945741934,0.019021209990922827,0.6384306309716163,0.0,0.0,1.0,0.0,0.0,1.0,0.0,0.0,0.0,0.0,1.0,0.0,1.0,0.0
0.26582278481012667,-1.0,-1.0,-1.0,-1.0,-1.0,-1.0,0.0,0.0,1.0,0.0,0.0,0.0,1.0,0.0,0.0,0.0,1.0,0.0,1.0,0.0
-0.4177215189873418,-0.13413849409826228,-1.0,-1.0,-0.8616088449879872,0.5256647801694323,0.47293036473735794,0.0,1.0,0.0,0.0,0.0,1.0,0.0,1.0,0.0,0.0,0.0,0.0,1.0,0.0
-0.4177215189873418,-0.4340525761212535,-1.0,0.208653072279116,-0.0727184083180884,0.15170428033974126,0.29425412914828364,0.0,1.0,0.0,0.0,0.0,1.0,0.0,0.0,0.0,0.0,1.0,0.0,1.0,0.0
0.1898734177215189,-1.0,0.12464172394804507,-1.0,0.3559096949796621,0.38630239375619024,0.47518748302165537,0.0,0.0,1.0,0.0,0.0,1.0,0.0,0.0,0.0,0.0,1.0,0.0,1.0,0.0
-0.3417721518987342,0.31982804099379947,0.02886853209083906,-0.3176011508255203,-1.0,-0.8626258465039598,0.2685521020350963,0.0,1.0,0.0,0.0,0.0,1.0,0.0,0.0,0.0,0.0,1.0,0.0,1.0,0.0
-0.189873417721519,-1.0,-0.4840579735152838,-1.0,0.5319139386617879,0.14321782749006529,0.4901269793515406,0.0,0.0,1.0,0.0,0.0,1.0,0.0,0.0,0.0,0.0,1.0,0.0,1.0,0.0
-0.49367088607594933,-1.0,0.2012030021459288,-1.0,-0.6422640538624581,0.07252877346080577,0.24726124518980264,0.0,1.0,0.0,0.0,0.0,1.0,0.0,0.0,0.0,0.0,1.0,0.0,1.0,0.0
-0.1392405063291139,0.074541100851655,0.3951995537554287,-1.0,0.6522813223753514,0.7581235820957186,0.7980087603642128,1.0,0.0,0.0,0.0,0.0,1.0,0.0,0.0,0.0,0.0,1.0,0.0,1.0,0.0
-0.5949367088607596,0.42529510377143054,-1.0,0.07361519082986479,0.09004027770682299,-1.0,0.3770539358898706,0.0,0.0,0.0,1.0,0.0,1.0,0.0,0.0,0.0,0.0,1.0,0.0,1.0,0.0
-0.5696202531645569,0.526127188192496,-0.5312057330235879,-1.0,-1.0,-1.0,0.39343315059228146,0.0,0.0,0.0,1.0,0.0,1.0,0.0,0.0,0.0,0.0,1.0,0.0,1.0,0.0
-0.16455696202531644,-1.0,-1.0,-1.0,-1.0,-1.0,-1.0,0.0,1.0,0.0,0.0,0.0,0.0,1.0,1.0,0.0,0.0,0.0,0.0,1.0,0.0
-0.1392405063291139,-1.0,-1.0,-1.0,-1.0,-1.0,-1.0,0.0,0.0,0.0,1.0,0.0,0.0,1.0,0.0,0.0,0.0,1.0,1.0,0.0,0.0
-0.03797468354430378,0.4300321960149798,-1.0,0.17187711341035383,-1.0,-1.0,0.3669164016149582,0.0,0.0,0.0,1.0,0.0,1.0,0.0,0.0,0.0,0.0,1.0,0.0,0.0,1.0
-0.49367088607594933,0.3862776537726158,-1.0,-0.07141965617655444,0.06081469113432347,-1.0,0.32944092117096035,0.0,1.0,0.0,0.0,0.0,1.0,0.0,0.0,0.0,0.0,1.0,0.0,1.0,0.0
-0.5443037974683544,-0.6255454734896567,-0.363034326141483,0.2767441947027103,-1.0,0.37738517042435515,0.4168208625468337,0.0,0.0,0.0,1.0,0.0,1.0,0.0,0.0,0.0,0.0,1.0,0.0,1.0,0.0
-0.7468354430379747,-1.0,-1.0,-1.0,-1.0,-1.0,-1.0,0.0,1.0,0.0,0.0,0.0,1.0,0.0,0.0,0.0,0.0,1.0,0.0,1.0,0.0
0.36708860759493667,-1.0,-1.0,-1.0,-1.0,-1.0,-1.0,0.0,0.0,1.0,0.0,0.0,0.0,1.0,1.0,0.0,0.0,0.0,0.0,1.0,0.0
-0.11392405063291144,-1.0,-1.0,-1.0,-1.0,-1.0,-1.0,0.0,0.0,0.0,1.0,0.0,0.0,1.0,0.0,0.0,0.0,1.0,0.0,1.0,0.0
-0.3924050632911392,-0.3191000145820688,0.5834228764064813,-1.0,0.7394254399591402,0.02918697722497643,0.7475063718330397,0.0,0.0,1.0,0.0,1.0,0.0,0.0,1.0,0.0,0.0,0.0,0.0,1.0,0.0
-0.44303797468354433,-1.0,-1.0,-1.0,-1.0,-1.0,-1.0,0.0,0.0,0.0,1.0,0.0,0.0,1.0,0.0,0.0,0.0,1.0,0.0,1.0,0.0
-0.5443037974683544,0.20154868174783136,-0.8644880666376419,0.29954064021044036,0.12785291692407785,-1.0,0.36529642478936664,1.0,0.0,0.0,0.0,0.0,1.0,0.0,0.0,0.0,0.0,1.0,0.0,1.0,0.0
-0.5949367088607596,-1.0,-1.0,-1.0,-1.0,-1.0,-1.0,0.0,1.0,0.0,0.0,0.0,0.0,1.0,0.0,0.0,1.0,0.0,0.0,1.0,0.0
-0.36708860759493667,-1.0,-1.0,-1.0,-1.0,-1.0,-1.0,0.0,0.0,1.0,0.0,0.0,0.0,1.0,1.0,0.0,0.0,0.0,0.0,1.0,0.0
-0.5949367088607596,-1.0,-1.0,-1.0,-1.0,-1.0,-1.0,0.0,1.0,0.0,0.0,0.0,0.0,1.0,1.0,0.0,0.0,0.0,1.0,0.0,0.0
-0.5443037974683544,-1.0,0.2184585092315967,-1.0,-0.23997610684263726,0.10053556267817454,0.27672710334034045,0.0,1.0,0.0,0.0,0.0,1.0,0.0,0.0,0.0,0.0,1.0,0.0,1.0,0.0
-0.16455696202531644,-1.0,0.47358561859289394,-1.0,0.45100675043333394,-0.46329421162663964,0.5458333815586613,0.0,0.0,1.0,0.0,0.0,1.0,0.0,0.0,0.0,0.0,1.0,0.0,1.0,0.0
-0.189873417721519,-1.0,0.3996587084735237,-1.0,0.6005737167312668,0.15229677408444053,0.6098885002974568,0.0,0.0,1.0,0.0,0.0,1.0,0.0,0.0,0.0,0.0,1.0,0.0,1.0,0.0
-0.5189873417721519,-1.0,-1.0,-1.0,0.010778653694732743,0.28213431569595904,0.27483487270779894,0.0,1.0,0.0,0.0,0.0,1.0,0.0,0.0,0.0,0.0,1.0,0.0,1.0,0.0
0.06329113924050622,-0.6636483178693894,-1.0,-1.0,-1.0,0.32307479519781834,0.273642619471695,0.0,1.0,0.0,0.0,0.0,1.0,0.0,0.0,0.0,0.0,1.0,0.0,1.0,0.0
-0.5443037974683544,-1.0,-1.0,-1.0,-1.0,-1.0,-1.0,0.0,0.0,0.0,1.0,0.0,0.0,1.0,0.0,0.0,0.0,1.0,0.0,1.0,0.0
-0.5189873417721519,-1.0,-0.6853510347334366,-0.065924768736902,-1.0,0.29026165532034165,0.2707504172839674,0.0,1.0,0.0,0.0,0.0,1.0,0.0,0.0,0.0,0.0,1.0,0.0,1.0,0.0
-0.21518987341772156,0.39621211350907526,-1.0,-0.15292408815823577,0.27585137979714824,-1.0,0.38930545113483284,0.0,0.0,0.0,1.0,0.0,1.0,0.0,1.0,0.0,0.0,0.0,0.0,1.0,0.0
-0.5443037974683544,0.24791639909755392,-0.25578836917431313,0.16801836885104082,-1.0,-1.0,0.2724428630192193,0.0,1.0,0.0,0.0,0.0,1.0,0.0,0.0,0.0,0.0,1.0,0.0,1.0,0.0
-0.31645569620253167,-1.0,-1.0,-1.0,-1.0,-1.0,-1.0,0.0,1.0,0.0,0.0,0.0,0.0,1.0,0.0,0.0,1.0,0.0,0.0,1.0,0.0
-0.31645569620253167,-1.0,0.5863699083062182,-1.0,-0.12262083549788372,0.2851834375296096,0.5847713813674933,0.0,0.0,1.0,0.0,0.0,1.0,0.0,0.0,0.0,0.0,1.0,0.0,0.0,1.0
-0.2911392405063291,-1.0,-0.11177499231380461,0.4222239327003885,-1.0,-1.0,0.37774793254669525,0.0,1.0,0.0,0.0,0.0,1.0,0.0,0.0,0.0,0.0,1.0,0.0,1.0,0.0
-0.8481012658227848,-1.0,-1.0,-1.0,-1.0,-1.0,-1.0,0.0,0.0,1.0,0.0,0.0,1.0,0.0,0.0,0.0,0.0,1.0,0.0,1.0,0.0
-0.3924050632911392,-1.0,-1.0,-1.0,-1.0,-1.0,-1.0,0.0,0.0,1.0,0.0,0.0,0.0,1.0,1.0,0.0,0.0,0.0,0.0,1.0,0.0
-0.16455696202531644,-1.0,-0.34168560311267027,-1.0,0.7631313236683948,0.2483825152434851,0.6987972080478089,0.0,0.0,1.0,0.0,0.0,1.0,0.0,0.0,0.0,0.0,1.0,0.0,1.0,0.0
0.5443037974683544,0.4337898645210947,0.17901340730794946,0.3676717850287967,-1.0,-0.029301978933343964,0.48974239041518386,0.0,0.0,0.0,1.0,0.0,1.0,0.0,0.0,0.0,0.0,1.0,0.0,1.0,0.0
-0.03797468354430378,-1.0,-1.0,-1.0,-1.0,-1.0,-1.0,0.0,1.0,0.0,0.0,0.0,0.0,1.0,1.0,0.0,0.0,0.0,0.0,1.0,0.0
0.6455696202531644,-1.0,-1.0,-1.0,-1.0,-1.0,-1.0,0.0,0.0,1.0,0.0,0.0,0.0,1.0,1.0,0.0,0.0,0.0,0.0,1.0,0.0
-0.6455696202531646,-1.0,-1.0,-1.0,-1.0,-1.0,-1.0,0.0,0.0,1.0,0.0,0.0,0.0,1.0,1.0,0.0,0.0,0.0,0.0,1.0,0.0
-0.5949367088607596,-0.19986352748682001,-1.0,0.2786672977829394,-1.0,0.2558892181671124,0.3566741554266999,0.0,1.0,0.0,0.0,0.0,1.0,0.0,0.0,0.0,0.0,1.0,0.0,1.0,0.0
-0.44303797468354433,-1.0,-1.0,-1.0,-1.0,-1.0,-1.0,0.0,1.0,0.0,0.0,0.0,0.0,1.0,1.0,0.0,0.0,0.0,0.0,1.0,0.0
0.1898734177215189,-0.4340525761212535,-0.7289761332752838,-1.0,0.48757086822091655,-1.0,0.422272878621454,0.0,1.0,0.0,0.0,0.0,1.0,0.0,0.0,0.0,1.0,0.0,0.0,1.0,0.0
-0.06329113924050633,-0.8551412152377926,0.6429193190404057,-0.8622584156094552,0.8224060603155721,-0.7252516930079197,0.8155190567025212,0.0,0.0,1.0,0.0,0.0,1.0,0.0,1.0,0.0,0.0,0.0,0.0,1.0,0.0
-0.012658227848101333,-1.0,-1.0,-1.0,-1.0,-1.0,-1.0,0.0,0.0,1.0,0.0,0.0,0.0,1.0,0.0,0.0,0.0,1.0,0.0,1.0,0.0
-0.3417721518987342,-1.0,-1.0,-0.5633695079021357,-0.3828541075996944,0.7249393901284586,0.660157928296329,0.0,0.0,1.0,0.0,0.0,1.0,0.0,0.0,0.0,0.0,1.0,0.0,1.0,0.0
-0.44303797468354433,0.44756490358065437,-0.0977328892368512,-1.0,-0.5402745340816825,-1.0,0.3398610376183213,0.0,1.0,0.0,0.0,0.0,1.0,0.0,0.0,0.0,0.0,1.0,0.0,1.0,0.0
-0.3924050632911392,-1.0,-1.0,-1.0,-1.0,-1.0,-1.0,0.0,1.0,0.0,0.0,0.0,0.0,1.0,0.0,0.0,0.0,1.0,0.0,1.0,0.0
0.5189873417721518,-1.0,0.7379349542214935,0.7271969857079983,0.46512498618317033,-1.0,0.8298948546424956,0.0,0.0,1.0,0.0,0.0,1.0,0.0,0.0,0.0,0.0,1.0,0.0,1.0,0.0
-0.31645569620253167,-0.21395788183585684,-1.0,0.2937126829124652,-0.14613695271290328,-1.0,0.2707504172839674,0.0,1.0,0.0,0.0,0.0,1.0,0.0,0.0,0.0,0.0,1.0,0.0,1.0,0.0
0.7974683544303798,-1.0,-1.0,-1.0,-1.0,-1.0,-1.0,0.0,0.0,1.0,0.0,0.0,1.0,0.0,0.0,0.0,0.0,1.0,0.0,0.0,1.0
-0.21518987341772156,-1.0,0.42844438210542335,-0.15860216303498265,-0.6114869098077889,-1.0,0.40216250216539096,1.0,0.0,0.0,0.0,0.0,1.0,0.0,0.0,0.0,0.0,1.0,0.0,1.0,0.0
-0.08860759493670889,-1.0,0.23431375921633224,-1.0,0.7110490009775532,-0.37857950549977637,0.6534590966862002,0.0,0.0,1.0,0.0,0.0,1.0,0.0,0.0,1.0,0.0,0.0,0.0,1.0,0.0
-0.16455696202531644,-1.0,-1.0,-1.0,-1.0,-1.0,-1.0,0.0,0.0,1.0,0.0,0.0,0.0,1.0,1.0,0.0,0.0,0.0,0.0,1.0,0.0
-0.012658227848101333,-0.20445683437311757,0.44491880636805625,-1.0,-0.6114869098077889,-1.0,0.41477826438761767,0.0,1.0,0.0,0.0,0.0,1.0,0.0,0.0,0.0,0.0,1.0,0.0,1.0,0.0
-0.189873417721519,-1.0,-0.7852186672204382,-0.8622584156094552,-1.0,0.3441559291763219,0.2936089824375072,0.0,1.0,0.0,0.0,0.0,1.0,0.0,0.0,0.0,0.0,1.0,0.0,1.0,0.0
-0.7468354430379747,-1.0,-1.0,-1.0,-1.0,-1.0,-1.0,0.0,1.0,0.0,0.0,0.0,1.0,0.0,0.0,0.0,0.0,1.0,0.0,1.0,0.0
-0.44303797468354433,-1.0,-1.0,-1.0,-1.0,-1.0,-1.0,0.0,1.0,0.0,0.0,0.0,0.0,1.0,0.0,0.0,1.0,0.0,0.0,1.0,0.0
-0.3417721518987342,-1.0,-1.0,-1.0,-1.0,-1.0,-1.0,0.0,1.0,0.0,0.0,0.0,0.0,1.0,0.0,0.0,0.0,1.0,0.0,1.0,0.0
-0.2911392405063291,-1.0,0.5729317719917166,-1.0,0.4470669647217962,0.17037781832851184,0.6194825080628277,0.0,0.0,1.0,0.0,0.0,1.0,0.0,0.0,0.0,0.0,1.0,0.0,0.0,1.0
-0.44303797468354433,-1.0,-0.37070206946687334,-1.0,0.033450557250103596,0.32081262594537074,0.31382418596927875,0.0,1.0,0.0,0.0,0.0,1.0,0.0,0.0,0.0,0.0,1.0,0.0,1.0,0.0
-0.5696202531645569,-1.0,-0.8644880666376419,0.2480346133116076,0.15600163716560833,-1.0,0.28836767166671073,0.0,1.0,0.0,0.0,0.0,1.0,0.0,0.0,0.0,0.0,1.0,0.0,1.0,0.0
-0.3417721518987342,-1.0,-0.16663587814632774,-1.0,-0.25375096367024685,-1.0,-0.1004622086019139,0.0,0.0,1.0,0.0,0.0,1.0,0.0,0.0,0.0,0.0,1.0,0.0,1.0,0.0
-1.0,-1.0,-1.0,-1.0,-1.0,-1.0,-1.0,0.0,0.0,0.0,1.0,0.0,1.0,0.0,0.0,0.0,0.0,1.0,0.0,1.0,0.0
-0.5189873417721519,-0.19536900909227262,-1.0,0.2948920282180001,-1.0,-1.0,0.25480168966136607,0.0,1.0,0.0,0.0,0.0,1.0,0.0,0.0,0.0,0.0,1.0,0.0,1.0,0.0
0.4177215189873418,0.140091468914203,-1.0,0.43336716493921124,-1.0,0.02017683431467887,0.4247791939054193,0.0,0.0,0.0,1.0,0.0,1.0,0.0,0.0,0.0,1.0,0.0,0.0,1.0,0.0
-0.8987341772151899,-1.0,-1.0,-1.0,-1.0,-1.0,-1.0,0.0,1.0,0.0,0.0,1.0,0.0,0.0,0.0,0.0,0.0,1.0,0.0,1.0,0.0
-0.03797468354430378,-1.0,-1.0,-1.0,-1.0,-1.0,-1.0,0.0,0.0,1.0,0.0,0.0,0.0,1.0,1.0,0.0,0.0,0.0,0.0,1.0,0.0
-0.26582278481012656,-1.0,0.5865453254505517,-1.0,-0.04581820613847054,0.3636165096341888,0.6008636464523278,0.0,0.0,1.0,0.0,0.0,1.0,0.0,1.0,0.0,0.0,0.0,0.0,1.0,0.0
0.240506329113924,0.40241243132333526,-0.8644880666376419,0.2992532661896796,0.1340818661261043,-0.4769678405233547,0.4307471924694395,0.0,1.0,0.0,0.0,0.0,1.0,0.0,0.0,0.0,0.0,1.0,0.0,1.0,0.0
0.3924050632911391,0.23809274495016575,-0.8644880666376419,-0.8622584156094552,0.23958369709226313,-1.0,0.2907878396361492,0.0,1.0,0.0,0.0,0.0,1.0,0.0,0.0,0.0,0.0,1.0,0.0,1.0,0.0
-0.5696202531645569,-1.0,-1.0,-1.0,-1.0,-1.0,-1.0,0.0,1.0,0.0,0.0,0.0,0.0,1.0,0.0,0.0,0.0,1.0,0.0,1.0,0.0
-0.6962025316455696,-1.0,-1.0,-1.0,-1.0,-1.0,-1.0,0.0,1.0,0.0,0.0,0.0,0.0,1.0,0.0,0.0,0.0,1.0,0.0,1.0,0.0
-0.7215189873417722,-1.0,-1.0,-1.0,-1.0,-1.0,-1.0,0.0,1.0,0.0,0.0,0.0,0.0,1.0,1.0,0.0,0.0,0.0,0.0,1.0,0.0
0.7721518987341771,-1.0,-1.0,-1.0,-1.0,-1.0,-1.0,0.0,0.0,1.0,0.0,0.0,0.0,1.0,0.0,0.0,0.0,1.0,0.0,1.0,0.0
-0.49367088607594933,-1.0,-1.0,-1.0,-1.0,-1.0,-1.0,0.0,0.0,1.0,0.0,0.0,0.0,1.0,0.0,0.0,0.0,1.0,0.0,1.0,0.0
-0.31645569620253167,-1.0,-1.0,-1.0,-1.0,-1.0,-1.0,0.0,0.0,1.0,0.0,0.0,0.0,1.0,1.0,0.0,0.0,0.0,0.0,1.0,0.0
0.03797468354430378,-1.0,0.7898733742017501,-1.0,0.3837164780645139,0.4575537894111681,0.79138441510971,0.0,0.0,1.0,0.0,0.0,1.0,0.0,1.0,0.0,0.0,0.0,0.0,0.0,1.0
-0.31645569620253167,-1.0,-0.12027643581195502,0.34616767880292265,-0.29015259890148426,-1.0,0.3165174390321084,0.0,1.0,0.0,0.0,0.0,1.0,0.0,0.0,0.0,0.0,1.0,0.0,1.0,0.0
0.1898734177215189,0.5783197946908103,-0.42435512987010526,-1.0,-0.10158495183062433,0.6632186969521687,0.6714688835930578,0.0,0.0,1.0,0.0,0.0,1.0,0.0,1.0,0.0,0.0,0.0,0.0,1.0,0.0
-0.4683544303797469,0.015637859912279062,-0.08283025679667244,-0.5633695079021357,-0.7232176899759744,0.24058025334643274,0.2670723481288735,0.0,1.0,0.0,0.0,0.0,1.0,0.0,0.0,0.0,0.0,1.0,0.0,1.0,0.0
-0.7215189873417722,-1.0,-1.0,-1.0,-1.0,-1.0,-1.0,0.0,1.0,0.0,0.0,0.0,1.0,0.0,0.0,0.0,0.0,1.0,0.0,1.0,0.0
0.1898734177215189,-1.0,-1.0,-1.0,-1.0,-1.0,-1.0,0.0,1.0,0.0,0.0,0.0,0.0,1.0,0.0,0.0,0.0,1.0,0.0,1.0,0.0
-0.620253164556962,-1.0,-1.0,-1.0,-1.0,-1.0,-1.0,0.0,1.0,0.0,0.0,0.0,0.0,1.0,0.0,0.0,0.0,1.0,0.0,1.0,0.0
-0.31645569620253167,-1.0,-0.8644880666376419,-0.4902955702815448,-1.0,0.31979886920819856,0.27268341910299565,0.0,1.0,0.0,0.0,0.0,1.0,0.0,0.0,0.0,0.0,1.0,0.0,1.0,0.0
-0.31645569620253167,-1.0,-1.0,-1.0,-1.0,-1.0,-1.0,0.0,0.0,1.0,0.0,0.0,0.0,1.0,1.0,0.0,0.0,0.0,0.0,1.0,0.0
-1.0,-1.0,-1.0,-1.0,-1.0,-1.0,-1.0,0.0,1.0,0.0,0.0,0.0,0.0,1.0,0.0,0.0,0.0,1.0,0.0,1.0,0.0
-0.1392405063291139,-1.0,-1.0,-1.0,-1.0,-1.0,-1.0,0.0,0.0,0.0,1.0,0.0,0.0,1.0,0.0,0.0,0.0,1.0,0.0,1.0,0.0
-0.7215189873417722,-1.0,-1.0,-1.0,-1.0,-1.0,-1.0,0.0,1.0,0.0,0.0,0.0,1.0,0.0,0.0,0.0,0.0,1.0,0.0,1.0,0.0
0.06329113924050622,0.4812111232571208,-1.0,-1.0,-0.1546342450073407,-0.8626258465039598,0.36186405384583953,0.0,1.0,0.0,0.0,0.0,1.0,0.0,0.0,0.0,0.0,1.0,0.0,1.0,0.0
-0.08860759493670889,-1.0,-1.0,-1.0,-1.0,-1.0,-1.0,0.0,0.0,1.0,0.0,0.0,0.0,1.0,1.0,0.0,0.0,0.0,0.0,1.0,0.0
-0.4683544303797469,-0.30361240807011936,-1.0,0.3240917373548238,-1.0,-1.0,0.27672710334034045,0.0,1.0,0.0,0.0,0.0,1.0,0.0,0.0,0.0,0.0,1.0,0.0,1.0,0.0
-0.5443037974683544,0.5605838535595051,-0.23131867505580728,0.12044876945537974,-0.7806552088744709,-1.0,0.4567014291778222,0.0,0.0,0.0,1.0,0.0,1.0,0.0,0.0,0.0,0.0,1.0,0.0,1.0,0.0
-0.44303797468354433,-1.0,-1.0,-1.0,-1.0,-1.0,-1.0,0.0,0.0,1.0,0.0,0.0,0.0,1.0,1.0,0.0,0.0,0.0,0.0,1.0,0.0
0.03797468354430378,0.36909095619110177,-1.0,-1.0,-0.7806552088744709,-0.3131292325197993,0.2576842839378861,0.0,1.0,0.0,0.0,0.0,1.0,0.0,0.0,0.0,0.0,1.0,0.0,1.0,0.0
-0.8987341772151899,-1.0,-1.0,-1.0,-1.0,-1.0,-1.0,0.0,1.0,0.0,0.0,0.0,1.0,0.0,1.0,0.0,0.0,0.0,0.0,1.0,0.0
0.06329113924050622,-1.0,-1.0,0.31286758380218216,-1.0,-1.0,0.25949622520548155,0.0,1.0,0.0,0.0,0.0,1.0,0.0,1.0,0.0,0.0,0.0,0.0,1.0,0.0
-0.36708860759493667,-1.0,-1.0,-1.0,-1.0,-1.0,-1.0,0.0,0.0,1.0,0.0,0.0,0.0,1.0,0.0,0.0,0.0,1.0,0.0,1.0,0.0
-0.31645569620253167,0.2696686472308254,-1.0,0.444473271112348,-1.0,-1.0,0.4361264505399145,0.0,0.0,0.0,1.0,0.0,1.0,0.0,0.0,0.0,0.0,1.0,0.0,1.0,0.0
-1.0,-1.0,-1.0,-1.0,-1.0,-1.0,-1.0,0.0,1.0,0.0,0.0,0.0,0.0,1.0,0.0,0.0,0.0,1.0,0.0,1.0,0.0
-0.11392405063291144,-1.0,0.2937181258657593,-1.0,-1.0,0.5489681138509903,0.5401856498339992,0.0,0.0,1.0,0.0,0.0,1.0,0.0,0.0,0.0,0.0,1.0,0.0,1.0,0.0
-0.11392405063291144,0.3696872106623388,-1.0,0.13145333038864493,-1.0,-0.3542810726612019,0.32123417322106906,0.0,0.0,0.0,1.0,0.0,1.0,0.0,0.0,0.0,0.0,1.0,0.0,1.0,0.0
0.21518987341772156,0.279979516531383,-1.0,-0.2669491921976609,-1.0,-0.6448929646444241,0.18513795906173036,0.0,1.0,0.0,0.0,0.0,1.0,0.0,0.0,0.0,0.0,1.0,0.0,1.0,0.0
-0.8227848101265822,-1.0,-1.0,-1.0,-1.0,-1.0,-1.0,0.0,1.0,0.0,0.0,0.0,0.0,1.0,0.0,0.0,0.0,1.0,0.0,1.0,0.0
-0.3924050632911392,-0.4484711928323267,0.056236363479342355,-1.0,0.4079469296123377,-1.0,0.37954058859437323,0.0,1.0,0.0,0.0,0.0,1.0,0.0,0.0,0.0,0.0,1.0,0.0,1.0,0.0
-0.03797468354430378,0.418571701463591,-1.0,0.27738729914983495,-1.0,-1.0,0.394831654617823,0.0,0.0,0.0,1.0,0.0,1.0,0.0,0.0,0.0,0.0,1.0,0.0,1.0,0.0
0.240506329113924,-1.0,-1.0,-1.0,-1.0,-1.0,-1.0,0.0,1.0,0.0,0.0,0.0,0.0,1.0,0.0,0.0,0.0,1.0,0.0,1.0,0.0
-0.5443037974683544,-0.7704042582518641,0.4035718970469644,-0.18309084251992647,-0.32769839905788767,-0.8626258465039598,0.3814524738126823,0.0,1.0,0.0,0.0,0.0,1.0,0.0,0.0,0.0,0.0,1.0,0.0,1.0,0.0
-0.3417721518987342,-1.0,-1.0,-1.0,-1.0,-1.0,-1.0,0.0,0.0,0.0,1.0,0.0,0.0,1.0,0.0,0.0,0.0,1.0,0.0,1.0,0.0
0.08860759493670889,-1.0,0.9027312122194537,-1.0,0.6724765469773173,0.3646323448155877,0.9077137597217095,0.0,0.0,1.0,0.0,0.0,1.0,0.0,1.0,0.0,0.0,0.0,0.0,1.0,0.0
-0.6708860759493671,-1.0,-1.0,-1.0,-1.0,-1.0,-1.0,0.0,1.0,0.0,0.0,0.0,0.0,1.0,0.0,0.0,0.0,1.0,0.0,1.0,0.0
-0.4683544303797469,-1.0,-1.0,-1.0,-1.0,-1.0,-1.0,0.0,0.0,1.0,0.0,0.0,0.0,1.0,0.0,0.0,0.0,1.0,0.0,1.0,0.0
-0.5696202531645569,-1.0,-1.0,-1.0,-1.0,-1.0,-1.0,0.0,1.0,0.0,0.0,0.0,0.0,1.0,0.0,1.0,0.0,0.0,0.0,1.0,0.0
-0.03797468354430378,-1.0,-1.0,-1.0,-1.0,-1.0,-1.0,0.0,0.0,1.0,0.0,0.0,0.0,1.0,0.0,0.0,0.0,1.0,0.0,1.0,0.0
-0.2911392405063291,-1.0,0.3092862297471686,-1.0,0.5219123702413655,-0.14967809093485762,0.5215126822479537,0.0,0.0,1.0,0.0,0.0,1.0,0.0,1.0,0.0,0.0,0.0,0.0,1.0,0.0
-0.49367088607594933,0.34773437287495557,-0.11177499231380461,-1.0,-1.0,-1.0,0.255592184247051,0.0,1.0,0.0,0.0,0.0,1.0,0.0,0.0,0.0,0.0,1.0,0.0,1.0,0.0
-0.26582278481012656,-1.0,0.2807518903802011,-1.0,-1.0,0.5020064983116277,0.503049166425527,0.0,0.0,1.0,0.0,0.0,1.0,0.0,0.0,0.0,0.0,1.0,0.0,1.0,0.0
-0.6455696202531646,-1.0,-1.0,-1.0,-1.0,-1.0,-1.0,0.0,1.0,0.0,0.0,0.0,0.0,1.0,0.0,0.0,1.0,0.0,0.0,1.0,0.0
-0.06329113924050633,-0.3540121549940377,-0.21655676775702448,-0.6439431695605231,0.03569390931272509,0.2026952595627678,0.24615927292440265,0.0,1.0,0.0,0.0,0.0,1.0,0.0,0.0,0.0,0.0,1.0,0.0,1.0,0.0
-0.3417721518987342,0.02668125423082568,0.4937563415233266,-0.5867752468283656,-0.29015259890148426,-0.11951534572289091,0.47905389884328065,0.0,0.0,1.0,0.0,0.0,1.0,0.0,0.0,0.0,0.0,1.0,0.0,1.0,0.0
-0.31645569620253167,0.17759805882269863,-0.514194800495722,-0.2620422984291655,0.3133110201335889,-1.0,0.3260188427478288,0.0,0.0,0.0,1.0,0.0,1.0,0.0,0.0,0.0,0.0,1.0,0.0,1.0,0.0
-0.49367088607594933,-0.48068668872744935,-1.0,-1.0,0.34531414471152844,-1.0,0.28703451468770114,0.0,1.0,0.0,0.0,0.0,1.0,0.0,0.0,0.0,0.0,1.0,0.0,1.0,0.0
-0.4683544303797469,-1.0,-1.0,-1.0,-1.0,-1.0,-1.0,0.0,1.0,0.0,0.0,0.0,0.0,1.0,0.0,0.0,0.0,1.0,0.0,1.0,0.0
-0.3924050632911392,-1.0,-1.0,-1.0,-1.0,-1.0,-1.0,0.0,0.0,1.0,0.0,0.0,0.0,1.0,1.0,0.0,0.0,0.0,0.0,1.0,0.0
-0.31645569620253167,-1.0,-1.0,-1.0,-1.0,-1.0,-1.0,0.0,0.0,0.0,1.0,0.0,0.0,1.0,0.0,0.0,0.0,1.0,0.0,1.0,0.0
-0.6962025316455696,-1.0,-1.0,-1.0,-1.0,-1.0,-1.0,0.0,1.0,0.0,0.0,0.0,1.0,0.0,0.0,0.0,0.0,1.0,0.0,1.0,0.0
0.08860759493670889,-1.0,0.5762249141789959,-1.0,-0.3419656266234128,0.6616402120237668,0.702918503949516,0.0,0.0,1.0,0.0,0.0,1.0,0.0,1.0,0.0,0.0,0.0,0.0,0.0,1.0
0.11392405063291133,-1.0,0.10231183744678995,-0.060577743889869806,-1.0,0.8098299611590218,0.7488164857241959,0.0,0.0,1.0,0.0,0.0,1.0,0.0,1.0,0.0,0.0,0.0,0.0,1.0,0.0
-0.5443037974683544,-1.0,0.47379382137534387,-1.0,0.9625137934011758,0.8259621563913719,0.9683255047589943,0.0,0.0,1.0,0.0,0.0,1.0,0.0,0.0,0.0,0.0,1.0,0.0,1.0,0.0
-0.3417721518987342,0.37352194303008934,0.19480649721158594,0.061623858319755254,-1.0,-0.245561329767104,0.383345375460018,0.0,0.0,0.0,1.0,0.0,1.0,0.0,0.0,0.0,0.0,1.0,0.0,0.0,1.0
-0.2405063291139241,0.7594449704477897,0.04814545463323405,-0.5234924077581515,0.010778653694732743,-0.4916552261572421,0.6207647185717244,0.0,0.0,1.0,0.0,0.0,1.0,0.0,0.0,0.0,0.0,1.0,0.0,1.0,0.0
-0.31645569620253167,-1.0,-1.0,-1.0,-1.0,-1.0,-1.0,0.0,1.0,0.0,0.0,0.0,0.0,1.0,0.0,0.0,0.0,1.0,0.0,1.0,0.0
-0.2911392405063291,-0.6255454734896567,0.7631055077751014,-1.0,0.03901237185009698,0.5886152470884543,0.7819453119099926,0.0,0.0,1.0,0.0,0.0,1.0,0.0,1.0,0.0,0.0,0.0,0.0,1.0,0.0
-0.3417721518987342,0.2531808348992184,-1.0,0.3001141445066957,-0.17279732755673072,-1.0,0.34470031667833156,0.0,1.0,0.0,0.0,0.0,1.0,0.0,0.0,0.0,0.0,1.0,0.0,1.0,0.0
-0.6455696202531646,-1.0,-1.0,-1.0,-1.0,-1.0,-1.0,0.0,1.0,0.0,0.0,0.0,0.0,1.0,0.0,0.0,0.0,1.0,0.0,1.0,0.0
-0.31645569620253167,0.28761254509867684,-1.0,0.2630799984411334,-1.0,-1.0,0.3260188427478288,0.0,0.0,0.0,1.0,0.0,1.0,0.0,0.0,0.0,0.0,1.0,0.0,1.0,0.0
-0.44303797468354433,-1.0,-1.0,-1.0,0.28308847708286033,-1.0,0.22515007233224127,0.0,1.0,0.0,0.0,0.0,1.0,0.0,0.0,0.0,1.0,0.0,0.0,1.0,0.0
-0.3417721518987342,-0.050510224330065134,-1.0,0.22266550808938423,-1.0,-1.0,0.20738067855881415,0.0,1.0,0.0,0.0,0.0,1.0,0.0,0.0,0.0,1.0,0.0,0.0,1.0,0.0
-0.3417721518987342,-1.0,-1.0,-1.0,-1.0,-1.0,-1.0,0.0,0.0,1.0,0.0,0.0,0.0,1.0,1.0,0.0,0.0,0.0,0.0,1.0,0.0
-0.620253164556962,-1.0,-1.0,-1.0,-1.0,-1.0,-1.0,0.0,1.0,0.0,0.0,0.0,0.0,1.0,1.0,0.0,0.0,0.0,0.0,1.0,0.0
-0.26582278481012656,0.16844387791328996,0.41889922760167697,0.10347913507471507,0.34531414471152844,-1.0,0.512230844494419,0.0,0.0,1.0,0.0,0.0,1.0,0.0,0.0,0.0,0.0,1.0,0.0,0.0,1.0
-0.2405063291139241,0.17685034049232606,0.5839566311891655,-1.0,0.7979607391140464,0.5522191367016216,0.8232913507469122,0.0,0.0,1.0,0.0,0.0,1.0,0.0,1.0,0.0,0.0,0.0,0.0,1.0,0.0
-0.5696202531645569,0.3101599410407203,-0.056053104200309845,-0.27714214953154825,0.1327143523344223,-0.31942147560739764,0.3186071932727055,0.0,1.0,0.0,0.0,0.0,1.0,0.0,0.0,0.0,0.0,1.0,0.0,1.0,0.0
-1.0,-1.0,-1.0,-1.0,-1.0,-1.0,-1.0,0.0,1.0,0.0,0.0,0.0,0.0,1.0,1.0,0.0,0.0,0.0,0.0,1.0,0.0
-0.012658227848101333,0.24523360166041508,0.026832030402791585,-1.0,0.2367516463027397,-1.0,0.32908358147664973,0.0,1.0,0.0,0.0,0.0,1.0,0.0,0.0,0.0,0.0,1.0,0.0,1.0,0.0
-0.7721518987341772,-1.0,-1.0,-1.0,-1.0,-1.0,-1.0,0.0,1.0,0.0,0.0,0.0,1.0,0.0,0.0,0.0,0.0,1.0,0.0,1.0,0.0
-0.620253164556962,-1.0,-1.0,-1.0,-1.0,-1.0,-1.0,0.0,0.0,1.0,0.0,0.0,0.0,1.0,0.0,0.0,0.0,1.0,0.0,1.0,0.0
-0.4683544303797469,0.3097637569402578,-1.0,-1.0,0.10945535844281906,-1.0,0.2707504172839674,0.0,1.0,0.0,0.0,0.0,1.0,0.0,0.0,0.0,0.0,1.0,0.0,1.0,0.0
-0.11392405063291144,-1.0,-1.0,-1.0,-1.0,-1.0,-1.0,0.0,0.0,0.0,1.0,0.0,0.0,1.0,1.0,0.0,0.0,0.0,0.0,1.0,0.0
-0.620253164556962,-0.7102824304755853,0.3198565009555816,-0.3684600007794333,-1.0,-1.0,0.29274537656158284,0.0,1.0,0.0,0.0,0.0,1.0,0.0,1.0,0.0,0.0,0.0,0.0,1.0,0.0
-0.11392405063291144,0.34905290753516605,-0.7289761332752838,-1.0,-1.0,-0.3542810726612019,0.238836869959286,0.0,1.0,0.0,0.0,0.0,1.0,0.0,0.0,0.0,1.0,0.0,0.0,1.0,0.0
0.03797468354430378,-1.0,0.020592062603985717,-1.0,0.4629058355428042,0.6091755682305176,0.626110491209281,0.0,0.0,1.0,0.0,0.0,1.0,0.0,0.0,0.0,0.0,1.0,0.0,1.0,0.0
-0.5443037974683544,-0.3447223122490274,-1.0,-0.3949952390402589,0.27618609275573913,-0.6448929646444241,0.23300642560316343,0.0,1.0,0.0,0.0,0.0,1.0,0.0,0.0,0.0,1.0,0.0,0.0,1.0,0.0
-0.5443037974683544,-1.0,-1.0,-1.0,-1.0,-1.0,-1.0,0.0,0.0,0.0,1.0,0.0,0.0,1.0,0.0,0.0,0.0,1.0,0.0,1.0,0.0
-0.9746835443037974,-1.0,-1.0,-1.0,-1.0,-1.0,-1.0,0.0,1.0,0.0,0.0,0.0,1.0,0.0,0.0,0.0,0.0,1.0,0.0,1.0,0.0
-0.31645569620253167,-1.0,-1.0,-1.0,-1.0,-1.0,-1.0,0.0,1.0,0.0,0.0,0.0,0.0,1.0,0.0,0.0,0.0,1.0,0.0,1.0,0.0
-0.8481012658227848,-1.0,-1.0,-1.0,-1.0,-1.0,-1.0,0.0,1.0,0.0,0.0,0.0,0.0,1.0,0.0,0.0,1.0,0.0,0.0,1.0,0.0
-0.4177215189873418,0.1409826730383381,-0.8644880666376419,0.25462259013665167,-1.0,-0.8626258465039598,0.2714775917362522,0.0,1.0,0.0,0.0,0.0,1.0,0.0,0.0,0.0,0.0,1.0,0.0,1.0,0.0
-0.03797468354430378,-0.296278776647921,0.3875877935529073,0.3674678659747561,0.06567274669392442,-1.0,0.48514466109897203,1.0,0.0,0.0,0.0,0.0,1.0,0.0,1.0,0.0,0.0,0.0,1.0,0.0,0.0
0.1898734177215189,-1.0,-1.0,-1.0,-1.0,-1.0,-1.0,0.0,1.0,0.0,0.0,0.0,0.0,1.0,0.0,0.0,0.0,1.0,0.0,1.0,0.0
0.11392405063291133,-0.029382445057654194,-1.0,-0.4148837339220931,0.41524499498897116,-0.8626258465039598,0.3698270027479391,0.0,1.0,0.0,0.0,0.0,1.0,0.0,0.0,0.0,0.0,1.0,0.0,1.0,0.0
-0.3417721518987342,-1.0,-1.0,-1.0,-1.0,-1.0,-1.0,0.0,1.0,0.0,0.0,0.0,0.0,1.0,0.0,0.0,0.0,1.0,0.0,1.0,0.0
0.012658227848101333,-1.0,-1.0,-1.0,-1.0,-1.0,-1.0,0.0,0.0,1.0,0.0,0.0,0.0,1.0,1.0,0.0,0.0,0.0,0.0,1.0,0.0
0.06329113924050622,-1.0,0.3362949516856699,0.36623993765533136,-1.0,0.22440062776847403,0.4820434514517864,0.0,0.0,1.0,0.0,0.0,1.0,0.0,0.0,0.0,0.0,1.0,0.0,1.0,0.0
-0.08860759493670889,-1.0,-1.0,0.3021084748012335,-1.0,-1.0,0.24917450095814808,0.0,1.0,0.0,0.0,0.0,1.0,0.0,1.0,0.0,0.0,0.0,0.0,1.0,0.0
-0.7721518987341772,-1.0,-1.0,-1.0,-1.0,-1.0,-1.0,0.0,0.0,0.0,1.0,0.0,0.0,1.0,0.0,0.0,0.0,1.0,0.0,1.0,0.0
-0.1392405063291139,-1.0,-1.0,-1.0,-1.0,-1.0,-1.0,0.0,0.0,1.0,0.0,0.0,0.0,1.0,0.0,0.0,0.0,1.0,0.0,1.0,0.0
0.139240506329114,-1.0,-1.0,-1.0,-1.0,-1.0,-1.0,0.0,0.0,0.0,1.0,0.0,0.0,1.0,0.0,0.0,1.0,0.0,0.0,1.0,0.0
0.08860759493670889,-0.7704042582518641,0.6138818250823597,-1.0,-0.7232176899759744,0.15927188727721897,0.5903937762546592,0.0,0.0,1.0,0.0,0.0,1.0,0.0,0.0,0.0,0.0,1.0,0.0,1.0,0.0
-0.4683544303797469,-0.5187895331071819,-1.0,-1.0,-1.0,0.32506416206408817,0.27672710334034045,0.0,1.0,0.0,0.0,0.0,1.0,0.0,0.0,0.0,0.0,1.0,0.0,1.0,0.0
-0.36708860759493667,-1.0,0.3019079052670004,-1.0,-0.7806552088744709,-0.6143419940193948,0.2714775917362522,0.0,1.0,0.0,0.0,1.0,0.0,0.0,0.0,0.0,0.0,1.0,0.0,1.0,0.0
-0.5443037974683544,-1.0,-1.0,-1.0,-1.0,-1.0,-1.0,0.0,0.0,1.0,0.0,0.0,0.0,1.0,0.0,0.0,0.0,1.0,0.0,1.0,0.0
-0.4683544303797469,-0.7704042582518641,0.17995107046866488,0.1487441529768181,-1.0,-0.11951534572289091,0.2806867953635208,0.0,1.0,0.0,0.0,0.0,1.0,0.0,0.0,0.0,0.0,1.0,0.0,1.0,0.0
-0.5189873417721519,-1.0,-1.0,-1.0,-1.0,-1.0,-1.0,0.0,1.0,0.0,0.0,0.0,0.0,1.0,0.0,0.0,0.0,1.0,0.0,1.0,0.0
-0.44303797468354433,-1.0,-1.0,-1.0,-1.0,-1.0,-1.0,0.0,0.0,1.0,0.0,0.0,0.0,1.0,1.0,0.0,0.0,0.0,0.0,1.0,0.0
-0.2405063291139241,-1.0,-1.0,-0.7245168312189103,0.6255555686411163,-1.0,0.5523193427597113,0.0,1.0,0.0,0.0,0.0,1.0,0.0,0.0,0.0,0.0,1.0,0.0,1.0,0.0
0.08860759493670889,-1.0,-1.0,-1.0,-1.0,-1.0,-1.0,0.0,1.0,0.0,0.0,0.0,0.0,1.0,0.0,0.0,1.0,0.0,0.0,1.0,0.0
-0.49367088607594933,-1.0,-0.45795226655056753,-0.043727052380233444,0.40286990834729175,-1.0,0.36141176259905716,0.0,1.0,0.0,0.0,0.0,1.0,0.0,0.0,0.0,0.0,1.0,0.0,1.0,0.0
0.6455696202531644,-1.0,0.3154630038310231,-1.0,-0.2685470822285979,-1.0,0.2912245882145654,0.0,0.0,1.0,0.0,0.0,1.0,0.0,1.0,0.0,0.0,0.0,0.0,1.0,0.0
-0.36708860759493667,-1.0,0.6394723068807706,0.6619095347215909,0.33784273193772374,0.16711089254370237,0.75282929752414,0.0,0.0,1.0,0.0,0.0,1.0,0.0,0.0,0.0,0.0,1.0,0.0,1.0,0.0
-0.5443037974683544,-1.0,0.30563187298978134,-0.43698639210870016,-1.0,-1.0,0.27696231702976926,0.0,1.0,0.0,0.0,0.0,1.0,0.0,0.0,0.0,0.0,1.0,0.0,1.0,0.0
-0.6455696202531646,-1.0,-1.0,-1.0,-1.0,-1.0,-1.0,0.0,1.0,0.0,0.0,0.0,0.0,1.0,0.0,0.0,0.0,1.0,0.0,1.0,0.0
-0.4683544303797469,-1.0,-1.0,0.35374309093941525,-0.21894022317537787,-1.0,0.3087191873768642,0.0,1.0,0.0,0.0,0.0,1.0,0.0,1.0,0.0,0.0,0.0,0.0,1.0,0.0
-0.7974683544303798,-1.0,-1.0,-1.0,-1.0,-1.0,-1.0,0.0,1.0,0.0,0.0,0.0,1.0,0.0,0.0,0.0,0.0,1.0,0.0,1.0,0.0
0.03797468354430378,-1.0,-1.0,-1.0,-1.0,-1.0,-1.0,0.0,0.0,1.0,0.0,0.0,0.0,1.0,1.0,0.0,0.0,0.0,0.0,1.0,0.0
-0.4683544303797469,-1.0,-1.0,-1.0,-1.0,-1.0,-1.0,0.0,0.0,0.0,1.0,0.0,0.0,1.0,0.0,0.0,0.0,1.0,0.0,1.0,0.0
0.4430379746835442,0.42323158349178924,-0.3870033736503038,-1.0,0.801555619988291,0.18343847244933054,0.7483411217265858,1.0,0.0,0.0,0.0,0.0,1.0,0.0,0.0,0.0,0.0,1.0,0.0,1.0,0.0
0.49367088607594933,-1.0,-1.0,-1.0,-1.0,-1.0,-1.0,0.0,0.0,1.0,0.0,0.0,0.0,1.0,0.0,0.0,0.0,1.0,0.0,1.0,0.0
-0.4177215189873418,-1.0,-1.0,-1.0,-1.0,-1.0,-1.0,0.0,1.0,0.0,0.0,0.0,0.0,1.0,1.0,0.0,0.0,0.0,0.0,1.0,0.0
-1.0,-1.0,-1.0,-1.0,-1.0,-1.0,-1.0,0.0,1.0,0.0,0.0,0.0,0.0,1.0,0.0,0.0,1.0,0.0,0.0,1.0,0.0
0.11392405063291133,-0.112119510701716,-1.0,-0.42562792351159096,0.033450557250103596,0.516650454776941,0.4812400761748299,0.0,1.0,0.0,0.0,0.0,1.0,0.0,0.0,0.0,0.0,1.0,0.0,1.0,0.0
-0.36708860759493667,-1.0,-1.0,-1.0,-1.0,-1.0,-1.0,0.0,0.0,1.0,0.0,0.0,0.0,1.0,0.0,0.0,0.0,1.0,0.0,1.0,0.0
-0.5443037974683544,-1.0,-1.0,-1.0,-1.0,-1.0,-1.0,0.0,0.0,1.0,0.0,1.0,0.0,0.0,1.0,0.0,0.0,0.0,0.0,1.0,0.0
-0.620253164556962,-1.0,-1.0,-1.0,-1.0,-1.0,-1.0,0.0,1.0,0.0,0.0,0.0,0.0,1.0,0.0,0.0,1.0,0.0,0.0,1.0,0.0
-0.49367088607594933,-1.0,-1.0,-1.0,-1.0,-1.0,-1.0,0.0,0.0,0.0,1.0,0.0,0.0,1.0,1.0,0.0,0.0,0.0,0.0,1.0,0.0
-0.3924050632911392,0.09211338350639764,-1.0,0.22643479265791022,-0.3209297429561534,-1.0,0.24698634871665126,0.0,1.0,0.0,0.0,1.0,0.0,0.0,0.0,0.0,0.0,1.0,0.0,1.0,0.0
-0.012658227848101333,-1.0,-1.0,-0.8622584156094552,-1.0,0.536768015980051,0.47831956622555216,0.0,1.0,0.0,0.0,0.0,1.0,0.0,0.0,0.0,1.0,0.0,0.0,1.0,0.0
-1.0,-1.0,-1.0,-1.0,-1.0,-1.0,-1.0,0.0,1.0,0.0,0.0,0.0,1.0,0.0,1.0,0.0,0.0,0.0,0.0,1.0,0.0
-0.2405063291139241,-1.0,-1.0,-1.0,-1.0,-1.0,-1.0,0.0,0.0,0.0,1.0,0.0,0.0,1.0,0.0,0.0,0.0,1.0,0.0,1.0,0.0
-0.3924050632911392,0.4742886262882666,-1.0,-1.0,-0.02511816146215251,-1.0,0.36529642478936664,0.0,0.0,0.0,1.0,0.0,1.0,0.0,0.0,0.0,0.0,1.0,0.0,1.0,0.0
-0.012658227848101333,-1.0,-1.0,-1.0,-1.0,-1.0,-1.0,0.0,0.0,1.0,0.0,0.0,0.0,1.0,0.0,0.0,0.0,1.0,0.0,1.0,0.0
0.08860759493670889,-1.0,-1.0,-1.0,-1.0,-1.0,-1.0,0.0,1.0,0.0,0.0,0.0,0.0,1.0,0.0,0.0,1.0,0.0,0.0,1.0,0.0
-0.3924050632911392,-1.0,-1.0,0.33033735201318537,-1.0,-0.7822671181404642,0.27672710334034045,0.0,1.0,0.0,0.0,0.0,1.0,0.0,0.0,0.0,0.0,1.0,0.0,1.0,0.0
0.012658227848101333,-1.0,0.9121388739904828,-1.0,0.208806553037594,0.0008259626943738496,0.8707390184895987,0.0,0.0,1.0,0.0,0.0,1.0,0.0,1.0,0.0,0.0,0.0,0.0,1.0,0.0
-0.620253164556962,-1.0,-1.0,-1.0,-1.0,-1.0,-1.0,0.0,0.0,1.0,0.0,0.0,0.0,1.0,1.0,0.0,0.0,0.0,0.0,1.0,0.0
-0.5189873417721519,-0.6636483178693894,-0.5312057330235879,-1.0,0.41205311512188425,0.20131414589002827,0.4089867901325954,0.0,1.0,0.0,0.0,0.0,1.0,0.0,0.0,0.0,0.0,1.0,0.0,1.0,0.0
-0.4177215189873418,-1.0,-1.0,-1.0,-1.0,-1.0,-1.0,0.0,0.0,0.0,1.0,0.0,0.0,1.0,0.0,0.0,0.0,1.0,0.0,1.0,0.0
-0.08860759493670889,-0.7704042582518641,0.7165748316663751,-1.0,-0.0825556803606492,-0.6810270934861755,0.6769111139285886,0.0,0.0,1.0,0.0,0.0,1.0,0.0,0.0,0.0,1.0,0.0,0.0,0.0,1.0
-0.189873417721519,-1.0,-1.0,-1.0,-1.0,-1.0,-1.0,0.0,1.0,0.0,0.0,0.0,0.0,1.0,0.0,0.0,1.0,0.0,0.0,1.0,0.0
-0.4683544303797469,-1.0,-1.0,-1.0,-1.0,-1.0,-1.0,0.0,1.0,0.0,0.0,0.0,0.0,1.0,1.0,0.0,0.0,0.0,0.0,1.0,0.0
0.1898734177215189,-0.21395788183585684,0.21884222357311423,-1.0,-1.0,0.38021514249648747,0.4075702585050258,0.0,1.0,0.0,0.0,0.0,1.0,0.0,0.0,0.0,0.0,1.0,0.0,1.0,0.0
-0.8987341772151899,-1.0,-1.0,-1.0,-1.0,-1.0,-1.0,0.0,1.0,0.0,0.0,0.0,1.0,0.0,0.0,0.0,0.0,1.0,0.0,1.0,0.0
-0.2405063291139241,0.37757445048881544,0.5336444639508162,-1.0,-0.22297381961557772,0.4860837990575271,0.6286910517113091,0.0,0.0,1.0,0.0,0.0,1.0,0.0,1.0,0.0,0.0,0.0,0.0,1.0,0.0
0.03797468354430378,-0.2891937913590461,-1.0,0.39091893833353675,-1.0,-0.6810270934861755,0.3400299704349561,0.0,0.0,0.0,1.0,0.0,1.0,0.0,0.0,0.0,0.0,1.0,0.0,1.0,0.0
0.012658227848101333,-1.0,-1.0,-1.0,-1.0,-1.0,-1.0,0.0,1.0,0.0,0.0,0.0,0.0,1.0,1.0,0.0,0.0,0.0,0.0,1.0,0.0
-0.26582278481012656,-1.0,-1.0,-1.0,-1.0,-1.0,-1.0,0.0,0.0,1.0,0.0,0.0,0.0,1.0,0.0,0.0,0.0,1.0,0.0,1.0,0.0
-0.5189873417721519,-0.8551412152377926,-0.6853510347334366,-1.0,0.3220049098525626,-0.7252516930079197,0.2643292695647548,0.0,1.0,0.0,0.0,0.0,1.0,0.0,0.0,0.0,0.0,1.0,0.0,1.0,0.0
0.139240506329114,-0.7704042582518641,0.13899696985372523,0.13868027593374688,-0.16655756244782238,-1.0,0.25214278085446273,0.0,1.0,0.0,0.0,0.0,1.0,0.0,0.0,0.0,0.0,1.0,0.0,1.0,0.0
-0.5696202531645569,0.5244303963242167,-1.0,-1.0,-0.23558788112085693,-0.4384882522367155,0.3983458678786005,1.0,0.0,0.0,0.0,0.0,1.0,0.0,0.0,0.0,0.0,1.0,0.0,1.0,0.0
-0.5443037974683544,-1.0,-1.0,-1.0,-1.0,0.5200096709590012,0.4621177216337853,1.0,0.0,0.0,0.0,0.0,1.0,0.0,0.0,0.0,0.0,1.0,0.0,1.0,0.0
-0.36708860759493667,-1.0,-1.0,-1.0,-1.0,-1.0,-1.0,0.0,1.0,0.0,0.0,0.0,0.0,1.0,0.0,0.0,1.0,0.0,0.0,1.0,0.0
-0.5189873417721519,-1.0,-0.7852186672204382,-0.4618586993203633,0.3233297735928242,-1.0,0.2675668767358772,0.0,1.0,0.0,0.0,0.0,1.0,0.0,0.0,0.0,0.0,1.0,0.0,1.0,0.0
-0.11392405063291144,0.19409616582933564,-0.6195699068776419,-1.0,-0.6114869098077889,0.2723724389827651,0.3026537551711814,0.0,1.0,0.0,0.0,0.0,1.0,0.0,0.0,0.0,0.0,1.0,0.0,1.0,0.0
0.139240506329114,-1.0,-1.0,-1.0,-1.0,-1.0,-1.0,0.0,0.0,0.0,1.0,0.0,0.0,1.0,0.0,0.0,0.0,1.0,0.0,1.0,0.0
-0.21518987341772156,-0.7704042582518641,0.7744931961816486,-1.0,0.694058497745837,0.8988366060951174,0.9526627681942628,0.0,0.0,1.0,0.0,0.0,1.0,0.0,1.0,0.0,0.0,0.0,0.0,1.0,0.0
-1.0,-1.0,-1.0,-1.0,-1.0,-1.0,-1.0,0.0,1.0,0.0,0.0,0.0,0.0,1.0,0.0,0.0,1.0,0.0,0.0,1.0,0.0
-0.2405063291139241,-1.0,-1.0,0.253177353942992,-1.0,0.19899068422639332,0.3112887739450776,0.0,1.0,0.0,0.0,0.0,1.0,0.0,0.0,0.0,0.0,1.0,0.0,1.0,0.0
-0.5189873417721519,-1.0,-1.0,-1.0,-1.0,-1.0,-1.0,0.0,0.0,0.0,1.0,0.0,1.0,0.0,0.0,0.0,0.0,1.0,0.0,1.0,0.0
0.03797468354430378,0.3500363778226052,-1.0,-0.026705679461444087,-1.0,-1.0,0.2675668767358772,0.0,1.0,0.0,0.0,0.0,1.0,0.0,1.0,0.0,0.0,0.0,0.0,1.0,0.0
-0.5696202531645569,-1.0,-0.019109779314802733,0.017043127916642975,0.2672958192305801,-1.0,0.29403932273558775,0.0,1.0,0.0,0.0,0.0,1.0,0.0,0.0,0.0,0.0,1.0,0.0,1.0,0.0
-0.5443037974683544,-1.0,-1.0,-1.0,0.34221494095474725,-0.10383119850769595,0.3014171626985669,0.0,1.0,0.0,0.0,0.0,1.0,0.0,0.0,0.0,0.0,1.0,0.0,1.0,0.0
0.4430379746835442,-1.0,-1.0,-1.0,-1.0,-1.0,-1.0,0.0,1.0,0.0,0.0,0.0,0.0,1.0,0.0,0.0,0.0,1.0,0.0,1.0,0.0
0.31645569620253156,-0.5933299775945341,0.5161873060783173,-0.5062015851699782,0.4070807406917525,-0.8626258465039598,0.5557811361886618,0.0,0.0,1.0,0.0,0.0,1.0,0.0,0.0,0.0,0.0,1.0,0.0,1.0,0.0
-0.189873417721519,-0.38465038264461693,-1.0,-1.0,0.4439159401173387,-1.0,0.38118051845829237,0.0,1.0,0.0,0.0,0.0,1.0,0.0,0.0,0.0,0.0,1.0,0.0,1.0,0.0
-0.5696202531645569,-1.0,0.02477409146104348,0.32736394341061525,-1.0,-1.0,0.31382418596927875,0.0,1.0,0.0,0.0,0.0,1.0,0.0,0.0,0.0,0.0,1.0,0.0,1.0,0.0
-0.44303797468354433,-1.0,-1.0,-1.0,-1.0,-1.0,-1.0,0.0,1.0,0.0,0.0,0.0,0.0,1.0,0.0,0.0,1.0,0.0,0.0,1.0,0.0
-0.012658227848101333,-1.0,-1.0,-1.0,-1.0,-1.0,-1.0,0.0,1.0,0.0,0.0,0.0,1.0,0.0,0.0,0.0,0.0,1.0,0.0,1.0,0.0
-0.2911392405063291,0.39829939228704925,-0.7852186672204382,-0.4755689006986463,-1.0,-0.1788762303003234,0.29296164507155775,0.0,1.0,0.0,0.0,0.0,1.0,0.0,0.0,0.0,0.0,1.0,0.0,1.0,0.0
-0.21518987341772156,0.06959443085128547,-1.0,0.13212129438134834,0.34341264240508407,-1.0,0.3667696985133764,0.0,0.0,0.0,1.0,0.0,1.0,0.0,0.0,0.0,0.0,1.0,0.0,1.0,0.0
0.08860759493670889,-1.0,-1.0,-1.0,-1.0,-1.0,-1.0,0.0,1.0,0.0,0.0,0.0,0.0,1.0,0.0,0.0,0.0,1.0,0.0,1.0,0.0
-0.49367088607594933,-1.0,-1.0,-1.0,-1.0,-1.0,-1.0,0.0,0.0,1.0,0.0,0.0,0.0,1.0,1.0,0.0,0.0,0.0,0.0,1.0,0.0
-1.0,-1.0,-1.0,-1.0,-1.0,-1.0,-1.0,0.0,1.0,0.0,0.0,0.0,0.0,1.0,0.0,0.0,0.0,1.0,0.0,1.0,0.0
-0.7721518987341772,-1.0,-1.0,-1.0,-1.0,-1.0,-1.0,0.0,1.0,0.0,0.0,0.0,1.0,0.0,0.0,0.0,0.0,1.0,0.0,1.0,0.0
0.03797468354430378,-1.0,-1.0,-1.0,-1.0,-1.0,-1.0,0.0,0.0,0.0,1.0,0.0,0.0,1.0,0.0,0.0,0.0,1.0,0.0,1.0,0.0
-0.1392405063291139,0.2352799561855754,0.21497076252440617,0.4816251104506002,-1.0,-0.7822671181404642,0.49898510784718453,0.0,0.0,0.0,1.0,0.0,1.0,0.0,0.0,0.0,0.0,1.0,0.0,1.0,0.0
-0.6708860759493671,-1.0,-1.0,-1.0,-1.0,-1.0,-1.0,0.0,1.0,0.0,0.0,0.0,0.0,1.0,0.0,0.0,0.0,1.0,0.0,1.0,0.0
-0.7468354430379747,-1.0,-1.0,-1.0,-1.0,-1.0,-1.0,0.0,1.0,0.0,0.0,0.0,0.0,1.0,1.0,0.0,0.0,0.0,0.0,1.0,0.0
-0.26582278481012656,0.17077028839756103,-1.0,-1.0,-0.34950071834211405,0.15755098781071908,0.2315205204104438,0.0,1.0,0.0,0.0,0.0,1.0,0.0,1.0,0.0,0.0,0.0,0.0,1.0,0.0
0.21518987341772156,-1.0,-1.0,-1.0,-1.0,-1.0,-1.0,0.0,1.0,0.0,0.0,0.0,0.0,1.0,1.0,0.0,0.0,0.0,0.0,1.0,0.0
-0.5949367088607596,-1.0,-1.0,-1.0,-1.0,-1.0,-1.0,0.0,1.0,0.0,0.0,0.0,0.0,1.0,0.0,0.0,1.0,0.0,0.0,1.0,0.0
-0.4683544303797469,-1.0,-1.0,0.3308286232169779,-1.0,-1.0,0.27672710334034045,0.0,1.0,0.0,0.0,0.0,1.0,0.0,0.0,0.0,0.0,1.0,0.0,1.0,0.0
-0.012658227848101333,-1.0,-0.26018186629887174,0.34388352606005523,-1.0,-0.11719731918136134,0.3155599248589984,0.0,1.0,0.0,0.0,0.0,1.0,0.0,0.0,0.0,0.0,1.0,0.0,1.0,0.0
-0.2405063291139241,-0.004767315848004383,-1.0,-1.0,0.3160687467531744,-0.32592005813059954,0.2912245882145654,0.0,1.0,0.0,0.0,0.0,1.0,0.0,0.0,0.0,0.0,1.0,0.0,1.0,0.0
-0.2911392405063291,-1.0,-0.42435512987010526,-1.0,-1.0,0.2911444586062564,0.24698634871665126,0.0,1.0,0.0,0.0,0.0,1.0,0.0,0.0,0.0,1.0,0.0,0.0,1.0,0.0
0.3417721518987342,-1.0,-1.0,-1.0,-1.0,-1.0,-1.0,0.0,0.0,1.0,0.0,0.0,0.0,1.0,0.0,0.0,0.0,1.0,0.0,1.0,0.0
-0.9493670886075949,-1.0,-1.0,-1.0,-1.0,-1.0,-1.0,0.0,0.0,0.0,1.0,0.0,0.0,1.0,0.0,0.0,0.0,1.0,0.0,1.0,0.0
-0.4683544303797469,-1.0,-1.0,0.29838864219741756,-0.2312940331994816,-0.39660911215985917,0.2630692473235283,0.0,1.0,0.0,0.0,0.0,1.0,0.0,0.0,0.0,0.0,1.0,0.0,1.0,0.0
-0.1392405063291139,0.13919644805840758,0.19781759470889648,-0.8622584156094552,0.07596176115065756,-1.0,0.29871004050405636,0.0,1.0,0.0,0.0,0.0,1.0,0.0,1.0,0.0,0.0,0.0,0.0,1.0,0.0
-0.44303797468354433,-0.5187895331071819,-1.0,0.32736394341061525,-1.0,-1.0,0.2755466619768592,0.0,1.0,0.0,0.0,0.0,1.0,0.0,0.0,0.0,0.0,1.0,0.0,1.0,0.0
0.26582278481012667,0.2744185573844027,-1.0,0.19504006782168704,-1.0,-1.0,0.2865880492117525,0.0,1.0,0.0,0.0,0.0,1.0,0.0,0.0,0.0,0.0,1.0,0.0,1.0,0.0
-0.3924050632911392,0.3770003098793424,0.5947854519803129,0.05386798219694322,-0.42291926273692904,0.11390168335183959,0.6122111790769613,0.0,1.0,0.0,0.0,0.0,1.0,0.0,0.0,0.0,1.0,0.0,0.0,1.0,0.0
-0.4177215189873418,-1.0,-0.5934641999129258,-1.0,0.04864912753319017,0.2324582012768428,0.2486298129559037,0.0,1.0,0.0,0.0,0.0,1.0,0.0,0.0,0.0,0.0,1.0,0.0,1.0,0.0
-0.6708860759493671,-1.0,-1.0,-1.0,-1.0,-1.0,-1.0,0.0,1.0,0.0,0.0,0.0,0.0,1.0,0.0,0.0,1.0,0.0,0.0,1.0,0.0
-0.7721518987341772,-1.0,-1.0,-1.0,-1.0,-1.0,-1.0,1.0,0.0,0.0,0.0,0.0,1.0,0.0,0.0,0.0,0.0,1.0,0.0,1.0,0.0
-0.3417721518987342,-1.0,-1.0,-1.0,-1.0,-1.0,-1.0,0.0,1.0,0.0,0.0,0.0,0.0,1.0,0.0,0.0,0.0,1.0,0.0,1.0,0.0
-0.3417721518987342,0.25983214696667956,0.07147803149555765,0.2966480258068729,0.17127691348932084,-1.0,0.4165949849480184,0.0,0.0,0.0,1.0,0.0,1.0,0.0,1.0,0.0,0.0,0.0,0.0,1.0,0.0
-0.2911392405063291,-1.0,0.016318616078375037,-1.0,0.3293134049487869,0.6869808148506642,0.6563083988854037,0.0,0.0,1.0,0.0,0.0,1.0,0.0,0.0,0.0,0.0,1.0,0.0,1.0,0.0
-0.49367088607594933,-0.04180117042686071,0.10161485847599572,-1.0,0.14012234733163842,-0.268904632998055,0.2534768707710904,0.0,1.0,0.0,0.0,0.0,1.0,0.0,1.0,0.0,0.0,0.0,1.0,0.0,0.0
-0.16455696202531644,0.7996735658403862,0.7885883967736269,-0.3684600007794333,0.5994507506735363,0.1330520602560119,0.8703838716652117,0.0,0.0,1.0,0.0,0.0,1.0,0.0,1.0,0.0,0.0,0.0,0.0,1.0,0.0
-0.03797468354430378,-1.0,-1.0,-1.0,-1.0,-1.0,-1.0,0.0,1.0,0.0,0.0,0.0,1.0,0.0,0.0,0.0,0.0,1.0,0.0,1.0,0.0
-0.5696202531645569,-1.0,0.4077003061387141,-0.34505426185320365,0.09836049129072699,-0.4505033860158394,0.4094566379886537,0.0,0.0,1.0,0.0,0.0,1.0,0.0,0.0,0.0,0.0,1.0,0.0,1.0,0.0
-0.9746835443037974,-1.0,-1.0,-1.0,-1.0,-1.0,-1.0,0.0,1.0,0.0,0.0,0.0,0.0,1.0,0.0,0.0,0.0,1.0,0.0,1.0,0.0
-0.03797468354430378,-1.0,-1.0,-1.0,-1.0,-1.0,-1.0,0.0,1.0,0.0,0.0,0.0,0.0,1.0,0.0,0.0,0.0,1.0,0.0,1.0,0.0
-0.26582278481012656,-1.0,-0.19313534636045526,0.3610402924869196,-0.7806552088744709,-1.0,0.3180395283239481,0.0,1.0,0.0,0.0,0.0,1.0,0.0,0.0,1.0,0.0,0.0,0.0,1.0,0.0
-0.44303797468354433,-1.0,-0.7289761332752838,0.22972628158421138,-1.0,0.07690398447276903,0.25374257209786033,0.0,1.0,0.0,0.0,0.0,1.0,0.0,0.0,0.0,0.0,1.0,0.0,1.0,0.0
-0.2911392405063291,-1.0,-1.0,-1.0,-1.0,-1.0,-1.0,0.0,1.0,0.0,0.0,0.0,0.0,1.0,0.0,0.0,1.0,0.0,0.0,1.0,0.0
-0.2911392405063291,-1.0,-1.0,-1.0,-1.0,-1.0,-1.0,0.0,1.0,0.0,0.0,0.0,0.0,1.0,0.0,0.0,0.0,1.0,0.0,1.0,0.0
-0.5443037974683544,-0.8551412152377926,-0.8644880666376419,-1.0,-1.0,0.3112314091042325,0.2618008416391422,0.0,1.0,0.0,0.0,0.0,1.0,0.0,0.0,0.0,0.0,1.0,0.0,1.0,0.0
0.012658227848101333,-0.7102824304755853,-1.0,-0.17985956643497547,-1.0,0.3101673044808475,0.2760197159940232,0.0,1.0,0.0,0.0,0.0,1.0,0.0,0.0,0.0,0.0,1.0,0.0,1.0,0.0
0.240506329113924,-1.0,-1.0,-1.0,-1.0,-1.0,-1.0,0.0,0.0,1.0,0.0,0.0,0.0,1.0,0.0,0.0,0.0,1.0,0.0,1.0,0.0
-0.44303797468354433,-1.0,-1.0,-1.0,-1.0,-1.0,-1.0,0.0,1.0,0.0,0.0,0.0,0.0,1.0,1.0,0.0,0.0,0.0,0.0,1.0,0.0
0.2911392405063291,-0.5933299775945341,-1.0,0.3038021137523601,-1.0,-1.0,0.2524103467525569,0.0,1.0,0.0,0.0,0.0,1.0,0.0,1.0,0.0,0.0,0.0,0.0,1.0,0.0
0.11392405063291133,-1.0,0.8692253860834172,-1.0,-0.37397903613286987,0.262783444075654,0.8307076574356178,0.0,0.0,1.0,0.0,0.0,1.0,0.0,1.0,0.0,0.0,0.0,0.0,1.0,0.0
-0.49367088607594933,0.12141949992681789,-1.0,-1.0,-1.0,0.262783444075654,0.27388166736646213,0.0,1.0,0.0,0.0,0.0,1.0,0.0,0.0,0.0,0.0,1.0,0.0,1.0,0.0
0.21518987341772156,-1.0,-1.0,-1.0,-1.0,-1.0,-1.0,0.0,1.0,0.0,0.0,0.0,0.0,1.0,0.0,0.0,0.0,1.0,0.0,1.0,0.0
-0.5443037974683544,-1.0,-1.0,-1.0,-1.0,-1.0,-1.0,0.0,0.0,0.0,1.0,0.0,0.0,1.0,0.0,0.0,0.0,1.0,0.0,1.0,0.0
-0.3924050632911392,-0.10915510567366649,-0.006573280527945591,0.15890644141632815,-1.0,0.15347647405566112,0.29829012696182167,0.0,1.0,0.0,0.0,0.0,1.0,0.0,0.0,0.0,0.0,1.0,0.0,1.0,0.0
-0.5189873417721519,-0.008370630118416766,-0.7289761332752838,0.2786672977829394,-1.0,-1.0,0.25949622520548155,0.0,1.0,0.0,0.0,0.0,1.0,0.0,0.0,0.0,0.0,1.0,0.0,1.0,0.0
-0.16455696202531644,-0.7704042582518641,-1.0,-1.0,-1.0,0.30421035575322586,0.2550655522240399,0.0,1.0,0.0,0.0,0.0,1.0,0.0,1.0,0.0,0.0,0.0,0.0,1.0,0.0
0.03797468354430378,-1.0,-1.0,-1.0,-1.0,-1.0,-1.0,0.0,1.0,0.0,0.0,0.0,0.0,1.0,0.0,0.0,0.0,1.0,0.0,1.0,0.0
-0.49367088607594933,-1.0,-0.8644880666376419,-1.0,0.3594671384571675,-1.0,0.29829012696182167,0.0,1.0,0.0,0.0,1.0,0.0,0.0,0.0,0.0,0.0,1.0,0.0,1.0,0.0
-0.9746835443037974,-1.0,-1.0,-1.0,-1.0,-1.0,-1.0,0.0,1.0,0.0,0.0,0.0,0.0,1.0,0.0,0.0,0.0,1.0,0.0,1.0,0.0
-0.03797468354430378,-1.0,-1.0,-1.0,-1.0,-1.0,-1.0,0.0,0.0,1.0,0.0,0.0,0.0,1.0,0.0,0.0,0.0,1.0,0.0,1.0,0.0
-0.31645569620253167,0.14275376033646947,0.2807518903802011,0.1541888524882522,-0.3080442249399358,-1.0,0.3667696985133764,0.0,0.0,0.0,1.0,0.0,1.0,0.0,0.0,0.0,0.0,1.0,0.0,1.0,0.0
-0.03797468354430378,-0.1866599551890682,0.5149268091634585,-0.6439431695605231,-0.5038728988504453,-1.0,0.48244387308838577,0.0,0.0,0.0,1.0,0.0,1.0,0.0,0.0,0.0,0.0,1.0,0.0,1.0,0.0
-0.08860759493670889,-0.07401666632198345,0.3839974984349326,-1.0,0.5330257163821366,0.30856035775835067,0.588935016990886,0.0,0.0,1.0,0.0,0.0,1.0,0.0,0.0,0.0,0.0,1.0,0.0,1.0,0.0
-0.6455696202531646,-1.0,-0.8644880666376419,0.44544027594378366,-1.0,0.0409428709279025,0.41039287398252555,0.0,1.0,0.0,0.0,0.0,1.0,0.0,0.0,0.0,0.0,1.0,0.0,1.0,0.0
-0.03797468354430378,-1.0,-1.0,-1.0,-1.0,-1.0,-1.0,0.0,1.0,0.0,0.0,0.0,0.0,1.0,0.0,0.0,0.0,1.0,0.0,1.0,0.0
-0.31645569620253167,-1.0,-0.6195699068776419,-1.0,0.7889619666228314,-1.0,0.7083274646766249,0.0,0.0,1.0,0.0,0.0,1.0,0.0,0.0,0.0,0.0,1.0,0.0,1.0,0.0
0.08860759493670889,-1.0,0.4219070160700318,-1.0,-0.1106617981837873,-0.0056302762734922185,0.41534785151911846,0.0,0.0,1.0,0.0,0.0,1.0,0.0,0.0,0.0,0.0,1.0,0.0,1.0,0.0
0.5443037974683544,-1.0,-1.0,-1.0,-1.0,-1.0,-1.0,0.0,1.0,0.0,0.0,0.0,0.0,1.0,0.0,0.0,1.0,0.0,0.0,1.0,0.0
0.012658227848101333,-1.0,-1.0,0.35088060564462276,-1.0,-1.0,0.295963922412652,0.0,1.0,0.0,0.0,1.0,0.0,0.0,0.0,0.0,0.0,1.0,0.0,1.0,0.0
-0.06329113924050633,0.7485602326306307,0.3048927326226101,-1.0,0.4907930560377567,-0.10383119850769595,0.6860077271198952,0.0,0.0,1.0,0.0,0.0,1.0,0.0,1.0,0.0,0.0,0.0,0.0,1.0,0.0
0.03797468354430378,-1.0,-1.0,-1.0,-1.0,-1.0,-1.0,0.0,0.0,0.0,1.0,0.0,0.0,1.0,0.0,0.0,0.0,1.0,0.0,1.0,0.0
-0.16455696202531644,0.37757445048881544,-1.0,0.1239536063508484,-1.0,-1.0,0.3195495613364112,0.0,0.0,0.0,1.0,0.0,1.0,0.0,0.0,0.0,0.0,1.0,0.0,1.0,0.0
-0.31645569620253167,-1.0,-0.22752239277912478,-1.0,-0.27373324999522164,0.2997627298911174,0.27268341910299565,0.0,1.0,0.0,0.0,0.0,1.0,0.0,0.0,0.0,0.0,1.0,0.0,1.0,0.0
-0.2911392405063291,-1.0,0.5687517753735165,-1.0,0.3443656572600835,0.5211168750118182,0.6599373340577006,0.0,0.0,1.0,0.0,0.0,1.0,0.0,1.0,0.0,0.0,0.0,0.0,1.0,0.0
-0.36708860759493667,-0.03344057354545327,-0.3164244002440262,-1.0,-0.016243089995327864,0.27872519471955237,0.29765851731362925,0.0,1.0,0.0,0.0,0.0,1.0,0.0,0.0,0.0,0.0,1.0,0.0,1.0,0.0
0.1898734177215189,-1.0,0.24229455688282298,-1.0,-1.0,-0.1608466236402405,0.23271016964440183,0.0,1.0,0.0,0.0,0.0,1.0,0.0,1.0,0.0,0.0,0.0,0.0,1.0,0.0
-0.49367088607594933,0.22719657645694413,0.4357838257831479,0.1487441529768181,0.12855469702459943,0.1407248510975445,0.5147460190873117,0.0,0.0,1.0,0.0,0.0,1.0,0.0,1.0,0.0,0.0,0.0,0.0,1.0,0.0
0.7974683544303798,-0.1866599551890682,-0.26018186629887174,-1.0,-0.1276125013172802,0.2450762270921829,0.24998862605774574,0.0,1.0,0.0,0.0,0.0,1.0,0.0,0.0,0.0,1.0,0.0,0.0,1.0,0.0
-0.26582278481012656,-1.0,-1.0,-1.0,-1.0,-1.0,-1.0,0.0,0.0,1.0,0.0,0.0,0.0,1.0,0.0,0.0,0.0,1.0,0.0,1.0,0.0
-0.8734177215189873,-1.0,-1.0,-1.0,-1.0,-1.0,-1.0,0.0,0.0,0.0,1.0,0.0,0.0,1.0,0.0,0.0,0.0,1.0,0.0,1.0,0.0
0.11392405063291133,0.012372370812063771,0.6525767765085906,-1.0,-1.0,-0.4916552261572421,0.6170104424930454,0.0,0.0,1.0,0.0,0.0,1.0,0.0,0.0,0.0,0.0,1.0,0.0,1.0,0.0
0.26582278481012667,-1.0,-1.0,-1.0,-1.0,-1.0,-1.0,0.0,0.0,1.0,0.0,0.0,0.0,1.0,0.0,0.0,0.0,1.0,0.0,1.0,0.0
-0.2911392405063291,-1.0,-1.0,-1.0,-1.0,-1.0,-1.0,0.0,1.0,0.0,0.0,0.0,0.0,1.0,0.0,0.0,0.0,1.0,0.0,1.0,0.0
-0.9240506329113924,-1.0,-1.0,-1.0,-1.0,-1.0,-1.0,0.0,1.0,0.0,0.0,0.0,1.0,0.0,0.0,0.0,0.0,1.0,0.0,1.0,0.0
-0.49367088607594933,-1.0,-1.0,-1.0,-1.0,-1.0,-1.0,0.0,1.0,0.0,0.0,0.0,0.0,1.0,0.0,0.0,0.0,1.0,0.0,1.0,0.0
-0.49367088607594933,0.7440921142232848,-0.6853510347334366,-1.0,-0.18589423387542536,-1.0,0.5937696289170398,0.0,1.0,0.0,0.0,0.0,1.0,0.0,0.0,0.0,0.0,1.0,0.0,1.0,0.0
-0.9493670886075949,-1.0,-1.0,-1.0,-1.0,-1.0,-1.0,0.0,1.0,0.0,0.0,0.0,0.0,1.0,1.0,0.0,0.0,0.0,0.0,1.0,0.0
-0.49367088607594933,-1.0,-1.0,-1.0,-1.0,-1.0,-1.0,0.0,0.0,0.0,1.0,0.0,0.0,1.0,0.0,0.0,0.0,1.0,0.0,1.0,0.0
-0.16455696202531644,-1.0,-0.2201440682989565,0.27642186032429183,-0.5402745340816825,-1.0,0.24281461395860493,0.0,1.0,0.0,0.0,0.0,1.0,0.0,1.0,0.0,0.0,0.0,0.0,1.0,0.0
-0.4683544303797469,-1.0,-1.0,-1.0,-1.0,-1.0,-1.0,0.0,0.0,0.0,1.0,0.0,0.0,1.0,0.0,0.0,0.0,1.0,0.0,1.0,0.0
-0.189873417721519,-0.8551412152377926,0.37729581761460906,-1.0,-0.21498650520515272,-0.29536908750557034,0.3566741554266999,0.0,0.0,1.0,0.0,0.0,1.0,0.0,0.0,0.0,0.0,1.0,0.0,1.0,0.0
-0.4177215189873418,-1.0,0.3085608025911166,-1.0,-0.7806552088744709,-1.0,0.2764915990842052,0.0,1.0,0.0,0.0,1.0,0.0,0.0,0.0,0.0,0.0,1.0,0.0,1.0,0.0
-0.1392405063291139,-1.0,-1.0,-1.0,-1.0,-1.0,-1.0,0.0,1.0,0.0,0.0,0.0,0.0,1.0,0.0,0.0,0.0,1.0,0.0,1.0,0.0
-0.2911392405063291,-1.0,-1.0,-1.0,-1.0,-1.0,-1.0,0.0,0.0,1.0,0.0,0.0,0.0,1.0,1.0,0.0,0.0,0.0,0.0,1.0,0.0
0.21518987341772156,-1.0,-1.0,-1.0,-1.0,-1.0,-1.0,0.0,0.0,1.0,0.0,0.0,0.0,1.0,0.0,0.0,0.0,1.0,0.0,1.0,0.0
-0.6708860759493671,-0.32729663573877876,0.31616331166370526,0.386147982844695,0.4430478681714345,0.031376933319403166,0.5551265753015104,0.0,0.0,1.0,0.0,0.0,1.0,0.0,0.0,0.0,0.0,1.0,0.0,1.0,0.0
-0.6455696202531646,-1.0,-1.0,-1.0,-1.0,-1.0,-1.0,1.0,0.0,0.0,0.0,0.0,0.0,1.0,0.0,0.0,0.0,1.0,0.0,1.0,0.0
-0.21518987341772156,-1.0,-1.0,-1.0,-1.0,-1.0,-1.0,0.0,0.0,0.0,1.0,0.0,0.0,1.0,0.0,0.0,0.0,1.0,0.0,1.0,0.0
-0.26582278481012656,-1.0,-1.0,-1.0,-1.0,-1.0,-1.0,0.0,0.0,0.0,1.0,0.0,0.0,1.0,0.0,0.0,0.0,1.0,0.0,1.0,0.0
-0.11392405063291144,-1.0,-1.0,-1.0,-1.0,-1.0,-1.0,0.0,0.0,0.0,1.0,0.0,0.0,1.0,0.0,0.0,0.0,1.0,0.0,1.0,0.0
-0.4177215189873418,0.38517481717428836,-1.0,-0.04534925812938162,-1.0,-1.0,0.2918778407250222,0.0,0.0,0.0,1.0,0.0,1.0,0.0,0.0,0.0,0.0,1.0,0.0,1.0,0.0
0.16455696202531644,-1.0,-1.0,-1.0,-1.0,-1.0,-1.0,0.0,0.0,1.0,0.0,0.0,0.0,1.0,1.0,0.0,0.0,0.0,0.0,1.0,0.0
0.16455696202531644,0.52200277773446,-1.0,-0.12430071403862064,-0.2685470822285979,-1.0,0.403377551983374,0.0,0.0,0.0,1.0,0.0,1.0,0.0,0.0,0.0,0.0,1.0,0.0,1.0,0.0
-0.8987341772151899,-1.0,-1.0,-1.0,-1.0,-1.0,-1.0,0.0,1.0,0.0,0.0,0.0,0.0,1.0,0.0,0.0,0.0,1.0,0.0,1.0,0.0
-0.620253164556962,-1.0,-1.0,-1.0,-1.0,-1.0,-1.0,0.0,1.0,0.0,0.0,0.0,0.0,1.0,0.0,0.0,0.0,1.0,0.0,1.0,0.0
-0.5189873417721519,0.5931402745716785,-1.0,-0.4755689006986463,-0.8616088449879872,-1.0,0.45458368924797576,0.0,1.0,0.0,0.0,0.0,1.0,0.0,0.0,0.0,0.0,1.0,0.0,1.0,0.0
-0.5189873417721519,-1.0,-1.0,-1.0,-1.0,-1.0,-1.0,0.0,0.0,1.0,0.0,0.0,0.0,1.0,1.0,0.0,0.0,0.0,0.0,1.0,0.0
-0.3924050632911392,0.041509248252832975,0.6322054115254445,-1.0,-0.6422640538624581,-0.18204732211135755,0.6009066271020638,0.0,0.0,1.0,0.0,0.0,1.0,0.0,1.0,0.0,0.0,0.0,0.0,1.0,0.0
-0.44303797468354433,-1.0,-1.0,-1.0,-1.0,-1.0,-1.0,0.0,1.0,0.0,0.0,0.0,0.0,1.0,0.0,0.0,0.0,1.0,0.0,1.0,0.0
-0.49367088607594933,-1.0,-1.0,-1.0,-1.0,-1.0,-1.0,0.0,1.0,0.0,0.0,0.0,0.0,1.0,0.0,0.0,0.0,1.0,0.0,1.0,0.0
-0.2911392405063291,-1.0,0.18227573988296064,-1.0,0.5022177730627648,0.6945254550419158,0.699490307595283,0.0,0.0,1.0,0.0,0.0,1.0,0.0,0.0,0.0,0.0,1.0,0.0,1.0,0.0
0.31645569620253156,-1.0,-1.0,-1.0,-1.0,-1.0,-1.0,0.0,0.0,1.0,0.0,0.0,0.0,1.0,0.0,0.0,0.0,1.0,1.0,0.0,0.0
0.36708860759493667,-1.0,-0.28884319650774715,-1.0,0.6877316455838658,-1.0,0.6130194935001176,0.0,0.0,1.0,0.0,0.0,1.0,0.0,1.0,0.0,0.0,0.0,0.0,1.0,0.0
-0.2405063291139241,0.4853598858122916,-1.0,-0.2226063063480459,-0.2634922240576568,-1.0,0.3682316740148377,0.0,0.0,0.0,1.0,0.0,1.0,0.0,0.0,0.0,0.0,1.0,0.0,1.0,0.0
-0.4177215189873418,0.3536033496791524,-1.0,0.2786672977829394,-1.0,-1.0,0.3627654298564802,0.0,0.0,0.0,1.0,0.0,1.0,0.0,0.0,0.0,0.0,1.0,0.0,1.0,0.0
-0.5949367088607596,-1.0,-1.0,-1.0,-1.0,-1.0,-1.0,0.0,1.0,0.0,0.0,0.0,0.0,1.0,0.0,0.0,1.0,0.0,0.0,1.0,0.0
-1.0,-1.0,-1.0,-1.0,-1.0,-1.0,-1.0,0.0,1.0,0.0,0.0,0.0,1.0,0.0,1.0,0.0,0.0,0.0,0.0,1.0,0.0
-0.16455696202531644,-1.0,-1.0,-1.0,-1.0,-1.0,-1.0,0.0,1.0,0.0,0.0,0.0,0.0,1.0,0.0,0.0,1.0,0.0,0.0,1.0,0.0
-0.3924050632911392,-1.0,-1.0,-1.0,-1.0,-1.0,-1.0,0.0,0.0,1.0,0.0,0.0,0.0,1.0,0.0,0.0,0.0,1.0,0.0,1.0,0.0
-0.2911392405063291,-1.0,0.17664938340958858,-0.7816847539510678,0.4398322517184994,0.6281239920120361,0.6405716975593161,0.0,0.0,1.0,0.0,0.0,1.0,0.0,0.0,1.0,0.0,0.0,0.0,1.0,0.0
-0.16455696202531644,0.4560059125719462,0.17329097748786504,-0.8622584156094552,-1.0,-0.012303937438817414,0.4076887056483811,0.0,1.0,0.0,0.0,1.0,0.0,0.0,0.0,0.0,0.0,1.0,0.0,1.0,0.0
-0.44303797468354433,-1.0,-1.0,-1.0,-1.0,-1.0,-1.0,0.0,1.0,0.0,0.0,0.0,0.0,1.0,0.0,0.0,0.0,1.0,0.0,1.0,0.0
-0.2405063291139241,-1.0,0.6074764180918293,-0.6801739453692954,-0.011949242073952537,0.6460556550032144,0.7112165667517725,0.0,0.0,1.0,0.0,0.0,1.0,0.0,1.0,0.0,0.0,0.0,0.0,1.0,0.0
-0.6455696202531646,-1.0,-1.0,-1.0,-1.0,-1.0,-1.0,0.0,0.0,1.0,0.0,1.0,0.0,0.0,0.0,0.0,0.0,1.0,0.0,1.0,0.0
0.03797468354430378,-1.0,-1.0,-1.0,-1.0,-1.0,-1.0,0.0,0.0,1.0,0.0,0.0,0.0,1.0,0.0,0.0,0.0,1.0,0.0,1.0,0.0
-0.36708860759493667,-1.0,0.6023152169444967,-1.0,-1.0,0.016689547685515782,0.571103351965853,0.0,0.0,1.0,0.0,0.0,1.0,0.0,0.0,0.0,0.0,1.0,1.0,0.0,0.0
-1.0,-1.0,-1.0,-1.0,-1.0,-1.0,-1.0,0.0,0.0,0.0,1.0,0.0,1.0,0.0,0.0,0.0,0.0,1.0,0.0,1.0,0.0
-0.9493670886075949,-1.0,-1.0,-1.0,-1.0,-1.0,-1.0,0.0,1.0,0.0,0.0,0.0,0.0,1.0,0.0,0.0,0.0,1.0,0.0,1.0,0.0
-0.9493670886075949,-1.0,-1.0,-1.0,-1.0,-1.0,-1.0,0.0,0.0,0.0,1.0,0.0,0.0,1.0,0.0,0.0,0.0,1.0,0.0,1.0,0.0
-0.5189873417721519,0.37985536863263003,-1.0,-1.0,-1.0,-0.8626258465039598,0.25898028261425443,0.0,1.0,0.0,0.0,0.0,1.0,0.0,0.0,0.0,0.0,1.0,0.0,1.0,0.0
-0.31645569620253167,-0.13084729142675589,-1.0,0.5075419799864351,-1.0,-1.0,0.4522547979466247,0.0,0.0,0.0,1.0,0.0,1.0,0.0,1.0,0.0,0.0,0.0,0.0,1.0,0.0
-0.2911392405063291,0.7089949116710246,-1.0,-1.0,-0.47309575479577604,-0.7822671181404642,0.5597686783005278,0.0,0.0,0.0,1.0,0.0,1.0,0.0,0.0,0.0,0.0,1.0,0.0,1.0,0.0
-0.3417721518987342,-0.5408085165037282,0.7052534347365653,-1.0,-0.7232176899759744,0.3133426302403324,0.6852361246223913,0.0,0.0,1.0,0.0,0.0,1.0,0.0,1.0,0.0,0.0,0.0,0.0,1.0,0.0
-0.08860759493670889,-0.08684198141166655,-0.5498391013710785,-1.0,-1.0,0.3349575725671734,0.30285907632306674,0.0,1.0,0.0,0.0,0.0,1.0,0.0,0.0,0.0,0.0,1.0,0.0,1.0,0.0
-0.06329113924050633,0.6567081356699074,-1.0,-0.6133104850891911,-0.8616088449879872,-0.5247635098122653,0.5124360183306513,0.0,0.0,0.0,1.0,0.0,1.0,0.0,0.0,0.0,0.0,1.0,0.0,0.0,1.0
-0.189873417721519,-1.0,-1.0,-1.0,-1.0,-1.0,-1.0,0.0,1.0,0.0,0.0,1.0,0.0,0.0,0.0,0.0,0.0,1.0,0.0,1.0,0.0
-0.4177215189873418,-1.0,-0.8644880666376419,0.35374309093941525,-1.0,-1.0,0.29891965093869466,0.0,1.0,0.0,0.0,0.0,1.0,0.0,0.0,0.0,0.0,1.0,0.0,1.0,0.0
0.5189873417721518,-1.0,-1.0,-1.0,-1.0,-1.0,-1.0,0.0,1.0,0.0,0.0,1.0,0.0,0.0,0.0,0.0,0.0,1.0,0.0,1.0,0.0
-0.7974683544303798,-1.0,-1.0,-1.0,-1.0,-1.0,-1.0,0.0,1.0,0.0,0.0,0.0,1.0,0.0,0.0,0.0,1.0,0.0,0.0,1.0,0.0
-0.2405063291139241,-0.7704042582518641,-1.0,-0.6439431695605231,-0.8616088449879872,0.36156908429742995,0.3112887739450776,1.0,0.0,0.0,0.0,0.0,1.0,0.0,0.0,0.0,0.0,1.0,0.0,1.0,0.0
-0.31645569620253167,-1.0,-0.4705697019538748,-1.0,-1.0,0.5363424435382473,0.4789724458742579,0.0,0.0,1.0,0.0,0.0,1.0,0.0,0.0,0.0,0.0,1.0,0.0,1.0,0.0
-0.5443037974683544,-1.0,0.5820521788033486,-1.0,0.21389655885989578,0.1569740179418153,0.5834101594173462,0.0,0.0,1.0,0.0,0.0,1.0,0.0,1.0,0.0,0.0,0.0,0.0,1.0,0.0
-0.31645569620253167,-0.8551412152377926,-1.0,-1.0,-0.3921421186822598,0.3586666829079004,0.311092338408792,0.0,1.0,0.0,0.0,0.0,1.0,0.0,0.0,0.0,0.0,1.0,0.0,1.0,0.0
-0.5189873417721519,-1.0,0.30340601523553956,-1.0,-1.0,-0.4062787864940952,0.2755466619768592,0.0,1.0,0.0,0.0,0.0,1.0,0.0,0.0,0.0,0.0,1.0,0.0,1.0,0.0
-0.36708860759493667,-1.0,0.6493820844879574,-1.0,0.5688722366134016,0.49832486284564137,0.7382418279936898,0.0,0.0,1.0,0.0,0.0,1.0,0.0,0.0,0.0,0.0,1.0,0.0,1.0,0.0
-0.44303797468354433,0.418571701463591,-0.21303410679056745,-1.0,-1.0,-1.0,0.3055083212267695,0.0,0.0,0.0,1.0,0.0,1.0,0.0,0.0,0.0,0.0,1.0,0.0,1.0,0.0
-0.16455696202531644,0.047157890771564404,-1.0,-1.0,-1.0,-0.06841644980240058,0.05935743085769607,0.0,0.0,0.0,1.0,0.0,1.0,0.0,0.0,0.0,0.0,1.0,0.0,1.0,0.0
-0.8227848101265822,-1.0,-1.0,-1.0,-1.0,-1.0,-1.0,0.0,1.0,0.0,0.0,0.0,0.0,1.0,0.0,0.0,1.0,0.0,0.0,1.0,0.0
-0.08860759493670889,-1.0,-1.0,-1.0,-1.0,-1.0,-1.0,0.0,0.0,1.0,0.0,0.0,0.0,1.0,1.0,0.0,0.0,0.0,0.0,1.0,0.0
-0.2405063291139241,0.2902413476897834,-0.4985462595038411,-0.35255398589099995,0.29131636408336714,0.11956461174874722,0.38681166497215247,0.0,1.0,0.0,0.0,0.0,1.0,0.0,0.0,0.0,0.0,1.0,0.0,1.0,0.0
-0.03797468354430378,-1.0,0.5857840451340632,0.11324801423660547,-0.7806552088744709,0.617946935494849,0.6909484282631917,0.0,0.0,1.0,0.0,0.0,1.0,0.0,0.0,0.0,0.0,1.0,0.0,1.0,0.0
-0.08860759493670889,-1.0,-1.0,-1.0,-1.0,-1.0,-1.0,0.0,0.0,0.0,1.0,0.0,0.0,1.0,0.0,0.0,0.0,1.0,1.0,0.0,0.0
0.31645569620253156,0.3995934338853615,-1.0,-1.0,-1.0,-1.0,0.27672710334034045,0.0,1.0,0.0,0.0,0.0,1.0,0.0,0.0,0.0,0.0,1.0,0.0,1.0,0.0
-0.5696202531645569,-1.0,-1.0,-1.0,-1.0,-1.0,-1.0,0.0,1.0,0.0,0.0,0.0,0.0,1.0,1.0,0.0,0.0,0.0,0.0,1.0,0.0
-0.5696202531645569,-1.0,-1.0,0.4977254198399097,-0.00913713596583432,-0.7822671181404642,0.4509380835878005,0.0,1.0,0.0,0.0,0.0,1.0,0.0,0.0,0.0,0.0,1.0,0.0,1.0,0.0
-0.44303797468354433,-1.0,0.09450489696760678,-1.0,-0.07856242258773238,-0.3326389730944991,0.141261227782421,0.0,1.0,0.0,0.0,0.0,1.0,0.0,0.0,0.0,0.0,1.0,0.0,1.0,0.0
-0.5189873417721519,-1.0,0.3043984153068131,-1.0,-1.0,-1.0,0.27196083830957996,0.0,1.0,0.0,0.0,0.0,1.0,0.0,0.0,0.0,0.0,1.0,0.0,1.0,0.0
0.21518987341772156,-1.0,-1.0,-1.0,-1.0,-1.0,-1.0,0.0,0.0,1.0,0.0,0.0,0.0,1.0,1.0,0.0,0.0,0.0,0.0,1.0,0.0
-0.5443037974683544,-1.0,-1.0,-1.0,-1.0,-1.0,-1.0,0.0,0.0,0.0,1.0,0.0,0.0,1.0,0.0,0.0,0.0,1.0,0.0,1.0,0.0
-0.44303797468354433,-1.0,-0.1457624833221085,0.28494646475450214,-1.0,-1.0,0.2545374613846978,0.0,1.0,0.0,0.0,0.0,1.0,0.0,0.0,0.0,1.0,0.0,0.0,1.0,0.0
-0.6708860759493671,-1.0,-1.0,-1.0,-1.0,-1.0,-1.0,0.0,1.0,0.0,0.0,0.0,0.0,1.0,0.0,0.0,0.0,1.0,0.0,1.0,0.0
-0.012658227848101333,0.3012655327569349,0.01414634490479827,0.034135529019808875,-1.0,-1.0,0.2892512916546419,0.0,1.0,0.0,0.0,0.0,1.0,0.0,0.0,0.0,0.0,1.0,0.0,1.0,0.0
-0.9493670886075949,-1.0,-1.0,-1.0,-1.0,-1.0,-1.0,0.0,1.0,0.0,0.0,0.0,0.0,1.0,0.0,0.0,1.0,0.0,0.0,1.0,0.0
0.08860759493670889,-1.0,0.3508733101910211,-1.0,0.5534694224480476,-1.0,0.5499199114492679,0.0,0.0,1.0,0.0,0.0,1.0,0.0,1.0,0.0,0.0,0.0,0.0,1.0,0.0
0.16455696202531644,0.2657894258686748,-0.28884319650774715,-1.0,-1.0,0.25728738276650587,0.32290402919167094,0.0,1.0,0.0,0.0,0.0,1.0,0.0,1.0,0.0,0.0,0.0,0.0,1.0,0.0
0.03797468354430378,0.2175585781043723,-1.0,0.17937683744815014,-0.7806552088744709,-0.11490609123496331,0.2753096940518822,0.0,1.0,0.0,0.0,0.0,1.0,0.0,0.0,0.0,0.0,1.0,0.0,1.0,0.0
-0.5443037974683544,-1.0,-1.0,-1.0,-1.0,-1.0,-1.0,0.0,1.0,0.0,0.0,0.0,0.0,1.0,1.0,0.0,0.0,0.0,0.0,1.0,0.0
0.4177215189873418,-1.0,-1.0,-1.0,-1.0,-1.0,-1.0,0.0,0.0,1.0,0.0,0.0,1.0,0.0,0.0,0.0,0.0,1.0,0.0,1.0,0.0
-0.3924050632911392,0.4500116091899107,-1.0,-1.0,-1.0,0.392031833683524,0.4630942301167491,0.0,1.0,0.0,0.0,0.0,1.0,0.0,1.0,0.0,0.0,0.0,0.0,1.0,0.0
-0.5189873417721519,-1.0,-1.0,-1.0,-1.0,-1.0,-1.0,0.0,0.0,1.0,0.0,0.0,0.0,1.0,1.0,0.0,0.0,0.0,0.0,1.0,0.0
-0.2405063291139241,-1.0,-1.0,-1.0,-1.0,-1.0,-1.0,0.0,1.0,0.0,0.0,0.0,0.0,1.0,0.0,0.0,0.0,1.0,0.0,1.0,0.0
0.8481012658227849,0.5672823532442159,-1.0,-0.23071841638888846,-1.0,-1.0,0.43459025632026105,0.0,1.0,0.0,0.0,0.0,1.0,0.0,0.0,0.0,1.0,0.0,0.0,1.0,0.0
-0.3924050632911392,-1.0,-1.0,-1.0,-1.0,-1.0,-1.0,0.0,0.0,0.0,1.0,0.0,0.0,1.0,0.0,0.0,0.0,1.0,0.0,1.0,0.0
-0.012658227848101333,-1.0,-1.0,-1.0,-1.0,-1.0,-1.0,0.0,1.0,0.0,0.0,0.0,0.0,1.0,0.0,0.0,1.0,0.0,0.0,1.0,0.0
-0.21518987341772156,0.41715323187506237,-1.0,-1.0,-0.5613104177489419,-1.0,0.2944686937979426,0.0,1.0,0.0,0.0,0.0,1.0,0.0,0.0,0.0,0.0,1.0,0.0,1.0,0.0
-0.3924050632911392,-1.0,-1.0,-1.0,-1.0,-1.0,-1.0,0.0,0.0,1.0,0.0,0.0,0.0,1.0,0.0,0.0,0.0,1.0,0.0,1.0,0.0
-0.08860759493670889,-0.20915337023183045,-0.7852186672204382,-1.0,-0.45932089796816633,0.9226809274748891,0.8501398166027472,0.0,0.0,1.0,0.0,0.0,1.0,0.0,0.0,0.0,0.0,1.0,0.0,1.0,0.0
0.16455696202531644,0.5116985121783761,0.06315752497861782,-1.0,0.46961760142245845,-0.8626258465039598,0.5378668979762569,0.0,0.0,1.0,0.0,0.0,1.0,0.0,0.0,0.0,0.0,1.0,0.0,1.0,0.0
-0.2405063291139241,0.30454382822092674,-1.0,-1.0,-1.0,0.14197525909384878,0.281606655633561,0.0,1.0,0.0,0.0,0.0,1.0,0.0,0.0,0.0,0.0,1.0,0.0,1.0,0.0
-0.03797468354430378,-1.0,0.5039157840794593,0.3436536600995206,0.06567274669392442,0.7326504910770557,0.746567892688107,0.0,0.0,1.0,0.0,0.0,1.0,0.0,0.0,0.0,1.0,0.0,0.0,0.0,1.0
-0.5189873417721519,0.4526302763727654,-1.0,-0.019425777460139182,-1.0,-1.0,0.34877573205275003,0.0,0.0,0.0,1.0,0.0,1.0,0.0,1.0,0.0,0.0,0.0,0.0,1.0,0.0
-0.4683544303797469,0.4890918965999915,-1.0,0.2886208825513745,-1.0,-1.0,0.4389613082943311,0.0,0.0,0.0,1.0,0.0,1.0,0.0,0.0,0.0,0.0,1.0,0.0,1.0,0.0
-0.3924050632911392,-0.7102824304755853,0.4912031905364085,0.15597109852192048,-1.0,-0.6810270934861755,0.4834810502540028,0.0,1.0,0.0,0.0,0.0,1.0,0.0,0.0,0.0,0.0,1.0,0.0,1.0,0.0
-0.36708860759493667,0.48672470405337553,-1.0,-0.02819421901128416,-1.0,-1.0,0.375658317130696,0.0,0.0,0.0,1.0,0.0,1.0,0.0,0.0,0.0,0.0,1.0,0.0,1.0,0.0
-0.3924050632911392,-1.0,-1.0,-1.0,-1.0,-0.4271600827848884,-0.4489775883524386,0.0,1.0,0.0,0.0,0.0,1.0,0.0,0.0,0.0,0.0,1.0,0.0,1.0,0.0
-0.2911392405063291,-0.07651953516393095,0.300398226767185,-1.0,0.6400691704250381,-0.019210176622707076,0.6114807541562268,0.0,1.0,0.0,0.0,0.0,1.0,0.0,0.0,0.0,0.0,1.0,0.0,1.0,0.0
-0.5949367088607596,-1.0,-1.0,-1.0,-1.0,-1.0,-1.0,0.0,1.0,0.0,0.0,0.0,0.0,1.0,0.0,0.0,0.0,1.0,0.0,1.0,0.0
-0.620253164556962,-1.0,-1.0,-1.0,-1.0,-1.0,-1.0,0.0,0.0,1.0,0.0,0.0,0.0,1.0,1.0,0.0,0.0,0.0,0.0,1.0,0.0
-0.8987341772151899,-1.0,-1.0,-1.0,-1.0,-1.0,-1.0,0.0,0.0,1.0,0.0,0.0,0.0,1.0,0.0,0.0,0.0,1.0,0.0,1.0,0.0
-0.012658227848101333,-1.0,-1.0,-1.0,-1.0,-1.0,-1.0,0.0,0.0,0.0,1.0,1.0,0.0,0.0,0.0,0.0,0.0,1.0,0.0,1.0,0.0
-0.5443037974683544,-1.0,-1.0,-1.0,-1.0,-1.0,-1.0,1.0,0.0,0.0,0.0,0.0,0.0,1.0,0.0,0.0,1.0,0.0,0.0,1.0,0.0
-0.1392405063291139,-1.0,-1.0,-1.0,-1.0,-1.0,-1.0,0.0,1.0,0.0,0.0,0.0,0.0,1.0,0.0,0.0,0.0,1.0,0.0,1.0,0.0
-0.26582278481012656,-1.0,-1.0,-0.3949952390402589,-1.0,0.18892329823536014,0.15287509059177484,0.0,1.0,0.0,0.0,0.0,1.0,0.0,0.0,0.0,1.0,0.0,0.0,1.0,0.0
0.3417721518987342,-0.5408085165037282,0.42844438210542335,-1.0,0.5792521860632664,0.7657660771562846,0.7845215764009643,0.0,0.0,1.0,0.0,0.0,1.0,0.0,1.0,0.0,0.0,0.0,0.0,1.0,0.0
0.139240506329114,-1.0,0.21379421497603035,-1.0,0.5115890712077404,0.6532703199790741,0.6775734113147729,0.0,0.0,1.0,0.0,0.0,1.0,0.0,1.0,0.0,0.0,0.0,0.0,1.0,0.0
-0.4683544303797469,-0.03140165932038008,-0.5498391013710785,-0.3857508233676067,0.22629605158252586,-0.07763620564603457,0.24917450095814808,0.0,1.0,0.0,0.0,0.0,1.0,0.0,1.0,0.0,0.0,0.0,0.0,1.0,0.0
-0.06329113924050633,0.11846904550458803,-0.7289761332752838,0.27185340393659185,-0.8616088449879872,-0.1608466236402405,0.2933934474557045,0.0,1.0,0.0,0.0,0.0,1.0,0.0,0.0,0.0,0.0,1.0,0.0,1.0,0.0
-0.5443037974683544,0.5244303963242167,-0.1995458352291587,-0.09297683199834372,0.40001252529445464,0.14991609669010497,0.5304257224544486,0.0,1.0,0.0,0.0,0.0,1.0,0.0,1.0,0.0,0.0,0.0,0.0,1.0,0.0
-0.620253164556962,-1.0,-1.0,-1.0,-1.0,-1.0,-1.0,0.0,1.0,0.0,0.0,0.0,0.0,1.0,1.0,0.0,0.0,0.0,0.0,1.0,0.0
-0.31645569620253167,-0.6636483178693894,-1.0,-0.7816847539510678,0.6874760583080335,-1.0,0.6115214068210784,0.0,1.0,0.0,0.0,0.0,1.0,0.0,0.0,0.0,0.0,1.0,0.0,1.0,0.0
0.36708860759493667,0.3764245876133001,-0.363034326141483,-0.15014475473050126,-1.0,0.3796523716214366,0.4367374788549785,0.0,1.0,0.0,0.0,0.0,1.0,0.0,0.0,0.0,0.0,1.0,0.0,1.0,0.0
-0.03797468354430378,-1.0,-1.0,-1.0,-1.0,-1.0,-1.0,1.0,0.0,0.0,0.0,0.0,0.0,1.0,1.0,0.0,0.0,0.0,0.0,1.0,0.0
-0.3417721518987342,-1.0,-1.0,-1.0,-0.09719672610884411,0.3483799715015574,0.3153678435620455,0.0,1.0,0.0,0.0,0.0,1.0,0.0,0.0,0.0,0.0,1.0,0.0,1.0,0.0
-0.6708860759493671,-1.0,-1.0,-1.0,-1.0,-1.0,-1.0,0.0,0.0,0.0,1.0,0.0,0.0,1.0,0.0,0.0,0.0,1.0,0.0,1.0,0.0
-0.2911392405063291,0.31907084070746206,0.6729497331245282,-1.0,0.5406394957542102,0.4652634933842317,0.7485195221596597,0.0,0.0,1.0,0.0,0.0,1.0,0.0,1.0,0.0,0.0,0.0,0.0,1.0,0.0
-0.6708860759493671,0.8419877363975745,-1.0,0.4668454184720321,0.42642542491774993,-1.0,0.7480434161779324,0.0,0.0,0.0,1.0,0.0,1.0,0.0,0.0,0.0,0.0,1.0,1.0,0.0,0.0
-0.36708860759493667,-1.0,0.3001454763838969,-1.0,-0.034406172544717895,0.721286951174879,0.6826506555508176,0.0,0.0,1.0,0.0,0.0,1.0,0.0,1.0,0.0,0.0,0.0,0.0,1.0,0.0
-0.2911392405063291,-1.0,-1.0,-1.0,-1.0,-1.0,-1.0,0.0,0.0,1.0,0.0,0.0,1.0,0.0,0.0,0.0,0.0,1.0,0.0,0.0,1.0
-0.3417721518987342,0.6250197196264449,0.46244164380173647,-1.0,-1.0,0.5598560854217083,0.6815559037869583,0.0,0.0,1.0,0.0,0.0,1.0,0.0,0.0,0.0,0.0,1.0,0.0,1.0,0.0
-0.4177215189873418,-0.21395788183585684,-1.0,-1.0,0.32595341493436436,-0.7822671181404642,0.27672710334034045,0.0,1.0,0.0,0.0,0.0,1.0,0.0,1.0,0.0,0.0,0.0,0.0,1.0,0.0
-0.2405063291139241,-1.0,-1.0,0.3233288991791816,-1.0,-0.4164445537281488,0.27388166736646213,0.0,1.0,0.0,0.0,0.0,1.0,0.0,0.0,0.0,0.0,1.0,0.0,1.0,0.0
-0.3924050632911392,-1.0,0.5889270509891964,0.3349561078374461,-0.5402745340816825,0.32332456083893435,0.6242564738412264,0.0,0.0,1.0,0.0,0.0,1.0,0.0,0.0,0.0,0.0,1.0,0.0,1.0,0.0
0.03797468354430378,0.6554225228380726,0.17085629603181474,-0.3857508233676067,-1.0,-1.0,0.5370876707557841,0.0,0.0,0.0,1.0,0.0,1.0,0.0,0.0,0.0,0.0,1.0,0.0,1.0,0.0
-0.26582278481012656,-1.0,-1.0,-1.0,-1.0,-1.0,-1.0,0.0,1.0,0.0,0.0,0.0,0.0,1.0,0.0,0.0,0.0,1.0,0.0,1.0,0.0
-0.6455696202531646,0.4282402274761008,0.3193986497059389,-0.12430071403862064,-1.0,-1.0,0.4354111000904404,0.0,0.0,0.0,1.0,0.0,1.0,0.0,0.0,0.0,0.0,1.0,0.0,1.0,0.0
-0.26582278481012656,-1.0,-0.10765900040864773,0.2026657171527091,-0.8616088449879872,0.16929481557896708,0.2936089824375072,0.0,1.0,0.0,0.0,0.0,1.0,0.0,0.0,0.0,0.0,1.0,0.0,1.0,0.0
-0.31645569620253167,0.35805681912269116,0.3712372683445364,-1.0,-1.0,-0.7822671181404642,0.426503485330997,0.0,1.0,0.0,0.0,1.0,0.0,0.0,0.0,0.0,0.0,1.0,0.0,1.0,0.0
-0.1392405063291139,-1.0,0.3331159809235962,-1.0,0.5567778035822246,0.28305398792626346,0.5809447396067009,0.0,0.0,1.0,0.0,0.0,1.0,0.0,0.0,0.0,0.0,1.0,0.0,1.0,0.0
-0.8987341772151899,-1.0,-1.0,-1.0,-1.0,-1.0,-1.0,0.0,1.0,0.0,0.0,0.0,1.0,0.0,0.0,0.0,0.0,1.0,0.0,1.0,0.0
-0.44303797468354433,0.3596246213022165,-0.14330330128400426,-1.0,-1.0,-0.8626258465039598,0.2618008416391422,0.0,1.0,0.0,0.0,0.0,1.0,0.0,0.0,0.0,0.0,1.0,0.0,1.0,0.0
-1.0,-1.0,-1.0,-1.0,-1.0,-1.0,-1.0,0.0,1.0,0.0,0.0,0.0,1.0,0.0,0.0,0.0,0.0,1.0,0.0,1.0,0.0
-0.36708860759493667,-1.0,-1.0,-1.0,-1.0,-1.0,-1.0,0.0,0.0,1.0,0.0,0.0,0.0,1.0,0.0,0.0,0.0,1.0,0.0,1.0,0.0
-0.36708860759493667,-1.0,0.6004189615909381,-1.0,-0.3347045997837631,-1.0,0.5620480183563998,0.0,0.0,1.0,0.0,0.0,1.0,0.0,0.0,0.0,0.0,1.0,0.0,1.0,0.0
-0.06329113924050633,-1.0,-1.0,0.013440870351924206,-1.0,0.22644594014166408,0.23477435794343604,0.0,1.0,0.0,0.0,0.0,1.0,0.0,1.0,0.0,0.0,0.0,0.0,1.0,0.0
-0.2911392405063291,-1.0,0.2515901397065581,-1.0,-0.05091608903386202,-1.0,0.25374257209786033,0.0,1.0,0.0,0.0,0.0,1.0,0.0,0.0,0.0,0.0,1.0,0.0,1.0,0.0
-0.44303797468354433,-1.0,-1.0,0.2948920282180001,-0.6422640538624581,-1.0,0.24365629599290006,0.0,1.0,0.0,0.0,0.0,1.0,0.0,0.0,0.0,0.0,1.0,0.0,1.0,0.0
-0.620253164556962,0.4730214856779762,-1.0,0.02747392980402763,-0.8616088449879872,-0.5075188111483839,0.37240908291198216,0.0,0.0,0.0,1.0,0.0,1.0,0.0,0.0,0.0,0.0,1.0,0.0,1.0,0.0
-0.4683544303797469,-1.0,-1.0,0.3522068782032277,-0.7232176899759744,-1.0,0.2978692864573731,0.0,1.0,0.0,0.0,0.0,1.0,0.0,0.0,0.0,0.0,1.0,0.0,1.0,0.0
0.31645569620253156,-1.0,-0.6497067338580801,-1.0,-0.06334315395992085,0.48431916627560545,0.439463126618034,0.0,0.0,1.0,0.0,0.0,1.0,0.0,0.0,0.0,0.0,1.0,0.0,1.0,0.0
-0.44303797468354433,-1.0,-0.3350577685915167,0.0158496162164683,0.19871347540842077,-1.0,0.2191969629109587,0.0,1.0,0.0,0.0,0.0,1.0,0.0,0.0,0.0,1.0,0.0,0.0,1.0,0.0
0.012658227848101333,-1.0,-1.0,-1.0,-1.0,-1.0,-1.0,0.0,0.0,1.0,0.0,0.0,0.0,1.0,0.0,0.0,0.0,1.0,0.0,1.0,0.0
-0.11392405063291144,0.36998470117578397,-0.09013960883151684,-0.6439431695605231,-0.1327321724194961,-1.0,0.29425412914828364,0.0,1.0,0.0,0.0,0.0,1.0,0.0,0.0,0.0,0.0,1.0,0.0,1.0,0.0
0.2911392405063291,-1.0,-1.0,0.29896547598626655,-1.0,-0.3070306279527296,0.25480168966136607,0.0,1.0,0.0,0.0,1.0,0.0,0.0,0.0,0.0,0.0,1.0,0.0,1.0,0.0
0.4683544303797469,-1.0,0.3477263224143188,-1.0,-0.6422640538624581,-1.0,0.3151755685370752,0.0,1.0,0.0,0.0,1.0,0.0,0.0,0.0,0.0,0.0,1.0,0.0,1.0,0.0
0.31645569620253156,-1.0,-1.0,-1.0,-1.0,-1.0,-1.0,0.0,0.0,1.0,0.0,0.0,0.0,1.0,1.0,0.0,0.0,0.0,0.0,1.0,0.0
-1.0,-1.0,-1.0,-1.0,-1.0,-1.0,-1.0,0.0,1.0,0.0,0.0,0.0,0.0,1.0,0.0,0.0,0.0,1.0,0.0,1.0,0.0
-0.5189873417721519,-0.335827903965242,-1.0,-1.0,-1.0,0.3074817754500567,0.26357425601910145,0.0,1.0,0.0,0.0,0.0,1.0,0.0,0.0,0.0,1.0,0.0,0.0,1.0,0.0
-0.5443037974683544,0.432471329860884,-1.0,-0.6801739453692954,-0.6786656890936953,-1.0,0.30832077412611447,0.0,0.0,0.0,1.0,0.0,1.0,0.0,0.0,0.0,0.0,1.0,0.0,1.0,0.0
-0.08860759493670889,-1.0,-1.0,-1.0,-1.0,-1.0,-1.0,0.0,0.0,0.0,1.0,0.0,0.0,1.0,0.0,0.0,0.0,1.0,0.0,1.0,0.0
-0.31645569620253167,-1.0,-0.3224403331882094,-1.0,-0.8616088449879872,0.8509911799527023,0.7810286482642366,0.0,0.0,1.0,0.0,0.0,1.0,0.0,0.0,0.0,0.0,1.0,0.0,1.0,0.0
-0.16455696202531644,-1.0,-1.0,-1.0,-1.0,-1.0,-1.0,1.0,0.0,0.0,0.0,0.0,0.0,1.0,1.0,0.0,0.0,0.0,0.0,1.0,0.0
-0.16455696202531644,-1.0,-0.12690427033310847,0.3276134338397767,0.272132019803236,0.8427039437109509,0.7965513144250531,0.0,0.0,1.0,0.0,0.0,1.0,0.0,0.0,0.0,0.0,1.0,0.0,1.0,0.0
-0.21518987341772156,0.486384334189204,-1.0,-0.8622584156094552,-1.0,-1.0,0.35605418521820686,0.0,0.0,0.0,1.0,0.0,1.0,0.0,0.0,0.0,0.0,1.0,0.0,1.0,0.0
-0.16455696202531644,-1.0,0.4962765791665338,-1.0,0.9275197100742449,0.22108357946104018,0.8696820810887005,0.0,0.0,1.0,0.0,0.0,1.0,0.0,0.0,1.0,0.0,0.0,0.0,1.0,0.0
-0.8987341772151899,-1.0,-1.0,-1.0,-1.0,-1.0,-1.0,1.0,0.0,0.0,0.0,0.0,0.0,1.0,0.0,0.0,0.0,1.0,0.0,1.0,0.0
0.11392405063291133,-1.0,-1.0,-1.0,-1.0,-1.0,-1.0,0.0,0.0,1.0,0.0,0.0,0.0,1.0,1.0,0.0,0.0,0.0,0.0,1.0,0.0
-0.6455696202531646,-0.5654236457133779,0.30240855187668525,-1.0,-1.0,-1.0,0.2717193681429104,0.0,1.0,0.0,0.0,0.0,1.0,0.0,0.0,0.0,0.0,1.0,0.0,1.0,0.0
0.31645569620253156,-1.0,-1.0,-1.0,-1.0,-1.0,-1.0,0.0,1.0,0.0,0.0,1.0,0.0,0.0,0.0,0.0,1.0,0.0,0.0,1.0,0.0
0.3924050632911391,-1.0,-1.0,-1.0,-1.0,-1.0,-1.0,0.0,0.0,0.0,1.0,0.0,0.0,1.0,0.0,0.0,1.0,0.0,0.0,1.0,0.0
0.06329113924050622,-0.27570607618896315,-1.0,-1.0,0.28882062867348957,-1.0,0.23969625836169262,0.0,1.0,0.0,0.0,0.0,1.0,0.0,1.0,0.0,0.0,0.0,0.0,1.0,0.0
-0.06329113924050633,-0.5408085165037282,-0.39569379966122975,-1.0,-0.1927796138817054,0.522400843472941,0.4717494010513492,0.0,0.0,1.0,0.0,0.0,1.0,0.0,0.0,0.0,0.0,1.0,0.0,1.0,0.0
0.16455696202531644,0.15223521128267636,-1.0,0.19984027949710015,0.23305039489648105,-0.28435575371962574,0.34877573205275003,0.0,0.0,0.0,1.0,0.0,1.0,0.0,0.0,0.0,0.0,1.0,0.0,1.0,0.0
0.08860759493670889,-1.0,0.30415078716193533,-1.0,-1.0,0.4038496249318706,0.44712514306443696,0.0,1.0,0.0,0.0,0.0,1.0,0.0,0.0,0.0,0.0,1.0,0.0,1.0,0.0
-0.620253164556962,-1.0,-1.0,-1.0,-1.0,-1.0,-1.0,0.0,1.0,0.0,0.0,0.0,0.0,1.0,1.0,0.0,0.0,0.0,0.0,1.0,0.0
-0.11392405063291144,0.17077028839756103,-0.6853510347334366,0.21578277333941753,-0.5848265349639614,-1.0,0.25820374112875566,0.0,1.0,0.0,0.0,0.0,1.0,0.0,0.0,0.0,0.0,1.0,0.0,1.0,0.0
-0.44303797468354433,0.38600248974286355,-1.0,-0.23490213093186518,-1.0,-1.0,0.2755466619768592,0.0,1.0,0.0,0.0,0.0,1.0,0.0,0.0,0.0,0.0,1.0,0.0,1.0,0.0
-0.189873417721519,0.5643708119985058,-1.0,0.2886208825513745,0.2707621603434376,-1.0,0.5273533346665722,0.0,0.0,0.0,1.0,0.0,1.0,0.0,0.0,0.0,0.0,1.0,0.0,1.0,0.0
-0.5189873417721519,-0.057288776938810404,-1.0,-1.0,-0.13798658706186173,0.2664754714358304,0.26458027772622783,0.0,1.0,0.0,0.0,0.0,1.0,0.0,0.0,0.0,0.0,1.0,0.0,1.0,0.0
-0.6455696202531646,-1.0,-1.0,-1.0,-1.0,-1.0,-1.0,0.0,1.0,0.0,0.0,0.0,0.0,1.0,0.0,0.0,1.0,0.0,0.0,1.0,0.0
-0.3924050632911392,-1.0,0.1818130121066035,-1.0,0.06567274669392442,-0.1757550790237592,0.24671105528094617,0.0,1.0,0.0,0.0,0.0,1.0,0.0,1.0,0.0,0.0,0.0,0.0,1.0,0.0
0.21518987341772156,-1.0,-1.0,-1.0,-1.0,-1.0,-1.0,0.0,1.0,0.0,0.0,0.0,0.0,1.0,0.0,0.0,0.0,1.0,0.0,1.0,0.0
-0.4177215189873418,-1.0,-1.0,-1.0,-1.0,-1.0,-1.0,0.0,0.0,0.0,1.0,0.0,0.0,1.0,0.0,0.0,0.0,1.0,0.0,1.0,0.0
-0.44303797468354433,-1.0,-1.0,-1.0,-1.0,-1.0,-1.0,0.0,0.0,1.0,0.0,0.0,0.0,1.0,1.0,0.0,0.0,0.0,0.0,1.0,0.0
-0.11392405063291144,0.3621088948394984,-1.0,-1.0,-1.0,-0.2640108285545778,0.2534768707710904,0.0,1.0,0.0,0.0,0.0,1.0,0.0,0.0,0.0,0.0,1.0,0.0,1.0,0.0
0.139240506329114,-1.0,-1.0,-1.0,-1.0,0.2664754714358304,0.21823976924603183,0.0,1.0,0.0,0.0,0.0,1.0,0.0,0.0,0.0,1.0,0.0,0.0,1.0,0.0
0.4430379746835442,-1.0,-1.0,-1.0,-1.0,-1.0,-1.0,0.0,0.0,1.0,0.0,0.0,0.0,1.0,0.0,0.0,0.0,1.0,0.0,1.0,0.0
0.16455696202531644,-1.0,-1.0,0.47365653172746347,-0.20730647247606515,-0.5645342362809285,0.4205097153382329,0.0,1.0,0.0,0.0,0.0,1.0,0.0,0.0,0.0,0.0,1.0,0.0,1.0,0.0
-0.49367088607594933,0.6378648788119348,-0.8644880666376419,-1.0,-0.18253858794414057,-0.5247635098122653,0.4992782884833562,0.0,1.0,0.0,0.0,0.0,1.0,0.0,0.0,0.0,0.0,1.0,0.0,1.0,0.0
-0.012658227848101333,0.5094227686336394,0.08712657248743838,0.36479769834895936,-0.8616088449879872,-0.32592005813059954,0.5004465229845894,0.0,0.0,0.0,1.0,0.0,1.0,0.0,0.0,0.0,0.0,1.0,0.0,1.0,0.0
-0.31645569620253167,-1.0,-1.0,-1.0,-1.0,-1.0,-1.0,0.0,1.0,0.0,0.0,0.0,0.0,1.0,0.0,0.0,0.0,1.0,0.0,1.0,0.0
-0.1392405063291139,-1.0,-1.0,-1.0,-1.0,-1.0,-1.0,0.0,0.0,1.0,0.0,0.0,0.0,1.0,0.0,0.0,0.0,1.0,0.0,1.0,0.0
0.240506329113924,-1.0,-1.0,-1.0,-1.0,-1.0,-1.0,0.0,1.0,0.0,0.0,0.0,0.0,1.0,0.0,0.0,1.0,0.0,0.0,1.0,0.0
-0.5443037974683544,-0.40789510005579643,-0.6195699068776419,0.31179051286880943,-1.0,-1.0,0.2640779304761438,0.0,1.0,0.0,0.0,0.0,1.0,0.0,0.0,0.0,1.0,0.0,0.0,1.0,0.0
-0.5189873417721519,0.25983214696667956,-1.0,-0.16444726385198893,0.14405013760452956,-1.0,0.2714775917362522,0.0,1.0,0.0,0.0,0.0,1.0,0.0,0.0,0.0,0.0,1.0,0.0,1.0,0.0
-0.9493670886075949,-1.0,-1.0,-1.0,-1.0,-1.0,-1.0,0.0,0.0,0.0,1.0,1.0,0.0,0.0,0.0,0.0,0.0,1.0,0.0,1.0,0.0
-0.3417721518987342,-1.0,-1.0,-1.0,-1.0,-1.0,-1.0,0.0,0.0,1.0,0.0,0.0,0.0,1.0,0.0,0.0,0.0,1.0,0.0,1.0,0.0
-0.11392405063291144,0.30817146694873543,-1.0,-0.8622584156094552,0.15477674845848233,-0.18526997864493955,0.2985001993479246,0.0,1.0,0.0,0.0,0.0,1.0,0.0,0.0,0.0,0.0,1.0,0.0,1.0,0.0
-0.31645569620253167,-1.0,-1.0,-1.0,-1.0,-1.0,-1.0,1.0,0.0,0.0,0.0,0.0,0.0,1.0,0.0,0.0,0.0,1.0,0.0,1.0,0.0
-0.03797468354430378,-1.0,0.007480844957414412,-1.0,0.7338272349037396,-0.29536908750557034,0.6620695216839911,0.0,0.0,1.0,0.0,0.0,1.0,0.0,1.0,0.0,0.0,0.0,1.0,0.0,0.0
-0.36708860759493667,-1.0,-1.0,-1.0,-1.0,-1.0,-1.0,0.0,1.0,0.0,0.0,0.0,0.0,1.0,0.0,0.0,0.0,1.0,1.0,0.0,0.0
-0.5696202531645569,-1.0,0.26835775870676004,0.13078311356202232,-1.0,-0.2897859292888483,0.3144045233157535,0.0,1.0,0.0,0.0,0.0,1.0,0.0,0.0,0.0,0.0,1.0,0.0,1.0,0.0
0.012658227848101333,-1.0,-0.514194800495722,-1.0,0.537140600060243,0.42042814142230345,0.5563791824176159,0.0,0.0,1.0,0.0,0.0,1.0,0.0,0.0,0.0,0.0,1.0,0.0,0.0,1.0
-0.3924050632911392,-1.0,-1.0,-1.0,-1.0,-1.0,-1.0,0.0,1.0,0.0,0.0,0.0,0.0,1.0,0.0,0.0,0.0,1.0,0.0,1.0,0.0
-0.08860759493670889,-1.0,-1.0,-1.0,-1.0,-1.0,-1.0,0.0,0.0,1.0,0.0,0.0,0.0,1.0,1.0,0.0,0.0,0.0,0.0,1.0,0.0
0.03797468354430378,0.145382562927576,-0.8644880666376419,0.38220910814598863,-1.0,-1.0,0.36529642478936664,0.0,0.0,0.0,1.0,0.0,1.0,0.0,0.0,0.0,0.0,1.0,0.0,1.0,0.0
-0.5696202531645569,-1.0,-1.0,-1.0,-1.0,-1.0,-1.0,0.0,0.0,1.0,0.0,0.0,0.0,1.0,1.0,0.0,0.0,0.0,0.0,1.0,0.0
0.26582278481012667,-1.0,0.46658749725311965,-1.0,-0.03282785418283274,0.09270098488072276,0.4658195985530187,0.0,0.0,1.0,0.0,0.0,1.0,0.0,0.0,0.0,0.0,1.0,0.0,1.0,0.0
-0.11392405063291144,-1.0,-1.0,-1.0,-1.0,-1.0,-1.0,0.0,1.0,0.0,0.0,0.0,0.0,1.0,0.0,0.0,0.0,1.0,0.0,1.0,0.0
-0.8987341772151899,-1.0,-1.0,-1.0,-1.0,-1.0,-1.0,0.0,1.0,0.0,0.0,0.0,1.0,0.0,1.0,0.0,0.0,0.0,0.0,1.0,0.0
-0.4177215189873418,-0.1276071172136657,-0.6853510347334366,-1.0,0.40286990834729175,-1.0,0.3507014117704408,0.0,1.0,0.0,0.0,1.0,0.0,0.0,0.0,0.0,1.0,0.0,0.0,1.0,0.0
-0.5696202531645569,-0.20445683437311757,0.43438873304078474,-0.5234924077581515,-0.21110956333010122,-1.0,0.4113245345837049,0.0,1.0,0.0,0.0,0.0,1.0,0.0,1.0,0.0,0.0,0.0,0.0,1.0,0.0
-1.0,-1.0,-1.0,-1.0,-1.0,-1.0,-1.0,0.0,0.0,0.0,1.0,0.0,0.0,1.0,1.0,0.0,0.0,0.0,0.0,1.0,0.0
-0.8227848101265822,-1.0,-1.0,-1.0,-1.0,-1.0,-1.0,0.0,1.0,0.0,0.0,0.0,0.0,1.0,0.0,0.0,0.0,1.0,0.0,1.0,0.0
-1.0,-1.0,-1.0,-1.0,-1.0,-1.0,-1.0,0.0,1.0,0.0,0.0,0.0,1.0,0.0,0.0,0.0,0.0,1.0,1.0,0.0,0.0
0.08860759493670889,-1.0,-1.0,-1.0,-1.0,-1.0,-1.0,0.0,0.0,0.0,1.0,0.0,0.0,1.0,0.0,0.0,0.0,1.0,0.0,1.0,0.0
0.5949367088607596,-1.0,0.2924069043560418,-1.0,-0.034406172544717895,-0.7252516930079197,0.2905690895592532,0.0,1.0,0.0,0.0,0.0,1.0,0.0,0.0,0.0,0.0,1.0,0.0,1.0,0.0
-0.31645569620253167,-1.0,-1.0,-1.0,-1.0,-1.0,-1.0,0.0,0.0,0.0,1.0,0.0,0.0,1.0,0.0,1.0,0.0,0.0,0.0,1.0,0.0
-0.06329113924050633,0.42460952507982386,-1.0,-1.0,-1.0,-1.0,0.29954710297333365,0.0,0.0,0.0,1.0,0.0,1.0,0.0,0.0,0.0,0.0,1.0,0.0,1.0,0.0
0.36708860759493667,-1.0,-1.0,-1.0,-1.0,-1.0,-1.0,0.0,0.0,1.0,0.0,0.0,0.0,1.0,0.0,0.0,0.0,1.0,0.0,1.0,0.0
-0.4683544303797469,-1.0,0.26384249116764935,-1.0,-1.0,-1.0,0.2324134525866859,0.0,1.0,0.0,0.0,0.0,1.0,0.0,1.0,0.0,0.0,0.0,0.0,1.0,0.0
-0.012658227848101333,-1.0,-1.0,-1.0,-1.0,-1.0,-1.0,0.0,0.0,0.0,1.0,0.0,0.0,1.0,0.0,0.0,0.0,1.0,0.0,1.0,0.0
0.49367088607594933,-1.0,0.8988068585137818,-1.0,0.15416147452614193,-1.0,0.8552786284655425,0.0,0.0,1.0,0.0,0.0,1.0,0.0,0.0,0.0,0.0,1.0,0.0,1.0,0.0
-0.49367088607594933,-1.0,-1.0,-1.0,-1.0,-1.0,-1.0,0.0,1.0,0.0,0.0,0.0,0.0,1.0,0.0,0.0,1.0,0.0,0.0,1.0,0.0
0.3924050632911391,0.4255231311267378,0.36132031380755536,-1.0,0.4825189846882407,0.265809289262382,0.5924264528269534,0.0,0.0,1.0,0.0,0.0,1.0,0.0,0.0,0.0,0.0,1.0,1.0,0.0,0.0
-0.6708860759493671,-1.0,-1.0,-1.0,-1.0,-1.0,-1.0,0.0,1.0,0.0,0.0,0.0,0.0,1.0,0.0,0.0,0.0,1.0,0.0,1.0,0.0
-0.9240506329113924,-1.0,-1.0,-1.0,-1.0,-1.0,-1.0,0.0,1.0,0.0,0.0,0.0,0.0,1.0,1.0,0.0,0.0,0.0,0.0,1.0,0.0
-0.11392405063291144,-1.0,-1.0,-1.0,-1.0,-1.0,-1.0,0.0,0.0,1.0,0.0,0.0,1.0,0.0,0.0,0.0,0.0,1.0,0.0,1.0,0.0
-0.4177215189873418,-1.0,-1.0,0.11974032271314794,-1.0,0.23675409185045848,0.2724428630192193,0.0,1.0,0.0,0.0,0.0,1.0,0.0,0.0,0.0,0.0,1.0,0.0,1.0,0.0
-0.49367088607594933,-1.0,-1.0,-1.0,-1.0,-1.0,-1.0,0.0,0.0,0.0,1.0,0.0,0.0,1.0,0.0,0.0,0.0,1.0,0.0,1.0,0.0
0.31645569620253156,-0.6255454734896567,0.5962369327338806,-0.31129207804727577,0.27785129200842396,-0.4769678405233547,0.5888892504149619,0.0,0.0,1.0,0.0,0.0,1.0,0.0,0.0,0.0,0.0,1.0,0.0,1.0,0.0
-0.44303797468354433,0.49862283191210377,-1.0,-1.0,-1.0,0.39413837975112753,0.48655914907187614,0.0,1.0,0.0,0.0,0.0,1.0,0.0,0.0,0.0,0.0,1.0,0.0,1.0,0.0
-0.012658227848101333,-1.0,-0.196314317122529,-1.0,0.14598543126808927,0.6746940509786683,0.6254315169894453,0.0,0.0,1.0,0.0,0.0,1.0,0.0,1.0,0.0,0.0,0.0,0.0,1.0,0.0
-0.4177215189873418,-1.0,-1.0,-1.0,-1.0,-1.0,-1.0,0.0,1.0,0.0,0.0,1.0,0.0,0.0,0.0,0.0,0.0,1.0,0.0,1.0,0.0
0.08860759493670889,-1.0,-1.0,-1.0,-1.0,-1.0,-1.0,0.0,0.0,1.0,0.0,0.0,0.0,1.0,1.0,0.0,0.0,0.0,0.0,1.0,0.0
-0.06329113924050633,0.3787180213335257,-1.0,-1.0,0.009510990813706321,-1.0,0.2944686937979426,0.0,1.0,0.0,0.0,0.0,1.0,0.0,0.0,0.0,0.0,1.0,0.0,1.0,0.0
-0.3924050632911392,0.17534683004776563,-1.0,-1.0,-1.0,0.22766307197107483,0.26607942572233956,0.0,1.0,0.0,0.0,0.0,1.0,0.0,0.0,0.0,0.0,1.0,0.0,1.0,0.0
-0.31645569620253167,-0.4340525761212535,0.3839974984349326,0.2188233434892588,-0.487891873354127,-0.5436529399901353,0.416029117298665,0.0,1.0,0.0,0.0,0.0,1.0,0.0,0.0,0.0,0.0,1.0,0.0,1.0,0.0
-0.5189873417721519,-1.0,-1.0,-1.0,-1.0,-1.0,-1.0,0.0,0.0,1.0,0.0,0.0,0.0,1.0,1.0,0.0,0.0,0.0,0.0,1.0,0.0
0.16455696202531644,-1.0,0.73647456158353,-1.0,-0.30190047148617816,0.5574962114443853,0.7524220905246803,0.0,0.0,1.0,0.0,0.0,1.0,0.0,1.0,0.0,0.0,0.0,0.0,1.0,0.0
-0.5189873417721519,-1.0,-1.0,-0.6801739453692954,-0.6114869098077889,0.3182684445377102,0.2705074081100842,0.0,1.0,0.0,0.0,0.0,1.0,0.0,0.0,0.0,0.0,1.0,0.0,1.0,0.0
-0.8227848101265822,-1.0,-1.0,-1.0,-1.0,-1.0,-1.0,0.0,0.0,0.0,1.0,0.0,1.0,0.0,0.0,0.0,0.0,1.0,0.0,1.0,0.0
-0.8734177215189873,-1.0,-1.0,-1.0,-1.0,-1.0,-1.0,0.0,1.0,0.0,0.0,0.0,0.0,1.0,0.0,0.0,1.0,0.0,0.0,1.0,0.0
0.16455696202531644,-1.0,-1.0,-1.0,-1.0,-1.0,-1.0,0.0,0.0,1.0,0.0,0.0,0.0,1.0,1.0,0.0,0.0,0.0,0.0,1.0,0.0
-0.08860759493670889,-0.4988709397562451,0.527970571484857,0.5183339213725642,-0.40188337906966964,0.14871494749836223,0.6204934542312748,0.0,0.0,1.0,0.0,0.0,1.0,0.0,0.0,0.0,0.0,1.0,0.0,1.0,0.0
0.012658227848101333,0.39383873348543696,-1.0,-0.10802221712786952,-1.0,-1.0,0.29166033850964634,0.0,0.0,0.0,1.0,0.0,1.0,0.0,0.0,0.0,0.0,1.0,0.0,1.0,0.0
-0.3924050632911392,-1.0,-1.0,0.5494707099657812,-1.0,-0.2094272009253526,0.49058746428822664,0.0,1.0,0.0,0.0,0.0,1.0,0.0,1.0,0.0,0.0,0.0,0.0,1.0,0.0
-0.03797468354430378,-0.5408085165037282,-1.0,0.441684185317879,-0.5212452626117072,-0.7252516930079197,0.38588461576938227,0.0,1.0,0.0,0.0,0.0,1.0,0.0,1.0,0.0,0.0,0.0,0.0,1.0,0.0
0.36708860759493667,0.26918766416372764,-1.0,0.3445715328663783,-0.40188337906966964,-0.8626258465039598,0.36997137282003956,0.0,0.0,0.0,1.0,0.0,1.0,0.0,1.0,0.0,0.0,0.0,0.0,1.0,0.0
0.3924050632911391,0.17834311148491766,-1.0,0.21180383750283527,-1.0,-1.0,0.255592184247051,0.0,1.0,0.0,0.0,0.0,1.0,0.0,0.0,0.0,0.0,1.0,0.0,1.0,0.0
-0.3417721518987342,-1.0,-1.0,-1.0,-1.0,-1.0,-1.0,0.0,0.0,1.0,0.0,0.0,0.0,1.0,1.0,0.0,0.0,0.0,0.0,1.0,0.0
-0.3417721518987342,0.42460952507982386,-1.0,-0.24800923897706195,-1.0,-1.0,0.30832077412611447,0.0,0.0,0.0,1.0,0.0,1.0,0.0,0.0,0.0,0.0,1.0,0.0,1.0,0.0
-0.31645569620253167,-1.0,-1.0,0.045797061730447286,-0.2685470822285979,0.26780115537530524,0.28137710633298174,0.0,1.0,0.0,0.0,0.0,1.0,0.0,0.0,0.0,0.0,1.0,0.0,1.0,0.0
0.4430379746835442,-1.0,-1.0,-1.0,-1.0,-1.0,-1.0,0.0,0.0,1.0,0.0,0.0,0.0,1.0,0.0,0.0,0.0,1.0,0.0,1.0,0.0
0.5696202531645569,-0.26303631529358906,0.5964592840734506,-1.0,0.19372180958902452,-1.0,0.5785920103673472,0.0,0.0,1.0,0.0,0.0,1.0,0.0,0.0,0.0,0.0,1.0,0.0,1.0,0.0
0.139240506329114,-1.0,0.2881509018498858,-1.0,0.12644191293806029,0.41453014753969875,0.4727621028808058,0.0,0.0,1.0,0.0,0.0,1.0,0.0,1.0,0.0,0.0,0.0,0.0,1.0,0.0
-0.6455696202531646,-1.0,-1.0,-0.4618586993203633,0.30595740983156205,0.32727858744800775,0.39621997414766574,0.0,1.0,0.0,0.0,0.0,1.0,0.0,1.0,0.0,0.0,0.0,0.0,1.0,0.0
-0.012658227848101333,0.07697121021425968,0.4648525783203481,-0.4902955702815448,0.6705836190382526,0.0919002201146093,0.6745601829628993,0.0,0.0,1.0,0.0,1.0,0.0,0.0,0.0,0.0,0.0,1.0,0.0,1.0,0.0
-0.9240506329113924,-1.0,-1.0,-1.0,-1.0,-1.0,-1.0,1.0,0.0,0.0,0.0,0.0,0.0,1.0,1.0,0.0,0.0,0.0,0.0,1.0,0.0
0.16455696202531644,-1.0,-1.0,-1.0,-1.0,-1.0,-1.0,0.0,1.0,0.0,0.0,0.0,0.0,1.0,0.0,0.0,0.0,1.0,0.0,1.0,0.0
-0.08860759493670889,-1.0,-1.0,-1.0,-1.0,0.34991378022938324,0.2985001993479246,0.0,1.0,0.0,0.0,0.0,1.0,0.0,0.0,0.0,0.0,1.0,0.0,1.0,0.0
-0.44303797468354433,-1.0,0.4338789481515597,-1.0,0.18066773416892556,0.5847821957762067,0.6187011927433981,0.0,0.0,1.0,0.0,0.0,1.0,0.0,0.0,0.0,0.0,1.0,0.0,1.0,0.0
-0.31645569620253167,-0.3959497317415208,-0.18091246688166807,-0.1420326446896587,0.46654787433274025,-0.4164445537281488,0.4206203920734737,0.0,1.0,0.0,0.0,0.0,1.0,0.0,0.0,0.0,0.0,1.0,0.0,1.0,0.0
-0.03797468354430378,-1.0,-1.0,-1.0,-1.0,-1.0,-1.0,0.0,1.0,0.0,0.0,0.0,0.0,1.0,0.0,0.0,1.0,0.0,0.0,1.0,0.0
-0.4177215189873418,0.39170619405888507,-0.5934641999129258,-0.5424323609787505,-0.5402745340816825,-1.0,0.2755466619768592,0.0,1.0,0.0,0.0,0.0,1.0,0.0,0.0,0.0,0.0,1.0,0.0,1.0,0.0
0.16455696202531644,-1.0,-1.0,-1.0,-0.42291926273692904,0.2854857854295827,0.24140349966168073,0.0,1.0,0.0,0.0,0.0,1.0,0.0,0.0,0.0,0.0,1.0,0.0,1.0,0.0
-0.2911392405063291,-1.0,-1.0,-1.0,-1.0,-1.0,-1.0,0.0,1.0,0.0,0.0,0.0,0.0,1.0,0.0,0.0,1.0,0.0,0.0,1.0,0.0
-0.620253164556962,-1.0,-1.0,-1.0,-1.0,-1.0,-1.0,0.0,1.0,0.0,0.0,0.0,0.0,1.0,0.0,0.0,0.0,1.0,0.0,1.0,0.0
-0.21518987341772156,0.5863897953950521,-1.0,-0.7816847539510678,-0.05614755600273069,-1.0,0.4577970682343184,0.0,0.0,0.0,1.0,0.0,1.0,0.0,0.0,0.0,0.0,1.0,0.0,1.0,0.0
-0.8734177215189873,-1.0,-1.0,-1.0,-1.0,-1.0,-1.0,0.0,1.0,0.0,0.0,0.0,0.0,1.0,0.0,0.0,0.0,1.0,0.0,1.0,0.0
0.08860759493670889,-1.0,-1.0,-1.0,-1.0,-1.0,-1.0,0.0,0.0,0.0,1.0,0.0,0.0,1.0,0.0,1.0,0.0,0.0,0.0,1.0,0.0
-0.5443037974683544,-1.0,0.27935043352402533,-1.0,-1.0,0.431577819634023,0.45513841516148545,0.0,0.0,1.0,0.0,0.0,1.0,0.0,1.0,0.0,0.0,0.0,0.0,1.0,0.0
0.139240506329114,-1.0,-1.0,-1.0,-1.0,-1.0,-1.0,0.0,0.0,1.0,0.0,0.0,0.0,1.0,1.0,0.0,0.0,0.0,0.0,1.0,0.0
-0.08860759493670889,0.464308568547938,-0.7289761332752838,-1.0,-1.0,0.28669058555317517,0.4253197121895349,0.0,0.0,0.0,1.0,0.0,1.0,0.0,0.0,0.0,0.0,1.0,0.0,1.0,0.0
-0.189873417721519,-1.0,-0.6497067338580801,-1.0,-0.16655756244782238,-1.0,-0.1900640158997401,0.0,1.0,0.0,0.0,0.0,1.0,0.0,0.0,0.0,0.0,1.0,0.0,1.0,0.0
-0.8227848101265822,-1.0,-1.0,-1.0,-1.0,-1.0,-1.0,0.0,0.0,0.0,1.0,0.0,1.0,0.0,0.0,0.0,0.0,1.0,0.0,1.0,0.0
-0.11392405063291144,-1.0,0.13899696985372523,0.2081988569939921,-1.0,-1.0,0.26830627263791507,0.0,1.0,0.0,0.0,0.0,1.0,0.0,0.0,0.0,0.0,1.0,0.0,1.0,0.0
0.012658227848101333,-1.0,-1.0,-1.0,-1.0,-1.0,-1.0,0.0,0.0,1.0,0.0,0.0,0.0,1.0,1.0,0.0,0.0,0.0,0.0,1.0,0.0
-0.6455696202531646,0.38042172954945963,-0.6497067338580801,0.13212129438134834,-1.0,-1.0,0.32455938550630026,0.0,0.0,0.0,1.0,0.0,1.0,0.0,0.0,0.0,0.0,1.0,0.0,1.0,0.0
0.620253164556962,-0.08950427283393292,0.5236648798009604,-1.0,0.5986542486874984,-0.0383809255277191,0.6463470459470757,0.0,0.0,1.0,0.0,0.0,1.0,0.0,0.0,0.0,0.0,1.0,0.0,1.0,0.0
-0.620253164556962,-1.0,-1.0,-1.0,-1.0,-1.0,-1.0,0.0,1.0,0.0,0.0,0.0,0.0,1.0,0.0,0.0,0.0,1.0,0.0,1.0,0.0
-0.3417721518987342,-1.0,-1.0,-1.0,-1.0,-1.0,-1.0,0.0,0.0,1.0,0.0,0.0,0.0,1.0,1.0,0.0,0.0,0.0,0.0,1.0,0.0
0.06329113924050622,0.44363140067845386,-1.0,-0.2226063063480459,-1.0,-0.5075188111483839,0.3280075259136781,0.0,0.0,0.0,1.0,0.0,1.0,0.0,0.0,0.0,0.0,1.0,0.0,1.0,0.0
-0.8227848101265822,-1.0,-1.0,-1.0,-1.0,-1.0,-1.0,0.0,1.0,0.0,0.0,0.0,0.0,1.0,0.0,0.0,0.0,1.0,0.0,1.0,0.0
-0.26582278481012656,-1.0,-0.7852186672204382,0.2553412856785313,-0.23997610684263726,-1.0,0.21951496243606505,0.0,1.0,0.0,0.0,0.0,1.0,0.0,0.0,0.0,1.0,0.0,0.0,1.0,0.0
-0.36708860759493667,0.5912926363548281,0.6623752876808824,-1.0,0.4122223870549049,0.8306876748774337,0.872163384832016,0.0,0.0,1.0,0.0,0.0,1.0,0.0,1.0,0.0,0.0,0.0,0.0,1.0,0.0
-0.44303797468354433,-1.0,-1.0,-1.0,-1.0,-1.0,-1.0,0.0,1.0,0.0,0.0,0.0,0.0,1.0,0.0,0.0,1.0,0.0,0.0,1.0,0.0
-0.5443037974683544,-1.0,-1.0,-1.0,0.3209386524022846,-0.8626258465039598,0.26154614464588355,0.0,1.0,0.0,0.0,0.0,1.0,0.0,0.0,0.0,1.0,0.0,0.0,1.0,0.0
-0.3417721518987342,-1.0,-1.0,-1.0,-1.0,-1.0,-1.0,0.0,0.0,1.0,0.0,0.0,1.0,0.0,0.0,0.0,0.0,1.0,0.0,1.0,0.0
-0.3417721518987342,-1.0,0.35569125717405026,0.6100785156709367,0.3424550567179503,0.16490263560342533,0.6424126439170892,0.0,0.0,1.0,0.0,0.0,1.0,0.0,0.0,0.0,0.0,1.0,0.0,1.0,0.0
-0.31645569620253167,-1.0,-1.0,-1.0,-1.0,-1.0,-1.0,0.0,1.0,0.0,0.0,0.0,0.0,1.0,0.0,0.0,0.0,1.0,0.0,1.0,0.0
0.012658227848101333,-0.07651953516393095,0.4150029655218883,-1.0,0.16842870209166705,0.7318577973957283,0.7146787318276153,0.0,0.0,1.0,0.0,0.0,1.0,0.0,1.0,0.0,0.0,0.0,0.0,1.0,0.0
-0.189873417721519,-1.0,-1.0,-1.0,-1.0,-1.0,-1.0,0.0,0.0,1.0,0.0,0.0,0.0,1.0,1.0,0.0,0.0,0.0,0.0,1.0,0.0
-0.4683544303797469,-0.22907196358276727,-0.2201440682989565,-0.09505767929138842,-0.29594014131866886,0.23905864118889597,0.25898028261425443,0.0,1.0,0.0,0.0,1.0,0.0,0.0,1.0,0.0,0.0,0.0,0.0,1.0,0.0
0.21518987341772156,-1.0,-1.0,-1.0,-1.0,-1.0,-1.0,0.0,0.0,1.0,0.0,0.0,0.0,1.0,1.0,0.0,0.0,0.0,0.0,1.0,0.0
-0.31645569620253167,-1.0,-1.0,-1.0,-1.0,-1.0,-1.0,0.0,0.0,0.0,1.0,0.0,0.0,1.0,0.0,0.0,0.0,1.0,1.0,0.0,0.0
-0.5443037974683544,-0.019569043666193497,-0.7852186672204382,-0.5062015851699782,-1.0,0.2928983550968387,0.27483487270779894,0.0,1.0,0.0,0.0,0.0,1.0,0.0,0.0,0.0,0.0,1.0,0.0,1.0,0.0
-0.4683544303797469,0.3666887797386742,-1.0,-1.0,-1.0,-0.4505033860158394,0.25079928924001504,0.0,1.0,0.0,0.0,0.0,1.0,0.0,0.0,0.0,0.0,1.0,0.0,1.0,0.0
-0.2911392405063291,-1.0,-1.0,-1.0,-1.0,-1.0,-1.0,0.0,0.0,1.0,0.0,0.0,0.0,1.0,0.0,0.0,0.0,1.0,0.0,1.0,0.0
-0.4683544303797469,-1.0,-1.0,-1.0,-0.16350931647416544,0.22398902012313227,0.2015355112099746,0.0,1.0,0.0,0.0,0.0,1.0,0.0,0.0,0.0,0.0,1.0,0.0,1.0,0.0
0.1898734177215189,-1.0,0.5446657955965282,-1.0,0.29981365637780444,-0.5645342362809285,0.549019333826019,0.0,0.0,1.0,0.0,0.0,1.0,0.0,1.0,0.0,0.0,0.0,0.0,1.0,0.0
-0.189873417721519,-1.0,-1.0,-1.0,-1.0,-1.0,-1.0,0.0,1.0,0.0,0.0,0.0,0.0,1.0,0.0,0.0,0.0,1.0,0.0,1.0,0.0
-1.0,-1.0,-1.0,-1.0,-1.0,-1.0,-1.0,0.0,0.0,0.0,1.0,0.0,0.0,1.0,0.0,0.0,0.0,1.0,0.0,1.0,0.0
0.31645569620253156,-1.0,-1.0,-1.0,-1.0,-1.0,-1.0,0.0,1.0,0.0,0.0,0.0,0.0,1.0,0.0,0.0,1.0,0.0,0.0,1.0,0.0
-0.06329113924050633,-0.38465038264461693,0.07066173638795425,-1.0,0.25204192773426026,-1.0,0.2707504172839674,0.0,1.0,0.0,0.0,0.0,1.0,0.0,0.0,0.0,0.0,1.0,0.0,1.0,0.0
-0.31645569620253167,-1.0,-0.4705697019538748,-1.0,0.31770528241625606,0.1505139523772412,0.331571006695365,0.0,1.0,0.0,0.0,0.0,1.0,0.0,1.0,0.0,0.0,0.0,0.0,1.0,0.0
-0.36708860759493667,-1.0,-1.0,-1.0,-1.0,-1.0,-1.0,0.0,0.0,1.0,0.0,0.0,0.0,1.0,0.0,0.0,0.0,1.0,0.0,1.0,0.0
-0.26582278481012656,-1.0,-1.0,-1.0,-1.0,-1.0,-1.0,0.0,0.0,1.0,0.0,0.0,0.0,1.0,0.0,0.0,0.0,1.0,0.0,1.0,0.0
-0.08860759493670889,-1.0,-1.0,-1.0,-1.0,-1.0,-1.0,0.0,1.0,0.0,0.0,0.0,0.0,1.0,0.0,0.0,1.0,0.0,0.0,1.0,0.0
-0.5949367088607596,-1.0,-1.0,-1.0,-1.0,-1.0,-1.0,0.0,1.0,0.0,0.0,0.0,0.0,1.0,0.0,0.0,0.0,1.0,0.0,1.0,0.0
-0.36708860759493667,-1.0,0.2259932526993924,-0.5633695079021357,0.005658982592516848,-1.0,0.24615927292440265,0.0,1.0,0.0,0.0,0.0,1.0,0.0,0.0,0.0,0.0,1.0,0.0,1.0,0.0
-0.31645569620253167,0.17982529536012182,-0.5704373344408764,0.15715044382745536,-1.0,-1.0,0.2282101809102719,0.0,1.0,0.0,0.0,0.0,1.0,0.0,0.0,0.0,0.0,1.0,0.0,1.0,0.0
-0.8481012658227848,-1.0,-1.0,-1.0,-1.0,-1.0,-1.0,0.0,1.0,0.0,0.0,0.0,1.0,0.0,0.0,0.0,0.0,1.0,0.0,1.0,0.0
0.3417721518987342,-0.5408085165037282,-1.0,0.08660799395346053,-1.0,0.5113091379691115,0.47518748302165537,0.0,1.0,0.0,0.0,0.0,1.0,0.0,1.0,0.0,0.0,0.0,0.0,1.0,0.0
-1.0,-1.0,-1.0,-1.0,-1.0,-1.0,-1.0,0.0,1.0,0.0,0.0,0.0,1.0,0.0,0.0,0.0,0.0,1.0,0.0,1.0,0.0
-0.189873417721519,-1.0,-1.0,-1.0,-1.0,-1.0,-1.0,0.0,0.0,1.0,0.0,0.0,0.0,1.0,0.0,0.0,0.0,1.0,0.0,1.0,0.0
-0.1392405063291139,-1.0,0.38201100485696404,-1.0,-0.026636467129174002,0.3953569370110681,0.48741842009515124,0.0,0.0,1.0,0.0,0.0,1.0,0.0,1.0,0.0,0.0,0.0,0.0,0.0,1.0
0.2911392405063291,0.05129638344047538,-0.21303410679056745,-0.35255398589099995,-0.13798658706186173,0.12370808691536572,0.21823976924603183,0.0,1.0,0.0,0.0,0.0,1.0,0.0,0.0,0.0,0.0,1.0,0.0,1.0,0.0
-0.06329113924050633,-1.0,-1.0,-1.0,-1.0,-1.0,-1.0,0.0,0.0,1.0,0.0,0.0,0.0,1.0,1.0,0.0,0.0,0.0,0.0,1.0,0.0
-0.2405063291139241,-1.0,-0.07235440838374041,-1.0,0.31552024027346937,-0.1637399452446352,0.2985001993479246,0.0,1.0,0.0,0.0,0.0,1.0,0.0,0.0,0.0,0.0,1.0,0.0,1.0,0.0
-0.7215189873417722,-1.0,-1.0,-1.0,-1.0,-1.0,-1.0,0.0,0.0,0.0,1.0,0.0,0.0,1.0,0.0,0.0,0.0,1.0,0.0,1.0,0.0
-0.5696202531645569,-1.0,-1.0,-1.0,-1.0,-1.0,-1.0,0.0,1.0,0.0,0.0,0.0,0.0,1.0,0.0,0.0,0.0,1.0,0.0,1.0,0.0
-0.620253164556962,0.2248284259001314,-1.0,-0.10143424030282511,0.05684130163020984,-1.0,0.23181862941739362,0.0,1.0,0.0,0.0,0.0,1.0,0.0,1.0,0.0,0.0,0.0,0.0,1.0,0.0
-0.2911392405063291,-0.7704042582518641,0.23677736834186214,-1.0,-1.0,-1.0,0.20670224129085923,0.0,1.0,0.0,0.0,0.0,1.0,0.0,1.0,0.0,0.0,0.0,0.0,1.0,0.0
-0.3417721518987342,0.8094820814132782,-1.0,0.0597130830139494,-1.0,-1.0,0.6573340404774664,0.0,0.0,0.0,1.0,0.0,1.0,0.0,0.0,0.0,0.0,1.0,0.0,1.0,0.0
0.5949367088607596,-1.0,0.21141966277773427,-0.8622584156094552,0.5905786902269134,-0.4164445537281488,0.5497513768830262,0.0,0.0,1.0,0.0,1.0,0.0,0.0,0.0,0.0,0.0,1.0,0.0,1.0,0.0
-0.5189873417721519,-1.0,-1.0,-1.0,-1.0,-1.0,-1.0,0.0,1.0,0.0,0.0,0.0,0.0,1.0,0.0,1.0,0.0,0.0,0.0,1.0,0.0
-0.2911392405063291,-1.0,-1.0,-1.0,-1.0,-1.0,-1.0,0.0,0.0,1.0,0.0,0.0,0.0,1.0,1.0,0.0,0.0,0.0,0.0,1.0,0.0
-0.012658227848101333,-1.0,-1.0,-1.0,-1.0,-1.0,-1.0,0.0,0.0,0.0,1.0,0.0,0.0,1.0,0.0,0.0,0.0,1.0,0.0,1.0,0.0
-0.620253164556962,-1.0,-1.0,-1.0,-1.0,-1.0,-1.0,0.0,1.0,0.0,0.0,0.0,0.0,1.0,1.0,0.0,0.0,0.0,0.0,1.0,0.0
-0.4177215189873418,-1.0,-0.3286472797228134,-1.0,-0.06704059727659184,0.256589533418748,0.24971763714062,0.0,1.0,0.0,0.0,0.0,1.0,0.0,0.0,0.0,0.0,1.0,0.0,1.0,0.0
-0.7215189873417722,-1.0,-1.0,-1.0,-1.0,-1.0,-1.0,0.0,1.0,0.0,0.0,0.0,1.0,0.0,0.0,0.0,0.0,1.0,0.0,1.0,0.0
-0.2405063291139241,-1.0,-0.6853510347334366,0.4667216445030824,0.3018826514011044,0.47209620730704205,0.5796519309050896,0.0,1.0,0.0,0.0,0.0,1.0,0.0,0.0,0.0,0.0,1.0,0.0,1.0,0.0
-0.44303797468354433,0.0429357865590676,0.26776171436018315,-0.8622584156094552,-1.0,-0.7822671181404642,0.2753096940518822,0.0,1.0,0.0,0.0,0.0,1.0,0.0,0.0,0.0,0.0,1.0,0.0,1.0,0.0
0.11392405063291133,-1.0,0.3307514371612379,-1.0,-1.0,-1.0,0.29765851731362925,0.0,1.0,0.0,0.0,0.0,1.0,0.0,0.0,0.0,0.0,1.0,0.0,1.0,0.0
-0.03797468354430378,-1.0,-1.0,-1.0,-1.0,-1.0,-1.0,0.0,0.0,0.0,1.0,0.0,0.0,1.0,0.0,0.0,0.0,1.0,0.0,1.0,0.0
0.11392405063291133,0.2928374935028868,-0.7852186672204382,0.06351643548907804,-1.0,0.16210725766793543,0.3260188427478288,0.0,0.0,0.0,1.0,0.0,1.0,0.0,0.0,1.0,0.0,0.0,0.0,1.0,0.0
-0.620253164556962,-1.0,-1.0,-1.0,-1.0,-1.0,-1.0,0.0,1.0,0.0,0.0,0.0,0.0,1.0,0.0,0.0,0.0,1.0,0.0,1.0,0.0
-0.3924050632911392,-1.0,0.3203132824583397,-1.0,-1.0,-0.6448929646444241,0.28858896092092245,0.0,1.0,0.0,0.0,0.0,1.0,0.0,0.0,0.0,0.0,1.0,0.0,1.0,0.0
-0.4177215189873418,-0.04829870051400631,-0.04392503674774717,-1.0,0.3726829398126239,-0.6448929646444241,0.35149807265019684,0.0,1.0,0.0,0.0,0.0,1.0,0.0,1.0,0.0,0.0,0.0,1.0,0.0,0.0
-0.44303797468354433,-1.0,0.13725915935135236,-1.0,0.3393107990891424,0.5877625378035121,0.5890265171947533,0.0,0.0,1.0,0.0,0.0,1.0,0.0,0.0,0.0,0.0,1.0,0.0,1.0,0.0
0.1898734177215189,-1.0,-1.0,-1.0,-1.0,-1.0,-1.0,0.0,1.0,0.0,0.0,0.0,0.0,1.0,0.0,0.0,0.0,1.0,0.0,1.0,0.0
-0.06329113924050633,-1.0,-1.0,-1.0,-1.0,-1.0,-1.0,0.0,0.0,1.0,0.0,0.0,0.0,1.0,0.0,0.0,0.0,1.0,0.0,1.0,0.0
-0.7468354430379747,-1.0,-1.0,-1.0,-1.0,-1.0,-1.0,0.0,1.0,0.0,0.0,0.0,1.0,0.0,0.0,0.0,0.0,1.0,0.0,1.0,0.0
-0.31645569620253167,-1.0,0.08256210692676036,-1.0,-0.125101069045644,0.19805361860365212,0.2630692473235283,0.0,1.0,0.0,0.0,0.0,1.0,0.0,0.0,0.0,0.0,1.0,0.0,1.0,0.0
-0.16455696202531644,-1.0,-1.0,-1.0,-1.0,-1.0,-1.0,0.0,0.0,0.0,1.0,0.0,0.0,1.0,0.0,1.0,0.0,0.0,0.0,1.0,0.0
-0.4683544303797469,-1.0,-1.0,-0.05709135445321023,-0.7806552088744709,0.293769516983003,0.27435886579108937,0.0,1.0,0.0,0.0,0.0,1.0,0.0,0.0,0.0,0.0,1.0,0.0,1.0,0.0
-0.5949367088607596,-1.0,-1.0,0.3186893320014137,-1.0,-1.0,0.2650813047454863,0.0,1.0,0.0,0.0,0.0,1.0,0.0,0.0,0.0,1.0,0.0,1.0,0.0,0.0
-0.06329113924050633,-1.0,0.327039945792873,-1.0,-0.18589423387542536,0.20723067510208248,0.3791283923881734,0.0,1.0,0.0,0.0,0.0,1.0,0.0,0.0,0.0,0.0,1.0,0.0,1.0,0.0
0.49367088607594933,-1.0,-1.0,-1.0,-1.0,-1.0,-1.0,0.0,0.0,1.0,0.0,0.0,0.0,1.0,0.0,0.0,0.0,1.0,0.0,1.0,0.0
0.4683544303797469,-1.0,0.3083183941357035,-0.7245168312189103,-0.7232176899759744,-1.0,0.27719724086861364,0.0,1.0,0.0,0.0,0.0,1.0,0.0,0.0,0.0,0.0,1.0,0.0,1.0,0.0
0.240506329113924,-1.0,-1.0,-1.0,-1.0,-1.0,-1.0,0.0,0.0,1.0,0.0,0.0,0.0,1.0,1.0,0.0,0.0,0.0,0.0,1.0,0.0
-0.5949367088607596,0.39647416627119236,-1.0,-1.0,-1.0,-1.0,0.27388166736646213,0.0,1.0,0.0,0.0,0.0,1.0,0.0,1.0,0.0,0.0,0.0,0.0,1.0,0.0
-0.2911392405063291,-1.0,0.8674970393638135,-1.0,0.3644724069686147,0.17359176459729841,0.8378958232786269,0.0,0.0,1.0,0.0,0.0,1.0,0.0,0.0,0.0,0.0,1.0,0.0,0.0,1.0
-0.5949367088607596,-1.0,-1.0,-0.3051771617092195,0.5645011671737405,-0.10168859374786188,0.5029773485037516,0.0,1.0,0.0,0.0,0.0,1.0,0.0,0.0,0.0,0.0,1.0,0.0,1.0,0.0
0.16455696202531644,-0.5408085165037282,0.2671638472451834,-1.0,-0.6422640538624581,-0.10599722017663704,0.26357425601910145,0.0,1.0,0.0,0.0,0.0,1.0,0.0,0.0,0.0,0.0,1.0,0.0,1.0,0.0
0.06329113924050622,-1.0,-1.0,-1.0,-1.0,-1.0,-1.0,0.0,0.0,1.0,0.0,0.0,0.0,1.0,1.0,0.0,0.0,0.0,0.0,1.0,0.0
-0.36708860759493667,-1.0,0.7049985008530175,-1.0,-0.27905773174939197,-0.8626258465039598,0.6637459037999718,0.0,0.0,1.0,0.0,0.0,1.0,0.0,0.0,0.0,0.0,1.0,0.0,1.0,0.0
0.21518987341772156,-1.0,0.4387935436339525,-0.8622584156094552,-1.0,-0.7822671181404642,0.403377551983374,0.0,1.0,0.0,0.0,0.0,1.0,0.0,0.0,0.0,0.0,1.0,0.0,1.0,0.0
-0.31645569620253167,-1.0,-0.29405690266257756,-0.10580186888088627,0.3687250966710016,0.3542317943857016,0.4491364423497124,0.0,0.0,1.0,0.0,0.0,1.0,0.0,0.0,0.0,0.0,1.0,0.0,1.0,0.0
-0.4177215189873418,-1.0,-1.0,-1.0,-1.0,-1.0,-1.0,0.0,1.0,0.0,0.0,0.0,0.0,1.0,0.0,0.0,0.0,1.0,0.0,1.0,0.0
-0.31645569620253167,-1.0,-1.0,-1.0,-1.0,-1.0,-1.0,0.0,0.0,0.0,1.0,0.0,0.0,1.0,0.0,0.0,0.0,1.0,0.0,1.0,0.0
0.08860759493670889,0.34905290753516605,-0.2201440682989565,-1.0,-0.7232176899759744,-1.0,0.24671105528094617,0.0,1.0,0.0,0.0,0.0,1.0,0.0,0.0,0.0,1.0,0.0,0.0,1.0,0.0
-0.26582278481012656,-1.0,0.6426124422513728,-1.0,0.480846211729963,0.6642938660085411,0.7661447844154012,0.0,0.0,1.0,0.0,0.0,1.0,0.0,0.0,0.0,0.0,1.0,0.0,1.0,0.0
-0.26582278481012656,0.37381402840314926,-0.24317093377100574,-1.0,-1.0,-1.0,0.2653313253335814,0.0,1.0,0.0,0.0,0.0,1.0,0.0,0.0,0.0,0.0,1.0,0.0,1.0,0.0
-0.4683544303797469,-1.0,0.2753720498465928,-1.0,-0.5212452626117072,-1.0,0.24643536373456643,0.0,1.0,0.0,0.0,0.0,1.0,0.0,0.0,0.0,0.0,1.0,0.0,1.0,0.0
-0.5696202531645569,-1.0,-1.0,0.09721974828265867,0.25541015400221423,-0.6448929646444241,0.2724428630192193,0.0,1.0,0.0,0.0,0.0,1.0,0.0,0.0,0.0,0.0,1.0,0.0,1.0,0.0
-0.06329113924050633,0.2468474092966777,-1.0,-0.8622584156094552,0.6217412997654641,-0.7252516930079197,0.5695392672882986,0.0,1.0,0.0,0.0,0.0,1.0,0.0,0.0,0.0,0.0,1.0,0.0,1.0,0.0
-0.4683544303797469,-0.09770089399064286,-1.0,0.30575995324158556,-1.0,0.23285260739704672,0.3654442655653667,0.0,0.0,0.0,1.0,0.0,1.0,0.0,0.0,0.0,0.0,1.0,0.0,1.0,0.0
-0.4177215189873418,-1.0,-1.0,-1.0,-1.0,-1.0,-1.0,0.0,0.0,0.0,1.0,0.0,0.0,1.0,1.0,0.0,0.0,0.0,0.0,1.0,0.0
-0.16455696202531644,-1.0,0.48224434212480927,-1.0,0.08312508491371173,0.38392665564498496,0.542476537414394,0.0,0.0,1.0,0.0,0.0,1.0,0.0,1.0,0.0,0.0,0.0,0.0,1.0,0.0
0.3924050632911391,-0.03967945625997338,-0.24728692567616273,-1.0,0.32013520571225973,-1.0,0.29425412914828364,0.0,1.0,0.0,0.0,0.0,1.0,0.0,0.0,0.0,1.0,0.0,1.0,0.0,0.0
-0.49367088607594933,-1.0,-0.029751992527429105,-1.0,0.6309458115554285,-0.10168859374786188,0.5695392672882986,0.0,1.0,0.0,0.0,0.0,1.0,0.0,0.0,0.0,0.0,1.0,0.0,1.0,0.0
-0.31645569620253167,0.140091468914203,0.2353733953835475,-1.0,-1.0,-1.0,0.2714775917362522,0.0,1.0,0.0,0.0,0.0,1.0,0.0,0.0,0.0,0.0,1.0,0.0,1.0,0.0
-0.26582278481012656,-0.4639587993442762,-0.7852186672204382,-1.0,0.21206062653905566,0.4557705857747143,0.4485639474116798,0.0,1.0,0.0,0.0,0.0,1.0,0.0,0.0,0.0,0.0,1.0,0.0,1.0,0.0
-0.2405063291139241,0.33722348210897146,-0.3224403331882094,-0.8622584156094552,0.2962161494441522,0.04197780283577668,0.39202431154235984,0.0,0.0,0.0,1.0,0.0,1.0,0.0,0.0,0.0,1.0,0.0,0.0,0.0,1.0
-0.6962025316455696,-1.0,-1.0,-1.0,-1.0,-1.0,-1.0,0.0,1.0,0.0,0.0,0.0,1.0,0.0,0.0,0.0,0.0,1.0,0.0,1.0,0.0
-0.08860759493670889,-0.2891937913590461,0.8392147052213446,-1.0,-0.09290287818746878,0.9341000552146017,0.9628046361952309,0.0,0.0,1.0,0.0,0.0,1.0,0.0,1.0,0.0,0.0,0.0,0.0,1.0,0.0
-0.08860759493670889,-1.0,-0.4349254010785184,0.05778375620153908,0.26341202114656714,-0.7252516930079197,0.2705074081100842,0.0,1.0,0.0,0.0,0.0,1.0,0.0,0.0,0.0,0.0,1.0,0.0,1.0,0.0
-0.3924050632911392,-1.0,0.0063474945704193875,0.26852469795256706,-0.37397903613286987,-1.0,0.2707504172839674,0.0,1.0,0.0,0.0,0.0,1.0,0.0,0.0,0.0,0.0,1.0,0.0,1.0,0.0
-0.4177215189873418,0.15723115557427114,-1.0,0.40491902904218446,-0.7232176899759744,-1.0,0.3853528422834447,0.0,1.0,0.0,0.0,0.0,1.0,0.0,1.0,0.0,0.0,0.0,0.0,1.0,0.0
-0.012658227848101333,0.16130510622586658,0.4351509265763389,-1.0,-1.0,0.27493802833748404,0.485459899982043,0.0,0.0,1.0,0.0,0.0,1.0,0.0,1.0,0.0,0.0,0.0,0.0,1.0,0.0
-0.49367088607594933,-1.0,-1.0,-1.0,-1.0,-1.0,-1.0,0.0,1.0,0.0,0.0,0.0,0.0,1.0,0.0,0.0,1.0,0.0,0.0,1.0,0.0
0.2911392405063291,0.07697121021425968,0.14579773883484415,-1.0,-0.4343312963306818,0.3702267608930867,0.39970892040739914,0.0,1.0,0.0,0.0,0.0,1.0,0.0,0.0,0.0,0.0,1.0,0.0,1.0,0.0
0.4430379746835442,-1.0,0.4206821449918725,-1.0,-0.3143830504493078,0.154063701181556,0.4288492055093842,0.0,1.0,0.0,0.0,0.0,1.0,0.0,0.0,0.0,1.0,0.0,0.0,1.0,0.0
-0.21518987341772156,0.4563994852879003,0.4431012934864067,-1.0,0.5788853731123231,0.471269680598265,0.6894958184075746,0.0,0.0,1.0,0.0,0.0,1.0,0.0,0.0,0.0,0.0,1.0,0.0,1.0,0.0
-1.0,-1.0,-1.0,-1.0,-1.0,-1.0,-1.0,0.0,1.0,0.0,0.0,0.0,1.0,0.0,0.0,0.0,0.0,1.0,0.0,1.0,0.0
-0.1392405063291139,0.6017491959286778,-1.0,-0.8622584156094552,-0.8616088449879872,-1.0,0.4613150228853775,0.0,0.0,0.0,1.0,0.0,1.0,0.0,0.0,0.0,0.0,1.0,0.0,1.0,0.0
0.36708860759493667,0.047157890771564404,0.3469315961400925,0.06817049131843089,-1.0,-1.0,0.37354554333320267,0.0,0.0,0.0,1.0,0.0,1.0,0.0,0.0,0.0,0.0,1.0,0.0,1.0,0.0
-0.3924050632911392,0.35774184234806317,-1.0,-1.0,-1.0,-0.5436529399901353,0.24112001905762792,0.0,1.0,0.0,0.0,0.0,1.0,0.0,0.0,0.0,1.0,0.0,0.0,1.0,0.0
-0.4177215189873418,0.3930415791162347,0.34351749735740245,-1.0,0.36935525889756793,-1.0,0.5062532867405825,0.0,0.0,0.0,1.0,0.0,1.0,0.0,1.0,0.0,0.0,0.0,0.0,1.0,0.0
-0.08860759493670889,-1.0,-1.0,-1.0,-1.0,-1.0,-1.0,0.0,0.0,1.0,0.0,0.0,0.0,1.0,0.0,0.0,0.0,1.0,0.0,1.0,0.0
0.4430379746835442,-1.0,-0.4047885740980801,0.006034332295073108,-0.3828541075996944,0.2955004363696241,0.29425412914828364,0.0,1.0,0.0,0.0,0.0,1.0,0.0,0.0,0.0,0.0,1.0,0.0,1.0,0.0
-0.03797468354430378,-1.0,-1.0,-1.0,-1.0,-1.0,-1.0,0.0,1.0,0.0,0.0,0.0,0.0,1.0,0.0,0.0,1.0,0.0,1.0,0.0,0.0
-0.620253164556962,-1.0,-1.0,-1.0,-1.0,-1.0,-1.0,0.0,1.0,0.0,0.0,0.0,0.0,1.0,0.0,0.0,1.0,0.0,1.0,0.0,0.0
-0.5696202531645569,-1.0,-1.0,-1.0,-1.0,-1.0,-1.0,0.0,1.0,0.0,0.0,0.0,0.0,1.0,1.0,0.0,0.0,0.0,0.0,1.0,0.0
-0.3924050632911392,-1.0,-1.0,-1.0,-1.0,-1.0,-1.0,0.0,1.0,0.0,0.0,0.0,0.0,1.0,0.0,0.0,0.0,1.0,0.0,1.0,0.0
-0.49367088607594933,-0.28234114300394575,-0.6853510347334366,-1.0,0.1529252090713542,0.21166461864536812,0.2760197159940232,0.0,1.0,0.0,0.0,0.0,1.0,0.0,0.0,0.0,1.0,0.0,0.0,1.0,0.0
-0.08860759493670889,-1.0,-1.0,-1.0,-1.0,-1.0,-1.0,1.0,0.0,0.0,0.0,0.0,0.0,1.0,0.0,0.0,0.0,1.0,0.0,1.0,0.0
0.21518987341772156,-1.0,-1.0,0.2357546235499588,0.09672395562764535,-1.0,0.2605239402070212,0.0,1.0,0.0,0.0,0.0,1.0,0.0,0.0,0.0,1.0,0.0,0.0,1.0,0.0
-0.49367088607594933,-0.09493281312020219,-1.0,-1.0,0.4661608185093451,-1.0,0.4089867901325954,0.0,1.0,0.0,0.0,0.0,1.0,0.0,0.0,0.0,0.0,1.0,0.0,1.0,0.0
-0.3924050632911392,-1.0,-1.0,-1.0,-1.0,-1.0,-1.0,0.0,1.0,0.0,0.0,0.0,0.0,1.0,0.0,0.0,0.0,1.0,0.0,1.0,0.0
0.6455696202531644,0.16211045231074905,-1.0,-1.0,-1.0,0.4980149503352742,0.46511999897487954,0.0,1.0,0.0,0.0,0.0,1.0,0.0,0.0,0.0,0.0,1.0,0.0,1.0,0.0
-0.189873417721519,-1.0,-1.0,-1.0,-1.0,-1.0,-1.0,0.0,0.0,0.0,1.0,0.0,0.0,1.0,0.0,0.0,0.0,1.0,0.0,1.0,0.0
-0.5443037974683544,-0.4639587993442762,-1.0,0.39272384720588205,0.2959134105945809,-0.4384882522367155,0.42810596608417417,0.0,0.0,0.0,1.0,0.0,1.0,0.0,0.0,0.0,0.0,1.0,0.0,1.0,0.0
-0.2405063291139241,-1.0,-1.0,-1.0,-1.0,-1.0,-1.0,0.0,0.0,0.0,1.0,0.0,0.0,1.0,0.0,0.0,0.0,1.0,0.0,1.0,0.0
-0.6455696202531646,-1.0,-1.0,-1.0,-1.0,-1.0,-1.0,0.0,1.0,0.0,0.0,0.0,0.0,1.0,0.0,0.0,1.0,0.0,0.0,1.0,0.0
-0.26582278481012656,-0.7102824304755853,-1.0,-0.7245168312189103,-1.0,0.29778506120719084,0.24998862605774574,0.0,1.0,0.0,0.0,0.0,1.0,0.0,0.0,0.0,0.0,1.0,0.0,1.0,0.0
-0.9746835443037974,-1.0,-1.0,-1.0,-1.0,-1.0,-1.0,0.0,1.0,0.0,0.0,0.0,0.0,1.0,0.0,0.0,0.0,1.0,0.0,1.0,0.0
-0.5189873417721519,0.47910544246708,-0.12246084283048686,-1.0,-1.0,0.15229677408444053,0.4073331432118983,0.0,0.0,0.0,1.0,0.0,1.0,0.0,1.0,0.0,0.0,0.0,0.0,1.0,0.0
-0.21518987341772156,-1.0,-1.0,-1.0,-1.0,-1.0,-1.0,0.0,1.0,0.0,0.0,0.0,0.0,1.0,0.0,0.0,0.0,1.0,0.0,1.0,0.0
-0.36708860759493667,-1.0,-1.0,-1.0,-1.0,-1.0,-1.0,0.0,0.0,1.0,0.0,0.0,0.0,1.0,1.0,0.0,0.0,0.0,0.0,1.0,0.0
0.03797468354430378,-1.0,0.17759842602201914,-1.0,0.6575000784587763,-1.0,0.601207220631552,0.0,0.0,1.0,0.0,0.0,1.0,0.0,0.0,0.0,0.0,1.0,0.0,1.0,0.0
0.31645569620253156,-1.0,-1.0,-1.0,-1.0,-1.0,-1.0,0.0,1.0,0.0,0.0,0.0,0.0,1.0,0.0,0.0,0.0,1.0,0.0,1.0,0.0
-0.49367088607594933,-1.0,-1.0,0.20172836116599902,-1.0,-1.0,0.15287509059177484,0.0,1.0,0.0,0.0,0.0,1.0,0.0,0.0,0.0,0.0,1.0,0.0,1.0,0.0
0.11392405063291133,-0.3447223122490274,-0.8644880666376419,-1.0,0.35022109841386495,-1.0,0.29425412914828364,0.0,1.0,0.0,0.0,0.0,1.0,0.0,0.0,0.0,0.0,1.0,0.0,1.0,0.0
-0.06329113924050633,-1.0,-1.0,-1.0,-1.0,-1.0,-1.0,0.0,1.0,0.0,0.0,0.0,0.0,1.0,0.0,0.0,0.0,1.0,0.0,1.0,0.0
-0.4683544303797469,0.463169671721688,-1.0,-0.12673901580427138,0.27383123204289195,-1.0,0.42542763218737756,0.0,0.0,0.0,1.0,0.0,1.0,0.0,0.0,0.0,0.0,1.0,0.0,1.0,0.0
0.2911392405063291,-1.0,0.34673240876245126,0.11543576955244705,0.5830276164203079,0.19711210134604573,0.6014216404844313,0.0,0.0,1.0,0.0,0.0,1.0,0.0,0.0,0.0,0.0,1.0,0.0,1.0,0.0
0.16455696202531644,-1.0,-1.0,0.31393884839504627,-0.6786656890936953,-0.6143419940193948,0.2630692473235283,0.0,1.0,0.0,0.0,0.0,1.0,0.0,0.0,0.0,1.0,0.0,0.0,1.0,0.0
-0.21518987341772156,0.376712646997853,-1.0,0.3150043689142381,-1.0,-1.0,0.3907344509310222,0.0,0.0,0.0,1.0,0.0,1.0,0.0,1.0,0.0,0.0,0.0,0.0,1.0,0.0
0.4430379746835442,0.26918766416372764,-1.0,-1.0,0.1817440507002468,-1.0,0.2755466619768592,0.0,1.0,0.0,0.0,0.0,1.0,0.0,0.0,0.0,0.0,1.0,0.0,1.0,0.0
0.1898734177215189,-0.8551412152377926,-0.4349254010785184,-1.0,0.3926848686417257,-1.0,0.3329779553033576,0.0,1.0,0.0,0.0,0.0,1.0,0.0,0.0,0.0,0.0,1.0,0.0,1.0,0.0
0.26582278481012667,-1.0,-1.0,-1.0,-1.0,-1.0,-1.0,0.0,0.0,1.0,0.0,0.0,0.0,1.0,0.0,0.0,0.0,1.0,0.0,1.0,0.0
-0.5189873417721519,-1.0,-1.0,-1.0,-1.0,-1.0,-1.0,0.0,0.0,0.0,1.0,0.0,0.0,1.0,0.0,0.0,0.0,1.0,0.0,1.0,0.0
-0.189873417721519,0.582877325312293,-1.0,0.2883172627815007,-1.0,-1.0,0.49905844528648013,0.0,0.0,0.0,1.0,0.0,1.0,0.0,0.0,0.0,0.0,1.0,0.0,1.0,0.0
0.4430379746835442,-0.5933299775945341,0.21922518626999477,0.17673073842079678,-1.0,-1.0,0.2944686937979426,0.0,1.0,0.0,0.0,0.0,1.0,0.0,0.0,0.0,0.0,1.0,0.0,1.0,0.0
-0.5443037974683544,-1.0,-1.0,-1.0,-1.0,-1.0,-1.0,0.0,1.0,0.0,0.0,0.0,0.0,1.0,0.0,0.0,0.0,1.0,0.0,1.0,0.0
-0.5189873417721519,-1.0,-1.0,-1.0,-1.0,-1.0,-1.0,0.0,1.0,0.0,0.0,0.0,0.0,1.0,0.0,0.0,0.0,1.0,0.0,1.0,0.0
-0.31645569620253167,-1.0,-1.0,-0.1474037581603611,0.29892033840859566,0.5669177572217112,0.5532045012673636,0.0,0.0,1.0,0.0,0.0,1.0,0.0,0.0,0.0,0.0,1.0,0.0,0.0,1.0
-0.31645569620253167,-1.0,-1.0,-1.0,-1.0,-1.0,-1.0,0.0,1.0,0.0,0.0,0.0,0.0,1.0,1.0,0.0,0.0,0.0,0.0,1.0,0.0
-0.620253164556962,-1.0,-1.0,-1.0,-1.0,-1.0,-1.0,0.0,1.0,0.0,0.0,0.0,0.0,1.0,1.0,0.0,0.0,0.0,0.0,1.0,0.0
0.6455696202531644,0.6968491623107729,-0.8644880666376419,-0.4902955702815448,-1.0,-1.0,0.5486239893804752,0.0,0.0,0.0,1.0,0.0,1.0,0.0,0.0,0.0,0.0,1.0,1.0,0.0,0.0
-0.2405063291139241,-1.0,-0.26018186629887174,-1.0,-1.0,-0.6143419940193948,-0.2542093088949986,0.0,1.0,0.0,0.0,0.0,1.0,0.0,0.0,0.0,0.0,1.0,0.0,1.0,0.0
0.3924050632911391,0.11846904550458803,0.021645986419106533,0.041635253057605404,-0.18253858794414057,-0.14698160022358553,0.25321079861192275,0.0,1.0,0.0,0.0,0.0,1.0,0.0,0.0,0.0,0.0,1.0,0.0,1.0,0.0
0.8987341772151898,-1.0,-1.0,-1.0,-1.0,-1.0,-1.0,0.0,0.0,0.0,1.0,0.0,0.0,1.0,0.0,0.0,0.0,1.0,0.0,1.0,0.0
-0.03797468354430378,-0.006561207123506385,-0.0544953079561602,-1.0,0.06081469113432347,-1.0,0.16168223034290063,0.0,1.0,0.0,0.0,0.0,1.0,0.0,0.0,0.0,0.0,1.0,0.0,1.0,0.0
0.16455696202531644,-1.0,-1.0,-1.0,-1.0,-1.0,-1.0,0.0,1.0,0.0,0.0,0.0,0.0,1.0,0.0,0.0,0.0,1.0,0.0,1.0,0.0
-0.44303797468354433,0.5844812245922857,-0.13610608139691016,-1.0,0.6002440877426758,0.5431266722906618,0.7003850358200354,0.0,0.0,1.0,0.0,0.0,1.0,0.0,1.0,0.0,0.0,0.0,0.0,1.0,0.0
-0.9493670886075949,-1.0,-1.0,-1.0,-1.0,-1.0,-1.0,0.0,0.0,0.0,1.0,0.0,1.0,0.0,0.0,0.0,0.0,1.0,0.0,1.0,0.0
-0.620253164556962,-0.008370630118416766,-0.005362735519394812,-0.3769174090839149,0.20597450224807057,-1.0,0.2534768707710904,0.0,1.0,0.0,0.0,0.0,1.0,0.0,0.0,0.0,0.0,1.0,0.0,1.0,0.0
-0.2405063291139241,-1.0,-1.0,-1.0,-1.0,-1.0,-1.0,0.0,1.0,0.0,0.0,0.0,0.0,1.0,0.0,0.0,1.0,0.0,1.0,0.0,0.0
0.31645569620253156,0.18493169024489697,0.1170484435427106,-1.0,-0.05614755600273069,-1.0,0.24998862605774574,0.0,1.0,0.0,0.0,0.0,1.0,0.0,0.0,0.0,0.0,1.0,0.0,1.0,0.0
-0.5189873417721519,0.6799449169142109,-1.0,-0.5424323609787505,-1.0,0.06347747407439841,0.5456611936760256,0.0,0.0,0.0,1.0,0.0,1.0,0.0,0.0,0.0,0.0,1.0,0.0,1.0,0.0
-0.3417721518987342,0.35868535207887997,-0.15077563990122977,-1.0,0.4573150957369596,-1.0,0.4689364091935013,0.0,0.0,0.0,1.0,0.0,1.0,0.0,0.0,0.0,0.0,1.0,0.0,1.0,0.0
-0.16455696202531644,0.45482072763519876,-1.0,0.07450831188706553,-0.37397903613286987,-1.0,0.3667696985133764,0.0,0.0,0.0,1.0,0.0,1.0,0.0,0.0,0.0,0.0,1.0,1.0,0.0,0.0
0.4683544303797469,-1.0,-1.0,-1.0,-1.0,-1.0,-1.0,0.0,1.0,0.0,0.0,0.0,0.0,1.0,1.0,0.0,0.0,0.0,0.0,1.0,0.0
0.4177215189873418,-0.19536900909227262,-0.514194800495722,-1.0,0.2846973192535558,-1.0,0.24337614800553142,0.0,1.0,0.0,0.0,0.0,1.0,0.0,0.0,0.0,1.0,0.0,0.0,1.0,0.0
0.012658227848101333,-1.0,-1.0,0.12464721648164345,-0.6114869098077889,0.2579827835150281,0.2888099936078252,0.0,1.0,0.0,0.0,0.0,1.0,0.0,0.0,0.0,0.0,1.0,0.0,1.0,0.0
-1.0,-1.0,-1.0,-1.0,-1.0,-1.0,-1.0,0.0,1.0,0.0,0.0,0.0,0.0,1.0,0.0,0.0,0.0,1.0,0.0,1.0,0.0
-0.16455696202531644,0.007376426520468993,0.2970867063874276,-1.0,-1.0,-1.0,0.2933934474557045,0.0,1.0,0.0,0.0,0.0,1.0,0.0,0.0,0.0,0.0,1.0,0.0,1.0,0.0
-0.03797468354430378,-1.0,-1.0,-1.0,-1.0,-1.0,-1.0,0.0,1.0,0.0,0.0,0.0,0.0,1.0,1.0,0.0,0.0,0.0,0.0,1.0,0.0
-0.36708860759493667,0.320205614809973,-1.0,-0.8622584156094552,0.09424372207988507,-0.5645342362809285,0.27483487270779894,0.0,1.0,0.0,0.0,0.0,1.0,0.0,1.0,0.0,0.0,0.0,0.0,1.0,0.0
-0.5949367088607596,-1.0,-1.0,-1.0,-1.0,-1.0,-1.0,0.0,1.0,0.0,0.0,0.0,0.0,1.0,0.0,0.0,1.0,0.0,0.0,1.0,0.0
-0.1392405063291139,-1.0,-1.0,-1.0,-1.0,-1.0,-1.0,0.0,1.0,0.0,0.0,0.0,0.0,1.0,1.0,0.0,0.0,0.0,0.0,1.0,0.0
-0.5443037974683544,0.6378648788119348,-1.0,-0.23490213093186518,-1.0,-1.0,0.49751240318010015,0.0,0.0,0.0,1.0,0.0,1.0,0.0,0.0,0.0,0.0,1.0,0.0,1.0,0.0
0.139240506329114,-0.8551412152377926,0.03386886589789384,-1.0,0.296518429945555,-0.4505033860158394,0.2912245882145654,0.0,1.0,0.0,0.0,0.0,1.0,0.0,0.0,0.0,0.0,1.0,0.0,1.0,0.0
-0.4683544303797469,-1.0,-1.0,-1.0,-1.0,-1.0,-1.0,0.0,1.0,0.0,0.0,0.0,0.0,1.0,0.0,0.0,0.0,1.0,0.0,1.0,0.0
-0.31645569620253167,-1.0,-1.0,-1.0,-1.0,-1.0,-1.0,0.0,0.0,1.0,0.0,1.0,0.0,0.0,1.0,0.0,0.0,0.0,0.0,1.0,0.0
-0.03797468354430378,-1.0,-0.5704373344408764,0.31206032838985953,-0.011949242073952537,-1.0,0.2936089824375072,0.0,1.0,0.0,0.0,0.0,1.0,0.0,0.0,0.0,0.0,1.0,0.0,1.0,0.0
0.7721518987341771,-0.296278776647921,-1.0,-1.0,0.30011054302438844,-0.07763620564603457,0.2755466619768592,0.0,1.0,0.0,0.0,0.0,1.0,0.0,0.0,0.0,0.0,1.0,0.0,1.0,0.0
-0.31645569620253167,-1.0,-1.0,-1.0,-1.0,-1.0,-1.0,0.0,1.0,0.0,0.0,0.0,0.0,1.0,0.0,0.0,0.0,1.0,0.0,1.0,0.0
0.49367088607594933,-1.0,-1.0,-1.0,-1.0,-1.0,-1.0,0.0,0.0,0.0,1.0,0.0,0.0,1.0,0.0,0.0,0.0,1.0,0.0,1.0,0.0
0.1898734177215189,-1.0,-1.0,-1.0,-1.0,-1.0,-1.0,0.0,0.0,0.0,1.0,0.0,0.0,1.0,0.0,0.0,0.0,1.0,0.0,1.0,0.0
-0.4683544303797469,-1.0,-1.0,-1.0,-1.0,-1.0,-1.0,1.0,0.0,0.0,0.0,0.0,0.0,1.0,0.0,0.0,0.0,1.0,0.0,1.0,0.0
-0.3924050632911392,-1.0,-0.6853510347334366,0.15656164606121314,0.14209590112450243,-1.0,0.23330222189384453,0.0,1.0,0.0,0.0,0.0,1.0,0.0,0.0,0.0,0.0,1.0,0.0,1.0,0.0
-0.5443037974683544,-1.0,-1.0,-1.0,-1.0,-1.0,-1.0,0.0,0.0,1.0,0.0,0.0,0.0,1.0,1.0,0.0,0.0,0.0,0.0,1.0,0.0
-0.189873417721519,-1.0,-1.0,-1.0,-1.0,-1.0,-1.0,0.0,0.0,0.0,1.0,0.0,0.0,1.0,1.0,0.0,0.0,0.0,0.0,1.0,0.0
-0.620253164556962,-1.0,0.05972757043652188,-1.0,0.37897664162719535,-1.0,0.35543219226483114,0.0,1.0,0.0,0.0,0.0,1.0,0.0,0.0,0.0,0.0,1.0,0.0,1.0,0.0
-0.36708860759493667,-1.0,-1.0,-1.0,-1.0,-1.0,-1.0,0.0,1.0,0.0,0.0,0.0,0.0,1.0,0.0,0.0,1.0,0.0,0.0,1.0,0.0
-0.012658227848101333,-0.37393074834497464,-0.09389938613297533,-1.0,0.3018826514011044,-1.0,0.27435886579108937,0.0,1.0,0.0,0.0,0.0,1.0,0.0,0.0,0.0,0.0,1.0,0.0,1.0,0.0
-0.2911392405063291,-1.0,-1.0,-1.0,-1.0,-1.0,-1.0,0.0,0.0,1.0,0.0,0.0,0.0,1.0,0.0,0.0,0.0,1.0,0.0,1.0,0.0
-0.31645569620253167,-1.0,-1.0,0.37683280456087065,-1.0,-1.0,0.3208610993816594,0.0,1.0,0.0,0.0,0.0,1.0,0.0,0.0,0.0,0.0,1.0,0.0,1.0,0.0
-0.31645569620253167,-1.0,-1.0,-1.0,-1.0,-1.0,-1.0,0.0,0.0,0.0,1.0,0.0,0.0,1.0,0.0,0.0,0.0,1.0,0.0,1.0,0.0
-1.0,-1.0,-1.0,-1.0,-1.0,-1.0,-1.0,0.0,1.0,0.0,0.0,0.0,1.0,0.0,0.0,0.0,0.0,1.0,0.0,1.0,0.0
-0.26582278481012656,-1.0,-1.0,-1.0,-1.0,-1.0,-1.0,0.0,1.0,0.0,0.0,0.0,0.0,1.0,0.0,0.0,1.0,0.0,0.0,1.0,0.0
-0.8734177215189873,-1.0,-1.0,-1.0,-1.0,-1.0,-1.0,0.0,1.0,0.0,0.0,0.0,1.0,0.0,1.0,0.0,0.0,0.0,0.0,1.0,0.0
-0.3417721518987342,-1.0,-1.0,-1.0,-1.0,-1.0,-1.0,0.0,0.0,1.0,0.0,0.0,0.0,1.0,0.0,0.0,0.0,1.0,0.0,1.0,0.0
-0.5696202531645569,-1.0,-1.0,-1.0,-1.0,-1.0,-1.0,0.0,1.0,0.0,0.0,0.0,0.0,1.0,0.0,0.0,0.0,1.0,0.0,1.0,0.0
-0.4683544303797469,-0.4340525761212535,-0.31058807447301096,-1.0,-0.7232176899759744,0.21855884455390973,0.191499474529218,0.0,1.0,0.0,0.0,0.0,1.0,0.0,0.0,0.0,1.0,0.0,0.0,1.0,0.0
0.11392405063291133,0.35615979807540077,-1.0,-0.07707081710991026,-1.0,0.1849494506192888,0.3443704884453713,0.0,1.0,0.0,0.0,0.0,1.0,0.0,0.0,0.0,0.0,1.0,0.0,1.0,0.0
0.26582278481012667,0.39224137245738344,-0.7852186672204382,-1.0,-0.17599189543729488,-1.0,0.2847916573936091,0.0,1.0,0.0,0.0,0.0,1.0,0.0,0.0,0.0,1.0,0.0,0.0,1.0,0.0
0.16455696202531644,-1.0,-1.0,-1.0,-1.0,-1.0,-1.0,0.0,1.0,0.0,0.0,0.0,0.0,1.0,0.0,0.0,0.0,1.0,0.0,1.0,0.0
-0.2911392405063291,-1.0,-0.4461000078353691,0.23376542675257306,0.1510563383304051,-1.0,0.281606655633561,0.0,1.0,0.0,0.0,0.0,1.0,0.0,0.0,0.0,0.0,1.0,0.0,1.0,0.0
-0.3924050632911392,-1.0,-1.0,-1.0,-1.0,-1.0,-1.0,0.0,1.0,0.0,0.0,0.0,0.0,1.0,0.0,0.0,0.0,1.0,0.0,1.0,0.0
-0.08860759493670889,-1.0,-1.0,-1.0,-1.0,-1.0,-1.0,0.0,0.0,1.0,0.0,0.0,1.0,0.0,0.0,0.0,0.0,1.0,0.0,1.0,0.0
-0.49367088607594933,-1.0,-1.0,-0.0016589807504585607,0.2443470935941614,-1.0,0.23768495907641718,0.0,1.0,0.0,0.0,0.0,1.0,0.0,0.0,0.0,0.0,1.0,0.0,1.0,0.0
0.16455696202531644,-1.0,-1.0,-1.0,-1.0,-1.0,-1.0,0.0,1.0,0.0,0.0,0.0,0.0,1.0,0.0,0.0,1.0,0.0,0.0,1.0,0.0
-0.08860759493670889,-0.15505464089648102,-1.0,-0.12430071403862064,-1.0,0.218981873551221,0.22141190018755852,0.0,1.0,0.0,0.0,0.0,1.0,0.0,0.0,0.0,1.0,0.0,0.0,1.0,0.0
-0.5443037974683544,0.7531725478438689,0.25416681481999626,0.4448882780868344,-0.6786656890936953,-1.0,0.6722390302974595,0.0,0.0,0.0,1.0,0.0,1.0,0.0,0.0,0.0,0.0,1.0,0.0,1.0,0.0
-0.2405063291139241,0.28936874913435906,-1.0,-0.5633695079021357,-1.0,0.14567983443022325,0.2764915990842052,0.0,1.0,0.0,0.0,0.0,1.0,0.0,0.0,0.0,0.0,1.0,0.0,1.0,0.0
-0.3924050632911392,-1.0,-1.0,0.08065022993733462,0.24197960063984647,-0.6448929646444241,0.25872178674943225,0.0,1.0,0.0,0.0,0.0,1.0,0.0,0.0,0.0,0.0,1.0,0.0,1.0,0.0
-0.4683544303797469,-1.0,-1.0,-1.0,-1.0,-1.0,-1.0,0.0,1.0,0.0,0.0,0.0,0.0,1.0,0.0,0.0,0.0,1.0,0.0,1.0,0.0
-0.620253164556962,-1.0,-1.0,-0.40469077658820574,0.17127691348932084,0.147506474180934,0.24835688424629865,0.0,1.0,0.0,0.0,0.0,1.0,0.0,0.0,0.0,0.0,1.0,0.0,1.0,0.0
-0.36708860759493667,-1.0,-1.0,-1.0,-1.0,-1.0,-1.0,0.0,0.0,1.0,0.0,0.0,0.0,1.0,1.0,0.0,0.0,0.0,0.0,1.0,0.0
-0.620253164556962,-0.06909909707364958,0.1582061925034013,0.009772105826894029,-0.6422640538624581,-1.0,0.22699202551254238,1.0,0.0,0.0,0.0,0.0,1.0,0.0,0.0,0.0,1.0,0.0,0.0,1.0,0.0
-0.4683544303797469,-1.0,-0.019109779314802733,-1.0,0.26624407193609056,-1.0,0.25374257209786033,0.0,1.0,0.0,0.0,0.0,1.0,0.0,1.0,0.0,0.0,0.0,0.0,1.0,0.0
-0.3924050632911392,-1.0,-1.0,-1.0,-1.0,-1.0,-1.0,0.0,0.0,0.0,1.0,0.0,0.0,1.0,0.0,0.0,0.0,1.0,0.0,1.0,0.0
-0.36708860759493667,-1.0,-1.0,-1.0,-1.0,-1.0,-1.0,0.0,0.0,1.0,0.0,0.0,0.0,1.0,1.0,0.0,0.0,0.0,0.0,1.0,0.0
0.012658227848101333,0.5235768060957331,-0.27881523464636226,-1.0,-1.0,0.40942354593622143,0.5083598349267144,0.0,1.0,0.0,0.0,0.0,1.0,0.0,1.0,0.0,0.0,0.0,0.0,1.0,0.0
0.012658227848101333,0.5000635756140899,-1.0,-1.0,-1.0,-1.0,0.36837725681771083,0.0,0.0,0.0,1.0,0.0,1.0,0.0,0.0,0.0,0.0,1.0,0.0,1.0,0.0
-0.44303797468354433,-1.0,-1.0,-1.0,-1.0,-1.0,-1.0,0.0,1.0,0.0,0.0,0.0,0.0,1.0,1.0,0.0,0.0,0.0,0.0,1.0,0.0
-0.012658227848101333,-1.0,-1.0,-1.0,-1.0,-1.0,-1.0,0.0,0.0,0.0,1.0,0.0,0.0,1.0,0.0,0.0,0.0,1.0,0.0,1.0,0.0
-0.31645569620253167,-1.0,-1.0,-1.0,-1.0,-1.0,-1.0,0.0,1.0,0.0,0.0,0.0,0.0,1.0,0.0,0.0,0.0,1.0,0.0,1.0,0.0
-0.5189873417721519,0.6952252260730907,0.3252686775567568,0.35763966874029407,0.3300808225484613,-1.0,0.655857939706139,0.0,0.0,0.0,1.0,0.0,1.0,0.0,0.0,0.0,0.0,1.0,0.0,1.0,0.0
-0.31645569620253167,0.059335338010751304,-1.0,0.4205128378951115,-1.0,-0.15241177579280807,0.39432429391624035,0.0,1.0,0.0,0.0,0.0,1.0,0.0,0.0,0.0,0.0,1.0,0.0,1.0,0.0
-0.44303797468354433,0.12141949992681789,-0.12916443879193884,0.16577925670236549,-0.487891873354127,-0.8626258465039598,0.238836869959286,0.0,1.0,0.0,0.0,0.0,1.0,0.0,0.0,0.0,0.0,1.0,0.0,1.0,0.0
0.03797468354430378,-1.0,-1.0,-1.0,-1.0,-1.0,-1.0,0.0,1.0,0.0,0.0,0.0,0.0,1.0,0.0,0.0,0.0,1.0,0.0,1.0,0.0
-0.26582278481012656,-1.0,-1.0,-1.0,-1.0,-1.0,-1.0,0.0,1.0,0.0,0.0,0.0,0.0,1.0,0.0,0.0,1.0,0.0,0.0,1.0,0.0
-0.11392405063291144,-0.057288776938810404,-1.0,0.2889240391330137,-0.24446295258768158,-0.4384882522367155,0.2755466619768592,0.0,1.0,0.0,0.0,0.0,1.0,0.0,0.0,0.0,0.0,1.0,0.0,1.0,0.0
-0.5443037974683544,-1.0,-1.0,0.2910332836586871,-0.3143830504493078,-1.0,0.24698634871665126,0.0,1.0,0.0,0.0,0.0,1.0,0.0,0.0,0.0,0.0,1.0,0.0,1.0,0.0
-0.3924050632911392,-0.48068668872744935,-1.0,-0.5424323609787505,0.5734517087730224,-0.7822671181404642,0.5039803457047367,0.0,1.0,0.0,0.0,0.0,1.0,0.0,0.0,0.0,0.0,1.0,0.0,1.0,0.0
-0.620253164556962,-0.8551412152377926,-0.3286472797228134,0.4888438510740174,-1.0,-1.0,0.43158471461206194,0.0,1.0,0.0,0.0,0.0,1.0,0.0,0.0,0.0,1.0,0.0,0.0,1.0,0.0
-0.5189873417721519,-0.4988709397562451,-0.37070206946687334,-1.0,-1.0,0.2562396851196158,0.21951496243606505,0.0,1.0,0.0,0.0,0.0,1.0,0.0,0.0,0.0,1.0,0.0,0.0,1.0,0.0
-0.26582278481012656,-1.0,0.32770005579843464,-1.0,0.6973715216025513,0.12439032170263675,0.6616637370487108,0.0,0.0,1.0,0.0,0.0,1.0,0.0,1.0,0.0,0.0,0.0,0.0,1.0,0.0
-0.4683544303797469,0.2643159505492376,-1.0,0.024057471429350885,-1.0,-1.0,0.21823976924603183,0.0,1.0,0.0,0.0,0.0,1.0,0.0,1.0,0.0,0.0,0.0,0.0,1.0,0.0
-0.2405063291139241,-1.0,0.02886853209083906,-1.0,0.2655398164156282,-1.0,0.2640779304761438,0.0,1.0,0.0,0.0,0.0,1.0,0.0,0.0,0.0,0.0,1.0,0.0,1.0,0.0
-0.21518987341772156,-1.0,-1.0,-1.0,-1.0,-1.0,-1.0,0.0,1.0,0.0,0.0,0.0,0.0,1.0,1.0,0.0,0.0,0.0,0.0,1.0,0.0
-0.4683544303797469,-1.0,-1.0,-1.0,-1.0,-1.0,-1.0,0.0,0.0,1.0,0.0,0.0,0.0,1.0,1.0,0.0,0.0,0.0,0.0,1.0,0.0
-0.4177215189873418,-0.40789510005579643,0.2773713612951356,-0.8622584156094552,-0.8616088449879872,-1.0,0.250529451019313,0.0,1.0,0.0,0.0,0.0,1.0,0.0,0.0,0.0,0.0,1.0,0.0,1.0,0.0
-0.7215189873417722,-1.0,-1.0,-1.0,-1.0,-1.0,-1.0,0.0,0.0,0.0,1.0,0.0,0.0,1.0,0.0,0.0,0.0,1.0,0.0,1.0,0.0
0.06329113924050622,0.3097637569402578,-0.7852186672204382,-0.33085400079197247,0.015770319514128994,-1.0,0.25374257209786033,0.0,1.0,0.0,0.0,0.0,1.0,0.0,1.0,0.0,0.0,0.0,0.0,1.0,0.0
0.4683544303797469,-1.0,0.18819360992804368,-0.7816847539510678,-1.0,0.08620240235752097,0.24253322546309364,0.0,1.0,0.0,0.0,0.0,1.0,0.0,1.0,0.0,0.0,0.0,0.0,1.0,0.0
0.4177215189873418,-1.0,-1.0,-1.0,-1.0,-1.0,-1.0,0.0,0.0,0.0,1.0,0.0,0.0,1.0,1.0,0.0,0.0,0.0,0.0,1.0,0.0
-0.5443037974683544,-1.0,-1.0,-1.0,-1.0,-1.0,-1.0,0.0,0.0,1.0,0.0,0.0,0.0,1.0,1.0,0.0,0.0,0.0,0.0,1.0,0.0
-0.6962025316455696,-1.0,-1.0,-1.0,-1.0,-1.0,-1.0,0.0,0.0,1.0,0.0,1.0,0.0,0.0,0.0,0.0,0.0,1.0,0.0,1.0,0.0
0.3924050632911391,0.21256760537440655,-0.07235440838374041,-1.0,-0.7806552088744709,-1.0,0.16339586589100752,0.0,1.0,0.0,0.0,0.0,1.0,0.0,0.0,0.0,0.0,1.0,0.0,1.0,0.0
0.5696202531645569,0.5500526939911754,-1.0,-0.3684600007794333,-0.7806552088744709,-0.4916552261572421,0.4181705366520967,0.0,0.0,0.0,1.0,0.0,1.0,0.0,0.0,0.0,0.0,1.0,0.0,1.0,0.0
-0.189873417721519,0.010720290663944976,0.324376988922048,-1.0,0.03791233472553901,-0.8626258465039598,0.3486143772643635,0.0,1.0,0.0,0.0,0.0,1.0,0.0,0.0,0.0,0.0,1.0,0.0,1.0,0.0
-0.5189873417721519,-1.0,-0.6853510347334366,-1.0,0.49497271680529686,-0.7252516930079197,0.42821232071516,0.0,1.0,0.0,0.0,0.0,1.0,0.0,0.0,1.0,0.0,0.0,0.0,1.0,0.0
-0.3417721518987342,-1.0,0.329231699625417,-1.0,0.3053803682939378,-0.8626258465039598,0.4050657156999482,0.0,0.0,1.0,0.0,0.0,1.0,0.0,0.0,0.0,0.0,1.0,0.0,1.0,0.0
0.3417721518987342,-1.0,-1.0,0.3168553918853698,-0.2312940331994816,-1.0,0.27459701781593626,0.0,1.0,0.0,0.0,0.0,1.0,0.0,1.0,0.0,0.0,0.0,0.0,1.0,0.0
-0.21518987341772156,-1.0,-1.0,-1.0,-1.0,-1.0,-1.0,0.0,1.0,0.0,0.0,0.0,0.0,1.0,0.0,0.0,0.0,1.0,0.0,1.0,0.0
-0.2911392405063291,-1.0,-1.0,-1.0,-1.0,-1.0,-1.0,0.0,0.0,1.0,0.0,0.0,0.0,1.0,0.0,0.0,0.0,1.0,0.0,1.0,0.0
-0.2911392405063291,-1.0,-1.0,-1.0,-1.0,-1.0,-1.0,0.0,1.0,0.0,0.0,0.0,0.0,1.0,0.0,0.0,0.0,1.0,0.0,1.0,0.0
0.012658227848101333,-1.0,-1.0,-1.0,-1.0,-1.0,-1.0,0.0,0.0,1.0,0.0,0.0,0.0,1.0,0.0,1.0,0.0,0.0,0.0,1.0,0.0
-0.44303797468354433,-1.0,-1.0,-1.0,-1.0,-1.0,-1.0,0.0,0.0,1.0,0.0,0.0,0.0,1.0,0.0,0.0,0.0,1.0,0.0,1.0,0.0
0.3924050632911391,0.3977795237343804,-1.0,0.0035028445484770465,-0.6786656890936953,0.154063701181556,0.3667696985133764,0.0,0.0,0.0,1.0,0.0,1.0,0.0,0.0,0.0,0.0,1.0,0.0,1.0,0.0
-0.06329113924050633,0.8347816622445887,0.42593536726338477,-1.0,0.20454326864219308,0.65227593987135,0.7993034129684076,0.0,0.0,1.0,0.0,0.0,1.0,0.0,1.0,0.0,0.0,0.0,0.0,1.0,0.0
-0.9493670886075949,-1.0,-1.0,-1.0,-1.0,-1.0,-1.0,1.0,0.0,0.0,0.0,0.0,1.0,0.0,0.0,0.0,0.0,1.0,0.0,1.0,0.0
-0.44303797468354433,-1.0,-1.0,-1.0,-1.0,-1.0,-1.0,0.0,0.0,0.0,1.0,0.0,0.0,1.0,0.0,0.0,0.0,1.0,0.0,1.0,0.0
-0.2405063291139241,0.34673998376460435,-1.0,0.2520864869727284,-1.0,-0.039935357103935254,0.3667696985133764,1.0,0.0,0.0,0.0,0.0,1.0,0.0,0.0,0.0,0.0,1.0,0.0,1.0,0.0
-0.36708860759493667,0.25780804348895714,-0.3164244002440262,-0.4618586993203633,0.4221247254930356,-0.5247635098122653,0.4187300928832747,0.0,0.0,0.0,1.0,0.0,1.0,0.0,0.0,0.0,0.0,1.0,0.0,1.0,0.0
-0.4177215189873418,0.7102240786532306,0.23886460234072704,-0.07707081710991026,-1.0,-0.10599722017663704,0.5966477798835819,0.0,0.0,1.0,0.0,0.0,1.0,0.0,0.0,0.0,0.0,1.0,0.0,1.0,0.0
-0.620253164556962,-0.1276071172136657,-1.0,-1.0,-1.0,0.2809014096359943,0.25025923032049513,0.0,1.0,0.0,0.0,0.0,1.0,0.0,0.0,0.0,1.0,0.0,0.0,1.0,0.0
-0.9493670886075949,-1.0,-1.0,-1.0,-1.0,-1.0,-1.0,0.0,1.0,0.0,0.0,0.0,0.0,1.0,0.0,0.0,0.0,1.0,0.0,1.0,0.0
-0.49367088607594933,0.058016803350540824,-1.0,-1.0,0.25799115694638375,-0.7252516930079197,0.25025923032049513,0.0,1.0,0.0,0.0,0.0,1.0,0.0,0.0,0.0,0.0,1.0,0.0,1.0,0.0
-0.2911392405063291,0.5573343493591187,0.6676182116108815,-1.0,-0.10607179757566865,0.35273116734626075,0.7083274646766249,0.0,0.0,1.0,0.0,0.0,1.0,0.0,0.0,0.0,0.0,1.0,0.0,1.0,0.0
-0.189873417721519,0.46125760851744757,-1.0,-0.15014475473050126,-1.0,-1.0,0.3450295752594832,0.0,0.0,0.0,1.0,0.0,1.0,0.0,0.0,0.0,0.0,1.0,0.0,1.0,0.0
-0.3417721518987342,-1.0,-1.0,-1.0,-1.0,-1.0,-1.0,0.0,0.0,1.0,0.0,0.0,0.0,1.0,0.0,0.0,0.0,1.0,0.0,1.0,0.0
0.08860759493670889,0.4044389882982464,-0.363034326141483,0.25245077506874103,-0.06518331659938703,-1.0,0.3949582840951442,0.0,0.0,0.0,1.0,0.0,1.0,0.0,0.0,0.0,0.0,1.0,0.0,1.0,0.0
-0.2911392405063291,-0.6255454734896567,0.6351446619151773,-1.0,0.32067119592151383,-0.6448929646444241,0.625393725202009,0.0,0.0,1.0,0.0,1.0,0.0,0.0,1.0,0.0,0.0,0.0,0.0,0.0,1.0
0.4430379746835442,-1.0,0.6357363353094359,-0.31129207804727577,0.298023005513679,0.7347594069770123,0.7796200908517559,0.0,0.0,1.0,0.0,0.0,1.0,0.0,1.0,0.0,0.0,0.0,0.0,1.0,0.0
-0.7215189873417722,-1.0,-1.0,-1.0,-1.0,-1.0,-1.0,0.0,0.0,0.0,1.0,0.0,0.0,1.0,0.0,0.0,0.0,1.0,0.0,1.0,0.0
-0.4177215189873418,0.13557753424701602,0.4233937334571021,0.3546156240677718,-0.7232176899759744,-1.0,0.4986914756426617,0.0,0.0,0.0,1.0,0.0,1.0,0.0,1.0,0.0,0.0,0.0,0.0,1.0,0.0
-0.4683544303797469,-1.0,0.12464172394804507,0.1487441529768181,0.3844956253285927,-0.6143419940193948,0.41466414246197214,0.0,1.0,0.0,0.0,0.0,1.0,0.0,0.0,0.0,0.0,1.0,0.0,1.0,0.0
-0.49367088607594933,0.4329117663788118,-1.0,-1.0,-0.6422640538624581,-1.0,0.3081212548288894,1.0,0.0,0.0,0.0,0.0,1.0,0.0,0.0,0.0,0.0,1.0,0.0,1.0,0.0
0.139240506329114,-1.0,-1.0,-1.0,-1.0,-1.0,-1.0,0.0,1.0,0.0,0.0,0.0,0.0,1.0,0.0,0.0,1.0,0.0,0.0,1.0,0.0
-0.5189873417721519,-1.0,-1.0,-1.0,-1.0,-1.0,-1.0,0.0,0.0,1.0,0.0,0.0,0.0,1.0,1.0,0.0,0.0,0.0,0.0,1.0,0.0
-0.6455696202531646,-1.0,-1.0,-1.0,-1.0,-1.0,-1.0,0.0,1.0,0.0,0.0,0.0,0.0,1.0,0.0,0.0,0.0,1.0,0.0,1.0,0.0
-0.44303797468354433,-0.6636483178693894,-1.0,-0.1474037581603611,-0.3828541075996944,0.26813119543491526,0.24835688424629865,0.0,1.0,0.0,0.0,0.0,1.0,0.0,0.0,0.0,0.0,1.0,0.0,1.0,0.0
0.240506329113924,-1.0,-0.09013960883151684,0.3308286232169779,0.6387133575750759,-0.5878775395118796,0.6073710741862257,0.0,0.0,1.0,0.0,0.0,1.0,0.0,0.0,0.0,0.0,1.0,0.0,1.0,0.0
-1.0,-1.0,-1.0,-1.0,-1.0,-1.0,-1.0,0.0,1.0,0.0,0.0,0.0,1.0,0.0,0.0,0.0,0.0,1.0,0.0,1.0,0.0
-1.0,-1.0,-1.0,-1.0,-1.0,-1.0,-1.0,0.0,1.0,0.0,0.0,0.0,0.0,1.0,0.0,0.0,0.0,1.0,0.0,1.0,0.0
-0.49367088607594933,0.388737961394128,-0.4143271680087205,-1.0,-0.8616088449879872,-1.0,0.2717193681429104,0.0,1.0,0.0,0.0,0.0,1.0,0.0,0.0,0.0,0.0,1.0,0.0,1.0,0.0
-0.06329113924050633,0.5389625621010585,0.8262084787605111,-1.0,0.3821490020406282,0.25448111981055477,0.8273306394091184,0.0,0.0,1.0,0.0,0.0,1.0,0.0,0.0,0.0,0.0,1.0,0.0,1.0,0.0
-0.2911392405063291,0.3548854828441499,-1.0,-1.0,-1.0,-0.39660911215985917,0.24168655935896544,0.0,1.0,0.0,0.0,0.0,1.0,0.0,0.0,0.0,0.0,1.0,0.0,1.0,0.0
-0.3417721518987342,-1.0,-1.0,-1.0,-1.0,-1.0,-1.0,0.0,0.0,1.0,0.0,0.0,0.0,1.0,0.0,0.0,0.0,1.0,0.0,1.0,0.0
-0.6708860759493671,-1.0,-0.07235440838374041,0.29693918937650743,-1.0,-0.5878775395118796,0.2753096940518822,0.0,1.0,0.0,0.0,0.0,1.0,0.0,0.0,0.0,0.0,1.0,0.0,1.0,0.0
-0.26582278481012656,0.30857067824568674,-1.0,-0.3857508233676067,-0.6786656890936953,0.3277673398781864,0.37551819167705336,0.0,0.0,0.0,1.0,0.0,1.0,0.0,0.0,0.0,0.0,1.0,0.0,1.0,0.0
0.012658227848101333,-1.0,-1.0,-1.0,-1.0,-1.0,-1.0,0.0,0.0,0.0,1.0,0.0,0.0,1.0,0.0,0.0,0.0,1.0,0.0,1.0,0.0
-0.8987341772151899,-1.0,-1.0,-1.0,-1.0,-1.0,-1.0,0.0,1.0,0.0,0.0,1.0,0.0,0.0,1.0,0.0,0.0,0.0,0.0,1.0,0.0
-0.7721518987341772,-1.0,-1.0,-1.0,-1.0,-1.0,-1.0,0.0,0.0,1.0,0.0,0.0,1.0,0.0,1.0,0.0,0.0,0.0,0.0,1.0,0.0
-0.620253164556962,-1.0,-1.0,-1.0,-1.0,-1.0,-1.0,0.0,1.0,0.0,0.0,0.0,0.0,1.0,0.0,0.0,0.0,1.0,0.0,1.0,0.0
-0.06329113924050633,-1.0,-1.0,-1.0,-1.0,-1.0,-1.0,0.0,0.0,1.0,0.0,0.0,0.0,1.0,1.0,0.0,0.0,0.0,0.0,1.0,0.0
0.3417721518987342,0.38406612995655687,-1.0,-1.0,-0.5848265349639614,-1.0,0.2643292695647548,0.0,1.0,0.0,0.0,0.0,1.0,0.0,0.0,0.0,0.0,1.0,0.0,1.0,0.0
-0.4177215189873418,-1.0,-0.5312057330235879,0.008533976583428693,-1.0,-0.041502076804283305,0.08416879844948744,0.0,1.0,0.0,0.0,0.0,1.0,0.0,0.0,0.0,0.0,1.0,0.0,1.0,0.0
-0.5189873417721519,-0.02149520523117754,-1.0,0.2373317675484785,-0.22297381961557772,-1.0,0.2379735899734854,0.0,1.0,0.0,0.0,0.0,1.0,0.0,1.0,0.0,0.0,0.0,0.0,1.0,0.0
0.21518987341772156,-1.0,-1.0,-1.0,-1.0,-1.0,-1.0,0.0,0.0,1.0,0.0,0.0,0.0,1.0,0.0,0.0,0.0,1.0,0.0,1.0,0.0
-0.11392405063291144,-1.0,-1.0,-1.0,-1.0,-1.0,-1.0,0.0,0.0,0.0,1.0,0.0,0.0,1.0,0.0,0.0,0.0,1.0,0.0,1.0,0.0
0.49367088607594933,-1.0,-1.0,-1.0,-1.0,-1.0,-1.0,0.0,0.0,1.0,0.0,0.0,0.0,1.0,0.0,0.0,0.0,1.0,0.0,1.0,0.0
0.6455696202531644,-1.0,-1.0,-0.0588269034826161,0.0666303323810582,0.2637972008128262,0.29871004050405636,0.0,1.0,0.0,0.0,0.0,1.0,0.0,0.0,0.0,0.0,1.0,0.0,1.0,0.0
-0.03797468354430378,-1.0,-1.0,-1.0,-1.0,-1.0,-1.0,0.0,1.0,0.0,0.0,0.0,0.0,1.0,0.0,0.0,1.0,0.0,0.0,1.0,0.0
0.36708860759493667,-1.0,-1.0,-1.0,-1.0,-1.0,-1.0,0.0,0.0,0.0,1.0,0.0,0.0,1.0,0.0,0.0,0.0,1.0,0.0,1.0,0.0
0.5189873417721518,-1.0,-1.0,0.3258603869257779,0.12785291692407785,-0.7252516930079197,0.3308636193490475,0.0,1.0,0.0,0.0,0.0,1.0,0.0,0.0,0.0,1.0,0.0,0.0,1.0,0.0
-0.3417721518987342,-1.0,-1.0,-1.0,-1.0,-1.0,-1.0,0.0,1.0,0.0,0.0,0.0,0.0,1.0,0.0,0.0,0.0,1.0,0.0,1.0,0.0
-0.2911392405063291,-1.0,0.6298311420525413,-1.0,-0.29594014131866886,0.1975834190711332,0.6089432066854836,0.0,0.0,1.0,0.0,0.0,1.0,0.0,1.0,0.0,0.0,0.0,0.0,1.0,0.0
-0.620253164556962,-1.0,-1.0,-1.0,-1.0,-1.0,-1.0,0.0,1.0,0.0,0.0,0.0,0.0,1.0,0.0,0.0,0.0,1.0,0.0,1.0,0.0
-0.11392405063291144,-1.0,-1.0,-1.0,-1.0,-1.0,-1.0,0.0,0.0,0.0,1.0,0.0,0.0,1.0,0.0,0.0,0.0,1.0,0.0,1.0,0.0
0.012658227848101333,-1.0,0.5861943336251378,-1.0,0.7480746510834102,0.05006827351576959,0.7536025318881621,0.0,0.0,1.0,0.0,0.0,1.0,0.0,1.0,0.0,0.0,0.0,0.0,1.0,0.0
-0.36708860759493667,-1.0,-1.0,-1.0,-1.0,-1.0,-1.0,0.0,0.0,0.0,1.0,0.0,0.0,1.0,0.0,0.0,0.0,1.0,0.0,1.0,0.0
-0.2405063291139241,-1.0,-0.3049209416110785,-0.012403170339956415,0.12214806501668485,-1.0,0.16593777916406616,0.0,1.0,0.0,0.0,0.0,1.0,0.0,0.0,0.0,1.0,0.0,0.0,1.0,0.0
-0.7215189873417722,-1.0,-1.0,-1.0,-1.0,-1.0,-1.0,0.0,1.0,0.0,0.0,0.0,1.0,0.0,0.0,0.0,0.0,1.0,0.0,1.0,0.0
-0.36708860759493667,-1.0,0.9092998895317841,-1.0,0.09590062978859848,0.5163679329757198,0.8858602906898514,0.0,0.0,1.0,0.0,0.0,1.0,0.0,1.0,0.0,0.0,0.0,1.0,0.0,0.0
0.21518987341772156,0.39751910370017707,-0.7852186672204382,-1.0,-0.8616088449879872,0.3638200936377043,0.42661073746946476,0.0,1.0,0.0,0.0,0.0,1.0,0.0,0.0,0.0,0.0,1.0,0.0,1.0,0.0
-0.9746835443037974,-1.0,-1.0,-1.0,-1.0,-1.0,-1.0,0.0,0.0,0.0,1.0,0.0,0.0,1.0,1.0,0.0,0.0,0.0,0.0,1.0,0.0
-0.21518987341772156,-0.4205648609511705,0.27508475751826866,-0.10580186888088627,-0.6114869098077889,-1.0,0.27196083830957996,0.0,1.0,0.0,0.0,0.0,1.0,0.0,1.0,0.0,0.0,0.0,0.0,1.0,0.0
-1.0,-1.0,-1.0,-1.0,-1.0,-1.0,-1.0,0.0,0.0,0.0,1.0,0.0,1.0,0.0,0.0,0.0,0.0,1.0,0.0,1.0,0.0
-0.4177215189873418,-0.7102824304755853,-1.0,-1.0,0.4825189846882407,-1.0,0.4159157419333861,0.0,0.0,0.0,1.0,0.0,1.0,0.0,0.0,0.0,0.0,1.0,0.0,0.0,1.0
-0.3924050632911392,-1.0,-1.0,-1.0,0.519554198342598,-0.054502737278512514,0.46167219520736813,0.0,1.0,0.0,0.0,0.0,1.0,0.0,0.0,0.0,0.0,1.0,0.0,1.0,0.0
-0.3924050632911392,0.3450720814526891,-1.0,0.2357546235499588,0.14209590112450243,0.3190351341205151,0.46764392511677544,0.0,0.0,0.0,1.0,0.0,1.0,0.0,0.0,0.0,0.0,1.0,0.0,1.0,0.0
-0.012658227848101333,-1.0,-0.3350577685915167,0.12807941062072858,-0.47309575479577604,0.24246598603143088,0.28836767166671073,0.0,1.0,0.0,0.0,0.0,1.0,0.0,0.0,0.0,0.0,1.0,0.0,1.0,0.0
-0.3417721518987342,-1.0,-1.0,-1.0,-1.0,-1.0,-1.0,0.0,0.0,1.0,0.0,0.0,0.0,1.0,1.0,0.0,0.0,0.0,0.0,1.0,0.0
-0.08860759493670889,-1.0,-1.0,0.33970469939450587,-1.0,-1.0,0.28524234476922583,0.0,1.0,0.0,0.0,0.0,1.0,0.0,1.0,0.0,0.0,0.0,0.0,1.0,0.0
0.139240506329114,-1.0,-1.0,-1.0,-1.0,-1.0,-1.0,0.0,1.0,0.0,0.0,0.0,0.0,1.0,0.0,0.0,0.0,1.0,0.0,1.0,0.0
-0.012658227848101333,-0.7102824304755853,-0.133764707373364,-1.0,0.33611623120857814,0.5857142250854186,0.5751305963546547,0.0,0.0,1.0,0.0,0.0,1.0,0.0,1.0,0.0,0.0,0.0,0.0,1.0,0.0
-0.5696202531645569,-1.0,-1.0,-1.0,-1.0,-1.0,-1.0,0.0,0.0,1.0,0.0,1.0,0.0,0.0,0.0,0.0,0.0,1.0,0.0,1.0,0.0
-0.5443037974683544,-1.0,-1.0,-1.0,-1.0,-1.0,-1.0,0.0,1.0,0.0,0.0,0.0,0.0,1.0,1.0,0.0,0.0,0.0,0.0,1.0,0.0
-0.49367088607594933,-1.0,0.083330290210756,0.34480034014637684,0.1992058461463364,-1.0,0.3977230621267156,0.0,1.0,0.0,0.0,0.0,1.0,0.0,0.0,0.0,0.0,1.0,0.0,1.0,0.0
-0.08860759493670889,0.4425838443477166,0.22525271244181755,-1.0,-0.5848265349639614,0.4179661344821457,0.5136624457482752,0.0,0.0,1.0,0.0,0.0,1.0,0.0,0.0,0.0,0.0,1.0,0.0,1.0,0.0
-0.3924050632911392,0.07697121021425968,0.3009027493549079,0.16122389159572204,-1.0,-1.0,0.3657396036121918,0.0,1.0,0.0,0.0,0.0,1.0,0.0,0.0,0.0,0.0,1.0,0.0,1.0,0.0
-0.6455696202531646,0.3330084743514372,-0.027036637846106992,-0.8622584156094552,-1.0,0.016689547685515782,0.2972362786668288,0.0,1.0,0.0,0.0,0.0,1.0,0.0,0.0,0.0,0.0,1.0,0.0,1.0,0.0
-0.5443037974683544,-1.0,-1.0,-1.0,-1.0,0.3275231143266464,0.27696231702976926,0.0,1.0,0.0,0.0,0.0,1.0,0.0,0.0,0.0,0.0,1.0,0.0,1.0,0.0
-0.31645569620253167,-1.0,-1.0,-1.0,-1.0,-1.0,-1.0,0.0,1.0,0.0,0.0,0.0,0.0,1.0,0.0,0.0,0.0,1.0,0.0,1.0,0.0
0.4430379746835442,0.10832205013701102,-0.5498391013710785,-1.0,-1.0,1.0,0.9254707042815133,0.0,0.0,1.0,0.0,0.0,1.0,0.0,1.0,0.0,0.0,0.0,0.0,1.0,0.0
-0.3924050632911392,-0.32729663573877876,0.009728023655484863,-1.0,0.2447389607131647,-0.4505033860158394,0.2550655522240399,0.0,1.0,0.0,0.0,0.0,1.0,0.0,0.0,0.0,0.0,1.0,0.0,1.0,0.0
-0.2911392405063291,-0.2569782954639235,-1.0,-1.0,-1.0,0.286390071454665,0.24698634871665126,0.0,1.0,0.0,0.0,0.0,1.0,0.0,1.0,0.0,0.0,0.0,0.0,1.0,0.0
0.08860759493670889,0.3687921898065436,-0.10970616460354188,-1.0,-1.0,-1.0,0.27268341910299565,0.0,1.0,0.0,0.0,0.0,1.0,0.0,0.0,0.0,0.0,1.0,0.0,1.0,0.0
-0.4683544303797469,0.19615516820268275,-1.0,-0.8622584156094552,0.28341128432058404,-0.7822671181404642,0.3024482126487391,0.0,1.0,0.0,0.0,0.0,1.0,0.0,0.0,0.0,0.0,1.0,0.0,1.0,0.0
-0.9240506329113924,-1.0,-1.0,-1.0,-1.0,-1.0,-1.0,0.0,1.0,0.0,0.0,0.0,1.0,0.0,0.0,0.0,0.0,1.0,0.0,1.0,0.0
-0.4177215189873418,-0.7704042582518641,0.723773862037425,-1.0,-0.36548174383843235,-1.0,0.681612198094498,0.0,0.0,1.0,0.0,0.0,1.0,0.0,0.0,0.0,0.0,1.0,0.0,1.0,0.0
-0.06329113924050633,0.37381402840314926,-1.0,-0.20366635312744685,-1.0,-1.0,0.2670723481288735,0.0,1.0,0.0,0.0,0.0,1.0,0.0,0.0,0.0,1.0,0.0,0.0,1.0,0.0
-0.5949367088607596,-1.0,0.06485019697440397,0.2609991511480887,-0.7806552088744709,-1.0,0.2750724312071964,0.0,1.0,0.0,0.0,0.0,1.0,0.0,1.0,0.0,0.0,0.0,0.0,1.0,0.0
-0.44303797468354433,-0.2569782954639235,-1.0,-1.0,0.31135769409738323,-1.0,0.26103572755089166,0.0,1.0,0.0,0.0,0.0,1.0,0.0,0.0,0.0,0.0,1.0,0.0,1.0,0.0
-0.3924050632911392,-1.0,-1.0,-1.0,-1.0,-1.0,-1.0,0.0,1.0,0.0,0.0,0.0,0.0,1.0,0.0,0.0,1.0,0.0,0.0,1.0,0.0
-0.5443037974683544,-1.0,-1.0,-1.0,-1.0,-1.0,-1.0,0.0,1.0,0.0,0.0,0.0,0.0,1.0,0.0,0.0,1.0,0.0,0.0,1.0,0.0
0.06329113924050622,-1.0,-0.4461000078353691,-1.0,-0.006364088151583069,0.7681877521215119,0.7048714987475584,0.0,0.0,1.0,0.0,0.0,1.0,0.0,0.0,0.0,0.0,1.0,0.0,1.0,0.0
-0.4177215189873418,-1.0,-1.0,-1.0,-1.0,-1.0,-1.0,0.0,0.0,1.0,0.0,0.0,0.0,1.0,1.0,0.0,0.0,0.0,0.0,1.0,0.0
-1.0,-1.0,-1.0,-1.0,-1.0,-1.0,-1.0,0.0,1.0,0.0,0.0,0.0,1.0,0.0,1.0,0.0,0.0,0.0,0.0,1.0,0.0
-0.8227848101265822,-1.0,-1.0,-1.0,-1.0,-1.0,-1.0,0.0,1.0,0.0,0.0,0.0,1.0,0.0,1.0,0.0,0.0,0.0,0.0,1.0,0.0
-0.31645569620253167,-1.0,-1.0,-1.0,-1.0,-1.0,-1.0,0.0,1.0,0.0,0.0,0.0,0.0,1.0,0.0,0.0,0.0,1.0,0.0,1.0,0.0
-0.03797468354430378,-1.0,-1.0,-1.0,-1.0,-1.0,-1.0,0.0,1.0,0.0,0.0,0.0,0.0,1.0,0.0,0.0,0.0,1.0,0.0,1.0,0.0
-0.7974683544303798,-1.0,-1.0,-1.0,-1.0,-1.0,-1.0,1.0,0.0,0.0,0.0,0.0,1.0,0.0,0.0,0.0,0.0,1.0,0.0,1.0,0.0
-0.6708860759493671,-0.0012250776503305305,-1.0,-1.0,0.3230655032259302,-0.8626258465039598,0.2912245882145654,0.0,1.0,0.0,0.0,0.0,1.0,0.0,0.0,0.0,0.0,1.0,0.0,1.0,0.0
-0.1392405063291139,-1.0,-1.0,-1.0,-1.0,-1.0,-1.0,0.0,0.0,1.0,0.0,0.0,0.0,1.0,0.0,0.0,0.0,1.0,0.0,1.0,0.0
0.139240506329114,-0.4988709397562451,0.36840385071710124,0.4499366832845353,-1.0,-1.0,0.4975863092368886,0.0,0.0,0.0,1.0,0.0,1.0,0.0,0.0,1.0,0.0,0.0,0.0,1.0,0.0
0.1898734177215189,-1.0,-1.0,-1.0,-1.0,-1.0,-1.0,0.0,0.0,1.0,0.0,0.0,0.0,1.0,1.0,0.0,0.0,0.0,0.0,1.0,0.0
-0.21518987341772156,-1.0,0.7434079972160492,-1.0,0.18066773416892556,0.21122566163315692,0.7199065671008658,0.0,0.0,1.0,0.0,0.0,1.0,0.0,0.0,0.0,0.0,1.0,0.0,1.0,0.0
-0.3924050632911392,-1.0,0.3092862297471686,-1.0,0.697655268200156,-0.015037622296767972,0.6546622912695113,0.0,0.0,1.0,0.0,0.0,1.0,0.0,0.0,0.0,0.0,1.0,0.0,1.0,0.0
0.08860759493670889,0.2266070498307453,0.329231699625417,-1.0,-1.0,-0.7822671181404642,0.3597441198521545,0.0,0.0,0.0,1.0,0.0,1.0,0.0,0.0,0.0,0.0,1.0,0.0,0.0,1.0
-0.3417721518987342,-0.8551412152377926,0.6522429409623838,-0.35255398589099995,0.265186754903574,-0.4769678405233547,0.6342554601630834,0.0,0.0,1.0,0.0,1.0,0.0,0.0,1.0,0.0,0.0,0.0,0.0,1.0,0.0
-0.6708860759493671,-0.30361240807011936,-0.13847583640246797,0.38818045998422,-1.0,-1.0,0.34990140778026446,0.0,1.0,0.0,0.0,0.0,1.0,0.0,0.0,0.0,0.0,1.0,0.0,1.0,0.0
0.31645569620253156,-1.0,0.3159301543382249,-0.8622584156094552,-0.7806552088744709,-0.5645342362809285,0.28569196920193196,0.0,1.0,0.0,0.0,0.0,1.0,0.0,0.0,0.0,0.0,1.0,0.0,1.0,0.0
-0.6455696202531646,-1.0,-1.0,-1.0,-1.0,-1.0,-1.0,0.0,1.0,0.0,0.0,0.0,0.0,1.0,0.0,0.0,1.0,0.0,0.0,1.0,0.0
-0.2405063291139241,0.0457599788677312,-1.0,-1.0,0.28373357048102266,-0.29536908750557034,0.27483487270779894,0.0,1.0,0.0,0.0,0.0,1.0,0.0,0.0,0.0,0.0,1.0,0.0,1.0,0.0
-0.1392405063291139,0.5349511711848298,0.20941859726016698,-0.08887938578783727,-0.18253858794414057,-1.0,0.46625554813951275,0.0,0.0,0.0,1.0,0.0,1.0,0.0,0.0,0.0,0.0,1.0,0.0,1.0,0.0
-0.4683544303797469,-0.48068668872744935,0.42659876251901374,-1.0,-1.0,-1.0,0.39253782207802046,0.0,1.0,0.0,0.0,0.0,1.0,0.0,0.0,0.0,0.0,1.0,0.0,1.0,0.0
-0.16455696202531644,-1.0,-1.0,-1.0,-1.0,-1.0,-1.0,0.0,0.0,0.0,1.0,0.0,0.0,1.0,0.0,0.0,0.0,1.0,0.0,1.0,0.0
-0.9493670886075949,-1.0,-1.0,-1.0,-1.0,-1.0,-1.0,0.0,1.0,0.0,0.0,0.0,0.0,1.0,0.0,0.0,0.0,1.0,0.0,1.0,0.0
-0.21518987341772156,-1.0,-1.0,-1.0,-1.0,-1.0,-1.0,0.0,0.0,0.0,1.0,0.0,1.0,0.0,0.0,0.0,0.0,1.0,0.0,1.0,0.0
-0.36708860759493667,-1.0,-0.025692973490005322,0.4338060000841837,0.23797030461143054,0.05592650326866089,0.46738437344823147,0.0,0.0,1.0,0.0,0.0,1.0,0.0,1.0,0.0,0.0,0.0,0.0,1.0,0.0
-0.4683544303797469,-1.0,-1.0,-1.0,-1.0,0.32282471439492655,0.2724428630192193,0.0,1.0,0.0,0.0,0.0,1.0,0.0,0.0,0.0,0.0,1.0,0.0,1.0,0.0
0.5443037974683544,-1.0,-1.0,-1.0,-1.0,-1.0,-1.0,0.0,0.0,0.0,1.0,0.0,0.0,1.0,0.0,0.0,0.0,1.0,0.0,1.0,0.0
-0.31645569620253167,0.5583024439699618,-1.0,0.18042548948970127,-0.6422640538624581,-1.0,0.4596994143085147,0.0,0.0,0.0,1.0,0.0,1.0,0.0,0.0,0.0,0.0,1.0,0.0,1.0,0.0
-0.36708860759493667,-0.4205648609511705,-0.7289761332752838,-1.0,0.28882062867348957,-1.0,0.23594393628112487,0.0,1.0,0.0,0.0,0.0,1.0,0.0,0.0,0.0,1.0,0.0,0.0,1.0,0.0
-0.6962025316455696,-1.0,-1.0,-1.0,-1.0,-1.0,-1.0,0.0,1.0,0.0,0.0,0.0,1.0,0.0,0.0,0.0,0.0,1.0,0.0,1.0,0.0
-0.6708860759493671,-1.0,-1.0,-1.0,-1.0,-1.0,-1.0,0.0,0.0,0.0,1.0,0.0,0.0,1.0,0.0,0.0,0.0,1.0,0.0,1.0,0.0
-0.5189873417721519,-1.0,-1.0,-1.0,-1.0,-1.0,-1.0,0.0,1.0,0.0,0.0,0.0,0.0,1.0,0.0,0.0,0.0,1.0,0.0,1.0,0.0
0.11392405063291133,-1.0,-1.0,-1.0,-1.0,-1.0,-1.0,0.0,1.0,0.0,0.0,0.0,0.0,1.0,0.0,0.0,0.0,1.0,0.0,1.0,0.0
-0.6708860759493671,-1.0,-1.0,-1.0,-1.0,-1.0,-1.0,0.0,1.0,0.0,0.0,0.0,0.0,1.0,0.0,0.0,1.0,0.0,0.0,1.0,0.0
-0.6455696202531646,-1.0,-1.0,-1.0,-1.0,-1.0,-1.0,0.0,1.0,0.0,0.0,0.0,0.0,1.0,0.0,0.0,1.0,0.0,0.0,1.0,0.0
-0.5949367088607596,-1.0,-1.0,-1.0,-1.0,-1.0,-1.0,0.0,1.0,0.0,0.0,0.0,0.0,1.0,0.0,0.0,0.0,1.0,0.0,1.0,0.0
-0.36708860759493667,-1.0,-1.0,-1.0,-1.0,-1.0,-1.0,0.0,1.0,0.0,0.0,0.0,0.0,1.0,0.0,0.0,1.0,0.0,0.0,1.0,0.0
-0.49367088607594933,-0.48068668872744935,0.28788180009474407,-1.0,-1.0,-1.0,0.25872178674943225,0.0,1.0,0.0,0.0,0.0,1.0,0.0,0.0,0.0,1.0,0.0,0.0,1.0,0.0
0.11392405063291133,-1.0,0.036808806926996285,-0.03426244931582978,0.22457114899180963,-1.0,0.2717193681429104,0.0,1.0,0.0,0.0,0.0,1.0,0.0,0.0,0.0,0.0,1.0,0.0,1.0,0.0
-0.49367088607594933,-0.10623216221710607,-0.5704373344408764,0.24044899383235108,0.1724049178063567,-1.0,0.3065175383591958,0.0,1.0,0.0,0.0,0.0,1.0,0.0,0.0,0.0,0.0,1.0,0.0,1.0,0.0
-0.49367088607594933,-1.0,-1.0,-1.0,-1.0,-1.0,-1.0,0.0,1.0,0.0,0.0,0.0,0.0,1.0,0.0,0.0,1.0,0.0,0.0,1.0,0.0
-0.4683544303797469,-0.3540121549940377,-1.0,0.34616767880292265,0.08312508491371173,-1.0,0.33884428496238117,0.0,0.0,0.0,1.0,0.0,1.0,0.0,0.0,0.0,0.0,1.0,0.0,1.0,0.0
-0.49367088607594933,-1.0,-1.0,-1.0,-1.0,-1.0,-1.0,0.0,1.0,0.0,0.0,0.0,0.0,1.0,1.0,0.0,0.0,0.0,0.0,1.0,0.0
-0.6455696202531646,-1.0,-1.0,-1.0,-1.0,-1.0,-1.0,0.0,1.0,0.0,0.0,0.0,0.0,1.0,0.0,0.0,0.0,1.0,0.0,1.0,0.0
-0.5189873417721519,0.04854651415563338,0.2525603769050686,-1.0,-1.0,-0.8626258465039598,0.2638262595866594,0.0,1.0,0.0,0.0,0.0,1.0,0.0,0.0,0.0,1.0,0.0,0.0,1.0,0.0
-0.21518987341772156,-1.0,-1.0,-1.0,-1.0,-1.0,-1.0,0.0,0.0,1.0,0.0,0.0,0.0,1.0,0.0,0.0,0.0,1.0,0.0,1.0,0.0
-0.5696202531645569,-0.4484711928323267,-1.0,0.2595997150777192,0.17958558391518165,-0.8626258465039598,0.3065175383591958,0.0,0.0,0.0,1.0,0.0,1.0,0.0,0.0,0.0,0.0,1.0,0.0,1.0,0.0
-0.3924050632911392,-1.0,0.10507516817602003,-1.0,0.6845130444522296,0.20588091499286976,0.6361581132911196,0.0,0.0,1.0,0.0,0.0,1.0,0.0,1.0,0.0,0.0,0.0,0.0,1.0,0.0
0.1898734177215189,-1.0,0.29657222610567024,-1.0,-1.0,0.438258182050022,0.46511999897487954,0.0,1.0,0.0,0.0,0.0,1.0,0.0,0.0,0.0,0.0,1.0,0.0,1.0,0.0
-0.4683544303797469,-1.0,-1.0,-1.0,-1.0,-1.0,-1.0,0.0,0.0,0.0,1.0,0.0,0.0,1.0,0.0,0.0,0.0,1.0,0.0,1.0,0.0
-0.4683544303797469,-1.0,-1.0,-1.0,-1.0,-1.0,-1.0,0.0,0.0,0.0,1.0,0.0,0.0,1.0,0.0,0.0,0.0,1.0,0.0,1.0,0.0
-0.189873417721519,-1.0,-1.0,-1.0,0.17849753635573973,0.4079632846514256,0.4043440466825834,0.0,1.0,0.0,0.0,0.0,1.0,0.0,0.0,0.0,0.0,1.0,0.0,1.0,0.0
-0.4177215189873418,-1.0,-0.39569379966122975,-1.0,-1.0,0.4742058677830139,0.42039897431211704,0.0,1.0,0.0,0.0,0.0,1.0,0.0,0.0,0.0,0.0,1.0,0.0,1.0,0.0
-0.6708860759493671,-1.0,-1.0,-1.0,-1.0,-1.0,-1.0,0.0,0.0,1.0,0.0,0.0,0.0,1.0,0.0,0.0,0.0,1.0,0.0,1.0,0.0
-0.1392405063291139,-0.4988709397562451,-0.6853510347334366,-0.8622584156094552,-1.0,0.32282471439492655,0.2760197159940232,0.0,1.0,0.0,0.0,0.0,1.0,0.0,0.0,0.0,0.0,1.0,1.0,0.0,0.0
-0.5443037974683544,0.4353177139921085,0.2730618026471925,-1.0,-1.0,0.016689547685515782,0.429061028499063,0.0,1.0,0.0,0.0,0.0,1.0,0.0,0.0,0.0,0.0,1.0,0.0,1.0,0.0
0.012658227848101333,0.3574263901366139,-1.0,0.3359149473369185,-1.0,-0.6143419940193948,0.3939428853106641,0.0,1.0,0.0,0.0,0.0,1.0,0.0,0.0,1.0,0.0,0.0,0.0,1.0,0.0
-1.0,-1.0,-1.0,-1.0,-1.0,-1.0,-1.0,0.0,1.0,0.0,0.0,0.0,0.0,1.0,0.0,0.0,0.0,1.0,0.0,1.0,0.0
-0.5443037974683544,-1.0,-1.0,-1.0,-1.0,-1.0,-1.0,0.0,1.0,0.0,0.0,0.0,0.0,1.0,0.0,0.0,0.0,1.0,0.0,1.0,0.0
0.08860759493670889,-0.30361240807011936,-1.0,0.32786261142819284,0.34221494095474725,0.008305680934183046,0.4306422430194463,0.0,0.0,0.0,1.0,0.0,1.0,0.0,0.0,0.0,0.0,1.0,0.0,1.0,0.0
0.26582278481012667,-0.20445683437311757,0.5209044180735978,-1.0,-0.20357447161139997,-1.0,0.4906641037550268,0.0,1.0,0.0,0.0,0.0,1.0,0.0,1.0,0.0,0.0,0.0,0.0,1.0,0.0
-0.6708860759493671,-1.0,-1.0,-1.0,-1.0,-1.0,-1.0,0.0,1.0,0.0,0.0,0.0,0.0,1.0,0.0,0.0,0.0,1.0,0.0,1.0,0.0
-0.5949367088607596,-1.0,-1.0,-1.0,-1.0,-1.0,-1.0,0.0,0.0,0.0,1.0,0.0,0.0,1.0,0.0,0.0,0.0,1.0,1.0,0.0,0.0
0.03797468354430378,0.032739274060491264,0.27131102323702594,-0.6133104850891911,-0.14613695271290328,-0.3542810726612019,0.2985001993479246,0.0,1.0,0.0,0.0,0.0,1.0,0.0,0.0,0.0,0.0,1.0,0.0,1.0,0.0
0.012658227848101333,-1.0,-1.0,-1.0,-1.0,-1.0,-1.0,0.0,0.0,1.0,0.0,0.0,0.0,1.0,1.0,0.0,0.0,0.0,0.0,1.0,0.0
0.4177215189873418,-1.0,-1.0,-1.0,-1.0,-1.0,-1.0,0.0,0.0,1.0,0.0,0.0,0.0,1.0,0.0,0.0,0.0,1.0,0.0,1.0,0.0
-0.7468354430379747,-1.0,-1.0,-1.0,-1.0,-1.0,-1.0,0.0,1.0,0.0,0.0,0.0,0.0,1.0,0.0,0.0,0.0,1.0,0.0,1.0,0.0
-0.3417721518987342,0.37439697731782773,-1.0,-0.11716033747799548,-1.0,-1.0,0.27483487270779894,1.0,0.0,0.0,0.0,0.0,1.0,0.0,0.0,0.0,1.0,0.0,0.0,1.0,0.0
-0.5696202531645569,-1.0,-1.0,-1.0,-1.0,-1.0,-1.0,0.0,1.0,0.0,0.0,0.0,0.0,1.0,0.0,0.0,0.0,1.0,0.0,1.0,0.0
-0.21518987341772156,-1.0,0.5623092762887381,-1.0,0.02656517724382379,0.31386694009637384,0.5754255536147797,0.0,0.0,1.0,0.0,0.0,1.0,0.0,1.0,0.0,0.0,0.0,0.0,1.0,0.0
0.3924050632911391,-0.13413849409826228,-1.0,-1.0,-1.0,-1.0,-0.21015001531196242,0.0,1.0,0.0,0.0,0.0,1.0,0.0,0.0,0.0,0.0,1.0,0.0,1.0,0.0
-0.3417721518987342,-1.0,-1.0,-1.0,-1.0,-1.0,-1.0,0.0,1.0,0.0,0.0,0.0,0.0,1.0,0.0,0.0,0.0,1.0,0.0,1.0,0.0
-0.189873417721519,0.6555741825329762,-0.0544953079561602,-0.5424323609787505,-1.0,-0.07953276566912171,0.5259576230201282,0.0,1.0,0.0,0.0,0.0,1.0,0.0,0.0,0.0,0.0,1.0,0.0,1.0,0.0
-0.4177215189873418,-1.0,-1.0,-1.0,-1.0,-1.0,-1.0,0.0,0.0,1.0,0.0,0.0,0.0,1.0,1.0,0.0,0.0,0.0,0.0,1.0,0.0
0.5696202531645569,-1.0,0.6451407135772516,-1.0,-0.1106617981837873,0.4410339838675117,0.6596217559834898,0.0,0.0,1.0,0.0,0.0,1.0,0.0,0.0,0.0,1.0,0.0,0.0,0.0,1.0
-0.2405063291139241,0.1699976921372257,-0.10563305073216644,0.09959018315793355,-1.0,-1.0,0.22515007233224127,0.0,0.0,0.0,1.0,0.0,1.0,0.0,0.0,0.0,0.0,1.0,0.0,1.0,0.0
-0.36708860759493667,-1.0,-1.0,-1.0,-1.0,-1.0,-1.0,0.0,0.0,0.0,1.0,0.0,0.0,1.0,0.0,0.0,0.0,1.0,0.0,1.0,0.0
-0.5443037974683544,-1.0,-1.0,0.4338060000841837,-1.0,-1.0,0.37551819167705336,0.0,1.0,0.0,0.0,0.0,1.0,0.0,0.0,0.0,0.0,1.0,0.0,1.0,0.0
0.06329113924050622,-0.15875362330791187,-1.0,0.45380579102085905,-1.0,-1.0,0.40155206081416916,0.0,1.0,0.0,0.0,0.0,1.0,0.0,0.0,0.0,0.0,1.0,0.0,1.0,0.0
0.620253164556962,-1.0,-1.0,-1.0,-1.0,-1.0,-1.0,0.0,0.0,0.0,1.0,0.0,0.0,1.0,0.0,0.0,0.0,1.0,0.0,1.0,0.0
-0.3924050632911392,0.06194771015643852,-0.4047885740980801,-0.2669491921976609,0.26090058887493095,-0.8626258465039598,0.2678136608105952,0.0,1.0,0.0,0.0,0.0,1.0,0.0,0.0,0.0,1.0,0.0,0.0,1.0,0.0
-0.9240506329113924,-1.0,-1.0,-1.0,-1.0,-1.0,-1.0,0.0,0.0,0.0,1.0,0.0,0.0,1.0,0.0,0.0,0.0,1.0,0.0,1.0,0.0
-0.5189873417721519,-1.0,0.4088640143022897,-1.0,0.49170420985202434,-0.2790704002321086,0.5350952085508163,0.0,0.0,1.0,0.0,0.0,1.0,0.0,1.0,0.0,0.0,0.0,0.0,1.0,0.0
-0.26582278481012656,-0.08161703300745626,0.6066871461508643,-1.0,0.45555241465832874,0.4242148253948925,0.6758698332091284,0.0,0.0,1.0,0.0,0.0,1.0,0.0,1.0,0.0,0.0,0.0,0.0,1.0,0.0
-0.1392405063291139,-0.7704042582518641,-1.0,0.3298448632834796,-0.3209297429561534,-1.0,0.2829781771684947,0.0,0.0,0.0,1.0,0.0,1.0,0.0,1.0,0.0,0.0,0.0,0.0,1.0,0.0
-0.16455696202531644,-0.3191000145820688,-1.0,0.4362745920870281,0.27884378568289026,-1.0,0.4496122116784955,0.0,0.0,0.0,1.0,0.0,1.0,0.0,0.0,0.0,0.0,1.0,0.0,1.0,0.0
-0.189873417721519,0.2531808348992184,0.6075814140096285,-0.6439431695605231,0.20739554905157642,-0.1788762303003234,0.6084481429895787,0.0,0.0,1.0,0.0,0.0,1.0,0.0,0.0,0.0,0.0,1.0,0.0,1.0,0.0
-0.3924050632911392,-1.0,0.03777904412550703,-1.0,-1.0,0.2691180307185881,0.2755466619768592,0.0,1.0,0.0,0.0,0.0,1.0,0.0,0.0,0.0,0.0,1.0,0.0,1.0,0.0
0.240506329113924,0.4479746822421502,-1.0,-0.7816847539510678,-0.7806552088744709,-1.0,0.3216065184001724,0.0,1.0,0.0,0.0,0.0,1.0,0.0,0.0,0.0,0.0,1.0,0.0,1.0,0.0
-0.3417721518987342,0.20874456491694504,-1.0,0.0548541832320959,-0.7806552088744709,0.09976589565262706,0.2705074081100842,0.0,1.0,0.0,0.0,0.0,1.0,0.0,0.0,0.0,0.0,1.0,0.0,1.0,0.0
-0.5443037974683544,-1.0,-0.25578836917431313,-1.0,0.3336236116542357,-0.15799493400953013,0.29871004050405636,0.0,1.0,0.0,0.0,0.0,1.0,0.0,0.0,0.0,0.0,1.0,0.0,1.0,0.0
-0.08860759493670889,-1.0,-1.0,-1.0,-1.0,-1.0,-1.0,0.0,1.0,0.0,0.0,0.0,0.0,1.0,0.0,0.0,0.0,1.0,0.0,1.0,0.0
-0.08860759493670889,-0.335827903965242,0.8769450091349611,-1.0,0.4088093768844556,0.7766534557694131,0.9209697303799913,0.0,0.0,1.0,0.0,0.0,1.0,0.0,1.0,0.0,0.0,0.0,0.0,1.0,0.0
0.03797468354430378,-1.0,-1.0,-1.0,-1.0,-1.0,-1.0,0.0,0.0,1.0,0.0,0.0,0.0,1.0,1.0,0.0,0.0,0.0,0.0,0.0,1.0
-0.36708860759493667,-1.0,0.4347702012481418,-0.08887938578783727,0.25279534837563267,-0.2897859292888483,0.46729777763883984,0.0,0.0,1.0,0.0,0.0,1.0,0.0,1.0,0.0,0.0,0.0,0.0,1.0,0.0
-0.21518987341772156,-1.0,-1.0,-1.0,-1.0,-1.0,-1.0,0.0,0.0,1.0,0.0,0.0,0.0,1.0,0.0,0.0,0.0,1.0,0.0,1.0,0.0
-0.4177215189873418,-1.0,-1.0,-1.0,-1.0,-1.0,-1.0,0.0,0.0,1.0,0.0,0.0,0.0,1.0,0.0,0.0,0.0,1.0,0.0,1.0,0.0
-0.2405063291139241,-0.7102824304755853,-1.0,0.3475256733865604,-1.0,-0.2640108285545778,0.3018302520716756,0.0,1.0,0.0,0.0,0.0,1.0,0.0,0.0,0.0,0.0,1.0,0.0,1.0,0.0
-0.9746835443037974,-1.0,-1.0,-1.0,-1.0,-1.0,-1.0,0.0,1.0,0.0,0.0,0.0,0.0,1.0,0.0,0.0,1.0,0.0,0.0,1.0,0.0
-0.44303797468354433,-1.0,-1.0,0.28339517584042073,-1.0,-0.22075537037717974,0.2456058888751731,0.0,1.0,0.0,0.0,0.0,1.0,0.0,0.0,0.0,0.0,1.0,0.0,1.0,0.0
0.139240506329114,0.41667826110151185,-1.0,0.20545154456259218,-1.0,-1.0,0.3682316740148377,0.0,0.0,0.0,1.0,0.0,1.0,0.0,0.0,0.0,0.0,1.0,0.0,1.0,0.0
-1.0,-1.0,-1.0,-1.0,-1.0,-1.0,-1.0,0.0,0.0,1.0,0.0,0.0,0.0,1.0,0.0,0.0,0.0,1.0,0.0,1.0,0.0
-0.2911392405063291,-1.0,-1.0,-1.0,-1.0,-1.0,-1.0,0.0,0.0,1.0,0.0,0.0,0.0,1.0,1.0,0.0,0.0,0.0,0.0,1.0,0.0
-0.2405063291139241,-1.0,-1.0,-1.0,-1.0,-1.0,-1.0,0.0,0.0,1.0,0.0,0.0,0.0,1.0,0.0,0.0,0.0,1.0,0.0,1.0,0.0
-0.3924050632911392,-0.07401666632198345,-1.0,-0.032727931260295384,0.24277188831857233,-1.0,0.2534768707710904,0.0,1.0,0.0,0.0,0.0,1.0,0.0,0.0,0.0,0.0,1.0,0.0,1.0,0.0
-0.6708860759493671,-1.0,0.2870722652144704,-1.0,-0.27373324999522164,-0.5645342362809285,0.2665765333601957,0.0,1.0,0.0,0.0,0.0,1.0,0.0,1.0,0.0,0.0,0.0,0.0,1.0,0.0
-0.06329113924050633,-0.7102824304755853,-1.0,0.328608274969995,-0.1327321724194961,-1.0,0.29252886243144127,0.0,0.0,0.0,1.0,0.0,1.0,0.0,0.0,0.0,1.0,0.0,0.0,1.0,0.0
-0.9240506329113924,-1.0,-1.0,-1.0,-1.0,-1.0,-1.0,0.0,1.0,0.0,0.0,0.0,0.0,1.0,0.0,0.0,0.0,1.0,0.0,1.0,0.0
-0.3924050632911392,-1.0,-1.0,-1.0,0.3441278296762278,0.044031593339141306,0.32290402919167094,0.0,1.0,0.0,0.0,0.0,1.0,0.0,0.0,0.0,0.0,1.0,0.0,1.0,0.0
-0.49367088607594933,-1.0,-1.0,-1.0,-1.0,-1.0,-1.0,0.0,1.0,0.0,0.0,0.0,0.0,1.0,0.0,0.0,1.0,0.0,0.0,1.0,0.0
-0.03797468354430378,-1.0,-1.0,-1.0,-1.0,-1.0,-1.0,1.0,0.0,0.0,0.0,0.0,0.0,1.0,1.0,0.0,0.0,0.0,0.0,1.0,0.0
-0.11392405063291144,-1.0,0.4216354849232673,-1.0,-0.05614755600273069,-0.14432130511281516,0.4094566379886537,0.0,1.0,0.0,0.0,0.0,1.0,0.0,0.0,0.0,0.0,1.0,0.0,1.0,0.0
-0.4177215189873418,-1.0,-0.28376492672427933,-0.10802221712786952,-0.6786656890936953,0.25483408341229863,0.24671105528094617,0.0,1.0,0.0,0.0,0.0,1.0,0.0,1.0,0.0,0.0,0.0,0.0,1.0,0.0
0.5189873417721518,-1.0,0.34270544055437324,-0.23490213093186518,0.3478994881501283,0.9314253679838085,0.8775756152481002,0.0,0.0,1.0,0.0,0.0,1.0,0.0,0.0,0.0,0.0,1.0,0.0,1.0,0.0
-0.012658227848101333,-1.0,-1.0,-1.0,-1.0,-1.0,-1.0,0.0,0.0,1.0,0.0,0.0,0.0,1.0,0.0,0.0,0.0,1.0,0.0,1.0,0.0
0.06329113924050622,-0.20445683437311757,-1.0,0.6299354844429652,-1.0,-0.5436529399901353,0.5664235700925739,0.0,0.0,0.0,1.0,0.0,1.0,0.0,0.0,0.0,0.0,1.0,0.0,1.0,0.0
-0.8987341772151899,-1.0,-1.0,-1.0,-1.0,-1.0,-1.0,0.0,1.0,0.0,0.0,0.0,1.0,0.0,1.0,0.0,0.0,0.0,0.0,1.0,0.0
-0.3924050632911392,0.6142169505181458,-1.0,-0.09297683199834372,-0.5212452626117072,-1.0,0.4811595521309302,0.0,0.0,0.0,1.0,0.0,1.0,0.0,0.0,0.0,0.0,1.0,0.0,1.0,0.0
0.11392405063291133,-1.0,-1.0,-1.0,-1.0,-1.0,-1.0,0.0,0.0,0.0,1.0,0.0,0.0,1.0,0.0,0.0,0.0,1.0,0.0,1.0,0.0
-0.4177215189873418,-1.0,-1.0,-1.0,-1.0,-1.0,-1.0,0.0,0.0,1.0,0.0,0.0,0.0,1.0,1.0,0.0,0.0,0.0,0.0,1.0,0.0
-0.2911392405063291,-1.0,-1.0,-1.0,-1.0,-1.0,-1.0,0.0,1.0,0.0,0.0,0.0,0.0,1.0,0.0,0.0,1.0,0.0,0.0,1.0,0.0
0.16455696202531644,-1.0,0.15663166806601425,-1.0,0.5536361500009841,0.4669636546314848,0.5995264171197536,0.0,0.0,1.0,0.0,0.0,1.0,0.0,0.0,0.0,0.0,1.0,0.0,1.0,0.0
-0.5443037974683544,-1.0,-1.0,-1.0,0.2734925445434577,-1.0,0.21598744819935756,0.0,1.0,0.0,0.0,0.0,1.0,0.0,1.0,0.0,0.0,0.0,0.0,1.0,0.0
-0.4177215189873418,-1.0,0.2483207927120048,-1.0,0.1672779425195734,0.3275231143266464,0.42336663188608736,0.0,0.0,1.0,0.0,0.0,1.0,0.0,0.0,0.0,0.0,1.0,0.0,1.0,0.0
-0.189873417721519,0.3365268579625964,-1.0,-0.019425777460139182,-1.0,0.27589162605529816,0.375658317130696,0.0,0.0,0.0,1.0,0.0,1.0,0.0,0.0,0.0,0.0,1.0,0.0,1.0,0.0
-0.1392405063291139,0.28628563873376,-1.0,-1.0,-0.23558788112085693,0.24691985908451208,0.32710614990303766,0.0,0.0,0.0,1.0,0.0,1.0,0.0,0.0,0.0,0.0,1.0,0.0,1.0,0.0
-0.5696202531645569,-0.38465038264461693,-0.5312057330235879,-0.14470005521906726,-1.0,0.37871085436383023,0.3437091151156173,0.0,1.0,0.0,0.0,0.0,1.0,0.0,0.0,0.0,0.0,1.0,0.0,1.0,0.0
-0.3417721518987342,-1.0,-1.0,-1.0,-1.0,-1.0,-1.0,0.0,1.0,0.0,0.0,0.0,1.0,0.0,0.0,0.0,0.0,1.0,0.0,1.0,0.0
-0.012658227848101333,0.10517932850223399,-1.0,0.5468408075522908,-1.0,-1.0,0.49898510784718453,0.0,0.0,0.0,1.0,0.0,1.0,0.0,0.0,0.0,0.0,1.0,0.0,1.0,0.0
-0.21518987341772156,-1.0,-1.0,-1.0,-1.0,-1.0,-1.0,0.0,0.0,1.0,0.0,0.0,0.0,1.0,0.0,0.0,0.0,1.0,0.0,1.0,0.0
-1.0,-1.0,-1.0,-1.0,-1.0,-1.0,-1.0,0.0,1.0,0.0,0.0,0.0,0.0,1.0,0.0,0.0,0.0,1.0,0.0,1.0,0.0
0.06329113924050622,0.474108075909516,-1.0,-0.8622584156094552,0.14274944093238928,-1.0,0.3894358037355341,0.0,0.0,0.0,1.0,0.0,1.0,0.0,1.0,0.0,0.0,0.0,0.0,1.0,0.0
-0.6455696202531646,-1.0,-1.0,-1.0,-1.0,-1.0,-1.0,0.0,0.0,1.0,0.0,0.0,0.0,1.0,1.0,0.0,0.0,0.0,0.0,1.0,0.0
0.03797468354430378,-1.0,-1.0,-1.0,-1.0,-1.0,-1.0,0.0,0.0,1.0,0.0,0.0,0.0,1.0,0.0,0.0,0.0,1.0,0.0,1.0,0.0
-1.0,-1.0,-1.0,-1.0,-1.0,-1.0,-1.0,0.0,0.0,0.0,1.0,0.0,0.0,1.0,0.0,0.0,0.0,1.0,0.0,1.0,0.0
0.16455696202531644,-0.25109094697931345,0.6192452575075191,-1.0,0.5281626543689026,-1.0,0.6615387062712514,0.0,0.0,1.0,0.0,0.0,1.0,0.0,1.0,0.0,0.0,0.0,0.0,1.0,0.0
-0.9240506329113924,-1.0,-1.0,-1.0,-1.0,-1.0,-1.0,0.0,0.0,0.0,1.0,0.0,0.0,1.0,1.0,0.0,0.0,0.0,0.0,1.0,0.0
-0.26582278481012656,-0.296278776647921,-1.0,0.2581903538459247,0.061795804818872924,-1.0,0.27268341910299565,0.0,1.0,0.0,0.0,0.0,1.0,0.0,0.0,0.0,0.0,1.0,0.0,1.0,0.0
-0.3417721518987342,-1.0,-1.0,-1.0,-1.0,-1.0,-1.0,0.0,0.0,1.0,0.0,0.0,0.0,1.0,1.0,0.0,0.0,0.0,0.0,1.0,0.0
0.11392405063291133,-1.0,-0.060802383760170886,-1.0,0.3214724929156194,-1.0,0.29035008818985286,0.0,1.0,0.0,0.0,0.0,1.0,0.0,0.0,0.0,0.0,1.0,0.0,1.0,0.0
-0.49367088607594933,-0.4340525761212535,-1.0,-0.18637553053927358,0.49407639102139145,-1.0,0.4342815264210518,0.0,0.0,0.0,1.0,0.0,1.0,0.0,0.0,0.0,1.0,0.0,0.0,0.0,1.0
-1.0,-1.0,-1.0,-1.0,-1.0,-1.0,-1.0,0.0,1.0,0.0,0.0,0.0,1.0,0.0,0.0,0.0,0.0,1.0,0.0,1.0,0.0
-0.012658227848101333,0.5761141061384134,-1.0,0.4446117030933725,-0.6422640538624581,0.21940400152762174,0.571103351965853,0.0,0.0,0.0,1.0,0.0,1.0,0.0,1.0,0.0,0.0,0.0,0.0,1.0,0.0
-0.4683544303797469,0.42044814100934524,-0.8644880666376419,-1.0,-0.17599189543729488,-0.3468013544213927,0.31363034693773617,1.0,0.0,0.0,0.0,0.0,1.0,0.0,0.0,0.0,0.0,1.0,0.0,1.0,0.0
-0.7468354430379747,-1.0,-1.0,-1.0,-1.0,-1.0,-1.0,0.0,1.0,0.0,0.0,0.0,1.0,0.0,0.0,0.0,0.0,1.0,0.0,1.0,0.0
-0.03797468354430378,-1.0,-1.0,-1.0,-1.0,-1.0,-1.0,0.0,1.0,0.0,0.0,0.0,0.0,1.0,0.0,0.0,0.0,1.0,0.0,1.0,0.0
0.06329113924050622,-1.0,-1.0,-1.0,-1.0,-1.0,-1.0,0.0,1.0,0.0,0.0,0.0,0.0,1.0,1.0,0.0,0.0,0.0,0.0,1.0,0.0
-0.620253164556962,-1.0,-1.0,-1.0,-1.0,-1.0,-1.0,0.0,1.0,0.0,0.0,0.0,0.0,1.0,0.0,0.0,0.0,1.0,0.0,1.0,0.0
0.08860759493670889,-1.0,-1.0,-0.8622584156094552,-1.0,-1.0,-0.8678579563284781,0.0,1.0,0.0,0.0,0.0,1.0,0.0,0.0,0.0,0.0,1.0,0.0,1.0,0.0
-0.4177215189873418,-1.0,-1.0,-1.0,-1.0,-1.0,-1.0,0.0,0.0,0.0,1.0,0.0,0.0,1.0,0.0,0.0,0.0,1.0,0.0,1.0,0.0
-0.5443037974683544,0.38406612995655687,-1.0,-1.0,-1.0,-1.0,0.2625628973018235,0.0,1.0,0.0,0.0,0.0,1.0,0.0,0.0,0.0,0.0,1.0,0.0,1.0,0.0
-0.5443037974683544,0.37264322954041407,-0.4985462595038411,-1.0,-0.11535980865823414,-1.0,0.2760197159940232,0.0,1.0,0.0,0.0,0.0,1.0,0.0,0.0,0.0,0.0,1.0,0.0,1.0,0.0
-0.49367088607594933,-0.5187895331071819,-1.0,0.45863532706409615,-1.0,-1.0,0.400448316309437,0.0,1.0,0.0,0.0,0.0,1.0,0.0,0.0,0.0,0.0,1.0,0.0,1.0,0.0
0.11392405063291133,-0.7102824304755853,-1.0,-0.2992448077181553,0.32699329349882134,-1.0,0.2757833357143922,1.0,0.0,0.0,0.0,0.0,1.0,0.0,0.0,0.0,0.0,1.0,0.0,1.0,0.0
-0.9493670886075949,-1.0,-1.0,-1.0,-1.0,-1.0,-1.0,0.0,0.0,0.0,1.0,0.0,0.0,1.0,0.0,0.0,0.0,1.0,0.0,1.0,0.0
0.26582278481012667,-1.0,0.5435766429509234,-1.0,0.005658982592516848,0.48017725141279866,0.6073710741862257,0.0,0.0,1.0,0.0,0.0,1.0,0.0,0.0,0.0,0.0,1.0,0.0,1.0,0.0
-0.3417721518987342,-1.0,-1.0,-1.0,-1.0,-1.0,-1.0,0.0,0.0,1.0,0.0,0.0,0.0,1.0,0.0,0.0,0.0,1.0,0.0,1.0,0.0
-0.620253164556962,-1.0,-1.0,-1.0,-1.0,-1.0,-1.0,0.0,0.0,1.0,0.0,0.0,0.0,1.0,0.0,0.0,0.0,1.0,0.0,1.0,0.0
0.012658227848101333,-1.0,0.16285508142684346,-1.0,-0.8616088449879872,0.6348196691676868,0.5907567286176898,0.0,0.0,1.0,0.0,0.0,1.0,0.0,0.0,0.0,0.0,1.0,0.0,1.0,0.0
-0.03797468354430378,0.063241751754751,-0.7289761332752838,-1.0,0.2853372436252186,-1.0,0.2717193681429104,0.0,1.0,0.0,0.0,0.0,1.0,0.0,0.0,0.0,0.0,1.0,0.0,1.0,0.0
-0.44303797468354433,-1.0,-1.0,-1.0,-1.0,-1.0,-1.0,0.0,1.0,0.0,0.0,0.0,0.0,1.0,0.0,0.0,0.0,1.0,0.0,1.0,0.0
-0.5443037974683544,0.10832205013701102,-0.056053104200309845,-1.0,0.2031017011302012,-1.0,0.25898028261425443,0.0,1.0,0.0,0.0,0.0,1.0,0.0,0.0,0.0,0.0,1.0,0.0,1.0,0.0
-0.5189873417721519,0.1629127068483509,-1.0,0.08827791218993508,-0.013370288877458503,-0.5645342362809285,0.23359755994066989,0.0,1.0,0.0,0.0,0.0,1.0,0.0,0.0,0.0,0.0,1.0,0.0,1.0,0.0
-0.4683544303797469,-0.7704042582518641,0.1935016932965068,-0.12430071403862064,-0.13798658706186173,-1.0,0.2210970517739672,0.0,1.0,0.0,0.0,0.0,1.0,0.0,0.0,0.0,0.0,1.0,0.0,1.0,0.0
-0.06329113924050633,0.4133228923448702,-0.2994134677161602,-1.0,-1.0,-1.0,0.2968131027525629,0.0,1.0,0.0,0.0,0.0,1.0,0.0,0.0,0.0,0.0,1.0,0.0,1.0,0.0
0.8481012658227849,-0.40789510005579643,-1.0,0.30824916032829375,-0.7806552088744709,-0.10818717627106378,0.28137710633298174,0.0,1.0,0.0,0.0,0.0,1.0,0.0,0.0,0.0,0.0,1.0,0.0,1.0,0.0
-0.3417721518987342,-1.0,-1.0,-1.0,-1.0,-1.0,-1.0,0.0,0.0,1.0,0.0,0.0,0.0,1.0,0.0,0.0,0.0,1.0,0.0,1.0,0.0
-0.31645569620253167,-1.0,0.32280668012426106,-1.0,-0.02970816207027105,0.16875108681544337,0.3753779631520857,0.0,1.0,0.0,0.0,0.0,1.0,0.0,0.0,0.0,0.0,1.0,0.0,1.0,0.0
-0.4683544303797469,-1.0,-1.0,-1.0,-1.0,-1.0,-1.0,0.0,0.0,0.0,1.0,0.0,0.0,1.0,0.0,0.0,0.0,1.0,0.0,1.0,0.0
-0.31645569620253167,-1.0,-1.0,-1.0,-1.0,-1.0,-1.0,0.0,0.0,1.0,0.0,0.0,0.0,1.0,1.0,0.0,0.0,0.0,0.0,0.0,1.0
-0.49367088607594933,-1.0,-1.0,-1.0,-1.0,-1.0,-1.0,0.0,0.0,0.0,1.0,0.0,0.0,1.0,0.0,0.0,0.0,1.0,0.0,1.0,0.0
-0.1392405063291139,0.4096670489676322,-0.22752239277912478,0.17832262223976936,-1.0,-0.3620541869723509,0.3669164016149582,0.0,0.0,0.0,1.0,0.0,1.0,0.0,0.0,0.0,0.0,1.0,0.0,1.0,0.0
0.16455696202531644,-1.0,-1.0,-1.0,-1.0,-1.0,-1.0,0.0,0.0,1.0,0.0,0.0,0.0,1.0,1.0,0.0,0.0,0.0,0.0,1.0,0.0
-0.9746835443037974,-1.0,-1.0,-1.0,-1.0,-1.0,-1.0,0.0,1.0,0.0,0.0,0.0,0.0,1.0,0.0,0.0,0.0,1.0,0.0,1.0,0.0
-0.6962025316455696,-1.0,-1.0,-1.0,-1.0,-1.0,-1.0,0.0,1.0,0.0,0.0,0.0,1.0,0.0,0.0,0.0,0.0,1.0,0.0,1.0,0.0
-0.44303797468354433,-1.0,-1.0,-1.0,-1.0,-1.0,-1.0,0.0,0.0,1.0,0.0,0.0,0.0,1.0,1.0,0.0,0.0,0.0,0.0,1.0,0.0
-0.3417721518987342,-1.0,-1.0,-1.0,-1.0,-1.0,-1.0,0.0,0.0,1.0,0.0,0.0,0.0,1.0,1.0,0.0,0.0,0.0,0.0,1.0,0.0
-0.2405063291139241,0.33860980261812057,-1.0,-0.21867114605976812,-0.0022754217253663223,-0.7822671181404642,0.2753096940518822,0.0,1.0,0.0,0.0,0.0,1.0,0.0,0.0,0.0,0.0,1.0,0.0,1.0,0.0
0.012658227848101333,-1.0,0.6252342190238824,0.7328571937137316,-0.18589423387542536,-0.08533383375935788,0.7625894830916566,0.0,0.0,1.0,0.0,0.0,1.0,0.0,1.0,0.0,0.0,0.0,0.0,1.0,0.0
0.03797468354430378,-0.25109094697931345,0.70413563641276,-1.0,0.03791233472553901,0.00707850048082892,0.6731238122279717,0.0,0.0,1.0,0.0,0.0,1.0,0.0,1.0,0.0,0.0,0.0,0.0,1.0,0.0
-0.5443037974683544,-1.0,-1.0,-1.0,-1.0,-1.0,-1.0,0.0,1.0,0.0,0.0,0.0,0.0,1.0,0.0,0.0,1.0,0.0,0.0,1.0,0.0
-0.36708860759493667,-1.0,-1.0,-1.0,-1.0,-1.0,-1.0,0.0,0.0,0.0,1.0,0.0,0.0,1.0,0.0,0.0,0.0,1.0,0.0,1.0,0.0
0.08860759493670889,-1.0,-1.0,-1.0,-1.0,-1.0,-1.0,0.0,0.0,1.0,0.0,0.0,0.0,1.0,1.0,0.0,0.0,0.0,0.0,1.0,0.0
0.2911392405063291,-1.0,-1.0,-1.0,-1.0,-1.0,-1.0,0.0,0.0,1.0,0.0,0.0,0.0,1.0,1.0,0.0,0.0,0.0,0.0,1.0,0.0
-0.4177215189873418,-0.006561207123506385,-0.8644880666376419,-1.0,-1.0,0.09429287303751388,0.12528197992410273,0.0,1.0,0.0,0.0,0.0,1.0,0.0,0.0,0.0,0.0,1.0,0.0,1.0,0.0
-0.5443037974683544,0.549171687355027,-1.0,-1.0,-1.0,-1.0,0.4131743069721028,0.0,1.0,0.0,0.0,0.0,1.0,0.0,0.0,0.0,0.0,1.0,0.0,1.0,0.0
-0.11392405063291144,-1.0,-1.0,-1.0,-1.0,-1.0,-1.0,0.0,0.0,1.0,0.0,0.0,0.0,1.0,1.0,0.0,0.0,0.0,0.0,1.0,0.0
-0.012658227848101333,-0.21395788183585684,-1.0,0.16577925670236549,-0.8616088449879872,0.17199130629023895,0.26583038496700495,0.0,0.0,0.0,1.0,0.0,1.0,0.0,0.0,0.0,0.0,1.0,0.0,1.0,0.0
-0.5949367088607596,-1.0,-1.0,-0.08486472195750094,-1.0,0.31852433742025155,0.2912245882145654,0.0,1.0,0.0,0.0,0.0,1.0,0.0,0.0,0.0,1.0,0.0,0.0,1.0,0.0
0.11392405063291133,-1.0,-1.0,-1.0,-1.0,-1.0,-1.0,0.0,0.0,1.0,0.0,0.0,0.0,1.0,1.0,0.0,0.0,0.0,0.0,1.0,0.0
-0.1392405063291139,0.19886932388887235,0.2310999488579366,-1.0,-1.0,-0.20221953353127442,0.29829012696182167,0.0,1.0,0.0,0.0,0.0,1.0,0.0,1.0,0.0,0.0,0.0,0.0,1.0,0.0
-0.5443037974683544,-1.0,-1.0,0.4862796980687425,0.4292419388617703,-0.5645342362809285,0.530301283369679,0.0,1.0,0.0,0.0,0.0,1.0,0.0,0.0,0.0,0.0,1.0,0.0,1.0,0.0
-0.7468354430379747,-1.0,-1.0,-1.0,-1.0,-1.0,-1.0,0.0,1.0,0.0,0.0,0.0,1.0,0.0,0.0,0.0,0.0,1.0,0.0,1.0,0.0
0.26582278481012667,0.40892814289297585,-1.0,0.12044876945537974,0.12573265381549148,-1.0,0.38199522342083636,0.0,0.0,0.0,1.0,0.0,1.0,0.0,0.0,0.0,0.0,1.0,0.0,1.0,0.0
-0.2911392405063291,-1.0,-1.0,-1.0,-1.0,-1.0,-1.0,0.0,0.0,0.0,1.0,0.0,0.0,1.0,0.0,0.0,0.0,1.0,0.0,1.0,0.0
0.21518987341772156,-1.0,-1.0,-1.0,-1.0,-1.0,-1.0,0.0,0.0,0.0,1.0,0.0,0.0,1.0,0.0,0.0,0.0,1.0,0.0,1.0,0.0
-0.21518987341772156,0.06452782996973316,0.38807231026742683,-0.6801739453692954,-1.0,-0.8626258465039598,0.37816312110520633,0.0,0.0,0.0,1.0,0.0,1.0,0.0,0.0,0.0,0.0,1.0,0.0,1.0,0.0
0.2911392405063291,-1.0,-1.0,-1.0,-0.0765953501931399,0.42968959931974626,0.3889138576980744,0.0,1.0,0.0,0.0,0.0,1.0,0.0,0.0,0.0,0.0,1.0,0.0,1.0,0.0
-0.49367088607594933,-1.0,-0.004159640065753312,-1.0,-0.0009309302268775133,0.7715187382615054,0.7116497864912574,0.0,0.0,1.0,0.0,1.0,0.0,0.0,1.0,0.0,0.0,0.0,0.0,1.0,0.0
-0.9746835443037974,-1.0,-1.0,-1.0,-1.0,-1.0,-1.0,0.0,1.0,0.0,0.0,0.0,0.0,1.0,1.0,0.0,0.0,0.0,0.0,1.0,0.0
-0.189873417721519,-1.0,0.06819219962437728,-1.0,0.23054421680537485,-1.0,0.251606519822666,0.0,1.0,0.0,0.0,0.0,1.0,0.0,0.0,0.0,0.0,1.0,0.0,1.0,0.0
-0.3924050632911392,-0.4484711928323267,-1.0,-0.7816847539510678,0.3004069888591596,-0.7252516930079197,0.24671105528094617,0.0,1.0,0.0,0.0,0.0,1.0,0.0,1.0,0.0,0.0,0.0,0.0,1.0,0.0
-0.16455696202531644,-0.02540161897517723,-1.0,0.3894631142345688,-1.0,-1.0,0.3505416793177798,0.0,0.0,0.0,1.0,0.0,1.0,0.0,0.0,0.0,0.0,1.0,0.0,1.0,0.0
-0.36708860759493667,-1.0,-1.0,-1.0,-1.0,-1.0,-1.0,0.0,0.0,0.0,1.0,0.0,0.0,1.0,0.0,0.0,0.0,1.0,0.0,1.0,0.0
-0.5696202531645569,-1.0,-1.0,-1.0,0.49730660416253714,-1.0,0.4296950889652562,0.0,1.0,0.0,0.0,0.0,1.0,0.0,0.0,0.0,0.0,1.0,0.0,1.0,0.0
-0.189873417721519,-1.0,-1.0,-1.0,0.3144186858486333,-1.0,0.2550655522240399,0.0,1.0,0.0,0.0,0.0,1.0,0.0,1.0,0.0,0.0,0.0,0.0,1.0,0.0
-0.49367088607594933,-1.0,0.23712679183835395,-0.3857508233676067,-1.0,-0.6448929646444241,0.2150139618060909,0.0,1.0,0.0,0.0,0.0,1.0,0.0,0.0,0.0,0.0,1.0,0.0,1.0,0.0
-0.2911392405063291,-1.0,-1.0,-1.0,-1.0,-1.0,-1.0,0.0,1.0,0.0,0.0,0.0,0.0,1.0,0.0,0.0,0.0,1.0,0.0,1.0,0.0
-1.0,-1.0,-1.0,-1.0,-1.0,-1.0,-1.0,0.0,1.0,0.0,0.0,0.0,0.0,1.0,0.0,0.0,1.0,0.0,0.0,1.0,0.0
-0.08860759493670889,0.1827584950947696,0.17901340730794946,-0.43698639210870016,-1.0,-1.0,0.25374257209786033,0.0,1.0,0.0,0.0,0.0,1.0,0.0,1.0,0.0,0.0,0.0,0.0,1.0,0.0
-0.3924050632911392,-1.0,-0.5934641999129258,-0.035808909266186184,0.2900723959903946,-0.2790704002321086,0.27696231702976926,0.0,1.0,0.0,0.0,0.0,1.0,0.0,0.0,0.0,0.0,1.0,0.0,1.0,0.0
-0.31645569620253167,-1.0,-0.06566991471301087,-1.0,-0.6422640538624581,0.288484163495486,0.2717193681429104,0.0,1.0,0.0,0.0,0.0,1.0,0.0,0.0,0.0,0.0,1.0,0.0,1.0,0.0
0.08860759493670889,0.3175481596515286,-1.0,-0.25725365464971406,0.31107708093377795,-1.0,0.36662288243288343,0.0,0.0,0.0,1.0,0.0,1.0,0.0,0.0,0.0,0.0,1.0,0.0,1.0,0.0
-0.03797468354430378,0.09765713165137568,-0.8644880666376419,0.2767441947027103,-1.0,-1.0,0.27625580354258283,0.0,1.0,0.0,0.0,0.0,1.0,0.0,0.0,0.0,0.0,1.0,0.0,1.0,0.0
-0.49367088607594933,-1.0,-1.0,-1.0,-1.0,-1.0,-1.0,0.0,0.0,0.0,1.0,0.0,0.0,1.0,0.0,0.0,0.0,1.0,0.0,1.0,0.0
-0.26582278481012656,-1.0,-1.0,-1.0,-1.0,-1.0,-1.0,0.0,1.0,0.0,0.0,0.0,0.0,1.0,0.0,0.0,1.0,0.0,0.0,1.0,0.0
-0.5696202531645569,-1.0,-1.0,-1.0,-1.0,-1.0,-1.0,0.0,0.0,0.0,1.0,0.0,0.0,1.0,0.0,0.0,0.0,1.0,0.0,1.0,0.0
-0.3924050632911392,0.3895516693023382,-1.0,-0.3769174090839149,-1.0,-1.0,0.2729236720284265,0.0,1.0,0.0,0.0,0.0,1.0,0.0,0.0,0.0,0.0,1.0,0.0,1.0,0.0
-0.3417721518987342,-1.0,-1.0,-1.0,-1.0,-1.0,-1.0,0.0,0.0,1.0,0.0,0.0,0.0,1.0,0.0,0.0,0.0,1.0,0.0,1.0,0.0
-0.189873417721519,-0.10050613141739173,-1.0,0.39593193823646944,-1.0,-0.06133751837257284,0.36837725681771083,0.0,0.0,0.0,1.0,0.0,1.0,0.0,0.0,0.0,0.0,1.0,0.0,1.0,0.0
-0.49367088607594933,0.6353749321569362,-1.0,-0.09091754827764109,-1.0,-1.0,0.49898510784718453,0.0,0.0,0.0,1.0,0.0,1.0,0.0,0.0,0.0,0.0,1.0,0.0,1.0,0.0
-0.11392405063291144,-1.0,-1.0,-1.0,-1.0,-1.0,-1.0,0.0,0.0,0.0,1.0,0.0,0.0,1.0,0.0,0.0,0.0,1.0,0.0,1.0,0.0
-0.6708860759493671,-1.0,-1.0,-1.0,-1.0,-1.0,-1.0,0.0,0.0,1.0,0.0,0.0,0.0,1.0,0.0,0.0,0.0,1.0,0.0,1.0,0.0
-0.4177215189873418,-1.0,0.19739026690106987,0.564482924851855,0.3610038075395192,-0.5645342362809285,0.5812308437190754,0.0,1.0,0.0,0.0,0.0,1.0,0.0,0.0,1.0,0.0,0.0,0.0,1.0,0.0
-0.31645569620253167,0.0429357865590676,0.6108086301128421,0.2313518047644878,-1.0,-0.4164445537281488,0.6011213851185766,0.0,0.0,1.0,0.0,0.0,1.0,0.0,1.0,0.0,0.0,0.0,0.0,1.0,0.0
-0.44303797468354433,0.03717026089947861,0.5570794765319467,0.05583551411883647,-0.7232176899759744,-1.0,0.5400674230574365,0.0,0.0,0.0,1.0,0.0,1.0,0.0,0.0,0.0,0.0,1.0,0.0,1.0,0.0
-0.11392405063291144,0.3025009277853645,-1.0,-1.0,-0.18930724404587485,0.08947832834714076,0.2764915990842052,0.0,1.0,0.0,0.0,0.0,1.0,0.0,0.0,0.0,1.0,0.0,0.0,1.0,0.0
-0.3417721518987342,-1.0,-1.0,-1.0,-1.0,-1.0,-1.0,0.0,1.0,0.0,0.0,0.0,0.0,1.0,0.0,0.0,0.0,1.0,0.0,1.0,0.0
-0.6708860759493671,-1.0,-0.5498391013710785,-1.0,-1.0,0.7122011973715054,0.6472928201743562,0.0,0.0,1.0,0.0,0.0,1.0,0.0,0.0,0.0,0.0,1.0,0.0,1.0,0.0
-0.4177215189873418,-0.7102824304755853,0.2332483484365946,-0.27714214953154825,-1.0,-0.4916552261572421,0.2198324324030163,0.0,1.0,0.0,0.0,0.0,1.0,0.0,0.0,0.0,1.0,0.0,0.0,1.0,0.0
-0.5949367088607596,-1.0,-1.0,-1.0,-1.0,-1.0,-1.0,0.0,1.0,0.0,0.0,0.0,0.0,1.0,0.0,0.0,0.0,1.0,0.0,1.0,0.0
-0.4177215189873418,-0.6636483178693894,-1.0,-0.7816847539510678,0.10634780570115177,0.24020094412061255,0.270020458493869,0.0,1.0,0.0,0.0,0.0,1.0,0.0,1.0,0.0,0.0,0.0,0.0,1.0,0.0
-0.21518987341772156,0.4778672591136446,-0.7852186672204382,-1.0,-1.0,-0.8626258465039598,0.3486143772643635,0.0,1.0,0.0,0.0,0.0,1.0,0.0,0.0,0.0,0.0,1.0,0.0,1.0,0.0
-0.5189873417721519,-1.0,-1.0,-1.0,-1.0,-1.0,-1.0,0.0,1.0,0.0,0.0,0.0,0.0,1.0,0.0,0.0,1.0,0.0,0.0,1.0,0.0
-0.06329113924050633,-1.0,-1.0,-1.0,-1.0,-1.0,-1.0,0.0,0.0,1.0,0.0,0.0,1.0,0.0,0.0,0.0,0.0,1.0,0.0,1.0,0.0
-0.6708860759493671,-1.0,-1.0,-1.0,-1.0,-1.0,-1.0,0.0,0.0,1.0,0.0,0.0,0.0,1.0,1.0,0.0,0.0,0.0,0.0,1.0,0.0
-0.2911392405063291,0.6515175403602771,-1.0,-0.6801739453692954,-0.8616088449879872,-1.0,0.5068876988771229,0.0,0.0,0.0,1.0,0.0,1.0,0.0,0.0,0.0,0.0,1.0,0.0,1.0,0.0
-0.9746835443037974,-1.0,-1.0,-1.0,-1.0,-1.0,-1.0,0.0,1.0,0.0,0.0,0.0,1.0,0.0,1.0,0.0,0.0,0.0,0.0,1.0,0.0
-0.06329113924050633,-1.0,-1.0,-1.0,-1.0,-1.0,-1.0,0.0,1.0,0.0,0.0,0.0,0.0,1.0,0.0,0.0,0.0,1.0,0.0,1.0,0.0
-0.3924050632911392,-1.0,-1.0,0.07000201673256856,-1.0,0.24874649883522282,0.2650813047454863,0.0,1.0,0.0,0.0,0.0,1.0,0.0,0.0,0.0,0.0,1.0,0.0,1.0,0.0
0.16455696202531644,-1.0,-1.0,-1.0,-1.0,-1.0,-1.0,0.0,0.0,0.0,1.0,0.0,0.0,1.0,0.0,0.0,0.0,1.0,0.0,1.0,0.0
-0.620253164556962,-1.0,0.17085629603181474,-1.0,0.22758001892095692,-1.0,0.28947155819687853,0.0,1.0,0.0,0.0,0.0,1.0,0.0,0.0,0.0,0.0,1.0,0.0,1.0,0.0
-0.49367088607594933,-1.0,-0.7289761332752838,-1.0,0.4272117836855025,0.5607620939023559,0.5766008401797578,0.0,0.0,1.0,0.0,0.0,1.0,0.0,0.0,0.0,0.0,1.0,0.0,1.0,0.0
-0.26582278481012656,0.8079521014028055,-0.7852186672204382,0.06445600745563462,0.45704492487971393,-1.0,0.698591360360272,0.0,0.0,0.0,1.0,0.0,1.0,0.0,0.0,0.0,0.0,1.0,0.0,1.0,0.0
-0.4177215189873418,-0.7704042582518641,0.0017472259889941277,-1.0,-1.0,0.252706810645664,0.255592184247051,0.0,1.0,0.0,0.0,0.0,1.0,0.0,0.0,0.0,0.0,1.0,1.0,0.0,0.0
0.03797468354430378,-1.0,0.7561612965049098,-1.0,0.6138253086387413,0.7187914295631275,0.8574952091778503,0.0,0.0,1.0,0.0,0.0,1.0,0.0,0.0,1.0,0.0,0.0,0.0,0.0,1.0
-0.2405063291139241,0.29412357171786896,-1.0,0.09157623024466055,-1.0,-0.1315304795020149,0.27672710334034045,0.0,1.0,0.0,0.0,0.0,1.0,0.0,0.0,0.0,0.0,1.0,0.0,1.0,0.0
-0.44303797468354433,-1.0,-1.0,-0.07899082335757013,-0.24446295258768158,0.29863505111618416,0.285017134263297,0.0,1.0,0.0,0.0,0.0,1.0,0.0,0.0,0.0,0.0,1.0,0.0,1.0,0.0
0.26582278481012667,-0.1702604037373845,0.3498953071797708,-1.0,0.3082490416818733,-0.8626258465039598,0.42358463153373926,0.0,0.0,1.0,0.0,0.0,1.0,0.0,0.0,0.0,0.0,1.0,0.0,1.0,0.0
-0.3924050632911392,0.31982804099379947,-0.8644880666376419,-1.0,0.08747506597815091,-1.0,0.2707504172839674,0.0,1.0,0.0,0.0,0.0,1.0,0.0,0.0,0.0,0.0,1.0,0.0,1.0,0.0
-0.16455696202531644,-1.0,-1.0,-1.0,-1.0,-1.0,-1.0,0.0,0.0,1.0,0.0,0.0,0.0,1.0,1.0,0.0,0.0,0.0,0.0,1.0,0.0
-0.1392405063291139,-1.0,-0.5498391013710785,0.27706600708190665,-1.0,0.11816397687333313,0.2985001993479246,0.0,1.0,0.0,0.0,0.0,1.0,0.0,0.0,0.0,0.0,1.0,0.0,1.0,0.0
-0.9746835443037974,-1.0,-1.0,-1.0,-1.0,-1.0,-1.0,0.0,1.0,0.0,0.0,0.0,0.0,1.0,0.0,0.0,0.0,1.0,0.0,1.0,0.0
-0.3924050632911392,-0.04611033444082724,-0.2994134677161602,0.44557803615777525,-1.0,-1.0,0.40325639489566223,0.0,1.0,0.0,0.0,0.0,1.0,0.0,1.0,0.0,0.0,0.0,0.0,1.0,0.0
0.4430379746835442,-1.0,0.34812247735077007,-0.8622584156094552,0.6984637577966899,-0.2094272009253526,0.6581633302992205,0.0,0.0,1.0,0.0,0.0,1.0,0.0,0.0,0.0,0.0,1.0,0.0,1.0,0.0
-0.8227848101265822,-1.0,-1.0,-1.0,-1.0,-1.0,-1.0,0.0,1.0,0.0,0.0,0.0,1.0,0.0,0.0,0.0,0.0,1.0,0.0,1.0,0.0
-0.189873417721519,-1.0,-1.0,-1.0,-1.0,-1.0,-1.0,0.0,1.0,0.0,0.0,0.0,0.0,1.0,0.0,0.0,0.0,1.0,0.0,1.0,0.0
0.26582278481012667,-1.0,-1.0,-1.0,-1.0,-1.0,-1.0,0.0,0.0,0.0,1.0,0.0,0.0,1.0,1.0,0.0,0.0,0.0,0.0,1.0,0.0
-0.3924050632911392,-0.37393074834497464,0.2742203387441471,-1.0,-0.3419656266234128,-1.0,0.25480168966136607,0.0,1.0,0.0,0.0,0.0,1.0,0.0,0.0,0.0,0.0,1.0,0.0,1.0,0.0
0.1898734177215189,-0.40789510005579643,0.4981226967016854,0.451680432785591,-1.0,0.047072916600772174,0.5727543640289818,0.0,0.0,1.0,0.0,0.0,1.0,0.0,1.0,0.0,0.0,0.0,0.0,1.0,0.0
0.03797468354430378,-1.0,0.44443578600069,-1.0,0.324120492380952,0.18793728122644393,0.5114766455671971,0.0,0.0,1.0,0.0,0.0,1.0,0.0,1.0,0.0,0.0,0.0,0.0,1.0,0.0
-0.31645569620253167,-0.28234114300394575,-1.0,0.319210221161323,-1.0,-0.19526481959845898,0.28614053569381914,0.0,1.0,0.0,0.0,0.0,1.0,0.0,1.0,0.0,0.0,0.0,0.0,1.0,0.0
-0.4177215189873418,-0.2453649161795992,0.527101143596868,-1.0,0.1870402825452031,0.3258050564222319,0.5657012500416108,0.0,0.0,1.0,0.0,0.0,1.0,0.0,1.0,0.0,0.0,0.0,0.0,1.0,0.0
0.49367088607594933,-1.0,-1.0,-1.0,-1.0,-1.0,-1.0,0.0,0.0,1.0,0.0,0.0,1.0,0.0,0.0,0.0,0.0,1.0,0.0,1.0,0.0
-0.36708860759493667,-1.0,-1.0,-1.0,-1.0,-1.0,-1.0,0.0,0.0,0.0,1.0,0.0,0.0,1.0,0.0,0.0,0.0,1.0,0.0,1.0,0.0
-0.3924050632911392,-1.0,-1.0,-1.0,-1.0,-1.0,-1.0,0.0,0.0,0.0,1.0,0.0,0.0,1.0,0.0,0.0,0.0,1.0,0.0,1.0,0.0
-0.08860759493670889,-1.0,-1.0,-1.0,-1.0,-1.0,-1.0,1.0,0.0,0.0,0.0,0.0,0.0,1.0,0.0,0.0,0.0,1.0,0.0,1.0,0.0
-0.9746835443037974,-1.0,-1.0,-1.0,-1.0,-1.0,-1.0,0.0,1.0,0.0,0.0,0.0,0.0,1.0,0.0,0.0,0.0,1.0,0.0,1.0,0.0
-0.5189873417721519,-1.0,-1.0,0.293416749721922,-0.8616088449879872,-0.29536908750557034,0.250529451019313,0.0,1.0,0.0,0.0,0.0,1.0,0.0,0.0,0.0,0.0,1.0,0.0,1.0,0.0
0.2911392405063291,-1.0,-1.0,0.328608274969995,-1.0,-0.6810270934861755,0.2755466619768592,0.0,1.0,0.0,0.0,0.0,1.0,0.0,0.0,0.0,0.0,1.0,0.0,1.0,0.0
0.06329113924050622,0.45835630717247966,-1.0,-0.5234924077581515,-1.0,-0.1391055038316601,0.3450295752594832,0.0,0.0,0.0,1.0,0.0,1.0,0.0,0.0,0.0,0.0,1.0,0.0,1.0,0.0
-0.3924050632911392,-1.0,-1.0,-1.0,-1.0,-1.0,-1.0,0.0,1.0,0.0,0.0,0.0,0.0,1.0,0.0,0.0,1.0,0.0,0.0,1.0,0.0
-0.08860759493670889,-0.057288776938810404,0.4909174378995531,-1.0,-0.4464353799519486,0.41247143375852113,0.550200471722271,0.0,0.0,1.0,0.0,0.0,1.0,0.0,0.0,0.0,0.0,1.0,0.0,1.0,0.0
-0.3417721518987342,-1.0,-1.0,-1.0,-1.0,-1.0,-1.0,0.0,1.0,0.0,0.0,0.0,1.0,0.0,1.0,0.0,0.0,0.0,0.0,1.0,0.0
-0.31645569620253167,-1.0,-1.0,-1.0,-1.0,-1.0,-1.0,0.0,0.0,1.0,0.0,1.0,0.0,0.0,1.0,0.0,0.0,0.0,0.0,1.0,0.0
-0.11392405063291144,-1.0,0.4631021254915664,-1.0,-1.0,-1.0,0.42671792930310004,0.0,1.0,0.0,0.0,0.0,1.0,0.0,0.0,0.0,0.0,1.0,0.0,1.0,0.0
0.49367088607594933,0.28180076596958403,-0.0338970748863624,-1.0,-0.8616088449879872,-1.0,0.2198324324030163,0.0,1.0,0.0,0.0,0.0,1.0,0.0,1.0,0.0,0.0,0.0,0.0,1.0,0.0
-0.26582278481012656,-1.0,0.6309986027906846,0.07891468090792886,-0.8616088449879872,0.43797845157310333,0.6533938423055878,0.0,0.0,1.0,0.0,0.0,1.0,0.0,0.0,0.0,0.0,1.0,0.0,1.0,0.0
-0.5443037974683544,-0.008370630118416766,-0.04540053351930995,0.35785392116075165,-1.0,-1.0,0.34731859881036686,0.0,0.0,0.0,1.0,0.0,1.0,0.0,1.0,0.0,0.0,0.0,0.0,1.0,0.0
-0.06329113924050633,-1.0,-1.0,-1.0,-1.0,-1.0,-1.0,0.0,0.0,1.0,0.0,0.0,0.0,1.0,0.0,0.0,0.0,1.0,0.0,1.0,0.0
-0.08860759493670889,-1.0,-1.0,0.3436536600995206,-0.8616088449879872,-0.8626258465039598,0.28947155819687853,0.0,1.0,0.0,0.0,0.0,1.0,0.0,0.0,0.0,0.0,1.0,0.0,1.0,0.0
-0.3924050632911392,0.003978188225416401,0.06984201864934714,-0.6801739453692954,0.19015187123291888,-0.20579060329844068,0.2753096940518822,0.0,1.0,0.0,0.0,0.0,1.0,0.0,0.0,0.0,0.0,1.0,0.0,1.0,0.0
0.6455696202531644,-1.0,0.2870722652144704,0.1354278448904831,-0.0727184083180884,0.5629346657583614,0.5707512915313606,0.0,0.0,1.0,0.0,0.0,1.0,0.0,0.0,0.0,0.0,1.0,0.0,1.0,0.0
-0.5443037974683544,-1.0,-1.0,-1.0,-1.0,-1.0,-1.0,0.0,1.0,0.0,0.0,0.0,0.0,1.0,0.0,0.0,0.0,1.0,0.0,1.0,0.0
-1.0,-1.0,-1.0,-1.0,-1.0,-1.0,-1.0,0.0,0.0,0.0,1.0,0.0,1.0,0.0,0.0,0.0,0.0,1.0,0.0,1.0,0.0
-0.6455696202531646,0.28180076596958403,-1.0,-1.0,0.14916980870674568,0.021325759329360316,0.30671874225238205,0.0,0.0,0.0,1.0,0.0,1.0,0.0,0.0,0.0,0.0,1.0,0.0,1.0,0.0
0.3924050632911391,-0.008370630118416766,0.05711502740442631,-1.0,0.5680986741073926,0.5814172760670875,0.65303454341022,0.0,0.0,1.0,0.0,0.0,1.0,0.0,1.0,0.0,0.0,0.0,0.0,1.0,0.0
-0.9493670886075949,-1.0,-1.0,-1.0,-1.0,-1.0,-1.0,0.0,0.0,1.0,0.0,0.0,1.0,0.0,0.0,0.0,0.0,1.0,0.0,1.0,0.0
-0.5443037974683544,0.16450803559071536,0.1170484435427106,0.3966378682887015,0.6669321254259672,-1.0,0.655825723285091,0.0,0.0,0.0,1.0,0.0,1.0,0.0,0.0,0.0,0.0,1.0,0.0,1.0,0.0
0.1898734177215189,-1.0,-1.0,-1.0,-1.0,-1.0,-1.0,0.0,0.0,1.0,0.0,0.0,0.0,1.0,0.0,1.0,0.0,0.0,0.0,1.0,0.0
-0.2911392405063291,-1.0,-1.0,-1.0,-1.0,-1.0,-1.0,0.0,0.0,0.0,1.0,0.0,0.0,1.0,0.0,0.0,0.0,1.0,0.0,1.0,0.0
-0.36708860759493667,-1.0,-1.0,-1.0,-1.0,-1.0,-1.0,0.0,0.0,0.0,1.0,0.0,0.0,1.0,0.0,0.0,0.0,1.0,0.0,1.0,0.0
-0.3924050632911392,-1.0,-1.0,-1.0,-1.0,-1.0,-1.0,0.0,0.0,0.0,1.0,0.0,0.0,1.0,0.0,0.0,0.0,1.0,0.0,1.0,0.0
-0.620253164556962,-1.0,-1.0,-1.0,-1.0,-1.0,-1.0,0.0,0.0,1.0,0.0,1.0,0.0,0.0,1.0,0.0,0.0,0.0,0.0,1.0,0.0
0.1898734177215189,-1.0,-1.0,-1.0,-1.0,-1.0,-1.0,0.0,0.0,0.0,1.0,0.0,0.0,1.0,0.0,0.0,0.0,1.0,0.0,1.0,0.0
-0.189873417721519,-1.0,0.26108241152380707,-1.0,-1.0,-1.0,0.2297220101743176,0.0,1.0,0.0,0.0,0.0,1.0,0.0,0.0,0.0,0.0,1.0,0.0,1.0,0.0
-0.03797468354430378,-0.6636483178693894,-1.0,-1.0,-1.0,0.4718604083381259,0.41625566595408126,0.0,1.0,0.0,0.0,0.0,1.0,0.0,0.0,0.0,0.0,1.0,0.0,1.0,0.0
-0.6455696202531646,0.38545107240341836,-0.1314510425688057,-1.0,-0.5613104177489419,-0.0873058799802705,0.30671874225238205,0.0,1.0,0.0,0.0,0.0,1.0,0.0,0.0,0.0,0.0,1.0,0.0,1.0,0.0
-0.26582278481012656,-0.6636483178693894,0.5920203265616992,-1.0,-1.0,-1.0,0.552651759009755,0.0,0.0,1.0,0.0,0.0,1.0,0.0,0.0,0.0,0.0,1.0,0.0,1.0,0.0
-0.5443037974683544,-1.0,-1.0,-1.0,0.46872712933071226,0.07341157674672072,0.42789307865714044,1.0,0.0,0.0,0.0,0.0,1.0,0.0,0.0,0.0,0.0,1.0,0.0,1.0,0.0
-0.189873417721519,-1.0,-0.20283166710033895,-1.0,-1.0,0.2815188213814106,0.24917450095814808,1.0,0.0,0.0,0.0,0.0,1.0,0.0,0.0,0.0,1.0,0.0,0.0,1.0,0.0
-0.5443037974683544,-1.0,-1.0,0.4887330514610413,-0.4343312963306818,0.09349852724469665,0.45439842133145336,0.0,1.0,0.0,0.0,0.0,1.0,0.0,0.0,0.0,1.0,0.0,0.0,1.0,0.0
-0.189873417721519,-1.0,0.1555748957942975,-1.0,0.14209590112450243,0.3099003832149183,0.382941332911537,0.0,1.0,0.0,0.0,0.0,1.0,0.0,0.0,0.0,0.0,1.0,0.0,1.0,0.0
0.03797468354430378,-1.0,0.26626360439164376,-1.0,0.3680929392045056,-1.0,0.40590422455892505,0.0,0.0,1.0,0.0,0.0,1.0,0.0,0.0,0.0,0.0,1.0,0.0,0.0,1.0
-0.36708860759493667,-0.3637342358463982,-1.0,0.2026657171527091,-1.0,0.16656113072101641,0.2753096940518822,0.0,1.0,0.0,0.0,0.0,1.0,0.0,0.0,0.0,0.0,1.0,0.0,1.0,0.0
-0.5189873417721519,-1.0,-1.0,0.36417637704845496,-0.6786656890936953,-1.0,0.3095135246556546,0.0,1.0,0.0,0.0,0.0,1.0,0.0,0.0,0.0,0.0,1.0,0.0,1.0,0.0
-0.012658227848101333,-1.0,-1.0,-1.0,-1.0,-1.0,-1.0,0.0,0.0,0.0,1.0,0.0,0.0,1.0,0.0,0.0,0.0,1.0,0.0,1.0,0.0
0.16455696202531644,-1.0,-0.04540053351930995,-1.0,0.8150510418745016,0.21940400152762174,0.7455644127888135,0.0,0.0,1.0,0.0,0.0,1.0,0.0,0.0,0.0,0.0,1.0,0.0,1.0,0.0
-0.7215189873417722,-1.0,-1.0,-1.0,-1.0,-1.0,-1.0,0.0,0.0,0.0,1.0,0.0,0.0,1.0,0.0,0.0,0.0,1.0,0.0,1.0,0.0
-0.49367088607594933,0.3205825076991473,0.03188405296943242,-1.0,0.5704870271965417,-1.0,0.5477172543959998,0.0,1.0,0.0,0.0,0.0,1.0,0.0,1.0,0.0,0.0,0.0,0.0,1.0,0.0
-0.16455696202531644,-0.20445683437311757,0.26046373254470256,-0.4148837339220931,-0.08663043879110688,-1.0,0.2717193681429104,0.0,1.0,0.0,0.0,0.0,1.0,0.0,0.0,0.0,0.0,1.0,0.0,1.0,0.0
0.21518987341772156,-1.0,-1.0,-1.0,-1.0,-1.0,-1.0,0.0,0.0,1.0,0.0,0.0,0.0,1.0,1.0,0.0,0.0,0.0,0.0,1.0,0.0
-0.5189873417721519,-1.0,0.1337364983848952,-1.0,0.6085791126697824,0.13883432156358722,0.5712038213600612,0.0,0.0,1.0,0.0,0.0,1.0,0.0,1.0,0.0,0.0,0.0,0.0,1.0,0.0
0.620253164556962,-0.37393074834497464,0.08862468245597777,0.061623858319755254,-1.0,0.06440143383642316,0.24971763714062,0.0,1.0,0.0,0.0,0.0,1.0,0.0,1.0,0.0,0.0,0.0,0.0,1.0,0.0
-0.3924050632911392,-0.2569782954639235,-0.5934641999129258,0.1468955898723776,-1.0,0.20085162757043862,0.2717193681429104,0.0,1.0,0.0,0.0,0.0,1.0,0.0,0.0,0.0,0.0,1.0,0.0,1.0,0.0
0.240506329113924,-1.0,0.4607806109191148,-1.0,0.3341246313225188,0.2569387652447874,0.5339385156359606,0.0,0.0,1.0,0.0,0.0,1.0,0.0,0.0,0.0,0.0,1.0,0.0,1.0,0.0
0.6455696202531644,0.2808921251886112,-1.0,0.2560573913209505,-1.0,-1.0,0.3195495613364112,0.0,1.0,0.0,0.0,0.0,1.0,0.0,0.0,0.0,0.0,1.0,0.0,1.0,0.0
-0.1392405063291139,-1.0,-1.0,-0.3857508233676067,-0.5848265349639614,-0.4384882522367155,-0.2742953083072208,0.0,0.0,1.0,0.0,0.0,1.0,0.0,0.0,0.0,1.0,0.0,0.0,0.0,1.0
-0.5443037974683544,-1.0,-0.7852186672204382,0.4551226884892008,-1.0,-1.0,0.39621997414766574,0.0,1.0,0.0,0.0,0.0,1.0,0.0,0.0,0.0,1.0,0.0,0.0,1.0,0.0
-0.31645569620253167,-1.0,-1.0,-1.0,-1.0,-1.0,-1.0,0.0,0.0,0.0,1.0,0.0,0.0,1.0,0.0,0.0,1.0,0.0,0.0,1.0,0.0
0.3417721518987342,0.543676755604191,-1.0,-1.0,-1.0,-0.5878775395118796,0.4089867901325954,0.0,1.0,0.0,0.0,0.0,1.0,0.0,0.0,0.0,0.0,1.0,0.0,1.0,0.0
0.08860759493670889,0.2392073451943495,-0.09201045941676678,0.5095482474136004,-0.27905773174939197,-1.0,0.49196228277847,0.0,0.0,0.0,1.0,0.0,1.0,0.0,0.0,0.0,0.0,1.0,0.0,1.0,0.0
0.03797468354430378,-1.0,-1.0,-1.0,-1.0,-1.0,-1.0,0.0,0.0,1.0,0.0,0.0,0.0,1.0,1.0,0.0,0.0,0.0,0.0,1.0,0.0
-0.26582278481012656,-1.0,0.7115210782234802,-1.0,0.4415926413716824,-0.10818717627106378,0.7083519261729181,0.0,0.0,1.0,0.0,0.0,1.0,0.0,0.0,0.0,0.0,1.0,0.0,1.0,0.0
-0.2405063291139241,-0.08950427283393292,-0.16390153435380206,0.4001303852627329,-1.0,-1.0,0.36632891063816686,0.0,0.0,0.0,1.0,0.0,1.0,0.0,0.0,0.0,1.0,0.0,0.0,1.0,0.0
-0.2911392405063291,-1.0,-1.0,0.1239536063508484,-0.017695141726769226,0.154063701181556,0.2643292695647548,0.0,1.0,0.0,0.0,0.0,1.0,0.0,0.0,0.0,0.0,1.0,0.0,1.0,0.0
-0.620253164556962,-1.0,-1.0,-1.0,-1.0,-1.0,-1.0,0.0,1.0,0.0,0.0,0.0,0.0,1.0,0.0,0.0,0.0,1.0,0.0,1.0,0.0
0.36708860759493667,-1.0,-1.0,-1.0,-1.0,-1.0,-1.0,0.0,0.0,1.0,0.0,0.0,0.0,1.0,1.0,0.0,0.0,0.0,0.0,1.0,0.0
-0.31645569620253167,-1.0,-1.0,-1.0,-1.0,-1.0,-1.0,0.0,1.0,0.0,0.0,0.0,0.0,1.0,0.0,0.0,0.0,1.0,0.0,1.0,0.0
-0.2911392405063291,-1.0,0.2886879966773708,-1.0,-1.0,-0.124234354614839,0.27696231702976926,0.0,1.0,0.0,0.0,0.0,1.0,0.0,1.0,0.0,0.0,0.0,0.0,1.0,0.0
-0.06329113924050633,-1.0,-1.0,-1.0,-1.0,-1.0,-1.0,0.0,0.0,0.0,1.0,0.0,0.0,1.0,0.0,0.0,0.0,1.0,0.0,1.0,0.0
-0.31645569620253167,0.2260158555173859,-0.4705697019538748,-0.8622584156094552,0.20018695983088586,-0.4505033860158394,0.27196083830957996,0.0,1.0,0.0,0.0,0.0,1.0,0.0,0.0,0.0,0.0,1.0,0.0,1.0,0.0
-0.5696202531645569,-1.0,-1.0,-1.0,-1.0,-1.0,-1.0,0.0,1.0,0.0,0.0,0.0,0.0,1.0,0.0,0.0,1.0,0.0,0.0,1.0,0.0
0.36708860759493667,0.3621088948394984,-1.0,0.08237075237966196,0.185992215923096,-1.0,0.3650003988430881,0.0,0.0,0.0,1.0,0.0,1.0,0.0,0.0,0.0,0.0,1.0,0.0,1.0,0.0
0.03797468354430378,-1.0,-1.0,-1.0,-1.0,-1.0,-1.0,0.0,0.0,1.0,0.0,0.0,0.0,1.0,0.0,0.0,0.0,1.0,0.0,1.0,0.0
-0.8987341772151899,-1.0,-1.0,-1.0,-1.0,-1.0,-1.0,0.0,1.0,0.0,0.0,0.0,1.0,0.0,0.0,0.0,0.0,1.0,0.0,1.0,0.0
0.06329113924050622,-1.0,-1.0,-1.0,-1.0,-1.0,-1.0,0.0,1.0,0.0,0.0,0.0,0.0,1.0,0.0,0.0,0.0,1.0,0.0,1.0,0.0
-0.4177215189873418,-1.0,-1.0,-1.0,-1.0,-1.0,-1.0,0.0,1.0,0.0,0.0,0.0,0.0,1.0,1.0,0.0,0.0,0.0,0.0,1.0,0.0
0.4177215189873418,-0.7704042582518641,0.2908217411238465,-1.0,-0.14613695271290328,-1.0,0.27672710334034045,0.0,1.0,0.0,0.0,0.0,1.0,0.0,0.0,0.0,0.0,1.0,0.0,1.0,0.0
-0.03797468354430378,-0.15875362330791187,0.2921436014283725,-1.0,-1.0,-0.4769678405233547,0.27672710334034045,0.0,1.0,0.0,0.0,0.0,1.0,0.0,0.0,0.0,0.0,1.0,0.0,1.0,0.0
-0.5189873417721519,-1.0,-1.0,-1.0,-1.0,-1.0,-1.0,0.0,0.0,1.0,0.0,1.0,0.0,0.0,0.0,1.0,0.0,0.0,0.0,1.0,0.0
-0.16455696202531644,-1.0,0.6389365612312958,-1.0,0.6610834334053914,-1.0,0.7243437108680251,0.0,0.0,1.0,0.0,0.0,1.0,0.0,0.0,0.0,0.0,1.0,0.0,1.0,0.0
-0.3924050632911392,0.33371690570915824,-1.0,-0.8622584156094552,0.024216253291746037,-0.4384882522367155,0.2685521020350963,0.0,1.0,0.0,0.0,0.0,1.0,0.0,0.0,0.0,0.0,1.0,0.0,1.0,0.0
-0.21518987341772156,-1.0,-1.0,-1.0,-1.0,-1.0,-1.0,0.0,0.0,1.0,0.0,0.0,0.0,1.0,1.0,0.0,0.0,0.0,0.0,1.0,0.0
-0.2911392405063291,-1.0,-1.0,-1.0,0.31135769409738323,-1.0,0.25214278085446273,0.0,1.0,0.0,0.0,0.0,1.0,0.0,1.0,0.0,0.0,0.0,0.0,1.0,0.0
-0.620253164556962,-1.0,0.22746597073133268,-0.32411711492981843,-1.0,0.010737478437502501,0.255592184247051,0.0,1.0,0.0,0.0,0.0,1.0,0.0,0.0,0.0,0.0,1.0,0.0,1.0,0.0
-0.2911392405063291,-1.0,0.5343327187387719,-1.0,-0.02063131571710808,0.13564280316042,0.5264663375877625,0.0,0.0,1.0,0.0,0.0,1.0,0.0,0.0,0.0,0.0,1.0,0.0,1.0,0.0
-0.8987341772151899,-1.0,-1.0,-1.0,-1.0,-1.0,-1.0,0.0,1.0,0.0,0.0,0.0,0.0,1.0,1.0,0.0,0.0,0.0,0.0,1.0,0.0
-0.26582278481012656,-0.0595980496109102,0.45718919154573157,-1.0,-1.0,-0.7252516930079197,0.4308520841755783,0.0,1.0,0.0,0.0,0.0,1.0,0.0,0.0,0.0,0.0,1.0,0.0,1.0,0.0
-0.620253164556962,-1.0,-0.39569379966122975,-0.3769174090839149,0.4070807406917525,0.09429287303751388,0.38667950505621995,0.0,1.0,0.0,0.0,0.0,1.0,0.0,0.0,0.0,0.0,1.0,0.0,1.0,0.0
-0.4683544303797469,-1.0,-1.0,-1.0,-1.0,-1.0,-1.0,0.0,0.0,0.0,1.0,0.0,0.0,1.0,0.0,0.0,0.0,1.0,0.0,1.0,0.0
-0.5189873417721519,-0.012037163643763504,-1.0,0.10954736537926069,0.19473017654577363,-1.0,0.2680601258366466,0.0,1.0,0.0,0.0,0.0,1.0,0.0,0.0,0.0,0.0,1.0,0.0,1.0,0.0
-0.5696202531645569,-0.7102824304755853,0.498030803682723,-1.0,-1.0,-1.0,0.4610467038106856,0.0,1.0,0.0,0.0,0.0,1.0,0.0,0.0,0.0,0.0,1.0,0.0,1.0,0.0
-0.26582278481012656,0.35263656129160603,-0.11597950692558756,-0.4755689006986463,-1.0,-1.0,0.26230921706332944,0.0,1.0,0.0,0.0,0.0,1.0,0.0,0.0,0.0,0.0,1.0,0.0,1.0,0.0
-0.6708860759493671,0.12528974109601387,-0.5934641999129258,0.3580679428300386,-1.0,0.3063972911572146,0.4373465549995752,0.0,0.0,0.0,1.0,0.0,1.0,0.0,0.0,0.0,0.0,1.0,0.0,1.0,0.0
-0.7721518987341772,-1.0,-1.0,-1.0,-1.0,-1.0,-1.0,0.0,0.0,1.0,0.0,0.0,1.0,0.0,1.0,0.0,0.0,0.0,0.0,1.0,0.0
-0.1392405063291139,-1.0,-1.0,-1.0,0.28661097191992635,-1.0,0.22851350741992382,0.0,1.0,0.0,0.0,1.0,0.0,0.0,0.0,0.0,0.0,1.0,0.0,1.0,0.0
-0.4683544303797469,-1.0,-1.0,-1.0,-1.0,-1.0,-1.0,0.0,0.0,0.0,1.0,0.0,0.0,1.0,1.0,0.0,0.0,0.0,0.0,1.0,0.0
-0.26582278481012656,0.6121744131093207,-1.0,-0.008305724129450076,-1.0,-1.0,0.48268372298930173,0.0,0.0,0.0,1.0,0.0,1.0,0.0,0.0,1.0,0.0,0.0,0.0,1.0,0.0
-0.5443037974683544,-1.0,-1.0,-1.0,-1.0,-1.0,-1.0,0.0,1.0,0.0,0.0,0.0,0.0,1.0,0.0,0.0,0.0,1.0,0.0,1.0,0.0
-0.5696202531645569,-1.0,-0.514194800495722,0.23256228018690717,-1.0,0.17359176459729841,0.2918778407250222,0.0,1.0,0.0,0.0,0.0,1.0,0.0,1.0,0.0,0.0,0.0,0.0,1.0,0.0
-0.26582278481012656,0.7041849391372652,0.8219950141106498,-0.4490336624378206,0.061795804818872924,-0.4505033860158394,0.8314400762418348,0.0,0.0,1.0,0.0,0.0,1.0,0.0,0.0,0.0,0.0,1.0,0.0,1.0,0.0
-0.5443037974683544,-1.0,-1.0,-0.40469077658820574,0.3222705868485698,-0.6810270934861755,0.26830627263791507,0.0,1.0,0.0,0.0,0.0,1.0,0.0,0.0,0.0,1.0,0.0,0.0,1.0,0.0
-0.5696202531645569,-1.0,-1.0,-1.0,-1.0,-1.0,-1.0,0.0,0.0,1.0,0.0,0.0,0.0,1.0,0.0,0.0,0.0,1.0,0.0,1.0,0.0
-0.49367088607594933,0.11446917124724432,-1.0,0.28088764602992256,-0.15754898630665604,0.24095883800786533,0.38455239042407885,0.0,0.0,0.0,1.0,0.0,1.0,0.0,0.0,0.0,0.0,1.0,0.0,1.0,0.0
-0.4177215189873418,-1.0,-1.0,0.0597130830139494,0.3027628419509978,-0.3131292325197993,0.3007958454584503,0.0,1.0,0.0,0.0,0.0,1.0,0.0,0.0,0.0,0.0,1.0,0.0,1.0,0.0
-0.4683544303797469,0.3503631754660621,-1.0,-1.0,-1.0,-1.0,0.23181862941739362,0.0,1.0,0.0,0.0,0.0,1.0,0.0,1.0,0.0,0.0,0.0,0.0,1.0,0.0
0.240506329113924,-1.0,-1.0,-1.0,-1.0,-1.0,-1.0,0.0,0.0,0.0,1.0,0.0,0.0,1.0,0.0,0.0,0.0,1.0,0.0,1.0,0.0
-0.5443037974683544,-1.0,-1.0,0.4446117030933725,-1.0,-1.0,0.38588461576938227,0.0,1.0,0.0,0.0,0.0,1.0,0.0,0.0,0.0,0.0,1.0,0.0,1.0,0.0
-0.6708860759493671,-1.0,0.08485766043441911,-1.0,0.06567274669392442,0.192336231455287,0.2910063389965696,1.0,0.0,0.0,0.0,0.0,1.0,0.0,0.0,0.0,0.0,1.0,0.0,1.0,0.0
-0.31645569620253167,-1.0,0.24865019867745564,-1.0,0.11022474757620349,-1.0,0.2865880492117525,0.0,1.0,0.0,0.0,0.0,1.0,0.0,0.0,0.0,0.0,1.0,0.0,1.0,0.0
-0.012658227848101333,-1.0,0.19653279888508024,-1.0,0.22195552774438876,-1.0,0.29871004050405636,0.0,1.0,0.0,0.0,0.0,1.0,0.0,0.0,0.0,0.0,1.0,0.0,1.0,0.0
-0.4683544303797469,-0.7704042582518641,-1.0,-1.0,0.2885064567234721,-1.0,0.2309229002624309,0.0,1.0,0.0,0.0,0.0,1.0,0.0,1.0,0.0,0.0,0.0,0.0,1.0,0.0
-0.6455696202531646,-1.0,-1.0,-1.0,-1.0,-1.0,-1.0,0.0,1.0,0.0,0.0,0.0,0.0,1.0,0.0,0.0,0.0,1.0,0.0,1.0,0.0
-0.9240506329113924,-1.0,-1.0,-1.0,-1.0,-1.0,-1.0,0.0,1.0,0.0,0.0,0.0,1.0,0.0,0.0,0.0,0.0,1.0,1.0,0.0,0.0
-0.9493670886075949,-1.0,-1.0,-1.0,-1.0,-1.0,-1.0,0.0,1.0,0.0,0.0,0.0,0.0,1.0,1.0,0.0,0.0,0.0,0.0,1.0,0.0
-0.31645569620253167,-0.050510224330065134,-1.0,-1.0,-1.0,0.3180122208304066,0.28947155819687853,0.0,1.0,0.0,0.0,0.0,1.0,0.0,0.0,0.0,0.0,1.0,0.0,1.0,0.0
-0.3417721518987342,-1.0,-1.0,-1.0,-1.0,-1.0,-1.0,0.0,0.0,1.0,0.0,0.0,0.0,1.0,1.0,0.0,0.0,0.0,0.0,1.0,0.0
-0.5443037974683544,0.26676600264761463,-1.0,-0.2824416396096122,-1.0,0.19945756079093369,0.2944686937979426,0.0,1.0,0.0,0.0,0.0,1.0,0.0,0.0,0.0,0.0,1.0,0.0,1.0,0.0
-0.44303797468354433,0.15054299919964675,-1.0,-1.0,0.2968202534845745,-0.8626258465039598,0.2985001993479246,0.0,1.0,0.0,0.0,0.0,1.0,0.0,0.0,0.0,0.0,1.0,0.0,1.0,0.0
0.5949367088607596,-1.0,-0.363034326141483,-0.03426244931582978,-1.0,0.4118336568284269,0.38022560791244087,0.0,1.0,0.0,0.0,0.0,1.0,0.0,0.0,0.0,0.0,1.0,0.0,1.0,0.0
-0.4177215189873418,0.6141245397050525,-1.0,-0.00035590001083596334,-0.06704059727659184,-0.18526997864493955,0.49751240318010015,0.0,0.0,0.0,1.0,0.0,1.0,0.0,0.0,0.0,0.0,1.0,0.0,1.0,0.0
-0.26582278481012656,-1.0,-1.0,-1.0,-1.0,-1.0,-1.0,0.0,1.0,0.0,0.0,0.0,0.0,1.0,0.0,0.0,0.0,1.0,0.0,1.0,0.0
0.11392405063291133,-0.5187895331071819,0.5143357844163363,-1.0,0.2881917896243922,-0.8626258465039598,0.5234580120979677,0.0,0.0,1.0,0.0,0.0,1.0,0.0,1.0,0.0,0.0,0.0,0.0,1.0,0.0
0.49367088607594933,-1.0,-1.0,-1.0,-1.0,-1.0,-1.0,0.0,0.0,0.0,1.0,0.0,0.0,1.0,0.0,0.0,0.0,1.0,0.0,1.0,0.0
0.7215189873417722,-1.0,-1.0,-1.0,-1.0,-1.0,-1.0,0.0,0.0,1.0,0.0,0.0,0.0,1.0,1.0,0.0,0.0,0.0,0.0,1.0,0.0
-0.08860759493670889,-1.0,-1.0,-1.0,-1.0,-1.0,-1.0,0.0,0.0,1.0,0.0,0.0,0.0,1.0,0.0,0.0,0.0,1.0,0.0,1.0,0.0
-0.26582278481012656,-1.0,0.33650505637461103,-1.0,0.5286354375238496,-0.08929774609319385,0.5351558931513916,0.0,0.0,1.0,0.0,0.0,1.0,0.0,0.0,0.0,0.0,1.0,0.0,1.0,0.0
-0.26582278481012656,-1.0,-1.0,-1.0,-1.0,-1.0,-1.0,0.0,0.0,1.0,0.0,0.0,1.0,0.0,0.0,0.0,0.0,1.0,0.0,1.0,0.0
0.11392405063291133,0.16766261700192797,-0.7289761332752838,-0.7816847539510678,-1.0,0.3117613265589634,0.32067428832202904,0.0,1.0,0.0,0.0,0.0,1.0,0.0,0.0,0.0,0.0,1.0,0.0,1.0,0.0
-0.7721518987341772,-1.0,-1.0,-1.0,-1.0,-1.0,-1.0,0.0,1.0,0.0,0.0,0.0,1.0,0.0,0.0,0.0,0.0,1.0,0.0,1.0,0.0
0.49367088607594933,-1.0,-1.0,-1.0,-1.0,-1.0,-1.0,0.0,0.0,0.0,1.0,0.0,0.0,1.0,1.0,0.0,0.0,0.0,0.0,1.0,0.0
-0.16455696202531644,-1.0,-1.0,-1.0,0.21389655885989578,0.07341157674672072,0.2379735899734854,0.0,1.0,0.0,0.0,0.0,1.0,0.0,1.0,0.0,0.0,0.0,0.0,1.0,0.0
-0.5443037974683544,-1.0,-1.0,-1.0,-1.0,-1.0,-1.0,0.0,1.0,0.0,0.0,0.0,0.0,1.0,0.0,0.0,0.0,1.0,0.0,1.0,0.0
-0.4683544303797469,-1.0,-1.0,-1.0,-1.0,-1.0,-1.0,0.0,0.0,0.0,1.0,0.0,0.0,1.0,0.0,0.0,0.0,1.0,0.0,1.0,0.0
-0.21518987341772156,-1.0,-0.2201440682989565,-1.0,0.5961108227881933,0.37257685574184096,0.5827967870965423,0.0,0.0,1.0,0.0,0.0,1.0,0.0,0.0,0.0,0.0,1.0,0.0,1.0,0.0
0.21518987341772156,-0.2343630575961404,-1.0,-0.3684600007794333,0.3144186858486333,-0.8626258465039598,0.2707504172839674,0.0,1.0,0.0,0.0,0.0,1.0,0.0,0.0,0.0,0.0,1.0,0.0,1.0,0.0
-0.44303797468354433,-1.0,-1.0,-1.0,-1.0,-1.0,-1.0,1.0,0.0,0.0,0.0,0.0,0.0,1.0,0.0,0.0,0.0,1.0,0.0,1.0,0.0
0.012658227848101333,0.43596910272851663,-0.4705697019538748,0.1468955898723776,-0.8616088449879872,-1.0,0.3667696985133764,0.0,0.0,0.0,1.0,0.0,1.0,0.0,0.0,0.0,0.0,1.0,0.0,1.0,0.0
-0.4177215189873418,0.08174826506853794,0.21261054398841184,0.020581246912549256,-1.0,0.3737415349604014,0.4354111000904404,0.0,0.0,0.0,1.0,0.0,1.0,0.0,0.0,0.0,0.0,1.0,0.0,1.0,0.0
-0.2911392405063291,-1.0,-1.0,-1.0,-1.0,-1.0,-1.0,0.0,0.0,1.0,0.0,0.0,0.0,1.0,1.0,0.0,0.0,0.0,0.0,1.0,0.0
-0.26582278481012656,-1.0,0.18729474676190283,0.6885143078641169,0.19321570986799497,0.10282679062457256,0.6580359818167973,0.0,0.0,1.0,0.0,0.0,1.0,0.0,1.0,0.0,0.0,0.0,0.0,1.0,0.0
-0.5189873417721519,0.09656008424820106,0.21922518626999477,-1.0,-1.0,-1.0,0.24890235148852158,0.0,1.0,0.0,0.0,0.0,1.0,0.0,0.0,1.0,0.0,0.0,0.0,1.0,0.0
-0.31645569620253167,-1.0,-0.4047885740980801,-0.27198032423261265,0.17519735819340143,0.2382934317054919,0.30388237814179475,0.0,1.0,0.0,0.0,0.0,1.0,0.0,0.0,0.0,0.0,1.0,0.0,1.0,0.0
-0.16455696202531644,-1.0,0.39410779442861155,-1.0,0.6929003477146263,0.39097010430504753,0.69265582883775,0.0,0.0,1.0,0.0,1.0,0.0,0.0,1.0,0.0,0.0,0.0,0.0,1.0,0.0
-0.06329113924050633,-1.0,-1.0,-1.0,-1.0,-1.0,-1.0,0.0,0.0,1.0,0.0,0.0,1.0,0.0,0.0,0.0,0.0,1.0,0.0,1.0,0.0
-0.3417721518987342,0.40087951210034367,-1.0,-0.32411711492981843,-0.4343312963306818,0.031376933319403166,0.32455938550630026,0.0,1.0,0.0,0.0,0.0,1.0,0.0,0.0,0.0,0.0,1.0,0.0,1.0,0.0
-0.5189873417721519,-1.0,-1.0,-1.0,-1.0,-1.0,-1.0,0.0,1.0,0.0,0.0,0.0,0.0,1.0,0.0,0.0,1.0,0.0,0.0,1.0,0.0
-0.4683544303797469,-0.21887545108419082,0.2668642266589629,-0.7816847539510678,-0.3209297429561534,-1.0,0.25532905008367734,0.0,1.0,0.0,0.0,0.0,1.0,0.0,0.0,0.0,0.0,1.0,0.0,1.0,0.0
-0.6455696202531646,-1.0,0.09377946981155483,0.08910763824181611,-0.031261914915910016,-1.0,0.2303234008026842,0.0,1.0,0.0,0.0,0.0,1.0,0.0,0.0,0.0,0.0,1.0,0.0,1.0,0.0
-0.2911392405063291,0.3510152416749537,-1.0,0.17673073842079678,-1.0,-0.4384882522367155,0.32253421206096133,0.0,0.0,0.0,1.0,0.0,1.0,0.0,0.0,0.0,0.0,1.0,0.0,1.0,0.0
-0.6455696202531646,-1.0,-1.0,-1.0,-1.0,-1.0,-1.0,0.0,1.0,0.0,0.0,0.0,0.0,1.0,0.0,0.0,0.0,1.0,0.0,1.0,0.0
0.139240506329114,-1.0,-1.0,-1.0,-1.0,-1.0,-1.0,0.0,1.0,0.0,0.0,0.0,0.0,1.0,0.0,0.0,1.0,0.0,0.0,1.0,0.0
-0.16455696202531644,-1.0,0.5289931170165876,-0.6133104850891911,0.41120459606727855,0.3805894372441778,0.6131404456059608,0.0,0.0,1.0,0.0,0.0,1.0,0.0,0.0,0.0,0.0,1.0,0.0,1.0,0.0
-0.6962025316455696,-1.0,-1.0,-1.0,-1.0,-1.0,-1.0,1.0,0.0,0.0,0.0,0.0,1.0,0.0,0.0,0.0,1.0,0.0,0.0,1.0,0.0
-0.2405063291139241,0.2157009032024313,0.27963152975396577,0.2509895986271502,-1.0,-1.0,0.4031351607605127,0.0,1.0,0.0,0.0,0.0,1.0,0.0,0.0,0.0,0.0,1.0,0.0,1.0,0.0
0.4177215189873418,-1.0,-1.0,-1.0,-1.0,-1.0,-1.0,0.0,0.0,1.0,0.0,0.0,0.0,1.0,1.0,0.0,0.0,0.0,0.0,1.0,0.0
-1.0,-1.0,-1.0,-1.0,-1.0,-1.0,-1.0,0.0,1.0,0.0,0.0,0.0,1.0,0.0,0.0,0.0,0.0,1.0,0.0,1.0,0.0
-0.49367088607594933,-1.0,0.23181870846989083,-0.8622584156094552,-1.0,0.17675442229509009,0.3018302520716756,0.0,1.0,0.0,0.0,1.0,0.0,0.0,0.0,0.0,0.0,1.0,0.0,1.0,0.0
-0.2405063291139241,-1.0,-1.0,-1.0,-1.0,-1.0,-1.0,0.0,0.0,0.0,1.0,0.0,0.0,1.0,0.0,0.0,0.0,1.0,0.0,1.0,0.0
-0.3417721518987342,-1.0,-1.0,-1.0,-1.0,-1.0,-1.0,0.0,0.0,1.0,0.0,0.0,0.0,1.0,1.0,0.0,0.0,0.0,0.0,1.0,0.0
-0.7721518987341772,-1.0,-1.0,-1.0,-1.0,-1.0,-1.0,0.0,1.0,0.0,0.0,0.0,1.0,0.0,0.0,0.0,0.0,1.0,0.0,1.0,0.0
-0.11392405063291144,-1.0,-1.0,-1.0,-1.0,-1.0,-1.0,0.0,0.0,1.0,0.0,0.0,0.0,1.0,1.0,0.0,0.0,0.0,0.0,1.0,0.0
-0.620253164556962,-1.0,-1.0,-1.0,-1.0,-1.0,-1.0,0.0,1.0,0.0,0.0,0.0,0.0,1.0,0.0,0.0,0.0,1.0,0.0,1.0,0.0
-0.2911392405063291,-1.0,-1.0,-1.0,-1.0,-1.0,-1.0,0.0,0.0,1.0,0.0,0.0,0.0,1.0,1.0,0.0,0.0,0.0,0.0,1.0,0.0
-0.26582278481012656,-1.0,-1.0,-1.0,-1.0,-1.0,-1.0,0.0,0.0,1.0,0.0,0.0,0.0,1.0,0.0,0.0,0.0,1.0,0.0,1.0,0.0
-0.3417721518987342,0.08409645887873451,-1.0,-0.7245168312189103,-1.0,0.2997627298911174,0.29382427401442257,0.0,1.0,0.0,0.0,0.0,1.0,0.0,0.0,0.0,0.0,1.0,0.0,1.0,0.0
-0.9746835443037974,-1.0,-1.0,-1.0,-1.0,-1.0,-1.0,0.0,0.0,0.0,1.0,0.0,0.0,1.0,0.0,0.0,0.0,1.0,0.0,1.0,0.0
-0.44303797468354433,-1.0,-1.0,-1.0,-0.5212452626117072,0.3151716782516407,0.2675668767358772,0.0,1.0,0.0,0.0,0.0,1.0,0.0,0.0,0.0,0.0,1.0,0.0,1.0,0.0
-0.06329113924050633,-1.0,-1.0,-1.0,-1.0,-1.0,-1.0,1.0,0.0,0.0,0.0,0.0,0.0,1.0,0.0,0.0,0.0,1.0,0.0,1.0,0.0
-0.3924050632911392,-0.7102824304755853,0.3541623939046554,0.29838864219741756,-0.21498650520515272,-1.0,0.4245625567558593,0.0,1.0,0.0,0.0,0.0,1.0,0.0,0.0,0.0,0.0,1.0,0.0,1.0,0.0
-0.5189873417721519,0.34773437287495557,-1.0,0.3368691825473473,0.14209590112450243,-1.0,0.42575102610902915,0.0,0.0,0.0,1.0,0.0,1.0,0.0,0.0,0.0,0.0,1.0,0.0,1.0,0.0
-0.11392405063291144,-1.0,-1.0,-1.0,-1.0,-1.0,-1.0,0.0,0.0,1.0,0.0,0.0,0.0,1.0,0.0,0.0,0.0,1.0,0.0,1.0,0.0
-0.03797468354430378,0.7003045923198707,-1.0,0.011002568586273354,-0.32769839905788767,-0.05117175113851924,0.567501944440828,0.0,0.0,0.0,1.0,0.0,1.0,0.0,0.0,0.0,0.0,1.0,0.0,1.0,0.0
-0.620253164556962,-1.0,-1.0,-1.0,-1.0,-1.0,-1.0,0.0,0.0,1.0,0.0,0.0,0.0,1.0,0.0,0.0,0.0,1.0,0.0,1.0,0.0
-0.4683544303797469,-1.0,-1.0,-1.0,-1.0,-1.0,-1.0,0.0,0.0,0.0,1.0,0.0,0.0,1.0,0.0,0.0,0.0,1.0,0.0,1.0,0.0
-0.44303797468354433,-1.0,-1.0,-1.0,-1.0,-1.0,-1.0,0.0,0.0,0.0,1.0,0.0,1.0,0.0,0.0,0.0,0.0,1.0,0.0,1.0,0.0
-0.3417721518987342,-1.0,-1.0,-1.0,-1.0,-1.0,-1.0,0.0,1.0,0.0,0.0,0.0,0.0,1.0,1.0,0.0,0.0,0.0,0.0,1.0,0.0
0.4683544303797469,-0.20915337023183045,0.5996552793923529,-1.0,0.7594202439162845,-0.22468003347631071,0.7630490134474495,0.0,0.0,1.0,0.0,0.0,1.0,0.0,0.0,0.0,0.0,1.0,0.0,0.0,1.0
-0.5696202531645569,-1.0,-1.0,-1.0,-1.0,-1.0,-1.0,0.0,0.0,0.0,1.0,0.0,0.0,1.0,0.0,0.0,1.0,0.0,0.0,1.0,0.0
-0.26582278481012656,-1.0,-1.0,0.3486502892954719,-1.0,-1.0,0.29382427401442257,0.0,1.0,0.0,0.0,0.0,1.0,0.0,0.0,0.0,0.0,1.0,0.0,1.0,0.0
-0.5443037974683544,0.018853108721271994,-1.0,-0.4755689006986463,0.04969172119760623,0.2523500346537346,0.2944686937979426,0.0,1.0,0.0,0.0,0.0,1.0,0.0,0.0,0.0,0.0,1.0,0.0,1.0,0.0
-0.4683544303797469,-1.0,-0.6195699068776419,-1.0,0.2751802657768929,-1.0,0.21951496243606505,1.0,0.0,0.0,0.0,0.0,1.0,0.0,0.0,0.0,0.0,1.0,0.0,1.0,0.0
-0.4683544303797469,0.4313661604402761,-1.0,-1.0,-1.0,-0.5878775395118796,0.3071205140999236,0.0,1.0,0.0,0.0,0.0,1.0,0.0,0.0,0.0,0.0,1.0,0.0,1.0,0.0
-0.4683544303797469,0.5844812245922857,-0.10563305073216644,-1.0,-0.19991095170540252,-0.2640108285545778,0.46300566302056945,0.0,1.0,0.0,0.0,1.0,0.0,0.0,0.0,0.0,0.0,1.0,0.0,1.0,0.0
-0.16455696202531644,-1.0,0.49655461058704997,-1.0,0.32802778406727096,-0.5247635098122653,0.5194814340217613,0.0,0.0,1.0,0.0,0.0,1.0,0.0,0.0,0.0,0.0,1.0,0.0,1.0,0.0
0.3924050632911391,0.025138907375018338,0.3375522061423568,-1.0,-0.6114869098077889,0.1849494506192888,0.3903457848002776,0.0,1.0,0.0,0.0,0.0,1.0,0.0,0.0,0.0,0.0,1.0,0.0,1.0,0.0
-0.16455696202531644,-1.0,-0.15854496930021933,-0.31129207804727577,0.8063129628359358,0.8059550266505275,0.8643184619923518,0.0,0.0,1.0,0.0,0.0,1.0,0.0,1.0,0.0,0.0,0.0,0.0,1.0,0.0
0.012658227848101333,-1.0,-1.0,-0.8622584156094552,0.1347621265219643,0.28907843383578125,0.3095135246556546,0.0,0.0,0.0,1.0,0.0,1.0,0.0,0.0,0.0,0.0,1.0,0.0,1.0,0.0
-0.26582278481012656,-1.0,-1.0,-1.0,-1.0,-1.0,-1.0,0.0,1.0,0.0,0.0,0.0,0.0,1.0,0.0,0.0,0.0,1.0,0.0,1.0,0.0
-0.31645569620253167,-0.8551412152377926,0.1151031300374048,-0.8622584156094552,0.18651693694269644,-0.4769678405233547,0.24753574584356097,0.0,1.0,0.0,0.0,0.0,1.0,0.0,1.0,0.0,0.0,0.0,0.0,1.0,0.0
-0.44303797468354433,-1.0,-0.29405690266257756,-0.8622584156094552,0.6437110696441295,0.6680993535117807,0.7208022962558283,0.0,0.0,1.0,0.0,0.0,1.0,0.0,1.0,0.0,0.0,0.0,0.0,1.0,0.0
-0.4683544303797469,0.3764245876133001,-1.0,-1.0,-1.0,-1.0,0.255592184247051,0.0,1.0,0.0,0.0,0.0,1.0,0.0,0.0,0.0,0.0,1.0,0.0,1.0,0.0
0.08860759493670889,-1.0,-1.0,-1.0,-1.0,-1.0,-1.0,0.0,0.0,1.0,0.0,1.0,0.0,0.0,0.0,0.0,0.0,1.0,0.0,1.0,0.0
-0.3924050632911392,-0.4340525761212535,-1.0,-0.8622584156094552,0.25204192773426026,-0.06841644980240058,0.23565221369765466,0.0,1.0,0.0,0.0,0.0,1.0,0.0,1.0,0.0,0.0,0.0,0.0,1.0,0.0
-0.3417721518987342,0.3392995294831358,0.3657097006735335,-1.0,0.5187619106638721,-1.0,0.5662174720496922,0.0,0.0,1.0,0.0,0.0,1.0,0.0,1.0,0.0,0.0,0.0,0.0,1.0,0.0
-0.3417721518987342,-1.0,-1.0,-1.0,-1.0,-1.0,-1.0,0.0,0.0,1.0,0.0,0.0,0.0,1.0,0.0,0.0,0.0,1.0,0.0,1.0,0.0
-0.36708860759493667,-1.0,-1.0,-1.0,-1.0,-1.0,-1.0,0.0,0.0,0.0,1.0,0.0,0.0,1.0,0.0,0.0,0.0,1.0,0.0,1.0,0.0
-0.6708860759493671,-0.6636483178693894,-1.0,0.5078442144184208,-1.0,-0.268904632998055,0.4506547434250201,0.0,0.0,0.0,1.0,0.0,1.0,0.0,1.0,0.0,0.0,0.0,0.0,1.0,0.0
-0.5189873417721519,-1.0,-1.0,-1.0,-1.0,-1.0,-1.0,0.0,1.0,0.0,0.0,0.0,0.0,1.0,0.0,0.0,0.0,1.0,0.0,1.0,0.0
0.6962025316455696,-0.09220091735077918,-0.4461000078353691,-1.0,0.5409061188515301,0.39964876799824367,0.5560532079789502,0.0,0.0,1.0,0.0,0.0,1.0,0.0,1.0,0.0,0.0,0.0,0.0,1.0,0.0
-0.44303797468354433,-1.0,-1.0,-1.0,-1.0,-1.0,-1.0,0.0,0.0,0.0,1.0,0.0,0.0,1.0,0.0,0.0,0.0,1.0,0.0,1.0,0.0
-0.3417721518987342,-0.06668303489978522,0.1602860248234017,-1.0,-1.0,-0.13654819080166625,0.19978167481936238,0.0,1.0,0.0,0.0,0.0,1.0,0.0,0.0,0.0,1.0,0.0,0.0,1.0,0.0
-0.1392405063291139,-1.0,-1.0,-1.0,-1.0,-1.0,-1.0,0.0,0.0,1.0,0.0,0.0,0.0,1.0,0.0,0.0,0.0,1.0,0.0,1.0,0.0
-0.49367088607594933,-1.0,0.2945006581750116,0.36417637704845496,-1.0,0.3047593561319697,0.48616728732836023,0.0,1.0,0.0,0.0,0.0,1.0,0.0,0.0,0.0,0.0,1.0,0.0,1.0,0.0
-0.3417721518987342,-1.0,-1.0,-1.0,-1.0,-1.0,-1.0,0.0,0.0,1.0,0.0,0.0,0.0,1.0,0.0,0.0,0.0,1.0,0.0,1.0,0.0
-0.08860759493670889,0.11547633970455329,-1.0,0.21446529381268298,-0.09079009410092975,-1.0,0.2625628973018235,0.0,1.0,0.0,0.0,0.0,1.0,0.0,1.0,0.0,0.0,0.0,0.0,1.0,0.0
-0.3417721518987342,-1.0,-1.0,-1.0,-1.0,-1.0,-1.0,0.0,1.0,0.0,0.0,0.0,0.0,1.0,0.0,0.0,1.0,0.0,0.0,1.0,0.0
-0.6708860759493671,-1.0,-1.0,-1.0,-1.0,-1.0,-1.0,0.0,0.0,1.0,0.0,0.0,0.0,1.0,0.0,0.0,0.0,1.0,0.0,1.0,0.0
0.11392405063291133,0.5199821689650268,0.11115345238663599,-0.1420326446896587,-0.30190047148617816,-1.0,0.4331452199509489,1.0,0.0,0.0,0.0,0.0,1.0,0.0,0.0,0.0,0.0,1.0,0.0,1.0,0.0
-0.21518987341772156,-0.48068668872744935,-1.0,-1.0,0.508687943606916,0.3916785554972986,0.5291150431738956,0.0,1.0,0.0,0.0,0.0,1.0,0.0,0.0,0.0,1.0,0.0,0.0,1.0,0.0
-0.8987341772151899,-1.0,-1.0,-1.0,-1.0,-1.0,-1.0,0.0,1.0,0.0,0.0,0.0,0.0,1.0,0.0,0.0,1.0,0.0,0.0,1.0,0.0
-0.2911392405063291,-0.2239115273106964,0.7803275500392832,-1.0,-0.057922289759737455,0.2512758368478798,0.7503532832511297,0.0,0.0,1.0,0.0,0.0,1.0,0.0,0.0,0.0,0.0,1.0,0.0,1.0,0.0
-0.189873417721519,-1.0,-1.0,-1.0,-1.0,-1.0,-1.0,0.0,1.0,0.0,0.0,0.0,0.0,1.0,0.0,0.0,1.0,0.0,0.0,1.0,0.0
-0.2405063291139241,-0.17424122981986145,-1.0,0.435841180572311,-1.0,-0.6448929646444241,0.3850863982553101,0.0,0.0,0.0,1.0,0.0,1.0,0.0,0.0,0.0,1.0,0.0,0.0,1.0,0.0
0.31645569620253156,0.5086586469399363,-0.04540053351930995,0.21180383750283527,-1.0,-1.0,0.44323438208031396,0.0,0.0,0.0,1.0,0.0,1.0,0.0,0.0,0.0,0.0,1.0,0.0,1.0,0.0
-0.3417721518987342,0.17908551741807077,0.2921436014283725,-0.4755689006986463,-1.0,0.6768024645868616,0.6506989973934332,0.0,0.0,1.0,0.0,0.0,1.0,0.0,1.0,0.0,0.0,0.0,0.0,1.0,0.0
-0.36708860759493667,-1.0,-1.0,-1.0,-1.0,-1.0,-1.0,0.0,1.0,0.0,0.0,0.0,0.0,1.0,0.0,0.0,1.0,0.0,0.0,1.0,0.0
-0.21518987341772156,-1.0,-0.24728692567616273,-1.0,0.06758334723605763,0.5806692638187239,0.5364860903541055,0.0,0.0,1.0,0.0,0.0,1.0,0.0,0.0,0.0,0.0,1.0,0.0,1.0,0.0
-0.03797468354430378,-1.0,0.3182493083930886,-0.7245168312189103,-0.29015259890148426,-1.0,0.2936089824375072,0.0,1.0,0.0,0.0,0.0,1.0,0.0,0.0,0.0,0.0,1.0,0.0,1.0,0.0
-0.2405063291139241,-1.0,-1.0,0.34548518551365826,-1.0,-1.0,0.2907878396361492,0.0,1.0,0.0,0.0,0.0,1.0,0.0,0.0,0.0,0.0,1.0,0.0,1.0,0.0
-0.16455696202531644,-0.1866599551890682,-0.10970616460354188,0.31738110409865605,0.14469732207084762,-1.0,0.35276584570863,0.0,1.0,0.0,0.0,0.0,1.0,0.0,0.0,0.0,0.0,1.0,0.0,1.0,0.0
-0.4683544303797469,0.6757888842474511,-0.3164244002440262,-1.0,-0.7806552088744709,0.1956913855131195,0.555017262987106,0.0,0.0,1.0,0.0,0.0,1.0,0.0,0.0,0.0,0.0,1.0,1.0,0.0,0.0
-0.5443037974683544,0.7108650543555994,-1.0,0.007288084723477084,-1.0,-0.049527019624530544,0.5748844495533862,0.0,0.0,0.0,1.0,0.0,1.0,0.0,0.0,0.0,0.0,1.0,0.0,1.0,0.0
-0.620253164556962,0.05668989698562399,-0.8644880666376419,0.3975167688842782,0.050728898766614794,-0.3011140987406753,0.3960941802327762,0.0,1.0,0.0,0.0,0.0,1.0,0.0,0.0,0.0,0.0,1.0,0.0,1.0,0.0
-0.8227848101265822,-1.0,-1.0,-1.0,-1.0,-1.0,-1.0,0.0,1.0,0.0,0.0,0.0,1.0,0.0,1.0,0.0,0.0,0.0,0.0,1.0,0.0
-0.44303797468354433,-0.5933299775945341,-0.39569379966122975,-1.0,0.33033597431869954,-1.0,0.27672710334034045,0.0,1.0,0.0,0.0,0.0,1.0,0.0,0.0,0.0,0.0,1.0,0.0,1.0,0.0
-0.8481012658227848,-1.0,-1.0,-1.0,-1.0,-1.0,-1.0,0.0,1.0,0.0,0.0,0.0,1.0,0.0,0.0,0.0,1.0,0.0,0.0,1.0,0.0
-0.31645569620253167,-1.0,-0.31058807447301096,-0.5424323609787505,0.5017860837420716,0.5099510092378812,0.5775747410007073,0.0,0.0,1.0,0.0,0.0,1.0,0.0,1.0,0.0,0.0,0.0,0.0,1.0,0.0
1.0,0.3406721915634512,-1.0,-1.0,0.0588378805988663,-0.6448929646444241,0.2781340519483333,0.0,1.0,0.0,0.0,0.0,1.0,0.0,0.0,0.0,0.0,1.0,0.0,1.0,0.0
-0.2405063291139241,0.5379003638784421,-1.0,-1.0,-1.0,0.5300227127583406,0.5725051279219726,0.0,0.0,1.0,0.0,0.0,1.0,0.0,1.0,0.0,0.0,0.0,0.0,1.0,0.0
0.21518987341772156,0.3503631754660621,0.17759842602201914,-0.06412639356068006,-1.0,-1.0,0.34552239932824014,0.0,0.0,0.0,1.0,0.0,1.0,0.0,0.0,0.0,0.0,1.0,0.0,1.0,0.0
0.012658227848101333,-1.0,-1.0,-1.0,-1.0,-1.0,-1.0,0.0,1.0,0.0,0.0,0.0,0.0,1.0,0.0,0.0,0.0,1.0,0.0,1.0,0.0
-0.11392405063291144,0.15223521128267636,0.18864149647959083,0.21839181432787957,-0.8616088449879872,0.5049233138567184,0.5343045458369129,0.0,0.0,1.0,0.0,0.0,1.0,0.0,0.0,0.0,0.0,1.0,0.0,0.0,1.0
0.5443037974683544,0.466380561684691,-1.0,-0.15860216303498265,-1.0,-1.0,0.34893695038886774,0.0,0.0,0.0,1.0,0.0,1.0,0.0,0.0,0.0,0.0,1.0,0.0,1.0,0.0
-0.8481012658227848,-1.0,-1.0,-1.0,-1.0,-1.0,-1.0,0.0,1.0,0.0,0.0,0.0,1.0,0.0,0.0,0.0,0.0,1.0,0.0,1.0,0.0
0.1898734177215189,0.09434856043214213,0.09377946981155483,0.36828228965866994,0.6259620232329293,0.08370942596499997,0.6278720512788423,0.0,0.0,1.0,0.0,0.0,1.0,0.0,0.0,0.0,0.0,1.0,0.0,1.0,0.0
-0.4683544303797469,-1.0,-1.0,-1.0,-1.0,-1.0,-1.0,0.0,1.0,0.0,0.0,0.0,1.0,0.0,0.0,0.0,0.0,1.0,0.0,1.0,0.0
-0.4683544303797469,-1.0,-0.8644880666376419,0.5796363144225125,-1.0,-1.0,0.51548741913154,0.0,0.0,0.0,1.0,0.0,1.0,0.0,0.0,0.0,0.0,1.0,0.0,1.0,0.0
-0.5949367088607596,-1.0,-0.8644880666376419,-1.0,-1.0,-0.18204732211135755,-0.21015001531196242,0.0,1.0,0.0,0.0,0.0,1.0,0.0,0.0,0.0,0.0,1.0,0.0,1.0,0.0
0.03797468354430378,-1.0,0.23217709976043688,-1.0,0.5804943331481895,0.126423047316786,0.5599818633057996,0.0,0.0,1.0,0.0,0.0,1.0,0.0,0.0,0.0,0.0,1.0,0.0,1.0,0.0
0.3417721518987342,-1.0,0.3182493083930886,-1.0,0.28724480176347766,0.5123697481918403,0.5577853327496545,0.0,0.0,1.0,0.0,0.0,1.0,0.0,0.0,0.0,0.0,1.0,0.0,1.0,0.0
0.139240506329114,0.6025322864951628,-1.0,-1.0,0.2962161494441522,-1.0,0.5130502182676433,0.0,1.0,0.0,0.0,0.0,1.0,0.0,0.0,0.0,0.0,1.0,0.0,1.0,0.0
-0.31645569620253167,0.2730048853621345,-1.0,0.1896223590200703,0.2292792311606131,-1.0,0.36837725681771083,0.0,0.0,0.0,1.0,0.0,1.0,0.0,0.0,0.0,0.0,1.0,0.0,1.0,0.0
-0.6708860759493671,0.4839860958174633,0.6439242503105629,-1.0,0.6568054487167208,-0.19526481959845898,0.7514490347622176,0.0,0.0,1.0,0.0,0.0,1.0,0.0,1.0,0.0,0.0,0.0,0.0,1.0,0.0
-0.8987341772151899,-1.0,-1.0,-1.0,-1.0,-1.0,-1.0,0.0,0.0,0.0,1.0,0.0,1.0,0.0,0.0,0.0,0.0,1.0,0.0,1.0,0.0
-0.08860759493670889,-1.0,-1.0,-1.0,0.6798294542755783,0.7136344427763708,0.759584576677353,0.0,0.0,1.0,0.0,0.0,1.0,0.0,0.0,0.0,0.0,1.0,0.0,1.0,0.0
-0.2405063291139241,0.36849299569616356,-1.0,0.2721832282458754,-1.0,-1.0,0.3669164016149582,0.0,0.0,0.0,1.0,0.0,1.0,0.0,0.0,0.0,0.0,1.0,0.0,1.0,0.0
-0.44303797468354433,0.009055046391831967,-1.0,0.4854926907005719,-1.0,0.3719919393999307,0.5200077025991598,0.0,0.0,0.0,1.0,0.0,1.0,0.0,1.0,0.0,0.0,0.0,0.0,1.0,0.0
-0.16455696202531644,-1.0,-1.0,-1.0,-1.0,-1.0,-1.0,0.0,0.0,1.0,0.0,0.0,0.0,1.0,1.0,0.0,0.0,0.0,0.0,1.0,0.0
-0.26582278481012656,-0.8551412152377926,0.5524727360757116,-0.08887938578783727,-0.17599189543729488,0.4097465924788053,0.5903029300908726,0.0,0.0,1.0,0.0,0.0,1.0,0.0,0.0,0.0,0.0,1.0,0.0,1.0,0.0
-0.3924050632911392,-1.0,-1.0,-1.0,-1.0,-1.0,-1.0,0.0,1.0,0.0,0.0,0.0,0.0,1.0,0.0,0.0,0.0,1.0,0.0,1.0,0.0
0.6962025316455696,-1.0,-0.13610608139691016,-1.0,0.5437281620606378,0.126423047316786,0.503049166425527,0.0,0.0,1.0,0.0,0.0,1.0,0.0,0.0,0.0,0.0,1.0,0.0,1.0,0.0
-0.49367088607594933,0.2836062808748008,-1.0,0.44419611750992605,-1.0,-1.0,0.4389613082943311,0.0,0.0,0.0,1.0,0.0,1.0,0.0,0.0,0.0,0.0,1.0,0.0,1.0,0.0
-0.189873417721519,-0.07905274254848893,-1.0,0.43438961019741784,-1.0,-1.0,0.38707571026519116,0.0,0.0,0.0,1.0,0.0,1.0,0.0,0.0,0.0,0.0,1.0,0.0,1.0,0.0
0.06329113924050622,-1.0,-1.0,0.06632192821399041,0.02183936530264141,0.4068200403853339,0.40518572871687875,0.0,1.0,0.0,0.0,0.0,1.0,0.0,0.0,0.0,0.0,1.0,0.0,1.0,0.0
-0.26582278481012656,-0.04180117042686071,-1.0,0.21180383750283527,0.17904230131318943,-1.0,0.2985001993479246,0.0,1.0,0.0,0.0,0.0,1.0,0.0,0.0,0.0,0.0,1.0,0.0,1.0,0.0
-0.03797468354430378,-0.15875362330791187,0.3955103684381338,-1.0,0.2934748308684323,0.840402368051445,0.8021808920839866,0.0,0.0,1.0,0.0,0.0,1.0,0.0,1.0,0.0,0.0,0.0,0.0,1.0,0.0
-0.4177215189873418,-1.0,-1.0,-1.0,-1.0,-1.0,-1.0,0.0,0.0,1.0,0.0,0.0,0.0,1.0,1.0,0.0,0.0,0.0,0.0,1.0,0.0
-0.3417721518987342,0.3205825076991473,0.4029749427076057,-0.3051771617092195,-0.09290287818746878,0.4564092876165553,0.5578930697805511,0.0,0.0,1.0,0.0,0.0,1.0,0.0,0.0,0.0,0.0,1.0,1.0,0.0,0.0
-0.4683544303797469,-0.7102824304755853,-0.18091246688166807,0.10037408595248154,0.23096410388555522,-1.0,0.273642619471695,0.0,1.0,0.0,0.0,1.0,0.0,0.0,0.0,0.0,0.0,1.0,0.0,1.0,0.0
-0.06329113924050633,0.2113010133131934,0.7057305416053641,-1.0,-0.3419656266234128,0.32995193161132397,0.696598627674277,0.0,0.0,0.0,1.0,0.0,1.0,0.0,0.0,0.0,0.0,1.0,0.0,1.0,0.0
0.3417721518987342,0.34640746651003873,-0.3164244002440262,-1.0,-1.0,-0.2790704002321086,0.2480835642409187,0.0,1.0,0.0,0.0,0.0,1.0,0.0,0.0,0.0,0.0,1.0,0.0,1.0,0.0
0.31645569620253156,0.23069923471076614,0.40401841964893714,-0.5633695079021357,0.2906953488609503,-0.16667613242938417,0.4830030541713324,0.0,0.0,1.0,0.0,0.0,1.0,0.0,1.0,0.0,0.0,0.0,0.0,1.0,0.0
-0.2911392405063291,-1.0,-1.0,-1.0,-1.0,-1.0,-1.0,0.0,0.0,1.0,0.0,0.0,0.0,1.0,0.0,0.0,0.0,1.0,0.0,1.0,0.0
0.012658227848101333,-1.0,-1.0,-1.0,-1.0,-1.0,-1.0,0.0,1.0,0.0,0.0,0.0,0.0,1.0,0.0,1.0,0.0,0.0,0.0,1.0,0.0
0.16455696202531644,-1.0,-1.0,-1.0,-1.0,-1.0,-1.0,0.0,0.0,1.0,0.0,0.0,0.0,1.0,1.0,0.0,0.0,0.0,0.0,1.0,0.0
-0.5189873417721519,0.47101461075854445,-0.42435512987010526,-1.0,-1.0,0.29026165532034165,0.4320020999371834,0.0,1.0,0.0,0.0,0.0,1.0,0.0,0.0,0.0,0.0,1.0,0.0,1.0,0.0
0.08860759493670889,-0.4484711928323267,0.497386340297294,0.14377591668561807,-1.0,0.10358468451182512,0.5068876988771229,0.0,0.0,0.0,1.0,0.0,1.0,0.0,0.0,0.0,0.0,1.0,0.0,1.0,0.0
-0.49367088607594933,-1.0,0.9151114758679266,-0.08486472195750094,-0.45932089796816633,-0.19526481959845898,0.8692828994627053,0.0,0.0,1.0,0.0,0.0,1.0,0.0,1.0,0.0,0.0,0.0,0.0,1.0,0.0
-0.4683544303797469,-1.0,-1.0,-1.0,-1.0,-1.0,-1.0,0.0,1.0,0.0,0.0,0.0,0.0,1.0,0.0,0.0,1.0,0.0,0.0,1.0,0.0
-0.1392405063291139,0.009055046391831967,-1.0,-1.0,0.3021764796116613,-1.0,0.2753096940518822,0.0,1.0,0.0,0.0,0.0,1.0,0.0,0.0,0.0,0.0,1.0,0.0,1.0,0.0
-0.6455696202531646,-1.0,-0.7852186672204382,-1.0,-1.0,0.3235740121116333,0.273642619471695,0.0,1.0,0.0,0.0,0.0,1.0,0.0,1.0,0.0,0.0,0.0,0.0,1.0,0.0
-0.26582278481012656,-1.0,-1.0,-1.0,0.23552550386336968,0.44673961328231937,0.4457723906092581,0.0,1.0,0.0,0.0,1.0,0.0,0.0,0.0,0.0,1.0,0.0,0.0,1.0,0.0
0.3924050632911391,-1.0,-1.0,-0.6439431695605231,-1.0,0.5433735342822987,0.48498684596487873,0.0,1.0,0.0,0.0,0.0,1.0,0.0,0.0,0.0,0.0,1.0,0.0,1.0,0.0
-0.11392405063291144,0.11039124575754489,0.40327364772254115,-0.18309084251992647,-1.0,-1.0,0.4031351607605127,0.0,1.0,0.0,0.0,0.0,1.0,0.0,0.0,0.0,0.0,1.0,0.0,1.0,0.0
-0.06329113924050633,-1.0,-1.0,-1.0,-1.0,-1.0,-1.0,0.0,0.0,1.0,0.0,0.0,0.0,1.0,1.0,0.0,0.0,0.0,0.0,1.0,0.0
-0.11392405063291144,-0.25109094697931345,-1.0,-0.4618586993203633,-1.0,0.32898397359445,0.28947155819687853,0.0,1.0,0.0,0.0,0.0,1.0,0.0,0.0,0.0,0.0,1.0,0.0,1.0,0.0
-0.4177215189873418,-1.0,-1.0,-1.0,0.323857267249827,-1.0,0.2640779304761438,0.0,1.0,0.0,0.0,0.0,1.0,0.0,0.0,0.0,0.0,1.0,0.0,1.0,0.0
-0.44303797468354433,-1.0,-1.0,-1.0,-1.0,-1.0,-1.0,0.0,1.0,0.0,0.0,0.0,0.0,1.0,0.0,0.0,1.0,0.0,0.0,1.0,0.0
0.06329113924050622,-0.2453649161795992,-1.0,0.5591118113811524,-1.0,-0.5436529399901353,0.49905844528648013,0.0,0.0,0.0,1.0,0.0,1.0,0.0,0.0,0.0,0.0,1.0,0.0,1.0,0.0
0.11392405063291133,-1.0,-1.0,-1.0,-1.0,-1.0,-1.0,0.0,1.0,0.0,0.0,0.0,0.0,1.0,0.0,0.0,0.0,1.0,0.0,1.0,0.0
-0.26582278481012656,-1.0,-1.0,-1.0,-1.0,-1.0,-1.0,0.0,1.0,0.0,0.0,0.0,0.0,1.0,1.0,0.0,0.0,0.0,0.0,1.0,0.0
-0.1392405063291139,-1.0,-1.0,-1.0,-1.0,-1.0,-1.0,0.0,0.0,0.0,1.0,0.0,0.0,1.0,0.0,0.0,0.0,1.0,0.0,1.0,0.0
0.08860759493670889,-1.0,-1.0,-1.0,-1.0,-1.0,-1.0,0.0,0.0,0.0,1.0,0.0,0.0,1.0,0.0,0.0,0.0,1.0,0.0,1.0,0.0
-0.5443037974683544,-1.0,-1.0,0.5722040254851402,-1.0,-1.0,0.5082899903862379,0.0,1.0,0.0,0.0,0.0,1.0,0.0,0.0,0.0,0.0,1.0,0.0,1.0,0.0
-0.3417721518987342,-0.3959497317415208,-1.0,0.31473852392378765,0.19372180958902452,-1.0,0.3448650170523748,0.0,0.0,0.0,1.0,0.0,1.0,0.0,0.0,0.0,0.0,1.0,0.0,1.0,0.0
0.08860759493670889,0.4610654365035338,-0.6853510347334366,0.05583551411883647,0.197229035610879,-1.0,0.41738438844074754,0.0,0.0,0.0,1.0,0.0,1.0,0.0,0.0,0.0,0.0,1.0,0.0,1.0,0.0
-0.6708860759493671,-1.0,-0.4705697019538748,0.34226885239978055,-1.0,-0.14967809093485762,0.30591264941883556,0.0,1.0,0.0,0.0,0.0,1.0,0.0,0.0,0.0,1.0,0.0,0.0,1.0,0.0
-0.189873417721519,-1.0,0.25094062949372287,-0.12673901580427138,-1.0,-0.4164445537281488,0.2486298129559037,0.0,1.0,0.0,0.0,0.0,1.0,0.0,0.0,0.0,0.0,1.0,0.0,1.0,0.0
-0.36708860759493667,-1.0,-1.0,-1.0,-1.0,-1.0,-1.0,0.0,0.0,1.0,0.0,0.0,0.0,1.0,1.0,0.0,0.0,0.0,0.0,1.0,0.0
-0.49367088607594933,0.40868125916620657,-1.0,-0.23490213093186518,-0.03760074042528205,-1.0,0.3197374772423094,0.0,0.0,0.0,1.0,0.0,1.0,0.0,0.0,0.0,0.0,1.0,0.0,1.0,0.0
-0.36708860759493667,-0.13413849409826228,-1.0,-1.0,-1.0,0.3603303989527713,0.3204872940244494,0.0,1.0,0.0,0.0,0.0,1.0,0.0,0.0,0.0,0.0,1.0,0.0,1.0,0.0
0.03797468354430378,0.3657807969183393,-0.3224403331882094,0.49825435041761956,-1.0,-1.0,0.49905844528648013,0.0,0.0,0.0,1.0,0.0,1.0,0.0,0.0,0.0,0.0,1.0,0.0,1.0,0.0
-0.4177215189873418,-1.0,0.23431375921633224,-0.18637553053927358,0.3138656211375297,-0.46329421162663964,0.37340385572274326,0.0,1.0,0.0,0.0,0.0,1.0,0.0,0.0,0.0,0.0,1.0,0.0,1.0,0.0
-0.44303797468354433,-1.0,0.7774871657848805,-0.3857508233676067,0.5370500735417851,-0.4062787864940952,0.7762238903900098,0.0,0.0,1.0,0.0,0.0,1.0,0.0,0.0,0.0,0.0,1.0,0.0,1.0,0.0
0.36708860759493667,-1.0,0.46894814759955783,-1.0,-1.0,0.4820910482605614,0.5611501384839761,0.0,0.0,1.0,0.0,0.0,1.0,0.0,1.0,0.0,0.0,0.0,0.0,1.0,0.0
-0.21518987341772156,-1.0,-1.0,-0.08887938578783727,-1.0,-1.0,-0.1259187229044817,0.0,0.0,0.0,1.0,0.0,1.0,0.0,0.0,0.0,0.0,1.0,0.0,1.0,0.0
-0.5696202531645569,-0.03757906621436391,0.2215073413002493,0.5072392851819458,-1.0,-0.6143419940193948,0.498250177595845,0.0,1.0,0.0,0.0,0.0,1.0,0.0,0.0,0.0,0.0,1.0,0.0,1.0,0.0
-0.5189873417721519,-1.0,-1.0,0.3150043689142381,-0.3419656266234128,-1.0,0.2680601258366466,0.0,1.0,0.0,0.0,0.0,1.0,0.0,0.0,0.0,1.0,0.0,0.0,1.0,0.0
0.139240506329114,-1.0,-1.0,-1.0,0.3282855713633015,-1.0,0.26830627263791507,0.0,1.0,0.0,0.0,0.0,1.0,0.0,0.0,0.0,0.0,1.0,0.0,1.0,0.0
-0.5696202531645569,-1.0,-1.0,-1.0,-1.0,-1.0,-1.0,0.0,0.0,0.0,1.0,0.0,0.0,1.0,0.0,0.0,0.0,1.0,0.0,1.0,0.0
-0.8734177215189873,-1.0,-1.0,-1.0,-1.0,-1.0,-1.0,0.0,1.0,0.0,0.0,0.0,0.0,1.0,0.0,0.0,1.0,0.0,0.0,1.0,0.0
-0.21518987341772156,-1.0,-1.0,-1.0,-1.0,-1.0,-1.0,0.0,1.0,0.0,0.0,0.0,0.0,1.0,0.0,0.0,0.0,1.0,0.0,1.0,0.0
-0.3924050632911392,-1.0,-0.6853510347334366,-1.0,0.2995163276064905,-0.06133751837257284,0.2714775917362522,1.0,0.0,0.0,0.0,0.0,1.0,0.0,0.0,0.0,0.0,1.0,0.0,1.0,0.0
-0.44303797468354433,0.2902413476897834,-0.3049209416110785,-1.0,-0.3209297429561534,-0.6810270934861755,0.2018843505956851,0.0,1.0,0.0,0.0,0.0,1.0,0.0,0.0,0.0,1.0,0.0,0.0,1.0,0.0
-0.49367088607594933,-1.0,-1.0,-1.0,-1.0,-1.0,-1.0,0.0,0.0,0.0,1.0,1.0,0.0,0.0,1.0,0.0,0.0,0.0,0.0,1.0,0.0
-0.9746835443037974,-1.0,-1.0,-1.0,-1.0,-1.0,-1.0,0.0,0.0,0.0,1.0,0.0,1.0,0.0,0.0,0.0,0.0,1.0,0.0,1.0,0.0
-0.44303797468354433,-1.0,-1.0,-1.0,-1.0,-1.0,-1.0,0.0,1.0,0.0,0.0,0.0,0.0,1.0,1.0,0.0,0.0,0.0,0.0,1.0,0.0
0.012658227848101333,-1.0,-0.062411466047175734,-1.0,0.5858130642415835,0.14259751709323565,0.5417745764945188,0.0,0.0,1.0,0.0,0.0,1.0,0.0,0.0,0.0,0.0,1.0,0.0,1.0,0.0
-0.26582278481012656,0.5191101772253803,-0.6497067338580801,-1.0,-1.0,-1.0,0.3864149100503891,0.0,1.0,0.0,0.0,0.0,1.0,0.0,0.0,0.0,0.0,1.0,0.0,1.0,0.0
-0.1392405063291139,0.41356435632367394,-1.0,0.10347913507471507,-1.0,-0.2897859292888483,0.3448650170523748,0.0,0.0,0.0,1.0,0.0,1.0,0.0,0.0,0.0,0.0,1.0,0.0,1.0,0.0
-0.31645569620253167,0.5631947422071113,-1.0,0.09157623024466055,-1.0,-0.2790704002321086,0.453841534846567,0.0,1.0,0.0,0.0,0.0,1.0,0.0,0.0,0.0,0.0,1.0,0.0,1.0,0.0
0.08860759493670889,-1.0,-1.0,-1.0,-1.0,-1.0,-1.0,0.0,0.0,1.0,0.0,0.0,0.0,1.0,1.0,0.0,0.0,0.0,0.0,1.0,0.0
-0.08860759493670889,-1.0,-1.0,-1.0,-0.29594014131866886,0.27429973789850726,0.23565221369765466,0.0,1.0,0.0,0.0,0.0,1.0,0.0,1.0,0.0,0.0,0.0,0.0,1.0,0.0
-0.6962025316455696,-1.0,-1.0,-1.0,-1.0,-1.0,-1.0,0.0,1.0,0.0,0.0,0.0,1.0,0.0,0.0,1.0,0.0,0.0,0.0,1.0,0.0
-0.8481012658227848,-1.0,-1.0,-1.0,-1.0,-1.0,-1.0,0.0,1.0,0.0,0.0,0.0,0.0,1.0,0.0,0.0,0.0,1.0,0.0,1.0,0.0
-0.189873417721519,-1.0,-1.0,-1.0,-1.0,-1.0,-1.0,0.0,0.0,0.0,1.0,1.0,0.0,0.0,0.0,0.0,0.0,1.0,0.0,1.0,0.0
0.5949367088607596,0.22837066409780515,0.10712233237091406,-1.0,-1.0,0.09349852724469665,0.29511094259548454,0.0,1.0,0.0,0.0,0.0,1.0,0.0,0.0,0.0,1.0,0.0,0.0,1.0,0.0
-0.1392405063291139,0.140091468914203,-1.0,-1.0,0.3898661455938075,0.002092350453637648,0.38694373333288823,0.0,1.0,0.0,0.0,0.0,1.0,0.0,0.0,0.0,0.0,1.0,0.0,1.0,0.0
-0.31645569620253167,-1.0,-0.3870033736503038,-1.0,0.4082923557072178,-1.0,0.3482912574054886,0.0,1.0,0.0,0.0,0.0,1.0,0.0,0.0,0.0,1.0,0.0,0.0,1.0,0.0
-0.16455696202531644,-1.0,0.17036570005481244,-1.0,0.42372839863723133,0.3358968587328688,0.4909703538949388,0.0,0.0,1.0,0.0,0.0,1.0,0.0,0.0,0.0,0.0,1.0,0.0,1.0,0.0
-0.012658227848101333,-1.0,-1.0,-1.0,-1.0,0.3107000709575747,0.2607800056197276,0.0,1.0,0.0,0.0,0.0,1.0,0.0,0.0,0.0,1.0,0.0,0.0,1.0,0.0
-0.6455696202531646,-1.0,-0.26018186629887174,0.23693865347225573,-0.034406172544717895,-1.0,0.24140349966168073,0.0,1.0,0.0,0.0,0.0,1.0,0.0,0.0,0.0,1.0,0.0,0.0,1.0,0.0
0.06329113924050622,0.3205825076991473,-1.0,0.4037326428274517,-1.0,0.11390168335183959,0.4488504097812791,0.0,0.0,0.0,1.0,0.0,1.0,0.0,0.0,0.0,0.0,1.0,0.0,1.0,0.0
0.4430379746835442,-1.0,-1.0,-1.0,-1.0,-1.0,-1.0,0.0,0.0,1.0,0.0,1.0,0.0,0.0,0.0,0.0,0.0,1.0,0.0,1.0,0.0
-0.5949367088607596,-1.0,-1.0,-1.0,-1.0,-1.0,-1.0,0.0,1.0,0.0,0.0,0.0,0.0,1.0,0.0,0.0,1.0,0.0,0.0,1.0,0.0
-1.0,-1.0,-1.0,-1.0,-1.0,-1.0,-1.0,0.0,1.0,0.0,0.0,0.0,0.0,1.0,0.0,0.0,0.0,1.0,0.0,1.0,0.0
-0.4177215189873418,0.588699068067152,-1.0,0.589422017176136,-1.0,-1.0,0.622844455609356,0.0,0.0,0.0,1.0,0.0,1.0,0.0,0.0,0.0,0.0,1.0,0.0,1.0,0.0
-0.31645569620253167,-0.012037163643763504,0.20453078281981152,-1.0,-0.09503825932377863,-1.0,0.24281461395860493,0.0,1.0,0.0,0.0,0.0,1.0,0.0,0.0,0.0,1.0,0.0,0.0,1.0,0.0
-0.21518987341772156,-1.0,-1.0,-1.0,-1.0,-1.0,-1.0,0.0,0.0,0.0,1.0,0.0,0.0,1.0,0.0,0.0,0.0,1.0,0.0,1.0,0.0
-0.06329113924050633,-0.6636483178693894,-1.0,0.07539743686353306,0.24590996836935264,-0.8626258465039598,0.2597536738213766,0.0,1.0,0.0,0.0,0.0,1.0,0.0,0.0,0.0,1.0,0.0,0.0,1.0,0.0
-0.26582278481012656,0.4190423932175298,-1.0,-0.8622584156094552,-1.0,-1.0,0.2946830172281585,0.0,1.0,0.0,0.0,0.0,1.0,0.0,0.0,0.0,0.0,1.0,0.0,1.0,0.0
-0.3417721518987342,-1.0,-1.0,-1.0,-1.0,-1.0,-1.0,1.0,0.0,0.0,0.0,0.0,0.0,1.0,0.0,0.0,0.0,1.0,0.0,1.0,0.0
-0.16455696202531644,-1.0,-1.0,-1.0,-1.0,-1.0,-1.0,0.0,0.0,0.0,1.0,0.0,0.0,1.0,0.0,0.0,0.0,1.0,0.0,1.0,0.0
-0.5443037974683544,-1.0,-1.0,-1.0,-1.0,-1.0,-1.0,0.0,0.0,1.0,0.0,0.0,0.0,1.0,1.0,0.0,0.0,0.0,0.0,1.0,0.0
-0.012658227848101333,-1.0,0.7341534639221163,-1.0,0.8944688532376666,0.4515027292871703,0.9047859659412805,0.0,0.0,1.0,0.0,0.0,1.0,0.0,0.0,0.0,0.0,1.0,0.0,1.0,0.0
0.4177215189873418,-1.0,-1.0,-1.0,-1.0,-1.0,-1.0,0.0,0.0,1.0,0.0,0.0,0.0,1.0,0.0,0.0,0.0,1.0,0.0,1.0,0.0
-0.21518987341772156,-1.0,1.0,-0.7245168312189103,0.06081469113432347,0.5962548948465298,0.9720173977611566,0.0,0.0,1.0,0.0,0.0,1.0,0.0,1.0,0.0,0.0,0.0,0.0,0.0,1.0
-0.3417721518987342,-0.4639587993442762,-0.16390153435380206,-1.0,-0.0727184083180884,0.27589162605529816,0.27696231702976926,0.0,1.0,0.0,0.0,0.0,1.0,0.0,1.0,0.0,0.0,0.0,0.0,1.0,0.0
0.012658227848101333,-0.6636483178693894,-0.514194800495722,0.2931203751692606,-1.0,0.3182684445377102,0.3887831475996404,0.0,1.0,0.0,0.0,0.0,1.0,0.0,0.0,0.0,0.0,1.0,0.0,1.0,0.0
0.08860759493670889,-1.0,0.32748026668676045,-1.0,-1.0,-1.0,0.2944686937979426,0.0,1.0,0.0,0.0,0.0,1.0,0.0,0.0,0.0,0.0,1.0,0.0,1.0,0.0
0.11392405063291133,0.5154371995486815,0.33225945208697216,-0.42562792351159096,0.45377403289063234,0.6327350955453948,0.702817809019882,0.0,0.0,1.0,0.0,0.0,1.0,0.0,0.0,0.0,0.0,1.0,0.0,0.0,1.0
-0.5189873417721519,-1.0,-0.10765900040864773,0.2698628787718933,-1.0,-1.0,0.24643536373456643,0.0,1.0,0.0,0.0,0.0,1.0,0.0,0.0,0.0,1.0,0.0,0.0,1.0,0.0
0.03797468354430378,-1.0,-1.0,-1.0,-1.0,-1.0,-1.0,0.0,0.0,1.0,0.0,0.0,0.0,1.0,0.0,0.0,0.0,1.0,0.0,1.0,0.0
0.1898734177215189,-1.0,-1.0,-1.0,-1.0,-1.0,-1.0,0.0,0.0,0.0,1.0,0.0,0.0,1.0,0.0,0.0,0.0,1.0,0.0,1.0,0.0
-0.31645569620253167,-1.0,-1.0,-1.0,-1.0,-1.0,-1.0,0.0,0.0,0.0,1.0,0.0,0.0,1.0,0.0,0.0,0.0,1.0,0.0,1.0,0.0
0.2911392405063291,0.2557641440641556,-1.0,-0.2073126774626588,-1.0,0.1615434194213652,0.27672710334034045,0.0,1.0,0.0,0.0,0.0,1.0,0.0,0.0,0.0,0.0,1.0,0.0,1.0,0.0
0.012658227848101333,-1.0,-1.0,0.1406064858527014,-0.8616088449879872,0.19805361860365212,0.2576842839378861,0.0,1.0,0.0,0.0,0.0,1.0,0.0,0.0,0.0,1.0,0.0,0.0,1.0,0.0
-0.5949367088607596,-1.0,-1.0,0.27898601332956674,-0.2585621900439785,0.059737947850005524,0.2910063389965696,0.0,1.0,0.0,0.0,0.0,1.0,0.0,1.0,0.0,0.0,0.0,0.0,1.0,0.0
-0.3924050632911392,0.3687921898065436,-1.0,-0.2148124015004551,-0.7806552088744709,-0.6810270934861755,0.26357425601910145,0.0,1.0,0.0,0.0,0.0,1.0,0.0,0.0,0.0,0.0,1.0,0.0,1.0,0.0
0.06329113924050622,0.40644608224046186,-1.0,-0.2148124015004551,0.14209590112450243,-1.0,0.35038181291755377,0.0,0.0,0.0,1.0,0.0,1.0,0.0,0.0,0.0,0.0,1.0,0.0,1.0,0.0
-0.2405063291139241,-1.0,-1.0,-1.0,-1.0,-1.0,-1.0,0.0,0.0,0.0,1.0,0.0,0.0,1.0,1.0,0.0,0.0,0.0,0.0,1.0,0.0
-0.620253164556962,-1.0,-1.0,-1.0,-1.0,-1.0,-1.0,0.0,0.0,1.0,0.0,0.0,0.0,1.0,1.0,0.0,0.0,0.0,0.0,1.0,0.0
0.03797468354430378,-1.0,0.15715791978146454,-1.0,0.4853543871297512,-0.3873893563162252,0.4577970682343184,0.0,0.0,1.0,0.0,0.0,1.0,0.0,0.0,0.0,0.0,1.0,0.0,1.0,0.0
-0.08860759493670889,-1.0,-1.0,-1.0,-1.0,-1.0,-1.0,0.0,0.0,0.0,1.0,0.0,0.0,1.0,0.0,0.0,0.0,1.0,0.0,1.0,0.0
-0.44303797468354433,-1.0,-1.0,-1.0,-1.0,-1.0,-1.0,0.0,0.0,1.0,0.0,0.0,0.0,1.0,1.0,0.0,0.0,0.0,0.0,1.0,0.0
-0.2911392405063291,-1.0,-1.0,-1.0,-1.0,-1.0,-1.0,0.0,0.0,1.0,0.0,0.0,0.0,1.0,1.0,0.0,0.0,0.0,0.0,1.0,0.0
-0.5696202531645569,-1.0,-1.0,-1.0,0.34999014843665144,-1.0,0.289030770321669,0.0,1.0,0.0,0.0,0.0,1.0,0.0,1.0,0.0,0.0,0.0,0.0,1.0,0.0
-0.4177215189873418,0.5541567072569453,-0.24728692567616273,-0.12189196817407655,0.0908880761486004,-0.4271600827848884,0.45624304792525394,0.0,0.0,0.0,1.0,0.0,1.0,0.0,0.0,0.0,0.0,1.0,0.0,1.0,0.0
0.06329113924050622,0.7820625731046285,0.20617366975031248,-1.0,-1.0,-1.0,0.6428270052563021,0.0,1.0,0.0,0.0,0.0,1.0,0.0,0.0,0.0,0.0,1.0,0.0,1.0,0.0
-0.012658227848101333,-1.0,-1.0,-1.0,-1.0,-1.0,-1.0,0.0,0.0,1.0,0.0,0.0,0.0,1.0,0.0,0.0,0.0,1.0,1.0,0.0,0.0
0.2911392405063291,-1.0,-1.0,-1.0,-1.0,-1.0,-1.0,0.0,0.0,1.0,0.0,0.0,0.0,1.0,0.0,0.0,0.0,1.0,0.0,1.0,0.0
-0.9493670886075949,-1.0,-1.0,-1.0,-1.0,-1.0,-1.0,0.0,1.0,0.0,0.0,0.0,1.0,0.0,1.0,0.0,0.0,0.0,0.0,1.0,0.0
-0.620253164556962,-1.0,-1.0,0.3253566626998461,-1.0,-1.0,0.2714775917362522,0.0,1.0,0.0,0.0,0.0,1.0,0.0,0.0,0.0,0.0,1.0,0.0,1.0,0.0
0.26582278481012667,-1.0,-1.0,-1.0,-1.0,-1.0,-1.0,0.0,0.0,1.0,0.0,0.0,0.0,1.0,1.0,0.0,0.0,0.0,0.0,1.0,0.0
-0.08860759493670889,-0.8551412152377926,0.6243691627707095,-0.09297683199834372,-1.0,0.5170265251174766,0.6666902197921969,0.0,0.0,1.0,0.0,0.0,1.0,0.0,1.0,0.0,0.0,0.0,0.0,1.0,0.0
-0.189873417721519,-0.5408085165037282,0.2782219894430644,-0.7245168312189103,-0.6422640538624581,-1.0,0.25079928924001504,0.0,1.0,0.0,0.0,0.0,1.0,0.0,0.0,0.0,1.0,0.0,0.0,1.0,0.0
0.3924050632911391,-1.0,0.08179089332610823,-0.8622584156094552,-1.0,0.25199261524217453,0.2760197159940232,0.0,1.0,0.0,0.0,0.0,1.0,0.0,0.0,0.0,0.0,1.0,0.0,1.0,0.0
-0.620253164556962,-1.0,-1.0,-1.0,-1.0,-1.0,-1.0,0.0,1.0,0.0,0.0,0.0,0.0,1.0,0.0,0.0,0.0,1.0,0.0,1.0,0.0
-0.5696202531645569,-1.0,-1.0,-1.0,-1.0,0.3260514069946534,0.2755466619768592,0.0,1.0,0.0,0.0,0.0,1.0,0.0,0.0,0.0,0.0,1.0,0.0,1.0,0.0
-0.8987341772151899,-1.0,-1.0,-1.0,-1.0,-1.0,-1.0,0.0,0.0,0.0,1.0,0.0,0.0,1.0,0.0,0.0,0.0,1.0,0.0,1.0,0.0
-0.31645569620253167,-1.0,-1.0,-1.0,-1.0,-1.0,-1.0,0.0,0.0,0.0,1.0,0.0,0.0,1.0,1.0,0.0,0.0,0.0,0.0,1.0,0.0
-0.06329113924050633,-1.0,-0.07406186372818535,-1.0,0.12785291692407785,0.21341078861950757,0.2863644237654679,0.0,1.0,0.0,0.0,1.0,0.0,0.0,0.0,0.0,0.0,1.0,0.0,1.0,0.0
-0.31645569620253167,0.5557515677444729,-0.6853510347334366,-0.36034789073859075,-1.0,-1.0,0.422272878621454,0.0,0.0,0.0,1.0,0.0,1.0,0.0,0.0,0.0,0.0,1.0,0.0,0.0,1.0
-0.4683544303797469,-1.0,-1.0,-1.0,-1.0,-1.0,-1.0,0.0,0.0,0.0,1.0,0.0,0.0,1.0,1.0,0.0,0.0,0.0,0.0,1.0,0.0
-0.5189873417721519,-1.0,-1.0,-1.0,-1.0,-1.0,-1.0,0.0,0.0,0.0,1.0,0.0,0.0,1.0,0.0,0.0,0.0,1.0,0.0,1.0,0.0
-0.5696202531645569,-1.0,-0.31058807447301096,-1.0,-0.1927796138817054,0.3008840285539818,0.27388166736646213,0.0,1.0,0.0,0.0,0.0,1.0,0.0,1.0,0.0,0.0,0.0,0.0,1.0,0.0
-0.3924050632911392,-1.0,-1.0,0.3101638808608884,-1.0,-0.1416962467360685,0.2755466619768592,0.0,1.0,0.0,0.0,0.0,1.0,0.0,0.0,0.0,0.0,1.0,0.0,1.0,0.0
-0.44303797468354433,-1.0,0.3128735302891006,-1.0,-1.0,0.1933006567647011,0.3572921160037634,0.0,1.0,0.0,0.0,0.0,1.0,0.0,0.0,0.0,0.0,1.0,0.0,1.0,0.0
-0.03797468354430378,-1.0,-1.0,-1.0,-1.0,-1.0,-1.0,0.0,1.0,0.0,0.0,0.0,0.0,1.0,0.0,0.0,0.0,1.0,0.0,1.0,0.0
-0.4177215189873418,0.2002132966904817,0.18457309175044556,0.2454124570657794,-0.27373324999522164,-1.0,0.36720946957597533,0.0,1.0,0.0,0.0,0.0,1.0,0.0,0.0,0.0,1.0,0.0,0.0,1.0,0.0
0.36708860759493667,-1.0,-1.0,-1.0,-1.0,-1.0,-1.0,1.0,0.0,0.0,0.0,0.0,0.0,1.0,0.0,0.0,0.0,1.0,0.0,1.0,0.0
-0.26582278481012656,-1.0,-1.0,-1.0,-1.0,-1.0,-1.0,0.0,1.0,0.0,0.0,0.0,0.0,1.0,0.0,0.0,0.0,1.0,0.0,1.0,0.0
-0.189873417721519,-1.0,-0.12027643581195502,-1.0,0.8024443168687962,-0.8626258465039598,0.7231026297362948,0.0,0.0,1.0,0.0,0.0,1.0,0.0,0.0,0.0,0.0,1.0,0.0,1.0,0.0
0.4683544303797469,-1.0,0.09377946981155483,-1.0,-0.061519796693389694,0.26614266025771416,0.31148500728314255,0.0,1.0,0.0,0.0,0.0,1.0,0.0,0.0,0.0,0.0,1.0,0.0,1.0,0.0
-0.5189873417721519,-0.3112127747555923,0.12402009418983506,0.22308786552940751,-1.0,-1.0,0.27672710334034045,0.0,1.0,0.0,0.0,0.0,1.0,0.0,0.0,0.0,0.0,1.0,0.0,1.0,0.0
-0.1392405063291139,-1.0,0.6732125304295244,-1.0,0.4365639963548922,-0.7822671181404642,0.6750559977315773,0.0,0.0,1.0,0.0,0.0,1.0,0.0,0.0,0.0,0.0,1.0,0.0,0.0,1.0
-0.5189873417721519,-1.0,-1.0,-1.0,-1.0,-1.0,-1.0,0.0,1.0,0.0,0.0,0.0,0.0,1.0,0.0,0.0,0.0,1.0,0.0,1.0,0.0
-0.31645569620253167,-1.0,-1.0,-1.0,-1.0,-1.0,-1.0,0.0,0.0,0.0,1.0,0.0,0.0,1.0,0.0,0.0,0.0,1.0,0.0,1.0,0.0
-0.2405063291139241,-1.0,0.3560716121466361,-1.0,-0.12262083549788372,-1.0,0.3366225397590199,0.0,1.0,0.0,0.0,0.0,1.0,0.0,0.0,0.0,0.0,1.0,0.0,1.0,0.0
0.11392405063291133,-1.0,-1.0,-1.0,-1.0,-1.0,-1.0,0.0,1.0,0.0,0.0,0.0,0.0,1.0,0.0,1.0,0.0,0.0,0.0,1.0,0.0
0.06329113924050622,-1.0,0.3075893601240487,-1.0,0.5717086370223976,0.29026165532034165,0.5857045240582637,0.0,0.0,1.0,0.0,0.0,1.0,0.0,0.0,0.0,0.0,1.0,0.0,1.0,0.0
-0.9746835443037974,-1.0,-1.0,-1.0,-1.0,-1.0,-1.0,0.0,1.0,0.0,0.0,0.0,1.0,0.0,0.0,0.0,0.0,1.0,0.0,1.0,0.0
-0.16455696202531644,-1.0,-1.0,-1.0,-1.0,-1.0,-1.0,0.0,1.0,0.0,0.0,0.0,0.0,1.0,0.0,0.0,0.0,1.0,0.0,1.0,0.0
0.31645569620253156,-1.0,-1.0,-1.0,-1.0,-1.0,-1.0,0.0,0.0,0.0,1.0,0.0,0.0,1.0,0.0,0.0,0.0,1.0,0.0,1.0,0.0
-0.44303797468354433,-0.03967945625997338,-1.0,-0.23490213093186518,0.2906953488609503,-1.0,0.27099311708899076,0.0,1.0,0.0,0.0,0.0,1.0,0.0,0.0,0.0,0.0,1.0,0.0,1.0,0.0
-0.08860759493670889,-1.0,-1.0,-1.0,-1.0,-1.0,-1.0,0.0,1.0,0.0,0.0,0.0,0.0,1.0,0.0,0.0,0.0,1.0,0.0,1.0,0.0
-0.2405063291139241,-1.0,-1.0,-1.0,-1.0,-1.0,-1.0,0.0,0.0,0.0,1.0,0.0,0.0,1.0,0.0,0.0,0.0,1.0,0.0,1.0,0.0
-0.16455696202531644,-1.0,-0.7852186672204382,-1.0,-1.0,0.3267886267287625,0.27672710334034045,0.0,1.0,0.0,0.0,0.0,1.0,0.0,0.0,1.0,0.0,0.0,0.0,1.0,0.0
0.49367088607594933,-1.0,-1.0,-1.0,-1.0,-1.0,-1.0,0.0,1.0,0.0,0.0,0.0,0.0,1.0,0.0,0.0,0.0,1.0,0.0,1.0,0.0
-0.3417721518987342,0.39907677836782174,-1.0,-1.0,-1.0,-0.2640108285545778,0.28546728953998235,0.0,1.0,0.0,0.0,0.0,1.0,0.0,0.0,0.0,1.0,0.0,0.0,1.0,0.0
-0.3417721518987342,0.5038576958652587,-1.0,-0.21867114605976812,-1.0,-1.0,0.3788530989524681,0.0,0.0,0.0,1.0,0.0,1.0,0.0,0.0,0.0,0.0,1.0,0.0,1.0,0.0
-0.21518987341772156,-1.0,-1.0,-1.0,-1.0,-1.0,-1.0,0.0,0.0,1.0,0.0,0.0,0.0,1.0,1.0,0.0,0.0,0.0,0.0,1.0,0.0
-0.21518987341772156,-1.0,-1.0,-1.0,-1.0,-1.0,-1.0,0.0,1.0,0.0,0.0,0.0,0.0,1.0,0.0,0.0,0.0,1.0,0.0,1.0,0.0
-1.0,-1.0,-1.0,-1.0,-1.0,-1.0,-1.0,0.0,1.0,0.0,0.0,0.0,1.0,0.0,0.0,0.0,0.0,1.0,0.0,1.0,0.0
-0.4177215189873418,0.6472228673645923,-1.0,0.3903742533856922,-1.0,-1.0,0.5684214349906764,0.0,0.0,0.0,1.0,0.0,1.0,0.0,0.0,0.0,0.0,1.0,0.0,1.0,0.0
0.240506329113924,-1.0,-1.0,0.38409450275129764,-1.0,-1.0,0.32782759133581085,0.0,0.0,0.0,1.0,0.0,1.0,0.0,0.0,0.0,0.0,1.0,0.0,1.0,0.0
0.06329113924050622,0.7386622679107968,-1.0,-0.2824416396096122,-1.0,0.4883762890689356,0.6573340404774664,0.0,0.0,0.0,1.0,0.0,1.0,0.0,0.0,0.0,0.0,1.0,0.0,1.0,0.0
-0.6962025316455696,-1.0,-1.0,-1.0,-1.0,-1.0,-1.0,0.0,0.0,1.0,0.0,0.0,1.0,0.0,0.0,0.0,0.0,1.0,0.0,1.0,0.0
-0.4683544303797469,-0.2692751980081092,0.26353773289199456,-1.0,-1.0,-1.0,0.24140349966168073,0.0,1.0,0.0,0.0,0.0,1.0,0.0,0.0,0.0,0.0,1.0,0.0,1.0,0.0
-0.11392405063291144,0.5569701545813759,0.6396951016561565,0.37585725473357123,-1.0,-0.46329421162663964,0.6915904968053272,0.0,0.0,0.0,1.0,0.0,1.0,0.0,0.0,0.0,0.0,1.0,0.0,1.0,0.0
-0.26582278481012656,-1.0,-1.0,-1.0,-1.0,-1.0,-1.0,0.0,0.0,1.0,0.0,0.0,0.0,1.0,1.0,0.0,0.0,0.0,0.0,1.0,0.0
-0.5443037974683544,0.2113010133131934,-1.0,-1.0,-0.3573313781873907,0.13692558440246705,0.23826178454250058,0.0,1.0,0.0,0.0,0.0,1.0,0.0,0.0,0.0,1.0,0.0,0.0,1.0,0.0
-0.2911392405063291,0.33336299021322,-0.20617366975031226,-1.0,-1.0,-1.0,0.23389244116125418,0.0,1.0,0.0,0.0,0.0,1.0,0.0,0.0,0.0,0.0,1.0,0.0,1.0,0.0
-0.5696202531645569,-0.6255454734896567,-1.0,0.4275723282177619,0.13064535731112237,-1.0,0.4076887056483811,0.0,1.0,0.0,0.0,0.0,1.0,0.0,0.0,0.0,0.0,1.0,0.0,1.0,0.0
-0.21518987341772156,-1.0,0.3358740636991202,-1.0,0.5819458570481058,-0.8626258465039598,0.5657529351906596,0.0,0.0,1.0,0.0,0.0,1.0,0.0,0.0,0.0,0.0,1.0,0.0,1.0,0.0
-0.9746835443037974,-1.0,-1.0,-1.0,-1.0,-1.0,-1.0,0.0,0.0,0.0,1.0,0.0,1.0,0.0,0.0,0.0,0.0,1.0,0.0,1.0,0.0
-0.3417721518987342,0.5461225820773061,-1.0,-0.12673901580427138,-0.5848265349639614,-1.0,0.4202881689203908,0.0,0.0,0.0,1.0,0.0,1.0,0.0,0.0,0.0,0.0,1.0,0.0,1.0,0.0
-0.4683544303797469,-1.0,-1.0,-1.0,-1.0,-1.0,-1.0,0.0,1.0,0.0,0.0,0.0,0.0,1.0,0.0,0.0,0.0,1.0,0.0,1.0,0.0
-0.36708860759493667,-1.0,-1.0,-1.0,-1.0,-1.0,-1.0,0.0,0.0,1.0,0.0,0.0,0.0,1.0,0.0,0.0,0.0,1.0,0.0,1.0,0.0
-0.08860759493670889,-1.0,0.35320074713423777,-0.8622584156094552,-0.4343312963306818,0.5749322676687494,0.5741935429221083,0.0,0.0,1.0,0.0,0.0,1.0,0.0,0.0,0.0,0.0,1.0,0.0,1.0,0.0
-0.4683544303797469,-0.3959497317415208,0.18457309175044556,-0.31129207804727577,0.10868299294174188,-1.0,0.2576842839378861,0.0,1.0,0.0,0.0,0.0,1.0,0.0,0.0,0.0,0.0,1.0,0.0,1.0,0.0
-0.189873417721519,-1.0,-1.0,-1.0,-1.0,-1.0,-1.0,0.0,0.0,1.0,0.0,0.0,0.0,1.0,0.0,0.0,1.0,0.0,0.0,1.0,0.0
-0.189873417721519,0.31369220062687053,-1.0,0.31206032838985953,-0.04581820613847054,-1.0,0.3798148917655788,0.0,0.0,0.0,1.0,0.0,1.0,0.0,0.0,0.0,0.0,1.0,0.0,1.0,0.0
-0.7974683544303798,-1.0,-1.0,-1.0,-1.0,-1.0,-1.0,0.0,0.0,0.0,1.0,0.0,1.0,0.0,0.0,0.0,0.0,1.0,0.0,1.0,0.0
-0.7974683544303798,-1.0,-1.0,-1.0,-1.0,-1.0,-1.0,0.0,0.0,0.0,1.0,0.0,1.0,0.0,0.0,0.0,0.0,1.0,0.0,1.0,0.0
-0.5443037974683544,-1.0,-1.0,-1.0,-1.0,-1.0,-1.0,0.0,1.0,0.0,0.0,0.0,0.0,1.0,1.0,0.0,0.0,0.0,0.0,1.0,0.0
-0.5189873417721519,-1.0,-0.6195699068776419,-1.0,-1.0,0.40184432273135196,0.3494197889866024,0.0,1.0,0.0,0.0,0.0,1.0,0.0,1.0,0.0,0.0,0.0,1.0,0.0,0.0
-0.31645569620253167,-1.0,0.5282070186746257,-1.0,0.6381138706872798,-0.09956890498620274,0.6657138249761809,0.0,0.0,1.0,0.0,0.0,1.0,0.0,0.0,0.0,0.0,1.0,0.0,1.0,0.0
-0.7215189873417722,-1.0,-1.0,-1.0,-1.0,-1.0,-1.0,0.0,1.0,0.0,0.0,0.0,1.0,0.0,0.0,0.0,0.0,1.0,0.0,1.0,0.0
-0.9746835443037974,-1.0,-1.0,-1.0,-1.0,-1.0,-1.0,0.0,1.0,0.0,0.0,0.0,0.0,1.0,0.0,0.0,0.0,1.0,0.0,1.0,0.0
-1.0,-1.0,-1.0,-1.0,-1.0,-1.0,-1.0,1.0,0.0,0.0,0.0,0.0,1.0,0.0,0.0,0.0,0.0,1.0,0.0,1.0,0.0
-0.03797468354430378,-1.0,0.5739317864188651,-1.0,-0.3419656266234128,-0.7252516930079197,0.5365463338910572,0.0,0.0,1.0,0.0,0.0,1.0,0.0,0.0,0.0,0.0,1.0,0.0,1.0,0.0
-0.6708860759493671,-1.0,-1.0,-1.0,-1.0,-1.0,-1.0,0.0,1.0,0.0,0.0,0.0,0.0,1.0,0.0,0.0,1.0,0.0,0.0,1.0,0.0
0.5443037974683544,0.4845023259286274,-0.3164244002440262,-1.0,-1.0,0.1682058622350051,0.4076887056483811,0.0,1.0,0.0,0.0,0.0,1.0,0.0,0.0,0.0,0.0,1.0,0.0,1.0,0.0
-0.26582278481012656,0.405946112981896,-1.0,-0.33085400079197247,-0.04750307886341254,-0.25923495866381896,0.3208610993816594,0.0,0.0,0.0,1.0,0.0,1.0,0.0,0.0,0.0,0.0,1.0,0.0,1.0,0.0
0.26582278481012667,-1.0,0.6470800235916709,-1.0,-0.8616088449879872,0.10807217456269624,0.6170104424930454,0.0,0.0,1.0,0.0,0.0,1.0,0.0,1.0,0.0,0.0,0.0,0.0,1.0,0.0
-0.3417721518987342,-1.0,-1.0,-1.0,-1.0,-1.0,-1.0,0.0,0.0,1.0,0.0,0.0,0.0,1.0,1.0,0.0,0.0,0.0,0.0,1.0,0.0
-0.8481012658227848,-1.0,-1.0,-1.0,-1.0,-1.0,-1.0,0.0,0.0,0.0,1.0,0.0,0.0,1.0,0.0,0.0,0.0,1.0,0.0,1.0,0.0
0.06329113924050622,-1.0,0.05357642592719847,-1.0,0.23346504973511695,-0.7822671181404642,0.2494462624740159,0.0,1.0,0.0,0.0,0.0,1.0,0.0,1.0,0.0,0.0,0.0,0.0,1.0,0.0
0.4683544303797469,-0.4340525761212535,-1.0,0.38836420396469373,-1.0,-1.0,0.3343745965030003,0.0,1.0,0.0,0.0,0.0,1.0,0.0,1.0,0.0,0.0,0.0,0.0,1.0,0.0
-0.31645569620253167,-1.0,-1.0,-1.0,-0.27905773174939197,0.20542894442071846,0.1745766985808601,0.0,1.0,0.0,0.0,0.0,1.0,0.0,1.0,0.0,0.0,0.0,0.0,1.0,0.0
0.16455696202531644,-1.0,0.6456165466115016,-1.0,0.09754390024222359,0.7743849181225002,0.798375200978906,0.0,0.0,1.0,0.0,0.0,1.0,0.0,0.0,0.0,0.0,1.0,0.0,1.0,0.0
0.5189873417721518,0.271104990000969,-0.7852186672204382,-1.0,-1.0,0.1698370567106362,0.2755466619768592,0.0,1.0,0.0,0.0,0.0,1.0,0.0,0.0,0.0,0.0,1.0,1.0,0.0,0.0
-0.5696202531645569,0.37985536863263003,-1.0,-0.7816847539510678,-0.3921421186822598,-1.0,0.2643292695647548,0.0,1.0,0.0,0.0,0.0,1.0,0.0,0.0,0.0,0.0,1.0,0.0,1.0,0.0
-0.08860759493670889,-1.0,-1.0,-1.0,-1.0,-1.0,-1.0,0.0,1.0,0.0,0.0,0.0,0.0,1.0,0.0,0.0,0.0,1.0,0.0,1.0,0.0
0.1898734177215189,-0.6255454734896567,0.3558815271591351,-1.0,-0.3573313781873907,-1.0,0.3274672118880446,0.0,0.0,0.0,1.0,0.0,1.0,0.0,0.0,0.0,0.0,1.0,1.0,0.0,0.0
-0.3924050632911392,-1.0,-1.0,-1.0,-1.0,-1.0,-1.0,0.0,1.0,0.0,0.0,0.0,0.0,1.0,1.0,0.0,0.0,0.0,0.0,1.0,0.0
-0.21518987341772156,0.13829757763870099,-1.0,-1.0,0.1250208661345542,-0.5436529399901353,0.1922341215697405,0.0,0.0,0.0,1.0,0.0,1.0,0.0,0.0,0.0,0.0,1.0,0.0,1.0,0.0
-0.49367088607594933,0.25370005765177783,-0.363034326141483,-0.5424323609787505,0.1828145960696239,-1.0,0.27672710334034045,0.0,1.0,0.0,0.0,0.0,1.0,0.0,0.0,0.0,0.0,1.0,0.0,1.0,0.0
0.36708860759493667,0.3696872106623388,-0.3164244002440262,0.02290547341632765,-0.5613104177489419,-1.0,0.29954710297333365,0.0,1.0,0.0,0.0,0.0,1.0,0.0,0.0,0.0,0.0,1.0,0.0,1.0,0.0
-0.08860759493670889,-1.0,0.2453308932347109,0.48840028146858505,-0.40188337906966964,0.3710132262505068,0.5502565342638008,0.0,0.0,1.0,0.0,0.0,1.0,0.0,0.0,0.0,0.0,1.0,0.0,1.0,0.0
-0.08860759493670889,-0.37393074834497464,0.20576424050277975,-1.0,-0.6422640538624581,0.12439032170263675,0.27220200301106146,0.0,1.0,0.0,0.0,0.0,1.0,0.0,0.0,0.0,0.0,1.0,0.0,1.0,0.0
-0.36708860759493667,0.20745451729958653,-1.0,-0.12430071403862064,-0.7232176899759744,0.12976526834298174,0.25025923032049513,0.0,1.0,0.0,0.0,0.0,1.0,0.0,0.0,0.0,0.0,1.0,0.0,1.0,0.0
-0.3924050632911392,-0.3540121549940377,-1.0,0.29896547598626655,-0.487891873354127,-1.0,0.2550655522240399,0.0,1.0,0.0,0.0,0.0,1.0,0.0,1.0,0.0,0.0,0.0,0.0,1.0,0.0
-0.4177215189873418,0.5470165091065362,0.38919820129335236,-1.0,-0.8616088449879872,-1.0,0.5171617726933855,0.0,1.0,0.0,0.0,0.0,1.0,0.0,0.0,0.0,0.0,1.0,0.0,1.0,0.0
0.36708860759493667,0.37057841478647413,-1.0,0.20591207570897585,-1.0,-0.23277050415630363,0.34893695038886774,0.0,0.0,0.0,1.0,0.0,1.0,0.0,0.0,0.0,0.0,1.0,0.0,1.0,0.0
-0.7215189873417722,-1.0,-1.0,-1.0,-1.0,-1.0,-1.0,0.0,1.0,0.0,0.0,0.0,1.0,0.0,0.0,0.0,0.0,1.0,0.0,1.0,0.0
-0.03797468354430378,-1.0,-1.0,-1.0,-1.0,-1.0,-1.0,0.0,1.0,0.0,0.0,0.0,0.0,1.0,0.0,0.0,0.0,1.0,0.0,1.0,0.0
-0.49367088607594933,0.45202887437383943,0.5286790568779753,-1.0,0.03118171200482056,0.03246290321459622,0.5755728612881215,0.0,0.0,1.0,0.0,0.0,1.0,0.0,0.0,0.0,0.0,1.0,0.0,1.0,0.0
-0.5189873417721519,-1.0,-1.0,-1.0,-1.0,-1.0,-1.0,0.0,0.0,0.0,1.0,0.0,0.0,1.0,0.0,0.0,0.0,1.0,0.0,1.0,0.0
0.4683544303797469,-1.0,-1.0,0.3354361058986599,-1.0,-0.0933425601568989,0.3020364615791773,0.0,1.0,0.0,0.0,0.0,1.0,0.0,0.0,0.0,0.0,1.0,0.0,1.0,0.0
-0.4683544303797469,-1.0,-0.04989503937473505,0.0625723999809904,-0.6786656890936953,0.17935195633181666,0.255592184247051,0.0,1.0,0.0,0.0,0.0,1.0,0.0,0.0,0.0,0.0,1.0,0.0,1.0,0.0
0.139240506329114,-1.0,-1.0,-1.0,-1.0,-1.0,-1.0,0.0,0.0,1.0,0.0,0.0,0.0,1.0,1.0,0.0,0.0,0.0,0.0,1.0,0.0
-0.5443037974683544,-1.0,-1.0,-1.0,0.23470387211519772,0.14383620243789408,0.2755466619768592,0.0,1.0,0.0,0.0,0.0,1.0,0.0,0.0,0.0,0.0,1.0,0.0,1.0,0.0
-0.9493670886075949,-1.0,-1.0,-1.0,-1.0,-1.0,-1.0,0.0,1.0,0.0,0.0,0.0,1.0,0.0,0.0,0.0,0.0,1.0,0.0,1.0,0.0
-0.31645569620253167,-1.0,-1.0,-1.0,-1.0,-1.0,-1.0,0.0,0.0,0.0,1.0,0.0,0.0,1.0,0.0,0.0,0.0,1.0,0.0,1.0,0.0
-0.4177215189873418,-1.0,-1.0,-1.0,-1.0,-1.0,-1.0,0.0,0.0,1.0,0.0,0.0,0.0,1.0,1.0,0.0,0.0,0.0,0.0,1.0,0.0
-0.26582278481012656,-1.0,-1.0,0.1147091906781963,0.19372180958902452,-0.22075537037717974,0.2534768707710904,0.0,1.0,0.0,0.0,0.0,1.0,0.0,0.0,0.0,0.0,1.0,0.0,1.0,0.0
-0.4177215189873418,-1.0,0.2037041329867353,-0.04698481551630307,-0.47309575479577604,-0.6143419940193948,0.22297838945417037,0.0,1.0,0.0,0.0,0.0,1.0,0.0,0.0,0.0,1.0,0.0,0.0,1.0,0.0
-0.5949367088607596,-1.0,0.4066763481228899,-1.0,-1.0,-1.0,0.37169533939352095,0.0,1.0,0.0,0.0,0.0,1.0,0.0,0.0,0.0,0.0,1.0,0.0,1.0,0.0
-0.7974683544303798,-1.0,-1.0,-1.0,-1.0,-1.0,-1.0,1.0,0.0,0.0,0.0,0.0,0.0,1.0,0.0,0.0,0.0,1.0,0.0,1.0,0.0
-0.6962025316455696,-1.0,-1.0,-1.0,-1.0,-1.0,-1.0,0.0,1.0,0.0,0.0,0.0,0.0,1.0,0.0,0.0,0.0,1.0,0.0,1.0,0.0
-0.7468354430379747,-1.0,-1.0,-1.0,-1.0,-1.0,-1.0,0.0,0.0,0.0,1.0,0.0,0.0,1.0,0.0,0.0,0.0,1.0,0.0,1.0,0.0
-0.2405063291139241,-0.8551412152377926,0.7133628477961387,-1.0,-0.7806552088744709,0.12776670676849466,0.6794327768863315,0.0,0.0,1.0,0.0,0.0,1.0,0.0,0.0,0.0,0.0,1.0,0.0,1.0,0.0
-0.2405063291139241,-1.0,-1.0,-1.0,-1.0,-1.0,-1.0,0.0,0.0,0.0,1.0,0.0,1.0,0.0,0.0,0.0,0.0,1.0,0.0,1.0,0.0
-0.2911392405063291,0.3470719727945557,-1.0,0.2901320617025749,0.2798313700528299,-1.0,0.438860785923904,0.0,0.0,0.0,1.0,0.0,1.0,0.0,0.0,0.0,0.0,1.0,0.0,1.0,0.0
-0.36708860759493667,0.35774184234806317,-0.3049209416110785,-1.0,-0.125101069045644,-0.008272835556250024,0.3018302520716756,0.0,1.0,0.0,0.0,0.0,1.0,0.0,0.0,0.0,0.0,1.0,0.0,1.0,0.0
-0.44303797468354433,-1.0,-1.0,-1.0,-1.0,-1.0,-1.0,0.0,1.0,0.0,0.0,0.0,0.0,1.0,0.0,0.0,0.0,1.0,0.0,1.0,0.0
-0.36708860759493667,-1.0,-1.0,-1.0,-1.0,-1.0,-1.0,0.0,0.0,1.0,0.0,0.0,0.0,1.0,0.0,0.0,0.0,1.0,0.0,1.0,0.0
-0.5189873417721519,-0.7704042582518641,-0.7289761332752838,0.21446529381268298,0.0627721208623262,-1.0,0.23768495907641718,0.0,1.0,0.0,0.0,0.0,1.0,0.0,0.0,1.0,0.0,0.0,0.0,1.0,0.0
-0.26582278481012656,-1.0,-1.0,-1.0,-1.0,-1.0,-1.0,0.0,0.0,1.0,0.0,0.0,0.0,1.0,0.0,0.0,0.0,1.0,0.0,1.0,0.0
-0.49367088607594933,0.3998512834558947,-1.0,-1.0,-1.0,-1.0,0.27696231702976926,0.0,1.0,0.0,0.0,0.0,1.0,0.0,0.0,0.0,0.0,1.0,0.0,1.0,0.0
-0.4683544303797469,-0.27570607618896315,-0.11177499231380461,0.26411230777937966,-1.0,-1.0,0.24971763714062,0.0,1.0,0.0,0.0,0.0,1.0,0.0,0.0,0.0,0.0,1.0,0.0,1.0,0.0
-0.49367088607594933,-1.0,-1.0,-1.0,-1.0,-1.0,-1.0,0.0,0.0,0.0,1.0,0.0,1.0,0.0,0.0,0.0,0.0,1.0,0.0,1.0,0.0
-0.31645569620253167,0.02668125423082568,0.5719266160796241,-0.5424323609787505,0.20833732548192763,0.2774708297095414,0.5950147788509605,0.0,0.0,1.0,0.0,0.0,1.0,0.0,0.0,0.0,0.0,1.0,0.0,1.0,0.0
-0.3924050632911392,0.4872342216980503,-1.0,-1.0,-0.8616088449879872,-0.7252516930079197,0.3572921160037634,0.0,1.0,0.0,0.0,0.0,1.0,0.0,0.0,0.0,0.0,1.0,0.0,1.0,0.0
-0.06329113924050633,-0.061933124746207935,-1.0,0.30742288429074827,-0.10381577093865546,-1.0,0.295963922412652,0.0,1.0,0.0,0.0,0.0,1.0,0.0,1.0,0.0,0.0,0.0,0.0,1.0,0.0
-0.3417721518987342,-1.0,0.7024307096233173,-1.0,0.2971216214407204,0.35273116734626075,0.7043726350032633,0.0,0.0,1.0,0.0,0.0,1.0,0.0,0.0,0.0,0.0,1.0,0.0,1.0,0.0
-0.5189873417721519,-1.0,-1.0,-1.0,-1.0,-1.0,-1.0,0.0,0.0,1.0,0.0,0.0,0.0,1.0,1.0,0.0,0.0,0.0,0.0,1.0,0.0
-0.31645569620253167,-1.0,-1.0,-1.0,-1.0,-1.0,-1.0,0.0,0.0,1.0,0.0,0.0,0.0,1.0,0.0,0.0,0.0,1.0,0.0,1.0,0.0
-0.6455696202531646,-1.0,-1.0,-1.0,-1.0,-1.0,-1.0,0.0,1.0,0.0,0.0,0.0,0.0,1.0,0.0,0.0,0.0,1.0,0.0,1.0,0.0
-0.3924050632911392,-1.0,0.5234228714421305,-1.0,0.31524542091412733,0.5342007649277409,0.6400474310145092,0.0,0.0,1.0,0.0,0.0,1.0,0.0,1.0,0.0,0.0,0.0,0.0,1.0,0.0
-0.3417721518987342,-1.0,0.504627997596613,-1.0,0.15721905699272964,0.14931643205713518,0.517028364240707,0.0,0.0,1.0,0.0,0.0,1.0,0.0,0.0,0.0,0.0,1.0,0.0,0.0,1.0
-0.31645569620253167,-1.0,-1.0,-1.0,-1.0,-1.0,-1.0,0.0,0.0,1.0,0.0,0.0,0.0,1.0,0.0,0.0,0.0,1.0,0.0,1.0,0.0
-0.16455696202531644,-1.0,-1.0,-1.0,-1.0,-1.0,-1.0,0.0,0.0,1.0,0.0,0.0,0.0,1.0,1.0,0.0,0.0,0.0,0.0,1.0,0.0
-0.189873417721519,-1.0,-1.0,-1.0,-1.0,-1.0,-1.0,0.0,0.0,1.0,0.0,0.0,0.0,1.0,1.0,0.0,0.0,0.0,0.0,1.0,0.0
0.1898734177215189,-1.0,0.32303178365430374,-1.0,-0.6786656890936953,-1.0,0.2910063389965696,0.0,1.0,0.0,0.0,0.0,1.0,0.0,0.0,0.0,0.0,1.0,0.0,1.0,0.0
-0.5443037974683544,-1.0,-1.0,-0.20008573191755652,0.5445147273578195,-0.8626258465039598,0.4793793631495562,0.0,1.0,0.0,0.0,0.0,1.0,0.0,0.0,0.0,0.0,1.0,0.0,1.0,0.0
-0.11392405063291144,-1.0,-1.0,-1.0,-1.0,-1.0,-1.0,0.0,1.0,0.0,0.0,0.0,0.0,1.0,0.0,0.0,0.0,1.0,0.0,1.0,0.0
-0.08860759493670889,-0.27570607618896315,0.6001465602730167,-0.31129207804727577,0.44649773772741486,-1.0,0.6255448474224459,0.0,0.0,1.0,0.0,0.0,1.0,0.0,0.0,0.0,0.0,1.0,0.0,1.0,0.0
-0.2405063291139241,-1.0,-1.0,-1.0,-1.0,-1.0,-1.0,0.0,0.0,0.0,1.0,0.0,0.0,1.0,0.0,1.0,0.0,0.0,0.0,1.0,0.0
-0.11392405063291144,-1.0,-1.0,-1.0,-1.0,-1.0,-1.0,0.0,0.0,0.0,1.0,0.0,0.0,1.0,0.0,0.0,0.0,1.0,1.0,0.0,0.0
-0.2911392405063291,0.03717026089947861,-1.0,0.49804294709903885,-0.17279732755673072,-1.0,0.4567929733193641,0.0,0.0,0.0,1.0,0.0,1.0,0.0,0.0,0.0,0.0,1.0,0.0,1.0,0.0
-0.49367088607594933,-0.4484711928323267,0.31120764466504247,-1.0,0.45142429586200006,-0.37857950549977637,0.4746882055531365,0.0,0.0,1.0,0.0,0.0,1.0,0.0,0.0,0.0,0.0,1.0,0.0,1.0,0.0
-0.4683544303797469,-1.0,0.7069024509203712,0.49268342319760583,-0.5848265349639614,-0.2897859292888483,0.7147733543242087,0.0,0.0,1.0,0.0,0.0,1.0,0.0,0.0,0.0,0.0,1.0,0.0,1.0,0.0
-0.08860759493670889,-1.0,-1.0,-1.0,-1.0,-1.0,-1.0,0.0,0.0,0.0,1.0,0.0,0.0,1.0,1.0,0.0,0.0,0.0,0.0,1.0,0.0
-0.3417721518987342,-1.0,-1.0,-1.0,-1.0,-1.0,-1.0,0.0,0.0,1.0,0.0,0.0,0.0,1.0,1.0,0.0,0.0,0.0,0.0,1.0,0.0
-0.44303797468354433,-1.0,-1.0,0.3253566626998461,-0.8616088449879872,-1.0,0.2717193681429104,0.0,1.0,0.0,0.0,0.0,1.0,0.0,0.0,0.0,0.0,1.0,0.0,1.0,0.0
-0.31645569620253167,-1.0,-1.0,-1.0,-0.7806552088744709,0.4078003672480921,0.3544953811851115,0.0,1.0,0.0,0.0,0.0,1.0,0.0,0.0,0.0,0.0,1.0,0.0,1.0,0.0
-0.36708860759493667,-1.0,-1.0,-1.0,-1.0,-1.0,-1.0,0.0,0.0,1.0,0.0,0.0,0.0,1.0,1.0,0.0,0.0,0.0,0.0,1.0,0.0
-0.7974683544303798,-1.0,-1.0,-1.0,-1.0,-1.0,-1.0,0.0,0.0,0.0,1.0,0.0,1.0,0.0,0.0,0.0,0.0,1.0,0.0,1.0,0.0
-0.16455696202531644,-0.5187895331071819,0.4114573044240568,-1.0,0.7223515785305472,0.4472745367109583,0.723419308664758,0.0,0.0,1.0,0.0,0.0,1.0,0.0,1.0,0.0,0.0,0.0,0.0,0.0,1.0
-0.7468354430379747,-1.0,-1.0,-1.0,-1.0,-1.0,-1.0,0.0,1.0,0.0,0.0,0.0,1.0,0.0,1.0,0.0,0.0,0.0,0.0,1.0,0.0
-0.6455696202531646,-1.0,-1.0,-1.0,-1.0,-1.0,-1.0,0.0,1.0,0.0,0.0,0.0,0.0,1.0,0.0,0.0,0.0,1.0,0.0,1.0,0.0
0.26582278481012667,-1.0,-1.0,-1.0,-1.0,-1.0,-1.0,0.0,1.0,0.0,0.0,0.0,0.0,1.0,0.0,0.0,0.0,1.0,0.0,1.0,0.0
0.240506329113924,0.5534164926091751,-1.0,-0.11483611097421709,-1.0,-1.0,0.4263961728198056,0.0,0.0,0.0,1.0,0.0,1.0,0.0,0.0,0.0,1.0,0.0,0.0,1.0,0.0
0.21518987341772156,-1.0,-1.0,-1.0,-1.0,-1.0,-1.0,0.0,0.0,1.0,0.0,0.0,1.0,0.0,0.0,0.0,0.0,1.0,0.0,1.0,0.0
-0.8227848101265822,-1.0,-1.0,-1.0,-1.0,-1.0,-1.0,0.0,1.0,0.0,0.0,0.0,1.0,0.0,0.0,0.0,0.0,1.0,0.0,1.0,0.0
-0.44303797468354433,-1.0,-1.0,-1.0,-1.0,-1.0,-1.0,0.0,0.0,1.0,0.0,0.0,0.0,1.0,1.0,0.0,0.0,0.0,0.0,1.0,0.0
0.8734177215189873,-1.0,0.029878882630191672,0.2651392821618359,-1.0,-1.0,0.26830627263791507,0.0,1.0,0.0,0.0,0.0,1.0,0.0,0.0,0.0,0.0,1.0,0.0,1.0,0.0
-0.5189873417721519,0.3322976333586096,-0.5312057330235879,-1.0,-0.3143830504493078,-1.0,0.22790637101155564,0.0,1.0,0.0,0.0,0.0,1.0,0.0,0.0,0.0,0.0,1.0,0.0,1.0,0.0
0.06329113924050622,0.5014944548847518,-1.0,0.4377125079175457,-1.0,-1.0,0.506605998536102,0.0,0.0,0.0,1.0,0.0,1.0,0.0,0.0,0.0,0.0,1.0,0.0,1.0,0.0
-0.620253164556962,-1.0,0.32857674961842154,-1.0,-1.0,-1.0,0.29553790956252945,0.0,1.0,0.0,0.0,0.0,1.0,0.0,0.0,0.0,0.0,1.0,0.0,1.0,0.0
-0.26582278481012656,0.6877571891858407,0.38807231026742683,-0.6801739453692954,-0.5848265349639614,0.19616608995562612,0.618113097661817,0.0,0.0,1.0,0.0,0.0,1.0,0.0,0.0,0.0,0.0,1.0,0.0,1.0,0.0
-0.44303797468354433,-1.0,-1.0,-1.0,-1.0,-1.0,-1.0,0.0,1.0,0.0,0.0,0.0,0.0,1.0,0.0,0.0,0.0,1.0,0.0,1.0,0.0
0.11392405063291133,-1.0,-1.0,0.2741507601677686,-1.0,-0.10383119850769595,0.24890235148852158,0.0,1.0,0.0,0.0,0.0,1.0,0.0,1.0,0.0,0.0,0.0,0.0,1.0,0.0
-0.44303797468354433,-1.0,-1.0,0.27993910436868763,-1.0,-0.46329421162663964,0.23211627299244952,0.0,1.0,0.0,0.0,0.0,1.0,0.0,1.0,0.0,0.0,0.0,0.0,1.0,0.0
0.240506329113924,-0.3637342358463982,0.725475523774193,0.026341624172218303,0.6315107701469924,0.5485679743853777,0.8060733144174812,0.0,0.0,1.0,0.0,0.0,1.0,0.0,0.0,0.0,0.0,1.0,0.0,1.0,0.0
-0.6708860759493671,0.4719292163776265,-1.0,-0.6133104850891911,-1.0,-1.0,0.3437091151156173,1.0,0.0,0.0,0.0,0.0,1.0,0.0,0.0,0.0,0.0,1.0,0.0,1.0,0.0
-0.26582278481012656,-1.0,-1.0,-1.0,-1.0,-1.0,-1.0,0.0,0.0,0.0,1.0,0.0,0.0,1.0,0.0,0.0,0.0,1.0,0.0,1.0,0.0
0.139240506329114,-1.0,-0.8644880666376419,-0.4755689006986463,-1.0,0.342350094268115,0.29425412914828364,0.0,1.0,0.0,0.0,0.0,1.0,0.0,0.0,0.0,0.0,1.0,0.0,1.0,0.0
0.5443037974683544,-1.0,-1.0,-1.0,-1.0,-1.0,-1.0,0.0,0.0,0.0,1.0,0.0,0.0,1.0,0.0,0.0,0.0,1.0,0.0,1.0,0.0
-0.31645569620253167,-1.0,-1.0,-1.0,-1.0,-1.0,-1.0,0.0,0.0,1.0,0.0,0.0,0.0,1.0,0.0,0.0,0.0,1.0,0.0,1.0,0.0
-0.4177215189873418,-1.0,-1.0,-1.0,-1.0,-1.0,-1.0,0.0,1.0,0.0,0.0,0.0,0.0,1.0,0.0,0.0,1.0,0.0,0.0,1.0,0.0
-0.31645569620253167,0.4805115843599319,-1.0,-1.0,-1.0,-1.0,0.3505416793177798,0.0,0.0,0.0,1.0,0.0,1.0,0.0,0.0,0.0,0.0,1.0,0.0,1.0,0.0
-0.3924050632911392,-1.0,-1.0,-1.0,-1.0,-1.0,-1.0,0.0,0.0,0.0,1.0,0.0,0.0,1.0,0.0,0.0,0.0,1.0,0.0,1.0,0.0
-1.0,-1.0,-1.0,-1.0,-1.0,-1.0,-1.0,0.0,1.0,0.0,0.0,0.0,1.0,0.0,0.0,1.0,0.0,0.0,0.0,1.0,0.0
0.012658227848101333,-1.0,-1.0,-1.0,-1.0,-1.0,-1.0,0.0,0.0,1.0,0.0,0.0,0.0,1.0,1.0,0.0,0.0,0.0,0.0,1.0,0.0
0.08860759493670889,-1.0,-0.5498391013710785,0.39978388281971045,-1.0,-1.0,0.3443704884453713,0.0,1.0,0.0,0.0,0.0,1.0,0.0,0.0,0.0,0.0,1.0,0.0,1.0,0.0
0.139240506329114,-1.0,0.5779425490238073,-1.0,0.20406390170593736,0.008305680934183046,0.570247217543612,0.0,0.0,1.0,0.0,0.0,1.0,0.0,1.0,0.0,0.0,0.0,0.0,1.0,0.0
-0.16455696202531644,-0.1909691192030346,-1.0,-1.0,-1.0,0.5899199852437209,0.5322826267888796,0.0,1.0,0.0,0.0,0.0,1.0,0.0,0.0,0.0,0.0,1.0,0.0,1.0,0.0
-0.16455696202531644,-1.0,-1.0,-1.0,-1.0,-1.0,-1.0,0.0,0.0,1.0,0.0,0.0,0.0,1.0,1.0,0.0,0.0,0.0,0.0,1.0,0.0
-0.44303797468354433,-1.0,-1.0,-1.0,-1.0,-1.0,-1.0,0.0,0.0,0.0,1.0,0.0,1.0,0.0,0.0,0.0,0.0,1.0,0.0,1.0,0.0
-0.6455696202531646,-1.0,-1.0,-1.0,-1.0,-1.0,-1.0,1.0,0.0,0.0,0.0,0.0,0.0,1.0,0.0,0.0,1.0,0.0,0.0,1.0,0.0
-0.6962025316455696,-1.0,-1.0,-1.0,-1.0,-1.0,-1.0,0.0,1.0,0.0,0.0,0.0,0.0,1.0,0.0,0.0,0.0,1.0,0.0,1.0,0.0
-0.3924050632911392,-1.0,-0.7852186672204382,-0.35255398589099995,-1.0,0.30060429807706335,0.25820374112875566,0.0,1.0,0.0,0.0,0.0,1.0,0.0,0.0,0.0,1.0,0.0,0.0,1.0,0.0
0.8987341772151898,-1.0,0.21261054398841184,-1.0,-0.02511816146215251,-0.030786547747543636,0.2638262595866594,0.0,1.0,0.0,0.0,0.0,1.0,0.0,0.0,0.0,0.0,1.0,0.0,1.0,0.0
-0.16455696202531644,-1.0,-1.0,-0.7816847539510678,0.3316068648800077,-0.8626258465039598,0.27220200301106146,0.0,1.0,0.0,0.0,0.0,1.0,0.0,0.0,0.0,0.0,1.0,0.0,1.0,0.0
-0.3924050632911392,-1.0,-1.0,-1.0,-1.0,-1.0,-1.0,0.0,1.0,0.0,0.0,0.0,0.0,1.0,0.0,0.0,0.0,1.0,0.0,1.0,0.0
0.03797468354430378,-0.7102824304755853,0.4049084169108885,-1.0,-1.0,0.8679090389204989,0.8161037163930478,0.0,0.0,1.0,0.0,0.0,1.0,0.0,1.0,0.0,0.0,0.0,0.0,1.0,0.0
-0.5443037974683544,0.2949765812711149,0.14856302389422926,0.1327870206345405,0.09917375609356327,-1.0,0.37954058859437323,0.0,0.0,0.0,1.0,0.0,1.0,0.0,0.0,0.0,0.0,1.0,0.0,1.0,0.0
-0.4683544303797469,-0.26303631529358906,-0.05294982643559776,-1.0,0.2250037737180457,-1.0,0.22607327351218043,0.0,1.0,0.0,0.0,0.0,1.0,0.0,0.0,1.0,0.0,0.0,0.0,1.0,0.0
-1.0,-1.0,-1.0,-1.0,-1.0,-1.0,-1.0,0.0,1.0,0.0,0.0,0.0,1.0,0.0,0.0,0.0,0.0,1.0,0.0,1.0,0.0
-0.36708860759493667,-1.0,-1.0,-1.0,-1.0,-1.0,-1.0,0.0,1.0,0.0,0.0,0.0,0.0,1.0,0.0,0.0,1.0,0.0,0.0,1.0,0.0
-0.8987341772151899,-1.0,-1.0,-1.0,-1.0,-1.0,-1.0,0.0,1.0,0.0,0.0,0.0,0.0,1.0,0.0,0.0,0.0,1.0,0.0,1.0,0.0
0.6455696202531644,-1.0,-1.0,-1.0,-1.0,-1.0,-1.0,0.0,1.0,0.0,0.0,0.0,0.0,1.0,0.0,0.0,0.0,1.0,0.0,1.0,0.0
-0.2911392405063291,-1.0,-0.04392503674774717,-0.6801739453692954,0.5090008027459485,-1.0,0.4539344623020254,0.0,0.0,1.0,0.0,0.0,1.0,0.0,0.0,0.0,0.0,1.0,0.0,1.0,0.0
-0.1392405063291139,-1.0,-1.0,-1.0,0.009510990813706321,0.2746191400788309,0.26879761484571585,0.0,1.0,0.0,0.0,0.0,1.0,0.0,0.0,0.0,0.0,1.0,1.0,0.0,0.0
-0.9240506329113924,-1.0,-1.0,-1.0,-1.0,-1.0,-1.0,0.0,1.0,0.0,0.0,1.0,0.0,0.0,0.0,0.0,0.0,1.0,0.0,1.0,0.0
-0.31645569620253167,-1.0,-1.0,-1.0,0.31579468187412285,0.10282679062457256,0.3145975771764009,0.0,1.0,0.0,0.0,0.0,1.0,0.0,0.0,0.0,0.0,1.0,0.0,1.0,0.0
0.240506329113924,-1.0,-0.22752239277912478,-0.08092956166922327,-0.21498650520515272,-1.0,0.012913153525569543,0.0,1.0,0.0,0.0,0.0,1.0,0.0,0.0,0.0,1.0,0.0,0.0,1.0,0.0
-0.6708860759493671,-0.15505464089648102,0.45502514644353154,-0.4490336624378206,-1.0,-0.37014465765234383,0.429061028499063,0.0,1.0,0.0,0.0,0.0,1.0,0.0,0.0,0.0,0.0,1.0,0.0,1.0,0.0
-0.31645569620253167,0.3574263901366139,-1.0,0.3711067711272038,-0.2312940331994816,-1.0,0.4179462534837599,0.0,0.0,0.0,1.0,0.0,1.0,0.0,0.0,0.0,0.0,1.0,0.0,0.0,1.0
-0.5189873417721519,-1.0,-1.0,-1.0,-1.0,-1.0,-1.0,0.0,0.0,0.0,1.0,0.0,0.0,1.0,0.0,1.0,0.0,0.0,0.0,1.0,0.0
-0.49367088607594933,-1.0,-1.0,-1.0,-1.0,-1.0,-1.0,0.0,1.0,0.0,0.0,0.0,0.0,1.0,0.0,0.0,1.0,0.0,0.0,1.0,0.0
-0.21518987341772156,-0.7704042582518641,-0.4047885740980801,-0.8622584156094552,0.3844956253285927,-0.7822671181404642,0.32656327149793496,0.0,1.0,0.0,0.0,0.0,1.0,0.0,1.0,0.0,0.0,0.0,0.0,1.0,0.0
-0.1392405063291139,-0.4988709397562451,0.6893712170530941,-0.4490336624378206,-0.7232176899759744,-1.0,0.6483009699119238,0.0,0.0,1.0,0.0,0.0,1.0,0.0,0.0,0.0,0.0,1.0,0.0,1.0,0.0
-0.31645569620253167,-1.0,-1.0,-1.0,-1.0,-1.0,-1.0,0.0,0.0,0.0,1.0,0.0,0.0,1.0,0.0,0.0,0.0,1.0,0.0,1.0,0.0
-0.06329113924050633,0.4719292163776265,-0.6853510347334366,-0.2934844304584865,-1.0,-1.0,0.34893695038886774,0.0,0.0,0.0,1.0,0.0,1.0,0.0,0.0,0.0,0.0,1.0,0.0,1.0,0.0
0.4430379746835442,0.27014852585822124,-0.3870033736503038,0.4446117030933725,-0.6786656890936953,-1.0,0.4389613082943311,0.0,0.0,0.0,1.0,0.0,1.0,0.0,0.0,0.0,0.0,1.0,0.0,0.0,1.0
-0.4683544303797469,-0.5187895331071819,-1.0,-1.0,-0.34950071834211405,0.3277673398781864,0.285017134263297,0.0,1.0,0.0,0.0,0.0,1.0,0.0,0.0,0.0,0.0,1.0,0.0,1.0,0.0
-0.03797468354430378,-1.0,0.03777904412550703,-1.0,0.4329365312498221,0.6480053904524146,0.6451581915841291,0.0,0.0,1.0,0.0,0.0,1.0,0.0,1.0,0.0,0.0,0.0,0.0,1.0,0.0
0.5949367088607596,-1.0,0.6479784933378181,-0.8622584156094552,0.3805691225167005,0.5146642920269442,0.7053193627070968,0.0,0.0,1.0,0.0,0.0,1.0,0.0,0.0,0.0,0.0,1.0,0.0,1.0,0.0
-0.4683544303797469,-0.7704042582518641,0.6607026149070705,-0.17046951565084023,0.6986250635885696,0.4782447937910437,0.7848166097398559,0.0,0.0,1.0,0.0,0.0,1.0,0.0,1.0,0.0,0.0,0.0,0.0,1.0,0.0
0.012658227848101333,-1.0,-1.0,-0.19656848787316095,-0.8616088449879872,0.2815188213814106,0.24890235148852158,0.0,1.0,0.0,0.0,0.0,1.0,0.0,0.0,0.0,0.0,1.0,0.0,1.0,0.0
-0.2405063291139241,-1.0,-0.10765900040864773,-1.0,0.4160765506809887,0.7090182219442185,0.6839060680336302,0.0,0.0,1.0,0.0,0.0,1.0,0.0,0.0,0.0,0.0,1.0,0.0,1.0,0.0
-0.2911392405063291,0.5556293173458973,-1.0,-0.16743557731867464,-0.8616088449879872,-1.0,0.4262887998678837,0.0,0.0,0.0,1.0,0.0,1.0,0.0,0.0,0.0,0.0,1.0,0.0,1.0,0.0
0.16455696202531644,-1.0,-1.0,-1.0,-1.0,-1.0,-1.0,0.0,0.0,1.0,0.0,0.0,0.0,1.0,0.0,0.0,0.0,1.0,0.0,0.0,1.0
-0.4177215189873418,-0.7102824304755853,0.1418594279327774,-1.0,0.6695138218695702,-1.0,0.6089432066854836,0.0,0.0,1.0,0.0,0.0,1.0,0.0,0.0,0.0,0.0,1.0,0.0,1.0,0.0
-0.44303797468354433,-1.0,-1.0,-1.0,-1.0,-1.0,-1.0,0.0,0.0,0.0,1.0,0.0,0.0,1.0,0.0,0.0,0.0,1.0,0.0,1.0,0.0
-0.06329113924050633,-1.0,-1.0,-1.0,-1.0,-1.0,-1.0,0.0,0.0,1.0,0.0,0.0,0.0,1.0,0.0,0.0,0.0,1.0,0.0,1.0,0.0
-0.03797468354430378,-1.0,-0.8644880666376419,-1.0,0.33135333312144577,-1.0,0.2714775917362522,0.0,1.0,0.0,0.0,0.0,1.0,0.0,0.0,0.0,0.0,1.0,0.0,1.0,0.0
-0.11392405063291144,-1.0,0.6838005721596281,-1.0,0.03791233472553901,0.5979480243560231,0.7326614956343283,0.0,0.0,1.0,0.0,0.0,1.0,0.0,1.0,0.0,0.0,0.0,0.0,1.0,0.0
0.3924050632911391,-1.0,-1.0,-1.0,-1.0,-1.0,-1.0,0.0,1.0,0.0,0.0,0.0,0.0,1.0,0.0,0.0,0.0,1.0,0.0,1.0,0.0
-0.8987341772151899,-1.0,-1.0,-1.0,-1.0,-1.0,-1.0,0.0,1.0,0.0,0.0,0.0,1.0,0.0,0.0,0.0,0.0,1.0,0.0,1.0,0.0
-0.49367088607594933,-1.0,-1.0,-1.0,-1.0,-1.0,-1.0,0.0,0.0,1.0,0.0,0.0,0.0,1.0,1.0,0.0,0.0,0.0,0.0,1.0,0.0
0.36708860759493667,-1.0,-1.0,-1.0,-1.0,-1.0,-1.0,0.0,0.0,1.0,0.0,0.0,0.0,1.0,1.0,0.0,0.0,0.0,0.0,1.0,0.0
-0.8987341772151899,-1.0,-1.0,-1.0,-1.0,-1.0,-1.0,0.0,1.0,0.0,0.0,0.0,0.0,1.0,0.0,0.0,0.0,1.0,0.0,1.0,0.0
-0.3924050632911392,-1.0,-0.14087466888175282,-0.07141965617655444,0.1667000658989639,-1.0,0.19622484270878715,0.0,1.0,0.0,0.0,0.0,1.0,0.0,0.0,0.0,0.0,1.0,0.0,1.0,0.0
0.06329113924050622,-1.0,-1.0,-1.0,-1.0,-1.0,-1.0,0.0,1.0,0.0,0.0,0.0,0.0,1.0,0.0,0.0,0.0,1.0,0.0,1.0,0.0
0.16455696202531644,-1.0,-1.0,-1.0,-1.0,-1.0,-1.0,0.0,0.0,1.0,0.0,0.0,0.0,1.0,1.0,0.0,0.0,0.0,0.0,1.0,0.0
-0.5189873417721519,-1.0,-1.0,-1.0,-1.0,-1.0,-1.0,0.0,0.0,1.0,0.0,0.0,0.0,1.0,1.0,0.0,0.0,0.0,0.0,1.0,0.0
0.26582278481012667,-1.0,0.021645986419106533,-1.0,-0.8616088449879872,0.25377330116535646,0.2607800056197276,0.0,1.0,0.0,0.0,0.0,1.0,0.0,0.0,0.0,0.0,1.0,0.0,1.0,0.0
-0.1392405063291139,0.13557753424701602,-1.0,-0.002970662745334862,-0.4464353799519486,-0.8626258465039598,0.13981879463805802,0.0,1.0,0.0,0.0,0.0,1.0,0.0,0.0,0.0,0.0,1.0,0.0,1.0,0.0
-0.9493670886075949,-1.0,-1.0,-1.0,-1.0,-1.0,-1.0,0.0,1.0,0.0,0.0,0.0,1.0,0.0,0.0,0.0,0.0,1.0,0.0,1.0,0.0
-0.31645569620253167,-1.0,-0.6195699068776419,-1.0,0.3383332880396408,-0.0720530474293124,0.3026537551711814,0.0,1.0,0.0,0.0,0.0,1.0,0.0,0.0,0.0,0.0,1.0,0.0,1.0,0.0
-0.2405063291139241,0.5214274516989705,-1.0,-1.0,-1.0,0.39639548441810746,0.4989117421848983,0.0,0.0,0.0,1.0,0.0,1.0,0.0,0.0,0.0,0.0,1.0,0.0,1.0,0.0
-0.08860759493670889,0.2419681125601998,0.27708699412610005,-1.0,0.1361157332866465,0.4129484231824945,0.4997172157787806,0.0,0.0,1.0,0.0,0.0,1.0,0.0,1.0,0.0,0.0,0.0,1.0,0.0,0.0
0.16455696202531644,-1.0,-0.10164306746446439,0.5180472383210761,-1.0,-1.0,0.46511999897487954,0.0,1.0,0.0,0.0,0.0,1.0,0.0,0.0,0.0,0.0,1.0,0.0,1.0,0.0
-0.3417721518987342,-1.0,0.2049428006630214,-1.0,-1.0,0.05204031973668233,0.2422514210199136,0.0,1.0,0.0,0.0,0.0,1.0,0.0,1.0,0.0,0.0,0.0,0.0,1.0,0.0
0.16455696202531644,-1.0,-1.0,-1.0,-1.0,0.34393109760371887,0.29274537656158284,0.0,1.0,0.0,0.0,0.0,1.0,0.0,0.0,0.0,0.0,1.0,0.0,1.0,0.0
0.36708860759493667,-1.0,-1.0,-1.0,-1.0,-1.0,-1.0,0.0,0.0,1.0,0.0,0.0,1.0,0.0,0.0,0.0,0.0,1.0,0.0,1.0,0.0
-0.4683544303797469,-1.0,0.2801925126187734,-1.0,-1.0,-1.0,0.24835688424629865,1.0,0.0,0.0,0.0,0.0,1.0,0.0,0.0,0.0,1.0,0.0,0.0,1.0,0.0
-0.5949367088607596,-1.0,-0.3286472797228134,-1.0,0.32699329349882134,-0.6810270934861755,0.2753096940518822,0.0,1.0,0.0,0.0,0.0,1.0,0.0,0.0,0.0,0.0,1.0,0.0,1.0,0.0
0.3417721518987342,-1.0,-0.8644880666376419,-1.0,0.05380849040844793,0.22927437361064928,0.24615927292440265,0.0,1.0,0.0,0.0,0.0,1.0,0.0,0.0,0.0,1.0,0.0,0.0,1.0,0.0
0.240506329113924,-1.0,-1.0,-1.0,-1.0,-1.0,-1.0,0.0,1.0,0.0,0.0,0.0,0.0,1.0,0.0,0.0,1.0,0.0,0.0,1.0,0.0
0.6708860759493671,-1.0,0.46852105317684756,-0.8622584156094552,0.5045755230208069,-0.24120535200373616,0.5687778203789309,0.0,0.0,1.0,0.0,0.0,1.0,0.0,1.0,0.0,0.0,0.0,0.0,0.0,1.0
-0.5696202531645569,0.4094210371082576,-1.0,0.13868027593374688,0.040106381343727016,-1.0,0.37240908291198216,0.0,0.0,0.0,1.0,0.0,1.0,0.0,0.0,0.0,0.0,1.0,0.0,1.0,0.0
-0.3924050632911392,0.428689662166315,0.27850471168213065,0.3378188574765273,-1.0,-1.0,0.48850646601449643,0.0,1.0,0.0,0.0,0.0,1.0,0.0,1.0,0.0,0.0,0.0,0.0,1.0,0.0
-0.36708860759493667,0.5587848147563141,-0.8644880666376419,0.042683905099156316,-0.8616088449879872,-1.0,0.44185363657470567,0.0,0.0,0.0,1.0,0.0,1.0,0.0,0.0,0.0,0.0,1.0,0.0,1.0,0.0
0.4177215189873418,-1.0,0.8602105682424781,-1.0,-0.7806552088744709,0.648150850282794,0.8641996995712902,0.0,0.0,1.0,0.0,0.0,1.0,0.0,0.0,0.0,0.0,1.0,0.0,1.0,0.0
-0.189873417721519,-1.0,-1.0,-1.0,-1.0,-1.0,-1.0,0.0,0.0,1.0,0.0,0.0,0.0,1.0,1.0,0.0,0.0,0.0,0.0,1.0,0.0
0.21518987341772156,0.4819083284088652,-1.0,-0.27198032423261265,-0.22297381961557772,-1.0,0.3650003988430881,0.0,0.0,0.0,1.0,0.0,1.0,0.0,0.0,0.0,0.0,1.0,0.0,1.0,0.0
0.16455696202531644,-1.0,-1.0,-1.0,-1.0,-1.0,-1.0,0.0,0.0,1.0,0.0,0.0,0.0,1.0,1.0,0.0,0.0,0.0,0.0,1.0,0.0
0.21518987341772156,-1.0,-1.0,0.2818316815380102,0.10319111965981298,-1.0,0.29317766851801275,0.0,1.0,0.0,0.0,0.0,1.0,0.0,0.0,0.0,0.0,1.0,0.0,1.0,0.0
-0.012658227848101333,-1.0,-1.0,-1.0,-1.0,-1.0,-1.0,0.0,0.0,1.0,0.0,0.0,0.0,1.0,0.0,0.0,0.0,1.0,0.0,1.0,0.0
-0.31645569620253167,-1.0,-1.0,-1.0,-1.0,-1.0,-1.0,0.0,0.0,1.0,0.0,0.0,0.0,1.0,0.0,0.0,0.0,1.0,0.0,1.0,0.0
-0.4177215189873418,-0.32729663573877876,-0.8644880666376419,0.4194162377886381,-1.0,-1.0,0.3654442655653667,0.0,0.0,0.0,1.0,0.0,1.0,0.0,0.0,0.0,0.0,1.0,0.0,1.0,0.0
-0.31645569620253167,-1.0,-1.0,-1.0,-1.0,-1.0,-1.0,0.0,0.0,1.0,0.0,0.0,0.0,1.0,0.0,0.0,0.0,1.0,0.0,1.0,0.0
-0.8227848101265822,-1.0,-1.0,-1.0,-1.0,-1.0,-1.0,0.0,1.0,0.0,0.0,0.0,0.0,1.0,0.0,0.0,0.0,1.0,0.0,1.0,0.0
-0.2911392405063291,-0.7102824304755853,-0.031123944783969626,-1.0,-1.0,0.4730366076953807,0.4325225498129692,0.0,1.0,0.0,0.0,0.0,1.0,0.0,0.0,0.0,1.0,0.0,0.0,1.0,0.0
-0.08860759493670889,-1.0,-0.10164306746446439,0.21709157566033488,0.12358963252867672,-0.1551836952433331,0.2972362786668288,0.0,1.0,0.0,0.0,0.0,1.0,0.0,0.0,0.0,0.0,1.0,0.0,1.0,0.0
-0.36708860759493667,0.504951462364003,-1.0,-0.5633695079021357,-1.0,-1.0,0.3739699754293264,0.0,0.0,0.0,1.0,0.0,1.0,0.0,0.0,0.0,0.0,1.0,0.0,1.0,0.0
-0.5443037974683544,-1.0,0.017395766980875083,0.28057196828168784,-1.0,-1.0,0.27672710334034045,0.0,1.0,0.0,0.0,0.0,1.0,0.0,0.0,0.0,0.0,1.0,1.0,0.0,0.0
0.08860759493670889,0.31055537550194523,-0.4840579735152838,0.46410442190189216,-0.5038728988504453,-1.0,0.4615829648424825,0.0,0.0,0.0,1.0,0.0,1.0,0.0,1.0,0.0,0.0,0.0,0.0,1.0,0.0
-0.6962025316455696,-1.0,-1.0,-1.0,-1.0,-1.0,-1.0,0.0,1.0,0.0,0.0,0.0,1.0,0.0,0.0,0.0,0.0,1.0,0.0,1.0,0.0
-0.06329113924050633,0.19819408242775594,-0.2994134677161602,0.19841235167117932,-0.5212452626117072,-1.0,0.2668246019327365,0.0,1.0,0.0,0.0,0.0,1.0,0.0,0.0,0.0,1.0,0.0,0.0,1.0,0.0
-0.5443037974683544,-1.0,-1.0,-1.0,-1.0,-1.0,-1.0,1.0,0.0,0.0,0.0,0.0,0.0,1.0,1.0,0.0,0.0,0.0,0.0,1.0,0.0
0.3924050632911391,-0.8551412152377926,-1.0,-0.18971542597687385,-1.0,0.3255583992528772,0.28858896092092245,0.0,1.0,0.0,0.0,0.0,1.0,0.0,0.0,0.0,0.0,1.0,0.0,1.0,0.0
0.2911392405063291,0.10935920884340722,0.24229455688282298,-0.2620422984291655,-1.0,-0.5075188111483839,0.2806867953635208,0.0,1.0,0.0,0.0,0.0,1.0,0.0,0.0,1.0,0.0,0.0,0.0,1.0,0.0
-0.31645569620253167,-0.21887545108419082,-0.37868286713336385,-0.17355049365673103,-1.0,0.28305398792626346,0.26830627263791507,0.0,1.0,0.0,0.0,0.0,1.0,0.0,0.0,0.0,0.0,1.0,0.0,1.0,0.0
-0.08860759493670889,0.24523360166041508,-1.0,0.31738110409865605,-0.6114869098077889,-1.0,0.3433775660388374,0.0,0.0,0.0,1.0,0.0,1.0,0.0,0.0,0.0,0.0,1.0,0.0,1.0,0.0
-0.4177215189873418,-0.2239115273106964,-0.6853510347334366,-0.5424323609787505,0.1510563383304051,0.4376983257172873,0.4273598176909832,0.0,1.0,0.0,0.0,0.0,1.0,0.0,0.0,1.0,0.0,0.0,0.0,1.0,0.0
-0.620253164556962,-1.0,-1.0,-1.0,-1.0,-1.0,-1.0,0.0,0.0,1.0,0.0,0.0,0.0,1.0,1.0,0.0,0.0,0.0,0.0,1.0,0.0
-0.5443037974683544,-1.0,-0.3286472797228134,-1.0,0.3235936946266791,-0.6448929646444241,0.2724428630192193,0.0,1.0,0.0,0.0,0.0,1.0,0.0,0.0,0.0,0.0,1.0,0.0,1.0,0.0
-0.31645569620253167,-0.7102824304755853,-1.0,-0.5234924077581515,-0.6786656890936953,0.3382257810664788,0.2910063389965696,0.0,1.0,0.0,0.0,0.0,1.0,0.0,0.0,0.0,0.0,1.0,0.0,1.0,0.0
-0.189873417721519,0.8433193617323165,-1.0,-1.0,-0.05438845886969246,-0.8626258465039598,0.6846830616551609,0.0,0.0,0.0,1.0,0.0,1.0,0.0,0.0,0.0,0.0,1.0,0.0,1.0,0.0
-0.6708860759493671,-1.0,-1.0,-1.0,-1.0,-1.0,-1.0,0.0,0.0,1.0,0.0,0.0,0.0,1.0,1.0,0.0,0.0,0.0,0.0,1.0,0.0
-0.4177215189873418,-1.0,-1.0,-1.0,-1.0,-1.0,-1.0,1.0,0.0,0.0,0.0,0.0,0.0,1.0,0.0,0.0,1.0,0.0,0.0,1.0,0.0
-0.16455696202531644,-1.0,-1.0,-1.0,-1.0,-1.0,-1.0,0.0,1.0,0.0,0.0,0.0,0.0,1.0,1.0,0.0,0.0,0.0,0.0,1.0,0.0
-0.31645569620253167,-1.0,-1.0,-1.0,-1.0,-1.0,-1.0,0.0,0.0,1.0,0.0,0.0,0.0,1.0,0.0,0.0,0.0,1.0,0.0,1.0,0.0
-0.31645569620253167,-1.0,-1.0,0.3436536600995206,-0.29594014131866886,-0.7822671181404642,0.2966011620180071,0.0,1.0,0.0,0.0,0.0,1.0,0.0,0.0,0.0,0.0,1.0,0.0,1.0,0.0
0.139240506329114,-1.0,-0.5498391013710785,-1.0,0.3485988101717077,-0.4384882522367155,0.29317766851801275,0.0,1.0,0.0,0.0,0.0,1.0,0.0,0.0,0.0,0.0,1.0,0.0,1.0,0.0
-0.03797468354430378,0.2949765812711149,0.2704297186901641,0.1691285343122828,0.34813286775944685,-1.0,0.4811595521309302,0.0,0.0,0.0,1.0,0.0,1.0,0.0,0.0,0.0,0.0,1.0,0.0,1.0,0.0
-0.49367088607594933,-1.0,-1.0,-1.0,-1.0,-1.0,-1.0,0.0,1.0,0.0,0.0,0.0,0.0,1.0,0.0,0.0,0.0,1.0,0.0,1.0,0.0
-0.2911392405063291,0.5394916435239097,0.049061158388087334,-1.0,-0.41212440500723446,0.5901799052940837,0.6184661723670981,0.0,0.0,1.0,0.0,0.0,1.0,0.0,1.0,0.0,0.0,0.0,0.0,1.0,0.0
0.06329113924050622,-1.0,-1.0,0.475560441867072,-0.16350931647416544,-0.1788762303003234,0.42948396970658376,0.0,1.0,0.0,0.0,0.0,1.0,0.0,0.0,0.0,0.0,1.0,0.0,1.0,0.0
0.16455696202531644,0.2715815855334176,0.10438798857838849,0.36146130768831,-1.0,0.16434670533709683,0.45103243680482086,0.0,1.0,0.0,0.0,0.0,1.0,0.0,0.0,0.0,0.0,1.0,0.0,1.0,0.0
-0.36708860759493667,-1.0,-1.0,-1.0,-1.0,-1.0,-1.0,0.0,0.0,1.0,0.0,1.0,0.0,0.0,0.0,0.0,0.0,1.0,0.0,1.0,0.0
0.5189873417721518,-1.0,0.7007433755806975,-1.0,0.6921522593717466,-0.5645342362809285,0.7705550251804492,0.0,0.0,1.0,0.0,0.0,1.0,0.0,0.0,0.0,0.0,1.0,0.0,1.0,0.0
-0.5443037974683544,-1.0,-1.0,-1.0,-1.0,-1.0,-1.0,0.0,0.0,1.0,0.0,0.0,0.0,1.0,0.0,0.0,0.0,1.0,0.0,1.0,0.0
-0.3417721518987342,0.5744444270807765,-1.0,-0.022305814838097793,-1.0,-1.0,0.4496122116784955,1.0,0.0,0.0,0.0,0.0,1.0,0.0,0.0,0.0,0.0,1.0,0.0,0.0,1.0
-0.31645569620253167,-1.0,-0.7852186672204382,-0.17046951565084023,-0.013370288877458503,0.6352856918748877,0.5829385098173034,0.0,0.0,1.0,0.0,0.0,1.0,0.0,0.0,0.0,0.0,1.0,0.0,1.0,0.0
-0.3924050632911392,-1.0,-0.5312057330235879,0.3179054292068657,-1.0,-0.39660911215985917,0.2717193681429104,0.0,1.0,0.0,0.0,0.0,1.0,0.0,0.0,0.0,0.0,1.0,0.0,1.0,0.0
-0.8227848101265822,-1.0,-1.0,-1.0,-1.0,-1.0,-1.0,0.0,0.0,1.0,0.0,0.0,1.0,0.0,1.0,0.0,0.0,0.0,0.0,1.0,0.0
-0.1392405063291139,-1.0,0.1913074795315033,0.02747392980402763,-0.125101069045644,-0.7252516930079197,0.24890235148852158,0.0,1.0,0.0,0.0,0.0,1.0,0.0,1.0,0.0,0.0,0.0,0.0,1.0,0.0
-0.31645569620253167,-1.0,-1.0,-1.0,-1.0,-1.0,-1.0,0.0,1.0,0.0,0.0,0.0,0.0,1.0,1.0,0.0,0.0,0.0,0.0,1.0,0.0
0.139240506329114,-1.0,-1.0,0.5758119514012439,0.5084790981558245,-1.0,0.6114807541562268,0.0,1.0,0.0,0.0,0.0,1.0,0.0,0.0,0.0,0.0,1.0,0.0,1.0,0.0
-1.0,-1.0,-1.0,-1.0,-1.0,-1.0,-1.0,0.0,0.0,0.0,1.0,0.0,1.0,0.0,1.0,0.0,0.0,0.0,0.0,1.0,0.0
-0.16455696202531644,-1.0,-0.29405690266257756,-1.0,0.12573265381549148,0.19616608995562612,0.2579441894602117,0.0,1.0,0.0,0.0,0.0,1.0,0.0,1.0,0.0,0.0,0.0,0.0,1.0,0.0
-0.31645569620253167,-1.0,-1.0,-1.0,-1.0,-1.0,-1.0,0.0,0.0,0.0,1.0,0.0,0.0,1.0,0.0,0.0,0.0,1.0,0.0,1.0,0.0
-0.31645569620253167,0.41380554163654293,-1.0,-1.0,-1.0,-0.37014465765234383,0.2946830172281585,0.0,1.0,0.0,0.0,0.0,1.0,0.0,1.0,0.0,0.0,0.0,0.0,1.0,0.0
-0.31645569620253167,-1.0,-1.0,-1.0,-1.0,-1.0,-1.0,0.0,1.0,0.0,0.0,0.0,1.0,0.0,0.0,0.0,0.0,1.0,0.0,1.0,0.0
-0.620253164556962,-1.0,-1.0,-1.0,-1.0,-1.0,-1.0,0.0,1.0,0.0,0.0,0.0,0.0,1.0,0.0,0.0,0.0,1.0,0.0,1.0,0.0
0.1898734177215189,-1.0,-1.0,0.3475256733865604,-1.0,-0.7822671181404642,0.29317766851801275,0.0,1.0,0.0,0.0,0.0,1.0,0.0,0.0,0.0,0.0,1.0,0.0,1.0,0.0
-0.5443037974683544,0.34673998376460435,-1.0,-1.0,-0.3080442249399358,-0.0056302762734922185,0.27672710334034045,0.0,1.0,0.0,0.0,0.0,1.0,0.0,0.0,0.0,0.0,1.0,0.0,1.0,0.0
-0.2911392405063291,-1.0,0.36443961104671807,-1.0,-1.0,-0.6448929646444241,0.3313944057831548,0.0,1.0,0.0,0.0,0.0,1.0,0.0,0.0,0.0,0.0,1.0,0.0,1.0,0.0
-0.49367088607594933,0.28628563873376,-0.04989503937473505,-1.0,-1.0,-0.5436529399901353,0.22204004135253208,0.0,1.0,0.0,0.0,0.0,1.0,0.0,1.0,0.0,0.0,0.0,0.0,1.0,0.0
-0.9240506329113924,-1.0,-1.0,-1.0,-1.0,-1.0,-1.0,0.0,0.0,0.0,1.0,0.0,0.0,1.0,0.0,0.0,0.0,1.0,0.0,1.0,0.0
-0.49367088607594933,-1.0,-1.0,-1.0,-1.0,-1.0,-1.0,0.0,1.0,0.0,0.0,0.0,0.0,1.0,0.0,0.0,1.0,0.0,0.0,1.0,0.0
-0.3417721518987342,0.38600248974286355,-0.4349254010785184,-0.5062015851699782,-1.0,-1.0,0.27123550831185184,0.0,1.0,0.0,0.0,0.0,1.0,0.0,0.0,0.0,0.0,1.0,1.0,0.0,0.0
-0.3924050632911392,0.3413551563882826,0.13195107598288947,-0.23490213093186518,-0.10607179757566865,-1.0,0.33015359740690653,0.0,0.0,0.0,1.0,0.0,1.0,0.0,1.0,0.0,0.0,0.0,0.0,1.0,0.0
-0.4177215189873418,-1.0,0.24666538574899421,-1.0,0.45986364792763235,0.3719919393999307,0.5325288530692793,0.0,0.0,1.0,0.0,0.0,1.0,0.0,1.0,0.0,0.0,0.0,0.0,1.0,0.0
-0.4177215189873418,0.3406721915634512,0.32076899920138446,-0.1394005651410034,0.4404207745706836,-1.0,0.5200077025991598,0.0,0.0,0.0,1.0,0.0,1.0,0.0,1.0,0.0,0.0,0.0,0.0,1.0,0.0
0.03797468354430378,0.44004807551774694,-0.18389729423727774,0.18094774761086896,-1.0,-1.0,0.3846860326805843,0.0,0.0,0.0,1.0,0.0,1.0,0.0,0.0,0.0,0.0,1.0,0.0,1.0,0.0
0.6962025316455696,0.2739483950929513,-1.0,0.48070404692112034,0.10319111965981298,-0.7822671181404642,0.48514466109897203,0.0,0.0,0.0,1.0,0.0,1.0,0.0,0.0,0.0,0.0,1.0,0.0,1.0,0.0
-0.8734177215189873,-1.0,-1.0,-1.0,-1.0,-1.0,-1.0,0.0,0.0,0.0,1.0,0.0,0.0,1.0,0.0,0.0,0.0,1.0,0.0,1.0,0.0
-0.8987341772151899,-1.0,-1.0,-1.0,-1.0,-1.0,-1.0,0.0,1.0,0.0,0.0,0.0,1.0,0.0,0.0,0.0,0.0,1.0,0.0,1.0,0.0
-0.5443037974683544,-1.0,0.6099808865349903,-1.0,0.13064535731112237,0.616871510554253,0.7022630341886738,0.0,0.0,1.0,0.0,0.0,1.0,0.0,0.0,0.0,0.0,1.0,0.0,1.0,0.0
-0.189873417721519,-1.0,0.07470954960218723,-1.0,-1.0,0.3190351341205151,0.32067428832202904,1.0,0.0,0.0,0.0,0.0,1.0,0.0,0.0,0.0,0.0,1.0,0.0,1.0,0.0
0.11392405063291133,-1.0,-1.0,-1.0,-1.0,-1.0,-1.0,0.0,0.0,1.0,0.0,0.0,1.0,0.0,0.0,0.0,0.0,1.0,0.0,1.0,0.0
-0.4683544303797469,0.31907084070746206,-1.0,-0.17985956643497547,-0.6786656890936953,-0.6448929646444241,0.22607327351218043,0.0,1.0,0.0,0.0,0.0,1.0,0.0,0.0,0.0,0.0,1.0,0.0,1.0,0.0
0.16455696202531644,0.3930415791162347,-1.0,-1.0,-1.0,-0.6810270934861755,0.2717193681429104,0.0,1.0,0.0,0.0,0.0,1.0,0.0,0.0,0.0,0.0,1.0,0.0,1.0,0.0
-0.5443037974683544,0.37900293896512105,-1.0,0.29867726839300013,-0.8616088449879872,-1.0,0.384150900620865,0.0,0.0,0.0,1.0,0.0,1.0,0.0,0.0,0.0,0.0,1.0,0.0,0.0,1.0
-0.2911392405063291,-1.0,-1.0,0.3490983596109545,-1.0,-1.0,0.29425412914828364,0.0,1.0,0.0,0.0,0.0,1.0,0.0,0.0,0.0,0.0,1.0,0.0,1.0,0.0
-0.5189873417721519,-0.28234114300394575,-1.0,-0.25257769536476193,0.6330282210242666,-0.5878775395118796,0.5634654276448579,0.0,0.0,0.0,1.0,0.0,1.0,0.0,0.0,0.0,0.0,1.0,0.0,1.0,0.0
0.3417721518987342,-1.0,-1.0,-1.0,-1.0,-1.0,-1.0,0.0,0.0,1.0,0.0,0.0,0.0,1.0,0.0,0.0,0.0,1.0,0.0,1.0,0.0
-0.8734177215189873,-1.0,-1.0,-1.0,-1.0,-1.0,-1.0,0.0,1.0,0.0,0.0,0.0,0.0,1.0,0.0,0.0,0.0,1.0,1.0,0.0,0.0
-0.2405063291139241,-0.5408085165037282,0.2950206116576741,-1.0,-1.0,0.29492514130675906,0.3874710937551995,0.0,1.0,0.0,0.0,0.0,1.0,0.0,0.0,0.0,0.0,1.0,0.0,1.0,0.0
-0.7974683544303798,-1.0,-1.0,-1.0,-1.0,-1.0,-1.0,0.0,1.0,0.0,0.0,1.0,0.0,0.0,0.0,0.0,0.0,1.0,0.0,1.0,0.0
-0.4683544303797469,-1.0,-1.0,-1.0,-1.0,-1.0,-1.0,0.0,1.0,0.0,0.0,0.0,0.0,1.0,0.0,0.0,0.0,1.0,1.0,0.0,0.0
0.4177215189873418,0.3630329363614362,0.3738568125944124,-1.0,-0.29594014131866886,0.6014756033753137,0.6263362796341321,0.0,0.0,1.0,0.0,0.0,1.0,0.0,0.0,0.0,0.0,1.0,0.0,1.0,0.0
-0.36708860759493667,-1.0,-1.0,-1.0,-1.0,-1.0,-1.0,0.0,0.0,1.0,0.0,0.0,0.0,1.0,1.0,0.0,0.0,0.0,0.0,1.0,0.0
0.36708860759493667,-0.7102824304755853,-1.0,-0.19656848787316095,0.2881917896243922,-1.0,0.24698634871665126,0.0,1.0,0.0,0.0,0.0,1.0,0.0,0.0,0.0,1.0,0.0,0.0,1.0,0.0
0.240506329113924,0.37293654474702675,-0.8644880666376419,-1.0,-1.0,-1.0,0.2526775376457655,0.0,1.0,0.0,0.0,0.0,1.0,0.0,0.0,0.0,0.0,1.0,0.0,1.0,0.0
-1.0,-1.0,-1.0,-1.0,-1.0,-1.0,-1.0,0.0,1.0,0.0,0.0,0.0,1.0,0.0,0.0,0.0,0.0,1.0,0.0,1.0,0.0
-0.03797468354430378,-1.0,0.329231699625417,-1.0,-1.0,0.6519909124828245,0.62618578373439,0.0,0.0,1.0,0.0,0.0,1.0,0.0,1.0,0.0,0.0,0.0,0.0,1.0,0.0
-0.2911392405063291,-0.2692751980081092,-1.0,0.1367352121107781,0.13339928004915436,-0.7822671181404642,0.22881635207629936,0.0,1.0,0.0,0.0,0.0,1.0,0.0,1.0,0.0,0.0,0.0,0.0,1.0,0.0
0.012658227848101333,-1.0,-1.0,-1.0,-1.0,-1.0,-1.0,0.0,0.0,1.0,0.0,0.0,0.0,1.0,0.0,0.0,0.0,1.0,0.0,1.0,0.0
-0.11392405063291144,-1.0,-1.0,-1.0,-1.0,-1.0,-1.0,0.0,0.0,0.0,1.0,0.0,0.0,1.0,0.0,0.0,0.0,1.0,0.0,1.0,0.0
-0.189873417721519,-1.0,-0.00296390304010985,-1.0,0.7663731313485054,-0.22075537037717974,0.6923634554960834,0.0,0.0,1.0,0.0,0.0,1.0,0.0,0.0,0.0,0.0,1.0,0.0,1.0,0.0
-0.6708860759493671,-1.0,-1.0,-1.0,-1.0,-1.0,-1.0,0.0,1.0,0.0,0.0,0.0,0.0,1.0,0.0,0.0,0.0,1.0,0.0,1.0,0.0
0.2911392405063291,-1.0,-1.0,-1.0,-1.0,-1.0,-1.0,0.0,1.0,0.0,0.0,0.0,0.0,1.0,0.0,0.0,0.0,1.0,0.0,1.0,0.0
-1.0,-1.0,-1.0,-1.0,-1.0,-1.0,-1.0,0.0,0.0,0.0,1.0,0.0,0.0,1.0,0.0,0.0,0.0,1.0,0.0,1.0,0.0
-0.4683544303797469,0.4176271256164563,-1.0,-1.0,-1.0,-1.0,0.29317766851801275,0.0,1.0,0.0,0.0,0.0,1.0,0.0,0.0,0.0,0.0,1.0,0.0,1.0,0.0
-0.6708860759493671,0.19615516820268275,0.24499584192006818,-0.4902955702815448,-0.40188337906966964,-1.0,0.3007958454584503,0.0,1.0,0.0,0.0,0.0,1.0,0.0,0.0,0.0,0.0,1.0,0.0,1.0,0.0
-0.620253164556962,-1.0,-1.0,-1.0,-1.0,-1.0,-1.0,0.0,1.0,0.0,0.0,0.0,0.0,1.0,0.0,0.0,0.0,1.0,0.0,1.0,0.0
-0.26582278481012656,0.34773437287495557,-1.0,-1.0,-0.2585621900439785,-1.0,0.24112001905762792,0.0,1.0,0.0,0.0,0.0,1.0,0.0,0.0,0.0,1.0,0.0,0.0,1.0,0.0
-0.4177215189873418,0.26183683428450544,-0.6853510347334366,0.28025578826156505,-1.0,-1.0,0.3262004918050192,0.0,0.0,0.0,1.0,0.0,1.0,0.0,0.0,0.0,0.0,1.0,0.0,1.0,0.0
-0.620253164556962,-0.5187895331071819,0.3011545232393422,-0.6801739453692954,-1.0,-0.7822671181404642,0.2724428630192193,0.0,1.0,0.0,0.0,0.0,1.0,0.0,0.0,0.0,0.0,1.0,0.0,1.0,0.0
-0.21518987341772156,-1.0,0.4429795230718545,0.6510957859105471,0.6606451099954469,-0.04308128045852622,0.7535832392027135,0.0,0.0,1.0,0.0,0.0,1.0,0.0,1.0,0.0,0.0,0.0,0.0,1.0,0.0
-0.26582278481012656,-1.0,-0.7852186672204382,-0.16444726385198893,-1.0,0.3000436498672723,0.2680601258366466,0.0,1.0,0.0,0.0,0.0,1.0,0.0,0.0,0.0,0.0,1.0,0.0,1.0,0.0
-0.5696202531645569,0.08292566001599933,-1.0,-1.0,0.14598543126808927,-0.5878775395118796,0.18284105572139286,0.0,1.0,0.0,0.0,0.0,1.0,0.0,1.0,0.0,0.0,0.0,0.0,1.0,0.0
-0.36708860759493667,-1.0,-1.0,-1.0,-1.0,-1.0,-1.0,0.0,0.0,0.0,1.0,0.0,0.0,1.0,1.0,0.0,0.0,0.0,0.0,1.0,0.0
-0.9493670886075949,-1.0,-1.0,-1.0,-1.0,-1.0,-1.0,0.0,0.0,0.0,1.0,0.0,1.0,0.0,0.0,0.0,0.0,1.0,0.0,1.0,0.0
-0.44303797468354433,-1.0,-1.0,-1.0,-1.0,0.3496953901136264,0.29829012696182167,0.0,1.0,0.0,0.0,0.0,1.0,0.0,0.0,0.0,0.0,1.0,0.0,1.0,0.0
0.4177215189873418,-1.0,-1.0,-1.0,-1.0,-1.0,-1.0,0.0,0.0,1.0,0.0,0.0,0.0,1.0,0.0,0.0,0.0,1.0,0.0,1.0,0.0
-0.26582278481012656,-1.0,-0.5312057330235879,-1.0,-1.0,0.3028311643140673,0.2558549557167691,0.0,1.0,0.0,0.0,0.0,1.0,0.0,1.0,0.0,0.0,0.0,0.0,1.0,0.0
-0.5696202531645569,-1.0,-1.0,-1.0,-1.0,-1.0,-1.0,0.0,1.0,0.0,0.0,0.0,0.0,1.0,0.0,0.0,0.0,1.0,0.0,1.0,0.0
-0.8481012658227848,-1.0,-1.0,-1.0,-1.0,-1.0,-1.0,0.0,1.0,0.0,0.0,0.0,1.0,0.0,0.0,0.0,0.0,1.0,0.0,1.0,0.0
-0.5443037974683544,-1.0,0.1728064607733455,0.5132072742669322,-1.0,-1.0,0.48616728732836023,0.0,1.0,0.0,0.0,0.0,1.0,0.0,0.0,0.0,0.0,1.0,0.0,1.0,0.0
-0.5696202531645569,-1.0,0.23955542424060505,-0.4148837339220931,0.1510563383304051,-1.0,0.29744751488910315,0.0,1.0,0.0,0.0,0.0,1.0,0.0,0.0,0.0,0.0,1.0,0.0,1.0,0.0
-0.4177215189873418,0.5432879423750063,-0.7852186672204382,0.22096704389739585,-1.0,-1.0,0.45633481238964824,0.0,0.0,0.0,1.0,0.0,1.0,0.0,0.0,0.0,0.0,1.0,0.0,1.0,0.0
0.620253164556962,-1.0,0.25828280672515325,0.49257474444142435,-1.0,-1.0,0.48780772117202686,0.0,1.0,0.0,0.0,1.0,0.0,0.0,0.0,0.0,0.0,1.0,0.0,1.0,0.0
-0.6708860759493671,0.09983409977792346,-1.0,-1.0,-0.21110956333010122,0.30936545978627916,0.31363034693773617,0.0,1.0,0.0,0.0,0.0,1.0,0.0,0.0,0.0,0.0,1.0,0.0,1.0,0.0
-0.49367088607594933,0.5575767937603298,-1.0,-1.0,-0.8616088449879872,-1.0,0.42095203727934716,0.0,1.0,0.0,0.0,0.0,1.0,0.0,0.0,1.0,0.0,0.0,0.0,1.0,0.0
0.012658227848101333,0.5968876591360466,-0.8644880666376419,-1.0,-1.0,-0.3542810726612019,0.45906740582170524,0.0,0.0,0.0,1.0,0.0,1.0,0.0,0.0,0.0,0.0,1.0,0.0,1.0,0.0
-0.03797468354430378,0.34473689765925797,0.40476036510961144,-0.25257769536476193,-0.8616088449879872,0.20857130485884112,0.4860888182302787,0.0,1.0,0.0,0.0,0.0,1.0,0.0,0.0,0.0,0.0,1.0,0.0,1.0,0.0
-0.31645569620253167,-1.0,-0.2514914402879457,0.07716384050067515,-0.45932089796816633,0.2394401408447029,0.2753096940518822,1.0,0.0,0.0,0.0,0.0,1.0,0.0,0.0,0.0,0.0,1.0,0.0,1.0,0.0
-0.44303797468354433,-1.0,-1.0,-1.0,-1.0,-1.0,-1.0,0.0,1.0,0.0,0.0,0.0,0.0,1.0,0.0,0.0,0.0,1.0,0.0,1.0,0.0
0.012658227848101333,-1.0,-1.0,-1.0,-1.0,-1.0,-1.0,0.0,0.0,1.0,0.0,0.0,0.0,1.0,0.0,0.0,0.0,1.0,0.0,1.0,0.0
-0.16455696202531644,-1.0,-1.0,-1.0,0.20502148739307113,0.5403071994934285,0.5125043605687367,0.0,1.0,0.0,0.0,0.0,1.0,0.0,0.0,0.0,0.0,1.0,0.0,1.0,0.0
-0.3417721518987342,0.418571701463591,-1.0,-1.0,-1.0,-0.3873893563162252,0.2985001993479246,0.0,1.0,0.0,0.0,0.0,1.0,0.0,0.0,0.0,0.0,1.0,0.0,1.0,0.0
-1.0,-1.0,-1.0,-1.0,-1.0,-1.0,-1.0,0.0,1.0,0.0,0.0,0.0,0.0,1.0,0.0,0.0,1.0,0.0,0.0,1.0,0.0
-0.16455696202531644,-0.21887545108419082,0.17995107046866488,-1.0,-0.2490529531958,0.13628523163215656,0.2764915990842052,0.0,1.0,0.0,0.0,0.0,1.0,0.0,0.0,0.0,0.0,1.0,0.0,1.0,0.0
-0.21518987341772156,-1.0,-1.0,-1.0,-1.0,-1.0,-1.0,0.0,0.0,0.0,1.0,0.0,0.0,1.0,0.0,0.0,0.0,1.0,0.0,1.0,0.0
0.08860759493670889,-0.5933299775945341,0.06901884945745329,-0.7245168312189103,0.21930518484790573,-0.20579060329844068,0.26154614464588355,0.0,1.0,0.0,0.0,0.0,1.0,0.0,1.0,0.0,0.0,0.0,0.0,1.0,0.0
0.11392405063291133,-1.0,0.2848969727391344,0.026341624172218303,-1.0,-1.0,0.2944686937979426,0.0,1.0,0.0,0.0,0.0,1.0,0.0,0.0,0.0,0.0,1.0,0.0,1.0,0.0
-0.36708860759493667,-1.0,-1.0,-1.0,-0.6114869098077889,0.5054219028240672,0.4486594827036303,0.0,1.0,0.0,0.0,0.0,1.0,0.0,0.0,0.0,0.0,1.0,0.0,1.0,0.0
-0.31645569620253167,-0.7102824304755853,0.3048927326226101,-1.0,0.1768542659021144,-1.0,0.34470031667833156,0.0,1.0,0.0,0.0,0.0,1.0,0.0,0.0,0.0,0.0,1.0,0.0,1.0,0.0
-0.31645569620253167,-1.0,0.4683071555688112,-0.2669491921976609,-0.5038728988504453,0.2836647403664472,0.4935538062705791,0.0,1.0,0.0,0.0,0.0,1.0,0.0,0.0,0.0,0.0,1.0,0.0,1.0,0.0
0.1898734177215189,-1.0,-1.0,-1.0,-1.0,-1.0,-1.0,0.0,0.0,0.0,1.0,1.0,0.0,0.0,0.0,0.0,0.0,1.0,0.0,1.0,0.0
-0.2911392405063291,0.5837342698257868,-0.26018186629887174,-1.0,-1.0,-0.5878775395118796,0.4495171527530166,0.0,1.0,0.0,0.0,0.0,1.0,0.0,0.0,0.0,0.0,1.0,0.0,1.0,0.0
-0.4177215189873418,-1.0,-1.0,0.2313518047644878,-1.0,0.14321782749006529,0.27672710334034045,0.0,1.0,0.0,0.0,0.0,1.0,0.0,0.0,0.0,0.0,1.0,0.0,1.0,0.0
-0.4683544303797469,0.6442832557485407,-1.0,-0.07707081710991026,-0.6786656890936953,-1.0,0.5075901339794833,0.0,0.0,0.0,1.0,0.0,1.0,0.0,0.0,0.0,0.0,1.0,0.0,1.0,0.0
-0.7468354430379747,-1.0,-1.0,-1.0,-1.0,-1.0,-1.0,0.0,1.0,0.0,0.0,0.0,0.0,1.0,0.0,0.0,1.0,0.0,0.0,1.0,0.0
-0.3417721518987342,-1.0,-1.0,-1.0,-1.0,-1.0,-1.0,0.0,0.0,1.0,0.0,0.0,1.0,0.0,0.0,0.0,0.0,1.0,0.0,1.0,0.0
-0.03797468354430378,-1.0,0.18997903233004965,-1.0,0.2129807029739461,0.8268691112630095,0.773132118877389,0.0,0.0,1.0,0.0,0.0,1.0,0.0,1.0,0.0,0.0,0.0,0.0,1.0,0.0
-0.6455696202531646,-0.40789510005579643,-1.0,-1.0,0.31163791341782243,-0.006947151616774949,0.29209509507457176,0.0,1.0,0.0,0.0,0.0,1.0,0.0,0.0,0.0,0.0,1.0,0.0,1.0,0.0
-0.31645569620253167,-1.0,0.411027471211167,-1.0,0.4265829446364049,-1.0,0.5012455515431526,0.0,1.0,0.0,0.0,0.0,1.0,0.0,0.0,0.0,0.0,1.0,0.0,1.0,0.0
-0.03797468354430378,-1.0,-1.0,-1.0,-1.0,-1.0,-1.0,0.0,1.0,0.0,0.0,0.0,0.0,1.0,0.0,0.0,0.0,1.0,0.0,1.0,0.0
-0.6455696202531646,-1.0,-1.0,-1.0,-1.0,-1.0,-1.0,0.0,0.0,1.0,0.0,0.0,0.0,1.0,0.0,0.0,0.0,1.0,0.0,1.0,0.0
-0.5696202531645569,-0.6255454734896567,0.2960563883545777,-1.0,-1.0,-1.0,0.2650813047454863,0.0,1.0,0.0,0.0,0.0,1.0,0.0,0.0,0.0,0.0,1.0,0.0,1.0,0.0
-0.189873417721519,0.7588446315850064,0.3331159809235962,-1.0,-0.09290287818746878,-1.0,0.6427925095227245,0.0,1.0,0.0,0.0,0.0,1.0,0.0,0.0,0.0,0.0,1.0,0.0,1.0,0.0
-0.4683544303797469,0.4216124172819078,-0.8644880666376419,0.47662342919017053,-0.47309575479577604,-1.0,0.49905844528648013,0.0,0.0,0.0,1.0,0.0,1.0,0.0,0.0,0.0,0.0,1.0,0.0,1.0,0.0
-0.49367088607594933,-1.0,-1.0,-1.0,-1.0,-1.0,-1.0,0.0,1.0,0.0,0.0,0.0,0.0,1.0,0.0,0.0,1.0,0.0,0.0,1.0,0.0
-0.5949367088607596,0.5970883188253997,-1.0,-0.5234924077581515,-1.0,-1.0,0.4577970682343184,1.0,0.0,0.0,0.0,0.0,1.0,0.0,0.0,0.0,0.0,1.0,0.0,1.0,0.0
-0.21518987341772156,-1.0,-1.0,-1.0,-1.0,-1.0,-1.0,0.0,1.0,0.0,0.0,0.0,0.0,1.0,0.0,0.0,1.0,0.0,0.0,1.0,0.0
-0.49367088607594933,-1.0,-0.11811616638148303,0.2581903538459247,-0.7806552088744709,-1.0,0.23594393628112487,0.0,1.0,0.0,0.0,0.0,1.0,0.0,0.0,0.0,1.0,0.0,0.0,1.0,0.0
0.5189873417721518,-0.17424122981986145,-0.5312057330235879,0.3168553918853698,0.4482005730647647,-0.023472470144200397,0.48099840193443866,0.0,0.0,0.0,1.0,0.0,1.0,0.0,0.0,0.0,0.0,1.0,0.0,1.0,0.0
-0.2405063291139241,-1.0,-1.0,-1.0,-1.0,-1.0,-1.0,0.0,1.0,0.0,0.0,0.0,0.0,1.0,1.0,0.0,0.0,0.0,0.0,1.0,0.0
0.9746835443037973,-1.0,-1.0,-1.0,-1.0,-1.0,-1.0,0.0,1.0,0.0,0.0,0.0,0.0,1.0,1.0,0.0,0.0,0.0,0.0,1.0,0.0
0.21518987341772156,-1.0,-1.0,-1.0,-1.0,-1.0,-1.0,0.0,0.0,1.0,0.0,0.0,0.0,1.0,1.0,0.0,0.0,0.0,0.0,1.0,0.0
-0.49367088607594933,-1.0,-1.0,-1.0,-1.0,-1.0,-1.0,0.0,0.0,0.0,1.0,0.0,1.0,0.0,0.0,0.0,0.0,1.0,0.0,1.0,0.0
-0.21518987341772156,-0.335827903965242,-1.0,-1.0,-1.0,-0.4271600827848884,-0.29204212903330695,0.0,1.0,0.0,0.0,0.0,1.0,0.0,1.0,0.0,0.0,0.0,0.0,1.0,0.0
0.3417721518987342,-1.0,-1.0,-1.0,-1.0,-1.0,-1.0,0.0,1.0,0.0,0.0,0.0,0.0,1.0,0.0,0.0,0.0,1.0,0.0,1.0,0.0
-0.26582278481012656,-1.0,-1.0,-1.0,-1.0,-1.0,-1.0,0.0,0.0,1.0,0.0,0.0,0.0,1.0,1.0,0.0,0.0,0.0,0.0,1.0,0.0
-0.44303797468354433,-1.0,-0.6853510347334366,-1.0,-1.0,0.4160993482155926,0.3627654298564802,0.0,1.0,0.0,0.0,0.0,1.0,0.0,0.0,0.0,0.0,1.0,0.0,1.0,0.0
-0.31645569620253167,-1.0,-1.0,-1.0,0.5793987227546435,-0.14698160022358553,0.5131183407165005,0.0,1.0,0.0,0.0,0.0,1.0,0.0,1.0,0.0,0.0,0.0,0.0,1.0,0.0
-0.4177215189873418,-1.0,-1.0,-1.0,-1.0,-1.0,-1.0,0.0,1.0,0.0,0.0,0.0,0.0,1.0,0.0,0.0,1.0,0.0,0.0,1.0,0.0
-0.36708860759493667,-1.0,-1.0,-1.0,-1.0,-1.0,-1.0,0.0,1.0,0.0,0.0,0.0,0.0,1.0,0.0,0.0,1.0,0.0,0.0,1.0,0.0
-0.49367088607594933,-1.0,0.09666516639807887,-0.06773956765797629,-1.0,0.07862737802787545,0.22297838945417037,0.0,1.0,0.0,0.0,0.0,1.0,0.0,0.0,0.0,1.0,0.0,0.0,1.0,0.0
0.03797468354430378,-1.0,-1.0,-1.0,-1.0,-1.0,-1.0,0.0,0.0,0.0,1.0,0.0,0.0,1.0,0.0,0.0,0.0,1.0,0.0,1.0,0.0
-0.5696202531645569,-1.0,-1.0,-1.0,-1.0,-1.0,-1.0,0.0,0.0,1.0,0.0,0.0,0.0,1.0,1.0,0.0,0.0,0.0,0.0,1.0,0.0
-1.0,-1.0,-1.0,-1.0,-1.0,-1.0,-1.0,0.0,1.0,0.0,0.0,0.0,0.0,1.0,1.0,0.0,0.0,0.0,0.0,1.0,0.0
-0.31645569620253167,-1.0,-1.0,-1.0,-1.0,-1.0,-1.0,0.0,0.0,1.0,0.0,0.0,0.0,1.0,1.0,0.0,0.0,0.0,0.0,1.0,0.0
-0.36708860759493667,0.45442416764826743,-1.0,0.30742288429074827,-1.0,-0.5878775395118796,0.42671792930310004,0.0,0.0,0.0,1.0,0.0,1.0,0.0,0.0,0.0,1.0,0.0,0.0,1.0,0.0
-0.08860759493670889,-1.0,0.3182493083930886,-1.0,0.6866645332999228,-0.10818717627106378,0.6453625224408794,0.0,0.0,1.0,0.0,0.0,1.0,0.0,1.0,0.0,0.0,0.0,0.0,1.0,0.0
-0.08860759493670889,0.5047955600439005,-0.6195699068776419,0.7811765856630846,-1.0,-1.0,0.739055596664645,0.0,0.0,0.0,1.0,0.0,1.0,0.0,1.0,0.0,0.0,0.0,0.0,1.0,0.0
0.11392405063291133,-1.0,-1.0,-1.0,-1.0,-1.0,-1.0,0.0,0.0,1.0,0.0,0.0,0.0,1.0,1.0,0.0,0.0,0.0,0.0,1.0,0.0
0.21518987341772156,-0.07401666632198345,-0.07927556988301587,-1.0,0.3053803682939378,-0.5645342362809285,0.29511094259548454,0.0,1.0,0.0,0.0,0.0,1.0,0.0,0.0,0.0,0.0,1.0,0.0,1.0,0.0
-0.08860759493670889,-1.0,-1.0,-1.0,-1.0,-1.0,-1.0,0.0,0.0,0.0,1.0,0.0,0.0,1.0,0.0,0.0,0.0,1.0,0.0,1.0,0.0
0.5443037974683544,-1.0,0.0005800440491012804,0.38818045998422,-1.0,-0.4384882522367155,0.36141176259905716,0.0,1.0,0.0,0.0,0.0,1.0,0.0,0.0,0.0,0.0,1.0,0.0,1.0,0.0
-0.1392405063291139,-1.0,-1.0,-1.0,-1.0,-1.0,-1.0,0.0,0.0,1.0,0.0,0.0,0.0,1.0,1.0,0.0,0.0,0.0,0.0,1.0,0.0
-0.31645569620253167,-0.7704042582518641,0.31893972368711876,-0.4148837339220931,-0.7806552088744709,-1.0,0.2910063389965696,0.0,1.0,0.0,0.0,0.0,1.0,0.0,0.0,0.0,0.0,1.0,0.0,1.0,0.0
-0.2911392405063291,-1.0,-0.5934641999129258,-0.6133104850891911,-1.0,0.22481138234036435,0.18322579989052357,0.0,1.0,0.0,0.0,0.0,1.0,0.0,0.0,0.0,0.0,1.0,0.0,1.0,0.0
-0.31645569620253167,-1.0,0.41373392280542265,-1.0,-0.0009309302268775133,0.5236765472522305,0.566886477655745,0.0,0.0,1.0,0.0,0.0,1.0,0.0,0.0,0.0,0.0,1.0,0.0,1.0,0.0
-0.3924050632911392,0.09211338350639764,-1.0,0.22560333077240924,0.49774807749451333,-0.2094272009253526,0.49347831996149627,0.0,1.0,0.0,0.0,0.0,1.0,0.0,0.0,0.0,0.0,1.0,0.0,1.0,0.0
-0.49367088607594933,-1.0,-0.7289761332752838,0.6219912172374074,0.05784208684864778,-0.4271600827848884,0.567604329336467,0.0,0.0,0.0,1.0,0.0,1.0,0.0,1.0,0.0,0.0,0.0,0.0,1.0,0.0
-0.5443037974683544,-1.0,-1.0,-1.0,-1.0,-1.0,-1.0,0.0,1.0,0.0,0.0,0.0,0.0,1.0,0.0,0.0,0.0,1.0,0.0,1.0,0.0
-0.5189873417721519,0.411624787409822,-1.0,-1.0,-1.0,-1.0,0.28770225852659026,0.0,1.0,0.0,0.0,0.0,1.0,0.0,0.0,0.0,0.0,1.0,0.0,1.0,0.0
-0.21518987341772156,0.6515175403602771,-0.39569379966122975,-1.0,-1.0,-0.8626258465039598,0.508080303100829,0.0,1.0,0.0,0.0,0.0,1.0,0.0,0.0,0.0,0.0,1.0,0.0,1.0,0.0
-0.3924050632911392,0.41548608986856306,-0.4985462595038411,-0.8622584156094552,-1.0,-0.7252516930079197,0.2946830172281585,0.0,1.0,0.0,0.0,0.0,1.0,0.0,0.0,0.0,0.0,1.0,0.0,1.0,0.0
-0.06329113924050633,-1.0,-1.0,-1.0,-1.0,-1.0,-1.0,0.0,1.0,0.0,0.0,0.0,0.0,1.0,0.0,0.0,0.0,1.0,0.0,1.0,0.0
-0.44303797468354433,-1.0,0.8295757744300218,-1.0,0.8437929365719767,-0.8626258465039598,0.9048121510482643,0.0,0.0,1.0,0.0,0.0,1.0,0.0,0.0,0.0,0.0,1.0,0.0,1.0,0.0
-0.7721518987341772,-1.0,-1.0,-1.0,-1.0,-1.0,-1.0,0.0,1.0,0.0,0.0,0.0,0.0,1.0,0.0,0.0,0.0,1.0,0.0,1.0,0.0
0.139240506329114,-1.0,-1.0,0.21446529381268298,-0.09079009410092975,0.16929481557896708,0.29871004050405636,0.0,1.0,0.0,0.0,0.0,1.0,0.0,0.0,0.0,0.0,1.0,0.0,1.0,0.0
-0.4177215189873418,-1.0,-0.45795226655056753,0.3361539360617243,-0.4343312963306818,-0.7252516930079197,0.28947155819687853,0.0,1.0,0.0,0.0,0.0,1.0,0.0,0.0,0.0,0.0,1.0,0.0,1.0,0.0
-0.1392405063291139,-1.0,0.5733699078433172,-1.0,-0.05614755600273069,-0.4505033860158394,0.541833172060094,0.0,0.0,1.0,0.0,0.0,1.0,0.0,1.0,0.0,0.0,0.0,0.0,1.0,0.0
-0.1392405063291139,-1.0,-1.0,-1.0,-1.0,-1.0,-1.0,0.0,0.0,0.0,1.0,0.0,0.0,1.0,0.0,0.0,0.0,1.0,0.0,1.0,0.0
-0.620253164556962,-1.0,-1.0,-1.0,-1.0,-1.0,-1.0,0.0,1.0,0.0,0.0,0.0,0.0,1.0,0.0,1.0,0.0,0.0,0.0,1.0,0.0
-0.5443037974683544,0.21939988561386214,-1.0,0.1541888524882522,-0.07464746905468156,-1.0,0.2685521020350963,0.0,1.0,0.0,0.0,0.0,1.0,0.0,0.0,0.0,0.0,1.0,0.0,1.0,0.0
-0.8734177215189873,-1.0,-1.0,-1.0,-1.0,-1.0,-1.0,0.0,1.0,0.0,0.0,0.0,1.0,0.0,0.0,0.0,0.0,1.0,0.0,1.0,0.0
-0.31645569620253167,0.10412116396102222,0.2515901397065581,-1.0,-1.0,0.04907484281420249,0.3163263205488358,0.0,1.0,0.0,0.0,0.0,1.0,0.0,0.0,0.0,0.0,1.0,0.0,1.0,0.0
0.139240506329114,-0.4988709397562451,-0.4461000078353691,0.32885620900181345,-0.14066657673737903,-1.0,0.29702480812812015,0.0,1.0,0.0,0.0,0.0,1.0,0.0,0.0,0.0,0.0,1.0,0.0,1.0,0.0
-0.2911392405063291,-1.0,-1.0,-1.0,-1.0,-1.0,-1.0,0.0,0.0,1.0,0.0,0.0,0.0,1.0,1.0,0.0,0.0,0.0,0.0,1.0,0.0
-0.5443037974683544,-1.0,-1.0,-1.0,-1.0,-1.0,-1.0,0.0,1.0,0.0,0.0,0.0,0.0,1.0,0.0,0.0,0.0,1.0,0.0,1.0,0.0
-0.1392405063291139,-1.0,-1.0,0.3486502892954719,-1.0,-1.0,0.29382427401442257,0.0,1.0,0.0,0.0,0.0,1.0,0.0,0.0,0.0,0.0,1.0,0.0,1.0,0.0
-0.31645569620253167,-1.0,-1.0,-1.0,-1.0,-1.0,-1.0,0.0,1.0,0.0,0.0,0.0,0.0,1.0,0.0,0.0,1.0,0.0,0.0,1.0,0.0
-0.49367088607594933,-1.0,-0.6853510347334366,-1.0,-1.0,0.2762084750596274,0.22881635207629936,0.0,1.0,0.0,0.0,0.0,1.0,0.0,0.0,0.0,1.0,0.0,0.0,1.0,0.0
0.11392405063291133,-1.0,-1.0,-1.0,-1.0,-1.0,-1.0,0.0,1.0,0.0,0.0,1.0,0.0,0.0,1.0,0.0,0.0,0.0,0.0,1.0,0.0
0.5189873417721518,-1.0,-1.0,-1.0,-1.0,-1.0,-1.0,0.0,0.0,1.0,0.0,0.0,0.0,1.0,0.0,0.0,0.0,1.0,0.0,1.0,0.0
-0.21518987341772156,-0.1824378509765714,0.12954486229452566,0.36828228965866994,-1.0,-1.0,0.3739699754293264,0.0,0.0,0.0,1.0,0.0,1.0,0.0,0.0,0.0,0.0,1.0,0.0,1.0,0.0
-0.189873417721519,0.4730214856779762,0.03777904412550703,-1.0,-1.0,-0.5645342362809285,0.37551819167705336,0.0,1.0,0.0,0.0,0.0,1.0,0.0,1.0,0.0,0.0,0.0,0.0,1.0,0.0
-0.16455696202531644,-1.0,-1.0,-1.0,-1.0,-1.0,-1.0,0.0,0.0,1.0,0.0,0.0,0.0,1.0,0.0,0.0,0.0,1.0,1.0,0.0,0.0
0.21518987341772156,0.374978304675712,-0.8644880666376419,-0.16743557731867464,-1.0,-0.3620541869723509,0.27672710334034045,0.0,1.0,0.0,0.0,0.0,1.0,0.0,0.0,0.0,0.0,1.0,0.0,1.0,0.0
-0.189873417721519,-1.0,-0.5498391013710785,-0.5062015851699782,0.33084530172001103,-0.1757550790237592,0.2899113292594777,0.0,1.0,0.0,0.0,0.0,1.0,0.0,0.0,0.0,0.0,1.0,0.0,1.0,0.0
-0.189873417721519,0.48875536343482917,-1.0,-0.18971542597687385,-1.0,-1.0,0.3667696985133764,0.0,0.0,0.0,1.0,0.0,1.0,0.0,0.0,0.0,0.0,1.0,1.0,0.0,0.0
0.2911392405063291,-1.0,0.08787706244645332,-0.10143424030282511,-1.0,0.1058411302520974,0.22453211175517773,0.0,1.0,0.0,0.0,0.0,1.0,0.0,1.0,0.0,0.0,0.0,0.0,1.0,0.0
-0.44303797468354433,-1.0,-0.4840579735152838,0.24465687022115024,-0.5848265349639614,-1.0,0.20118603233832277,0.0,1.0,0.0,0.0,0.0,1.0,0.0,0.0,0.0,0.0,1.0,0.0,1.0,0.0
0.16455696202531644,0.49701026951014393,-1.0,-0.19311241640142773,-1.0,-1.0,0.3738286030304876,0.0,0.0,0.0,1.0,0.0,1.0,0.0,0.0,0.0,0.0,1.0,0.0,1.0,0.0
-0.2405063291139241,-0.08950427283393292,0.5155160525631093,-0.6439431695605231,-0.04750307886341254,-0.8626258465039598,0.4935538062705791,0.0,1.0,0.0,0.0,0.0,1.0,0.0,0.0,1.0,0.0,0.0,0.0,1.0,0.0
-0.5189873417721519,-0.2239115273106964,-1.0,-0.1342387398420678,0.26799391865871924,-1.0,0.24615927292440265,0.0,1.0,0.0,0.0,0.0,1.0,0.0,0.0,0.0,1.0,0.0,0.0,1.0,0.0
-0.26582278481012656,-1.0,-0.6195699068776419,-1.0,-1.0,0.708053274898738,0.6432060469323808,0.0,0.0,1.0,0.0,0.0,1.0,0.0,0.0,0.0,0.0,1.0,0.0,1.0,0.0
-0.06329113924050633,0.19271214056960906,0.5917359593926634,-1.0,-0.8616088449879872,0.02017683431467887,0.5766984544528058,0.0,0.0,1.0,0.0,0.0,1.0,0.0,0.0,0.0,0.0,1.0,0.0,1.0,0.0
-0.8987341772151899,-1.0,-1.0,-1.0,-1.0,-1.0,-1.0,0.0,1.0,0.0,0.0,0.0,1.0,0.0,0.0,0.0,0.0,1.0,0.0,1.0,0.0
-0.31645569620253167,-1.0,-1.0,-1.0,-1.0,-1.0,-1.0,0.0,0.0,1.0,0.0,0.0,1.0,0.0,0.0,0.0,0.0,1.0,0.0,1.0,0.0
-0.4683544303797469,-1.0,-1.0,-1.0,-1.0,-1.0,-1.0,0.0,1.0,0.0,0.0,0.0,0.0,1.0,1.0,0.0,0.0,0.0,0.0,1.0,0.0
-0.012658227848101333,-1.0,-1.0,-1.0,-1.0,-1.0,-1.0,0.0,0.0,0.0,1.0,0.0,0.0,1.0,0.0,1.0,0.0,0.0,0.0,1.0,0.0
-0.7721518987341772,-1.0,-1.0,-1.0,-1.0,-1.0,-1.0,0.0,1.0,0.0,0.0,0.0,1.0,0.0,0.0,0.0,0.0,1.0,0.0,1.0,0.0
-0.44303797468354433,-0.4988709397562451,-1.0,0.2793042185228185,-1.0,-0.11719731918136134,0.25427286637886715,0.0,1.0,0.0,0.0,0.0,1.0,0.0,1.0,0.0,0.0,0.0,0.0,1.0,0.0
-0.3417721518987342,0.5609418103419748,-0.3870033736503038,-1.0,-0.6786656890936953,-1.0,0.42671792930310004,0.0,0.0,0.0,1.0,0.0,1.0,0.0,0.0,0.0,0.0,1.0,0.0,1.0,0.0
-0.1392405063291139,-1.0,-1.0,-1.0,-1.0,-1.0,-1.0,0.0,0.0,0.0,1.0,0.0,0.0,1.0,0.0,0.0,0.0,1.0,0.0,1.0,0.0
-0.4177215189873418,-0.10623216221710607,-1.0,0.4362745920870281,-1.0,0.3461680176258777,0.47880943545723076,0.0,0.0,0.0,1.0,0.0,1.0,0.0,1.0,0.0,0.0,0.0,0.0,1.0,0.0
0.31645569620253156,0.38600248974286355,-1.0,0.16801836885104082,-0.6422640538624581,-1.0,0.33850415878634776,0.0,0.0,0.0,1.0,0.0,1.0,0.0,0.0,0.0,0.0,1.0,0.0,1.0,0.0
-0.31645569620253167,-1.0,-1.0,-1.0,-1.0,-1.0,-1.0,0.0,1.0,0.0,0.0,0.0,1.0,0.0,0.0,0.0,0.0,1.0,0.0,1.0,0.0
-0.26582278481012656,-1.0,0.334393778898848,-1.0,0.5227895530520816,0.6276945465352424,0.6783765931815209,0.0,0.0,1.0,0.0,0.0,1.0,0.0,0.0,0.0,0.0,1.0,0.0,0.0,1.0
-0.5443037974683544,-0.2692751980081092,0.3950439609145513,-0.8622584156094552,-1.0,-1.0,0.36529642478936664,0.0,0.0,0.0,1.0,0.0,1.0,0.0,0.0,0.0,0.0,1.0,0.0,1.0,0.0
-0.3924050632911392,-1.0,-0.5934641999129258,0.25353964957793784,-0.6786656890936953,-1.0,0.20636211511482583,0.0,1.0,0.0,0.0,0.0,1.0,0.0,0.0,0.0,0.0,1.0,0.0,1.0,0.0
-0.9240506329113924,-1.0,-1.0,-1.0,-1.0,-1.0,-1.0,0.0,0.0,0.0,1.0,0.0,1.0,0.0,1.0,0.0,0.0,0.0,0.0,1.0,0.0
-0.5696202531645569,-1.0,-1.0,-1.0,-1.0,-1.0,-1.0,0.0,1.0,0.0,0.0,0.0,0.0,1.0,1.0,0.0,0.0,0.0,0.0,1.0,0.0
-0.4683544303797469,0.34339076063528506,-0.31058807447301096,-0.8622584156094552,-0.7806552088744709,-1.0,0.23623521314618867,0.0,1.0,0.0,0.0,0.0,1.0,0.0,1.0,0.0,0.0,0.0,0.0,1.0,0.0
-0.7974683544303798,-1.0,-1.0,-1.0,-1.0,-1.0,-1.0,0.0,1.0,0.0,0.0,0.0,1.0,0.0,1.0,0.0,0.0,0.0,0.0,1.0,0.0
-0.03797468354430378,-1.0,0.3031571260940402,-1.0,-1.0,-1.0,0.2707504172839674,0.0,1.0,0.0,0.0,0.0,1.0,0.0,0.0,0.0,0.0,1.0,0.0,1.0,0.0
-0.5189873417721519,0.10091413861792087,-1.0,0.5881492459571922,-1.0,-1.0,0.535640675793039,0.0,0.0,0.0,1.0,0.0,1.0,0.0,0.0,0.0,0.0,1.0,0.0,1.0,0.0
0.2911392405063291,-1.0,-1.0,-1.0,-1.0,-1.0,-1.0,0.0,0.0,1.0,0.0,0.0,0.0,1.0,0.0,0.0,0.0,1.0,0.0,1.0,0.0
-0.4177215189873418,-1.0,0.4391665212877649,-1.0,-0.27905773174939197,-1.0,0.4076887056483811,0.0,1.0,0.0,0.0,0.0,1.0,0.0,0.0,0.0,0.0,1.0,0.0,1.0,0.0
-0.189873417721519,-1.0,-1.0,-1.0,-1.0,-1.0,-1.0,0.0,1.0,0.0,0.0,0.0,1.0,0.0,0.0,0.0,0.0,1.0,0.0,1.0,0.0
0.16455696202531644,-1.0,-1.0,-1.0,-1.0,-1.0,-1.0,0.0,0.0,1.0,0.0,0.0,0.0,1.0,0.0,0.0,0.0,1.0,0.0,1.0,0.0
0.03797468354430378,0.4870645204703694,-1.0,0.13477092164520998,-0.24446295258768158,0.3737415349604014,0.4989117421848983,0.0,0.0,0.0,1.0,0.0,1.0,0.0,0.0,0.0,0.0,1.0,0.0,1.0,0.0
-1.0,-1.0,-1.0,-1.0,-1.0,-1.0,-1.0,0.0,1.0,0.0,0.0,0.0,0.0,1.0,0.0,0.0,0.0,1.0,0.0,1.0,0.0
-0.1392405063291139,-0.10623216221710607,-1.0,0.09157623024466055,0.19321570986799497,-1.0,0.25079928924001504,0.0,1.0,0.0,0.0,0.0,1.0,0.0,1.0,0.0,0.0,0.0,0.0,1.0,0.0
-0.16455696202531644,0.37087464027959327,-1.0,0.5008780893605895,-0.47309575479577604,-1.0,0.500810132995825,0.0,0.0,0.0,1.0,0.0,1.0,0.0,0.0,0.0,0.0,1.0,0.0,1.0,0.0
-0.5696202531645569,-1.0,0.16285508142684346,0.19210327889293488,-1.0,-0.5878775395118796,0.2724428630192193,0.0,1.0,0.0,0.0,0.0,1.0,0.0,0.0,0.0,0.0,1.0,0.0,1.0,0.0
0.012658227848101333,-1.0,0.235020821087371,-0.5234924077581515,0.5838888236493653,-0.21313177626172697,0.5503686099114129,0.0,0.0,1.0,0.0,0.0,1.0,0.0,0.0,0.0,0.0,1.0,0.0,1.0,0.0
-0.3417721518987342,0.3444011754177345,-0.8644880666376419,-0.08686191566028734,-0.5038728988504453,-0.02636579174859499,0.2896915705364711,0.0,1.0,0.0,0.0,0.0,1.0,0.0,0.0,0.0,0.0,1.0,0.0,1.0,0.0
-0.36708860759493667,-1.0,-1.0,-1.0,-1.0,-1.0,-1.0,0.0,0.0,0.0,1.0,0.0,0.0,1.0,0.0,0.0,0.0,1.0,0.0,1.0,0.0
0.3924050632911391,-1.0,-1.0,-1.0,-1.0,-1.0,-1.0,0.0,0.0,1.0,0.0,0.0,0.0,1.0,1.0,0.0,0.0,0.0,0.0,1.0,0.0
0.31645569620253156,-1.0,0.2650567956568839,-1.0,-1.0,0.18545056089888656,0.32455938550630026,1.0,0.0,0.0,0.0,0.0,1.0,0.0,0.0,1.0,0.0,0.0,0.0,1.0,0.0
-0.189873417721519,0.08757000782339697,-1.0,-0.6439431695605231,0.47733594807191304,-1.0,0.4311664134654165,0.0,0.0,0.0,1.0,0.0,1.0,0.0,0.0,0.0,0.0,1.0,0.0,0.0,1.0
0.21518987341772156,-1.0,-1.0,-1.0,-1.0,-1.0,-1.0,0.0,0.0,0.0,1.0,0.0,0.0,1.0,0.0,0.0,0.0,1.0,0.0,1.0,0.0
-0.2405063291139241,-1.0,-1.0,-1.0,-1.0,-1.0,-1.0,0.0,0.0,1.0,0.0,0.0,0.0,1.0,1.0,0.0,0.0,0.0,0.0,1.0,0.0
-0.44303797468354433,0.2531808348992184,-1.0,0.049873493918756395,-1.0,-0.039935357103935254,0.25532905008367734,0.0,1.0,0.0,0.0,0.0,1.0,0.0,0.0,0.0,0.0,1.0,0.0,1.0,0.0
-0.8227848101265822,-1.0,-1.0,-1.0,-1.0,-1.0,-1.0,0.0,1.0,0.0,0.0,0.0,0.0,1.0,1.0,0.0,0.0,0.0,0.0,1.0,0.0
-0.9493670886075949,-1.0,-1.0,-1.0,-1.0,-1.0,-1.0,0.0,1.0,0.0,0.0,0.0,0.0,1.0,1.0,0.0,0.0,0.0,0.0,1.0,0.0
-0.49367088607594933,-1.0,-1.0,-0.8622584156094552,-1.0,0.5307252000157408,0.4725094313115479,0.0,1.0,0.0,0.0,0.0,1.0,0.0,0.0,0.0,1.0,0.0,0.0,1.0,0.0
-0.3417721518987342,-1.0,-1.0,-1.0,-1.0,-1.0,-1.0,0.0,0.0,0.0,1.0,0.0,0.0,1.0,0.0,0.0,0.0,1.0,0.0,1.0,0.0
-0.2405063291139241,-1.0,-0.7852186672204382,-1.0,0.3053803682939378,-0.11490609123496331,0.2692876939616151,0.0,1.0,0.0,0.0,0.0,1.0,0.0,0.0,0.0,0.0,1.0,0.0,1.0,0.0
-0.26582278481012656,-1.0,-1.0,-1.0,-1.0,-1.0,-1.0,0.0,1.0,0.0,0.0,0.0,0.0,1.0,0.0,0.0,1.0,0.0,0.0,1.0,0.0
-0.3924050632911392,-1.0,-1.0,-1.0,-1.0,-1.0,-1.0,0.0,0.0,0.0,1.0,0.0,1.0,0.0,0.0,0.0,0.0,1.0,0.0,1.0,0.0
-0.8987341772151899,-1.0,-1.0,-1.0,-1.0,-1.0,-1.0,0.0,1.0,0.0,0.0,0.0,0.0,1.0,0.0,0.0,0.0,1.0,0.0,1.0,0.0
-0.31645569620253167,0.4099127715713735,-1.0,0.2966480258068729,-0.8616088449879872,-1.0,0.3983458678786005,0.0,0.0,0.0,1.0,0.0,1.0,0.0,0.0,0.0,0.0,1.0,0.0,1.0,0.0
-0.8987341772151899,-1.0,-1.0,-1.0,-1.0,-1.0,-1.0,0.0,1.0,0.0,0.0,0.0,0.0,1.0,0.0,0.0,0.0,1.0,0.0,1.0,0.0
-0.11392405063291144,-1.0,-1.0,-1.0,-1.0,-1.0,-1.0,0.0,0.0,1.0,0.0,0.0,0.0,1.0,1.0,0.0,0.0,0.0,0.0,1.0,0.0
-0.7974683544303798,-1.0,-1.0,-1.0,-1.0,-1.0,-1.0,0.0,0.0,1.0,0.0,0.0,1.0,0.0,0.0,0.0,0.0,1.0,0.0,1.0,0.0
0.4683544303797469,-1.0,-1.0,-1.0,-1.0,-1.0,-1.0,0.0,1.0,0.0,0.0,0.0,0.0,1.0,0.0,0.0,0.0,1.0,0.0,1.0,0.0
-0.5443037974683544,0.4622158268417469,-0.3224403331882094,0.1399664881957292,-1.0,-1.0,0.38548592478176213,0.0,0.0,0.0,1.0,0.0,1.0,0.0,0.0,0.0,0.0,1.0,0.0,1.0,0.0
-0.3924050632911392,0.2858414578005455,-1.0,-1.0,0.05482455485598203,-1.0,0.23941022579325932,0.0,0.0,0.0,1.0,0.0,1.0,0.0,1.0,0.0,0.0,0.0,0.0,1.0,0.0
-1.0,-1.0,-1.0,-1.0,-1.0,-1.0,-1.0,0.0,1.0,0.0,0.0,0.0,0.0,1.0,0.0,0.0,0.0,1.0,0.0,1.0,0.0
-0.49367088607594933,0.3025009277853645,-1.0,-0.8622584156094552,0.4424670496293448,-1.0,0.43744787877081404,0.0,1.0,0.0,0.0,0.0,1.0,0.0,0.0,0.0,0.0,1.0,0.0,1.0,0.0
0.11392405063291133,-1.0,-1.0,0.3142057646215082,-0.17279732755673072,-0.7252516930079197,0.27672710334034045,0.0,1.0,0.0,0.0,0.0,1.0,0.0,0.0,0.0,0.0,1.0,0.0,1.0,0.0
-0.5189873417721519,-0.10050613141739173,-1.0,-1.0,0.3380881606509136,-0.7822671181404642,0.2944686937979426,0.0,1.0,0.0,0.0,0.0,1.0,0.0,0.0,0.0,0.0,1.0,0.0,1.0,0.0
-0.189873417721519,0.33722348210897146,0.272479949853883,-1.0,0.04548827682454415,-1.0,0.3887831475996404,0.0,1.0,0.0,0.0,0.0,1.0,0.0,0.0,0.0,0.0,1.0,0.0,1.0,0.0
-0.8227848101265822,-1.0,-1.0,-1.0,-1.0,-1.0,-1.0,0.0,1.0,0.0,0.0,0.0,1.0,0.0,0.0,0.0,0.0,1.0,0.0,1.0,0.0
-0.7468354430379747,-1.0,-1.0,-1.0,-1.0,-1.0,-1.0,0.0,1.0,0.0,0.0,0.0,0.0,1.0,1.0,0.0,0.0,0.0,0.0,1.0,0.0
-0.31645569620253167,-1.0,0.10231183744678995,-0.048633946148728735,0.2922442800822116,-0.6448929646444241,0.32638196794542274,0.0,1.0,0.0,0.0,0.0,1.0,0.0,0.0,0.0,0.0,1.0,0.0,1.0,0.0
-0.2405063291139241,-1.0,0.5989983118934463,0.35763966874029407,-0.8616088449879872,0.4984280594165724,0.671142113371709,0.0,0.0,1.0,0.0,0.0,1.0,0.0,1.0,0.0,0.0,0.0,0.0,1.0,0.0
-0.26582278481012656,0.6106762916373216,-1.0,-1.0,-1.0,-1.0,0.4692795968129093,0.0,0.0,0.0,1.0,0.0,1.0,0.0,0.0,0.0,0.0,1.0,0.0,1.0,0.0
-0.2911392405063291,-1.0,-0.19000724131851832,-0.7245168312189103,0.29862167532666684,-1.0,0.2576842839378861,0.0,1.0,0.0,0.0,0.0,1.0,0.0,0.0,0.0,0.0,1.0,0.0,1.0,0.0
-0.2911392405063291,-1.0,-1.0,-1.0,-1.0,-1.0,-1.0,0.0,1.0,0.0,0.0,0.0,0.0,1.0,0.0,0.0,0.0,1.0,0.0,1.0,0.0
-0.44303797468354433,-0.7704042582518641,-1.0,-0.6133104850891911,-0.0765953501931399,0.24581573918152277,0.23359755994066989,0.0,1.0,0.0,0.0,0.0,1.0,0.0,0.0,0.0,0.0,1.0,0.0,1.0,0.0
-0.03797468354430378,-1.0,-1.0,-1.0,-1.0,-1.0,-1.0,0.0,0.0,0.0,1.0,0.0,0.0,1.0,0.0,0.0,0.0,1.0,0.0,1.0,0.0
-0.5443037974683544,0.3351266044802801,-1.0,0.2560573913209505,-1.0,-1.0,0.3435434126531227,0.0,0.0,0.0,1.0,0.0,1.0,0.0,0.0,0.0,0.0,1.0,0.0,1.0,0.0
-0.21518987341772156,-1.0,0.22636247357257777,-1.0,-1.0,0.6380080406343398,0.5999588071238877,0.0,0.0,1.0,0.0,0.0,1.0,0.0,0.0,0.0,0.0,1.0,0.0,1.0,0.0
-0.5443037974683544,-1.0,-1.0,0.46733974484814356,-1.0,-1.0,0.4076887056483811,0.0,1.0,0.0,0.0,0.0,1.0,0.0,0.0,0.0,0.0,1.0,0.0,1.0,0.0
-0.21518987341772156,-1.0,-1.0,-1.0,-1.0,-1.0,-1.0,0.0,0.0,1.0,0.0,0.0,1.0,0.0,0.0,0.0,0.0,1.0,0.0,1.0,0.0
-0.31645569620253167,-1.0,-1.0,-1.0,-1.0,-1.0,-1.0,0.0,1.0,0.0,0.0,0.0,0.0,1.0,0.0,0.0,1.0,0.0,0.0,1.0,0.0
0.012658227848101333,-1.0,0.612300040589854,-1.0,0.15354429866208386,-1.0,0.5876493813885797,0.0,0.0,1.0,0.0,0.0,1.0,0.0,1.0,0.0,0.0,0.0,0.0,1.0,0.0
-0.21518987341772156,-0.8551412152377926,-1.0,-0.5867752468283656,-1.0,0.1814057468351813,0.14030081934769711,0.0,1.0,0.0,0.0,0.0,1.0,0.0,0.0,0.0,0.0,1.0,0.0,1.0,0.0
-0.31645569620253167,-1.0,-0.3485460401529257,-1.0,0.6334756301370701,0.6253158173688746,0.6944007147246012,0.0,0.0,1.0,0.0,0.0,1.0,0.0,0.0,0.0,0.0,1.0,0.0,1.0,0.0
-0.08860759493670889,-1.0,0.3092862297471686,-1.0,-0.1083536079323586,-1.0,0.295963922412652,0.0,1.0,0.0,0.0,0.0,1.0,0.0,0.0,0.0,1.0,0.0,0.0,1.0,0.0
-0.03797468354430378,-0.3447223122490274,-0.5498391013710785,-0.2620422984291655,0.3171612596463158,-1.0,0.2753096940518822,0.0,1.0,0.0,0.0,0.0,1.0,0.0,0.0,0.0,0.0,1.0,0.0,1.0,0.0
-0.36708860759493667,0.27205709666098765,-1.0,-1.0,0.26269768681376315,-1.0,0.3163263205488358,0.0,1.0,0.0,0.0,0.0,1.0,0.0,0.0,0.0,0.0,1.0,0.0,1.0,0.0
-0.6455696202531646,-1.0,-1.0,-1.0,-1.0,-1.0,-1.0,0.0,1.0,0.0,0.0,0.0,0.0,1.0,0.0,0.0,1.0,0.0,0.0,1.0,0.0
-0.49367088607594933,0.2521385033100507,-0.14825299336192121,0.14124442893902178,-1.0,-0.4384882522367155,0.2753096940518822,0.0,1.0,0.0,0.0,0.0,1.0,0.0,0.0,0.0,0.0,1.0,0.0,1.0,0.0
-0.36708860759493667,-0.7704042582518641,0.5491751116784098,0.2549822628153373,-1.0,0.4345905227491973,0.612251676298802,0.0,1.0,0.0,0.0,0.0,1.0,0.0,0.0,0.0,1.0,0.0,0.0,1.0,0.0
-0.5443037974683544,0.2652994208366768,0.3019079052670004,-1.0,-1.0,-0.14432130511281516,0.3638116768553854,0.0,1.0,0.0,0.0,0.0,1.0,0.0,1.0,0.0,0.0,0.0,0.0,1.0,0.0
0.2911392405063291,0.271104990000969,0.07550915151127957,0.35374309093941525,0.3410100113287986,-1.0,0.48498684596487873,0.0,1.0,0.0,0.0,1.0,0.0,0.0,0.0,0.0,0.0,1.0,0.0,1.0,0.0
0.03797468354430378,-1.0,0.7258198192448784,-1.0,0.4784319594227855,-0.14432130511281516,0.7257107984799598,0.0,0.0,1.0,0.0,0.0,1.0,0.0,1.0,0.0,0.0,0.0,0.0,0.0,1.0
-0.7468354430379747,-1.0,-1.0,-1.0,-1.0,-1.0,-1.0,0.0,1.0,0.0,0.0,0.0,1.0,0.0,0.0,0.0,0.0,1.0,0.0,1.0,0.0
-0.31645569620253167,0.15723115557427114,-1.0,0.3475256733865604,-0.37397903613286987,-0.7822671181404642,0.3448650170523748,0.0,0.0,0.0,1.0,0.0,1.0,0.0,0.0,0.0,0.0,1.0,0.0,1.0,0.0
-0.2911392405063291,-1.0,-1.0,-1.0,-1.0,-1.0,-1.0,0.0,0.0,0.0,1.0,0.0,0.0,1.0,0.0,0.0,0.0,1.0,0.0,1.0,0.0
-0.5189873417721519,-1.0,-1.0,-1.0,-1.0,-1.0,-1.0,0.0,0.0,1.0,0.0,0.0,0.0,1.0,0.0,0.0,0.0,1.0,0.0,1.0,0.0
-0.3417721518987342,-1.0,-1.0,-1.0,-1.0,-1.0,-1.0,0.0,1.0,0.0,0.0,0.0,0.0,1.0,0.0,0.0,0.0,1.0,0.0,1.0,0.0
-0.08860759493670889,-0.8551412152377926,0.4177939107677209,-1.0,-0.8616088449879872,-1.0,0.38280646154326736,0.0,1.0,0.0,0.0,0.0,1.0,0.0,0.0,1.0,0.0,0.0,0.0,1.0,0.0
-0.06329113924050633,-1.0,-1.0,-1.0,-1.0,-1.0,-1.0,0.0,1.0,0.0,0.0,0.0,0.0,1.0,0.0,0.0,0.0,1.0,0.0,1.0,0.0
0.620253164556962,0.2858414578005455,0.28103098021238426,-0.7816847539510678,-0.8616088449879872,-1.0,0.34731859881036686,1.0,0.0,0.0,0.0,0.0,1.0,0.0,0.0,0.0,0.0,1.0,0.0,1.0,0.0
-0.16455696202531644,-0.26303631529358906,0.17036570005481244,0.1669019664724689,-1.0,-1.0,0.2707504172839674,0.0,0.0,0.0,1.0,0.0,1.0,0.0,0.0,0.0,1.0,0.0,0.0,1.0,0.0
-0.26582278481012656,-1.0,-1.0,-1.0,-1.0,-1.0,-1.0,0.0,0.0,1.0,0.0,0.0,0.0,1.0,0.0,0.0,0.0,1.0,0.0,0.0,1.0
-0.2911392405063291,0.48068668872744924,-1.0,0.5555806781806634,-1.0,-1.0,0.5664750598082406,0.0,0.0,0.0,1.0,0.0,1.0,0.0,0.0,0.0,0.0,1.0,0.0,0.0,1.0
-1.0,-1.0,-1.0,-1.0,-1.0,-1.0,-1.0,0.0,1.0,0.0,0.0,0.0,0.0,1.0,0.0,0.0,0.0,1.0,0.0,1.0,0.0
0.240506329113924,-1.0,-1.0,-1.0,-1.0,-1.0,-1.0,0.0,0.0,0.0,1.0,0.0,0.0,1.0,0.0,0.0,1.0,0.0,0.0,1.0,0.0
-0.6455696202531646,-1.0,0.25094062949372287,-1.0,0.0627721208623262,-1.0,0.2755466619768592,0.0,1.0,0.0,0.0,0.0,1.0,0.0,0.0,0.0,0.0,1.0,0.0,1.0,0.0
-0.08860759493670889,0.3493812454666556,-1.0,0.019408859436910397,0.4960874948719314,-1.0,0.49905844528648013,0.0,0.0,0.0,1.0,0.0,1.0,0.0,0.0,0.0,0.0,1.0,0.0,1.0,0.0
-0.3417721518987342,-1.0,-1.0,-1.0,-1.0,-1.0,-1.0,0.0,1.0,0.0,0.0,0.0,0.0,1.0,0.0,0.0,0.0,1.0,0.0,1.0,0.0
-0.4683544303797469,-1.0,-1.0,-1.0,-1.0,-1.0,-1.0,0.0,0.0,0.0,1.0,0.0,0.0,1.0,0.0,0.0,0.0,1.0,0.0,1.0,0.0
-0.44303797468354433,-1.0,-1.0,-1.0,-1.0,-1.0,-1.0,0.0,0.0,0.0,1.0,0.0,0.0,1.0,0.0,0.0,0.0,1.0,0.0,1.0,0.0
-0.2911392405063291,-1.0,-1.0,-1.0,-1.0,-1.0,-1.0,0.0,0.0,1.0,0.0,0.0,0.0,1.0,1.0,0.0,0.0,0.0,0.0,1.0,0.0
-0.8481012658227848,-1.0,-1.0,-1.0,-1.0,-1.0,-1.0,0.0,1.0,0.0,0.0,0.0,1.0,0.0,1.0,0.0,0.0,0.0,0.0,1.0,0.0
-0.3924050632911392,-1.0,-1.0,-1.0,-1.0,-1.0,-1.0,0.0,0.0,0.0,1.0,0.0,0.0,1.0,1.0,0.0,0.0,0.0,0.0,1.0,0.0
-0.189873417721519,0.10091413861792087,-1.0,0.394690494033737,-1.0,-1.0,0.36837725681771083,0.0,0.0,0.0,1.0,0.0,1.0,0.0,0.0,0.0,0.0,1.0,0.0,1.0,0.0
0.3924050632911391,-1.0,0.31801862707518236,-1.0,0.11327299354986042,0.508877340465792,0.5346698746061975,0.0,0.0,1.0,0.0,0.0,1.0,0.0,0.0,0.0,0.0,1.0,0.0,1.0,0.0
-0.4683544303797469,-1.0,-1.0,-0.3684600007794333,0.33979776575259524,-0.37857950549977637,0.28947155819687853,0.0,1.0,0.0,0.0,0.0,1.0,0.0,0.0,0.0,0.0,1.0,0.0,1.0,0.0
0.11392405063291133,-1.0,-1.0,0.5140872126820999,-0.7806552088744709,-0.8626258465039598,0.4528163319935512,0.0,1.0,0.0,0.0,0.0,1.0,0.0,0.0,0.0,0.0,1.0,0.0,1.0,0.0
-0.26582278481012656,-1.0,-1.0,-1.0,-1.0,-1.0,-1.0,0.0,0.0,1.0,0.0,0.0,0.0,1.0,0.0,0.0,0.0,1.0,0.0,1.0,0.0
-0.4683544303797469,-1.0,-1.0,-1.0,-1.0,-1.0,-1.0,0.0,0.0,0.0,1.0,0.0,0.0,1.0,0.0,0.0,0.0,1.0,0.0,1.0,0.0
-0.06329113924050633,0.21002669808194252,-1.0,0.2166562652984736,-0.7806552088744709,-1.0,0.2705074081100842,0.0,0.0,0.0,1.0,0.0,1.0,0.0,1.0,0.0,0.0,0.0,0.0,1.0,0.0
0.2911392405063291,-1.0,-1.0,-1.0,-1.0,-1.0,-1.0,0.0,1.0,0.0,0.0,0.0,0.0,1.0,1.0,0.0,0.0,0.0,0.0,1.0,0.0
-0.5189873417721519,-0.08684198141166655,-1.0,-1.0,0.260177195934878,-1.0,0.22851350741992382,0.0,1.0,0.0,0.0,0.0,1.0,0.0,0.0,0.0,0.0,1.0,0.0,1.0,0.0
-0.012658227848101333,0.2871711784078981,-1.0,-1.0,0.030037547079654336,-1.0,0.23359755994066989,0.0,1.0,0.0,0.0,0.0,1.0,0.0,0.0,0.0,0.0,1.0,0.0,1.0,0.0
-0.7468354430379747,-1.0,-1.0,-1.0,-1.0,-1.0,-1.0,0.0,0.0,0.0,1.0,0.0,0.0,1.0,0.0,0.0,0.0,1.0,1.0,0.0,0.0
-0.3417721518987342,-1.0,-1.0,-1.0,-1.0,-1.0,-1.0,0.0,0.0,1.0,0.0,0.0,0.0,1.0,0.0,0.0,0.0,1.0,0.0,1.0,0.0
-0.21518987341772156,-1.0,-1.0,-1.0,-1.0,-1.0,-1.0,0.0,0.0,1.0,0.0,0.0,1.0,0.0,0.0,0.0,0.0,1.0,0.0,1.0,0.0
-0.16455696202531644,-0.3447223122490274,-0.28884319650774715,0.19841235167117932,-1.0,0.15170428033974126,0.27625580354258283,0.0,1.0,0.0,0.0,0.0,1.0,0.0,0.0,0.0,0.0,1.0,0.0,1.0,0.0
-0.31645569620253167,-1.0,0.4656135004706452,-1.0,0.14209590112450243,0.4348750727047468,0.5556721986593562,0.0,0.0,1.0,0.0,0.0,1.0,0.0,1.0,0.0,0.0,0.0,0.0,1.0,0.0
-0.5189873417721519,-1.0,-1.0,-1.0,-1.0,-1.0,-1.0,0.0,0.0,0.0,1.0,0.0,0.0,1.0,0.0,0.0,0.0,1.0,0.0,1.0,0.0
-0.11392405063291144,-1.0,0.3736832640750325,0.20498994365648748,-1.0,-0.20221953353127442,0.4076887056483811,0.0,1.0,0.0,0.0,0.0,1.0,0.0,0.0,1.0,0.0,0.0,0.0,1.0,0.0
-0.2405063291139241,-1.0,0.016318616078375037,-0.10360605537073597,0.7877790436983092,-0.016418735969507492,0.7169368093593265,0.0,0.0,1.0,0.0,0.0,1.0,0.0,0.0,0.0,0.0,1.0,0.0,1.0,0.0
-0.26582278481012656,-1.0,-1.0,-1.0,-1.0,-1.0,-1.0,0.0,1.0,0.0,0.0,0.0,0.0,1.0,0.0,0.0,0.0,1.0,0.0,1.0,0.0
0.49367088607594933,-1.0,-1.0,-1.0,-1.0,-1.0,-1.0,0.0,0.0,1.0,0.0,0.0,0.0,1.0,1.0,0.0,0.0,0.0,0.0,1.0,0.0
0.4177215189873418,0.25882254572586816,0.21221438905196055,-0.5424323609787505,-0.04750307886341254,-0.3011140987406753,0.3287255707214862,0.0,0.0,0.0,1.0,0.0,1.0,0.0,1.0,0.0,0.0,0.0,0.0,1.0,0.0
-0.3417721518987342,0.5389625621010585,-0.7852186672204382,-1.0,-0.3143830504493078,-1.0,0.4076887056483811,0.0,1.0,0.0,0.0,0.0,1.0,0.0,0.0,0.0,0.0,1.0,0.0,1.0,0.0
-0.31645569620253167,-1.0,-1.0,-1.0,-1.0,-1.0,-1.0,0.0,0.0,1.0,0.0,0.0,0.0,1.0,1.0,0.0,0.0,0.0,0.0,1.0,0.0
-0.8734177215189873,-1.0,-1.0,-1.0,-1.0,-1.0,-1.0,0.0,1.0,0.0,0.0,0.0,0.0,1.0,0.0,0.0,0.0,1.0,0.0,1.0,0.0
-0.4177215189873418,-0.8551412152377926,-0.3556560016613146,0.5011906227420087,0.1510563383304051,-1.0,0.4718339986436395,0.0,1.0,0.0,0.0,0.0,1.0,0.0,1.0,0.0,0.0,0.0,0.0,1.0,0.0
0.3924050632911391,-1.0,-1.0,-1.0,-1.0,-1.0,-1.0,0.0,0.0,1.0,0.0,0.0,0.0,1.0,0.0,0.0,0.0,1.0,0.0,1.0,0.0
-0.7974683544303798,-1.0,-1.0,-1.0,-1.0,-1.0,-1.0,0.0,1.0,0.0,0.0,0.0,1.0,0.0,0.0,0.0,0.0,1.0,1.0,0.0,0.0
0.4683544303797469,-1.0,0.4144399632775313,-0.7816847539510678,-0.02970816207027105,0.5567289282173704,0.58561141505954,0.0,0.0,1.0,0.0,0.0,1.0,0.0,0.0,0.0,0.0,1.0,0.0,1.0,0.0
-0.31645569620253167,-0.07651953516393095,-0.010250549959750388,0.20498994365648748,0.09341008315253108,-0.8626258465039598,0.2985001993479246,0.0,1.0,0.0,0.0,0.0,1.0,0.0,0.0,0.0,0.0,1.0,0.0,1.0,0.0
-0.49367088607594933,0.014011493335451597,-1.0,0.289226733937503,-1.0,-0.3873893563162252,0.2755466619768592,0.0,1.0,0.0,0.0,0.0,1.0,0.0,0.0,0.0,0.0,1.0,0.0,1.0,0.0
-0.7974683544303798,-1.0,-1.0,-1.0,-1.0,-1.0,-1.0,0.0,1.0,0.0,0.0,0.0,1.0,0.0,1.0,0.0,0.0,0.0,0.0,1.0,0.0
-0.620253164556962,-1.0,-1.0,-1.0,-1.0,-1.0,-1.0,0.0,1.0,0.0,0.0,0.0,0.0,1.0,1.0,0.0,0.0,0.0,0.0,1.0,0.0
-0.5443037974683544,-1.0,-1.0,-1.0,-1.0,-1.0,-1.0,0.0,1.0,0.0,0.0,0.0,0.0,1.0,0.0,0.0,1.0,0.0,0.0,1.0,0.0
-0.44303797468354433,0.6278085790327443,-1.0,-0.2073126774626588,-0.8616088449879872,-1.0,0.4891254297760761,0.0,0.0,0.0,1.0,0.0,1.0,0.0,0.0,0.0,0.0,1.0,0.0,1.0,0.0
-0.5189873417721519,0.15054299919964675,-0.269276640735722,0.25426226528593454,-1.0,-1.0,0.2829781771684947,0.0,1.0,0.0,0.0,0.0,1.0,0.0,0.0,0.0,0.0,1.0,0.0,1.0,0.0
0.16455696202531644,0.33964354116642004,-1.0,-0.25725365464971406,0.16082740037964172,0.0958720766917569,0.35698338610455416,0.0,0.0,0.0,1.0,0.0,1.0,0.0,0.0,0.0,1.0,0.0,0.0,1.0,0.0
-0.9746835443037974,-1.0,-1.0,-1.0,-1.0,-1.0,-1.0,0.0,1.0,0.0,0.0,0.0,1.0,0.0,0.0,0.0,0.0,1.0,0.0,1.0,0.0
0.08860759493670889,0.2163219647305441,-0.514194800495722,0.3276134338397767,-0.4464353799519486,-1.0,0.3450295752594832,0.0,0.0,0.0,1.0,0.0,1.0,0.0,0.0,0.0,0.0,1.0,0.0,1.0,0.0
0.4683544303797469,-1.0,-1.0,0.27802832906288155,-1.0,-1.0,0.22607327351218043,0.0,1.0,0.0,0.0,0.0,1.0,0.0,1.0,0.0,0.0,0.0,0.0,1.0,0.0
-0.08860759493670889,0.3795716115620096,-1.0,-0.7816847539510678,-1.0,-1.0,0.25898028261425443,0.0,1.0,0.0,0.0,0.0,1.0,0.0,0.0,0.0,1.0,0.0,0.0,1.0,0.0
-0.9746835443037974,-1.0,-1.0,-1.0,-1.0,-1.0,-1.0,0.0,0.0,0.0,1.0,0.0,0.0,1.0,0.0,0.0,0.0,1.0,0.0,1.0,0.0
-0.4683544303797469,0.3420358965680501,-0.26018186629887174,-1.0,-0.8616088449879872,-1.0,0.2373958905280864,0.0,1.0,0.0,0.0,0.0,1.0,0.0,1.0,0.0,0.0,0.0,0.0,1.0,0.0
-0.5443037974683544,-1.0,-1.0,-1.0,-1.0,-1.0,-1.0,0.0,0.0,0.0,1.0,0.0,0.0,1.0,0.0,0.0,0.0,1.0,0.0,1.0,0.0
-0.189873417721519,-1.0,-1.0,-1.0,-1.0,-1.0,-1.0,0.0,0.0,1.0,0.0,0.0,0.0,1.0,0.0,0.0,0.0,1.0,0.0,1.0,0.0
-0.2911392405063291,-1.0,0.3533934552762512,-1.0,0.5592236026405681,0.23867640575701943,0.5809447396067009,0.0,0.0,1.0,0.0,0.0,1.0,0.0,0.0,0.0,0.0,1.0,0.0,1.0,0.0
-0.44303797468354433,-0.7704042582518641,-0.24728692567616273,-1.0,0.2342917848006112,-0.1637399452446352,0.2191969629109587,1.0,0.0,0.0,0.0,0.0,1.0,0.0,0.0,0.0,1.0,0.0,1.0,0.0,0.0
-0.8987341772151899,-1.0,-1.0,-1.0,-1.0,-1.0,-1.0,0.0,0.0,0.0,1.0,1.0,0.0,0.0,0.0,0.0,0.0,1.0,0.0,1.0,0.0
-0.03797468354430378,0.5567270049897757,-0.4461000078353691,-0.2669491921976609,-1.0,-0.22868398803878975,0.4311664134654165,0.0,0.0,0.0,1.0,0.0,1.0,0.0,0.0,0.0,0.0,1.0,0.0,1.0,0.0
-0.6708860759493671,-1.0,-1.0,-1.0,-1.0,-1.0,-1.0,0.0,0.0,1.0,0.0,0.0,0.0,1.0,1.0,0.0,0.0,0.0,1.0,0.0,0.0
-0.4683544303797469,-1.0,-1.0,-1.0,-1.0,-1.0,-1.0,0.0,0.0,1.0,0.0,0.0,0.0,1.0,1.0,0.0,0.0,0.0,0.0,1.0,0.0
-0.620253164556962,-0.4639587993442762,-0.363034326141483,0.05087966873025751,0.2875609637187584,-1.0,0.28947155819687853,0.0,1.0,0.0,0.0,0.0,1.0,0.0,0.0,0.0,0.0,1.0,0.0,1.0,0.0
0.03797468354430378,-1.0,-1.0,-1.0,-1.0,-1.0,-1.0,0.0,1.0,0.0,0.0,0.0,0.0,1.0,0.0,0.0,0.0,1.0,0.0,1.0,0.0
-0.44303797468354433,-1.0,0.24466021540975347,0.0780411889488728,-0.13798658706186173,-1.0,0.29296164507155775,0.0,1.0,0.0,0.0,0.0,1.0,0.0,0.0,0.0,0.0,1.0,0.0,1.0,0.0
0.21518987341772156,-1.0,-1.0,-1.0,-1.0,-1.0,-1.0,0.0,1.0,0.0,0.0,0.0,0.0,1.0,0.0,0.0,1.0,0.0,0.0,1.0,0.0
-0.5189873417721519,-1.0,-1.0,-0.12920760780711604,-1.0,-1.0,-0.1646075015971724,0.0,1.0,0.0,0.0,0.0,1.0,0.0,0.0,0.0,0.0,1.0,0.0,1.0,0.0
-0.44303797468354433,-0.0595980496109102,-1.0,0.32736394341061525,-1.0,-0.7252516930079197,0.29425412914828364,0.0,1.0,0.0,0.0,0.0,1.0,0.0,0.0,0.0,0.0,1.0,0.0,1.0,0.0
-0.44303797468354433,0.3657807969183393,-0.6497067338580801,-0.12673901580427138,-1.0,-1.0,0.2680601258366466,0.0,1.0,0.0,0.0,0.0,1.0,0.0,0.0,0.0,1.0,0.0,0.0,1.0,0.0
-0.08860759493670889,0.5888034311406845,-1.0,-0.5234924077581515,-0.10607179757566865,-1.0,0.45834253547654136,0.0,0.0,0.0,1.0,0.0,1.0,0.0,0.0,0.0,0.0,1.0,0.0,1.0,0.0
-0.9240506329113924,-1.0,-1.0,-1.0,-1.0,-1.0,-1.0,0.0,1.0,0.0,0.0,0.0,1.0,0.0,0.0,0.0,0.0,1.0,0.0,1.0,0.0
0.06329113924050622,-1.0,-1.0,-1.0,-1.0,-1.0,-1.0,0.0,0.0,0.0,1.0,0.0,0.0,1.0,0.0,0.0,0.0,1.0,0.0,1.0,0.0
-0.4177215189873418,-1.0,-0.8644880666376419,-0.2148124015004551,0.4865240227714598,0.06895770369363974,0.44741377396150517,0.0,1.0,0.0,0.0,0.0,1.0,0.0,0.0,0.0,0.0,1.0,0.0,1.0,0.0
-0.2405063291139241,-1.0,-1.0,-1.0,-1.0,-1.0,-1.0,0.0,0.0,1.0,0.0,0.0,0.0,1.0,0.0,0.0,0.0,1.0,0.0,1.0,0.0
0.5443037974683544,-0.7704042582518641,-1.0,-0.42562792351159096,0.3511422360710126,-0.3326389730944991,0.300172496659711,0.0,1.0,0.0,0.0,0.0,1.0,0.0,0.0,0.0,0.0,1.0,0.0,1.0,0.0
-0.26582278481012656,-1.0,-1.0,-1.0,-1.0,-1.0,-1.0,0.0,0.0,1.0,0.0,0.0,0.0,1.0,0.0,0.0,0.0,1.0,0.0,1.0,0.0
-0.36708860759493667,-0.5187895331071819,0.3193986497059389,-0.14470005521906726,-0.487891873354127,-0.19526481959845898,0.3176601437786466,1.0,0.0,0.0,0.0,0.0,1.0,0.0,0.0,0.0,0.0,1.0,0.0,1.0,0.0
-0.36708860759493667,0.20221318803234833,-0.7852186672204382,0.2867921662649746,-0.09503825932377863,-1.0,0.3274672118880446,0.0,0.0,0.0,1.0,0.0,1.0,0.0,0.0,0.0,0.0,1.0,0.0,1.0,0.0
-0.4683544303797469,-1.0,-0.4047885740980801,0.45863532706409615,-0.12262083549788372,0.23675409185045848,0.4630942301167491,0.0,1.0,0.0,0.0,1.0,0.0,0.0,0.0,0.0,0.0,1.0,0.0,1.0,0.0
-1.0,-1.0,-1.0,-1.0,-1.0,-1.0,-1.0,0.0,1.0,0.0,0.0,0.0,1.0,0.0,0.0,0.0,0.0,1.0,0.0,1.0,0.0
-0.44303797468354433,0.16371189348347936,-1.0,-1.0,-0.06518331659938703,0.3937888399603555,0.39432429391624035,0.0,1.0,0.0,0.0,0.0,1.0,0.0,0.0,0.0,0.0,1.0,0.0,1.0,0.0
-0.2405063291139241,-1.0,-1.0,-1.0,-1.0,-1.0,-1.0,0.0,1.0,0.0,0.0,0.0,0.0,1.0,0.0,0.0,0.0,1.0,0.0,1.0,0.0
-0.3924050632911392,-1.0,0.3237055432904019,-0.42562792351159096,-1.0,-1.0,0.2944686937979426,0.0,1.0,0.0,0.0,0.0,1.0,0.0,0.0,0.0,0.0,1.0,0.0,1.0,0.0
0.2911392405063291,-1.0,0.4088640143022897,-1.0,-0.24446295258768158,-1.0,0.3798148917655788,0.0,1.0,0.0,0.0,0.0,1.0,0.0,0.0,0.0,0.0,1.0,0.0,1.0,0.0
0.1898734177215189,-0.6636483178693894,0.32813889412914277,-1.0,0.5960434510200363,0.6260216000980323,0.7013770970584081,0.0,0.0,1.0,0.0,0.0,1.0,0.0,0.0,0.0,0.0,1.0,0.0,1.0,0.0
-0.4683544303797469,-1.0,0.3339687735265937,-1.0,-1.0,-1.0,0.3007958454584503,0.0,1.0,0.0,0.0,0.0,1.0,0.0,0.0,0.0,0.0,1.0,0.0,1.0,0.0
-0.620253164556962,0.5524254436842302,-0.09201045941676678,-1.0,-1.0,-0.7252516930079197,0.4277865457283563,0.0,1.0,0.0,0.0,1.0,0.0,0.0,0.0,0.0,0.0,1.0,0.0,1.0,0.0
-0.5696202531645569,-1.0,-1.0,-0.27198032423261265,-1.0,-0.7822671181404642,-0.29204212903330695,0.0,0.0,0.0,1.0,0.0,1.0,0.0,0.0,0.0,0.0,1.0,0.0,1.0,0.0
0.2911392405063291,0.5476526954438041,-1.0,0.0849239236988395,0.010778653694732743,-0.17268231964341751,0.45834253547654136,0.0,0.0,0.0,1.0,0.0,1.0,0.0,0.0,0.0,0.0,1.0,0.0,1.0,0.0
-0.36708860759493667,-1.0,-1.0,-1.0,-1.0,-1.0,-1.0,0.0,1.0,0.0,0.0,0.0,0.0,1.0,0.0,0.0,0.0,1.0,0.0,1.0,0.0
0.3924050632911391,0.4644977827305379,-1.0,-1.0,-1.0,-1.0,0.33593368382940003,0.0,1.0,0.0,0.0,0.0,1.0,0.0,0.0,0.0,0.0,1.0,0.0,1.0,0.0
-0.5443037974683544,-1.0,-1.0,-1.0,-0.8616088449879872,0.33163456521137546,0.2811472803002071,0.0,1.0,0.0,0.0,0.0,1.0,0.0,0.0,0.0,0.0,1.0,0.0,1.0,0.0
-0.5189873417721519,0.3506894628866053,-1.0,-1.0,-0.2685470822285979,-0.4916552261572421,0.24643536373456643,0.0,1.0,0.0,0.0,0.0,1.0,0.0,0.0,0.0,0.0,1.0,0.0,1.0,0.0
0.4430379746835442,-1.0,-1.0,-1.0,-1.0,-1.0,-1.0,0.0,1.0,0.0,0.0,0.0,0.0,1.0,0.0,0.0,1.0,0.0,0.0,1.0,0.0
-0.8987341772151899,-1.0,-1.0,-1.0,-1.0,-1.0,-1.0,0.0,1.0,0.0,0.0,0.0,0.0,1.0,0.0,0.0,1.0,0.0,0.0,1.0,0.0
-0.36708860759493667,-1.0,-1.0,-1.0,-1.0,-1.0,-1.0,0.0,0.0,1.0,0.0,0.0,0.0,1.0,1.0,0.0,0.0,0.0,0.0,1.0,0.0
0.1898734177215189,-1.0,0.19218812243607641,0.15178738397894387,-0.1927796138817054,-1.0,0.2811472803002071,0.0,1.0,0.0,0.0,0.0,1.0,0.0,0.0,0.0,0.0,1.0,0.0,1.0,0.0
-0.49367088607594933,-1.0,-1.0,-0.6801739453692954,-0.5402745340816825,0.3182684445377102,0.27123550831185184,0.0,1.0,0.0,0.0,0.0,1.0,0.0,0.0,0.0,0.0,1.0,0.0,1.0,0.0
-1.0,-1.0,-1.0,-1.0,-1.0,-1.0,-1.0,0.0,0.0,1.0,0.0,0.0,1.0,0.0,0.0,0.0,0.0,1.0,0.0,1.0,0.0
-0.9240506329113924,-1.0,-1.0,-1.0,-1.0,-1.0,-1.0,0.0,1.0,0.0,0.0,0.0,0.0,1.0,0.0,0.0,0.0,1.0,0.0,1.0,0.0
0.08860759493670889,-1.0,0.28214337236996245,-1.0,-0.7806552088744709,-1.0,0.25079928924001504,0.0,1.0,0.0,0.0,0.0,1.0,0.0,0.0,0.0,0.0,1.0,0.0,1.0,0.0
-0.1392405063291139,0.26233501580862706,-1.0,-0.4490336624378206,-1.0,-1.0,0.15820804451833093,0.0,0.0,0.0,1.0,0.0,1.0,0.0,0.0,0.0,0.0,1.0,0.0,1.0,0.0
-0.44303797468354433,-1.0,-1.0,-1.0,-1.0,-1.0,-1.0,0.0,1.0,0.0,0.0,0.0,0.0,1.0,0.0,0.0,0.0,1.0,0.0,1.0,0.0
-0.16455696202531644,-1.0,-1.0,-1.0,-1.0,-1.0,-1.0,0.0,0.0,1.0,0.0,0.0,1.0,0.0,0.0,0.0,0.0,1.0,0.0,1.0,0.0
-0.8987341772151899,-1.0,-1.0,-1.0,-1.0,-1.0,-1.0,0.0,1.0,0.0,0.0,0.0,1.0,0.0,0.0,0.0,0.0,1.0,0.0,1.0,0.0
-0.06329113924050633,-1.0,-1.0,-1.0,-1.0,-1.0,-1.0,0.0,1.0,0.0,0.0,0.0,0.0,1.0,0.0,0.0,0.0,1.0,0.0,1.0,0.0
-0.31645569620253167,-1.0,0.26776171436018315,-0.3769174090839149,-0.003629028490048647,-0.6810270934861755,0.2806867953635208,0.0,1.0,0.0,0.0,0.0,1.0,0.0,0.0,0.0,0.0,1.0,0.0,1.0,0.0
-0.06329113924050633,0.13096394621650265,0.7905332985220068,-1.0,0.43445599241175814,0.492777092364036,0.8044549628389805,0.0,0.0,1.0,0.0,0.0,1.0,0.0,0.0,0.0,0.0,1.0,0.0,1.0,0.0
-0.4683544303797469,0.5501782494472833,-1.0,-1.0,-1.0,-1.0,0.414092505838477,0.0,0.0,0.0,1.0,0.0,1.0,0.0,1.0,0.0,0.0,0.0,0.0,1.0,0.0
0.240506329113924,-1.0,-0.6853510347334366,-0.21867114605976812,-1.0,0.3112314091042325,0.27459701781593626,0.0,1.0,0.0,0.0,0.0,1.0,0.0,0.0,0.0,0.0,1.0,0.0,1.0,0.0
-0.49367088607594933,-1.0,-1.0,-1.0,-1.0,-1.0,-1.0,0.0,1.0,0.0,0.0,0.0,0.0,1.0,0.0,0.0,0.0,1.0,0.0,1.0,0.0
-0.2911392405063291,-1.0,0.4743133603317551,-1.0,-0.8616088449879872,0.6698013063666353,0.6721207485061063,0.0,0.0,1.0,0.0,0.0,1.0,0.0,0.0,0.0,0.0,1.0,0.0,1.0,0.0
0.21518987341772156,-1.0,-1.0,-1.0,-1.0,-1.0,-1.0,0.0,1.0,0.0,0.0,0.0,0.0,1.0,0.0,0.0,1.0,0.0,0.0,1.0,0.0
-0.06329113924050633,-1.0,-0.8644880666376419,-1.0,0.07687135831862313,-1.0,0.02910936011266041,0.0,1.0,0.0,0.0,0.0,1.0,0.0,0.0,0.0,0.0,1.0,0.0,1.0,0.0
-0.26582278481012656,0.31134400681667396,0.18041822097586668,-1.0,-1.0,0.8073491955827603,0.7573466974793783,0.0,0.0,1.0,0.0,0.0,1.0,0.0,1.0,0.0,0.0,0.0,0.0,0.0,1.0
-0.49367088607594933,0.32798105201219396,-0.8644880666376419,0.32661358719852873,-0.5038728988504453,-1.0,0.37816312110520633,0.0,0.0,0.0,1.0,0.0,1.0,0.0,0.0,0.0,0.0,1.0,0.0,1.0,0.0
-0.2911392405063291,-1.0,-1.0,-1.0,-1.0,-1.0,-1.0,0.0,0.0,1.0,0.0,0.0,0.0,1.0,0.0,0.0,0.0,1.0,0.0,1.0,0.0
-0.26582278481012656,-1.0,-1.0,-1.0,-1.0,-1.0,-1.0,0.0,0.0,1.0,0.0,0.0,0.0,1.0,0.0,1.0,0.0,0.0,0.0,1.0,0.0
0.11392405063291133,-1.0,-1.0,-1.0,-1.0,-1.0,-1.0,0.0,0.0,1.0,0.0,0.0,0.0,1.0,1.0,0.0,0.0,0.0,0.0,1.0,0.0
-0.1392405063291139,-1.0,-1.0,-1.0,-1.0,-1.0,-1.0,0.0,1.0,0.0,0.0,0.0,0.0,1.0,0.0,0.0,0.0,1.0,0.0,1.0,0.0
-0.5189873417721519,-0.6255454734896567,-1.0,-1.0,0.3127548742780599,-1.0,0.25480168966136607,0.0,1.0,0.0,0.0,0.0,1.0,0.0,0.0,0.0,1.0,0.0,0.0,1.0,0.0
0.620253164556962,-1.0,-0.6853510347334366,-1.0,0.7434912364208661,0.2752564043256218,0.6830979721862482,0.0,0.0,1.0,0.0,0.0,1.0,0.0,0.0,0.0,0.0,1.0,0.0,1.0,0.0
-0.44303797468354433,-0.05500474272461264,-0.6195699068776419,-1.0,-0.42291926273692904,0.2966460407732592,0.27625580354258283,0.0,1.0,0.0,0.0,0.0,1.0,0.0,0.0,0.0,0.0,1.0,0.0,1.0,0.0
-0.7974683544303798,-1.0,-1.0,-1.0,-1.0,-1.0,-1.0,0.0,1.0,0.0,0.0,0.0,0.0,1.0,0.0,0.0,0.0,1.0,0.0,1.0,0.0
-0.2911392405063291,-0.5933299775945341,0.5893308029426123,0.6454347390519959,0.3767660316626644,-1.0,0.7210312940864838,0.0,0.0,1.0,0.0,0.0,1.0,0.0,1.0,0.0,0.0,0.0,0.0,1.0,0.0
-0.2405063291139241,-1.0,-1.0,-1.0,-1.0,-1.0,-1.0,0.0,0.0,1.0,0.0,0.0,0.0,1.0,1.0,0.0,0.0,0.0,0.0,1.0,0.0
0.3924050632911391,-1.0,0.03485376669245421,0.3029570985851173,-0.8616088449879872,-1.0,0.29744751488910315,0.0,1.0,0.0,0.0,0.0,1.0,0.0,0.0,0.0,0.0,1.0,0.0,1.0,0.0
-0.4683544303797469,-1.0,-1.0,-1.0,-1.0,-1.0,-1.0,0.0,1.0,0.0,0.0,0.0,0.0,1.0,0.0,0.0,1.0,0.0,0.0,1.0,0.0
-0.2405063291139241,-1.0,-1.0,0.13477092164520998,-1.0,0.20542894442071846,0.25923842845071654,0.0,1.0,0.0,0.0,0.0,1.0,0.0,0.0,0.0,0.0,1.0,0.0,1.0,0.0
-0.44303797468354433,-1.0,-1.0,-1.0,-1.0,-1.0,-1.0,0.0,1.0,0.0,0.0,0.0,0.0,1.0,0.0,0.0,0.0,1.0,0.0,1.0,0.0
0.4683544303797469,-1.0,-1.0,-1.0,-1.0,-1.0,-1.0,0.0,1.0,0.0,0.0,0.0,0.0,1.0,0.0,0.0,1.0,0.0,0.0,1.0,0.0
0.2911392405063291,-0.023439284835389596,0.4803418710347642,-0.05537083201088289,-1.0,-1.0,0.46406576216240647,0.0,0.0,0.0,1.0,0.0,1.0,0.0,0.0,0.0,0.0,1.0,0.0,1.0,0.0
-0.4683544303797469,-1.0,-1.0,-1.0,-1.0,-1.0,-1.0,0.0,1.0,0.0,0.0,0.0,0.0,1.0,0.0,0.0,0.0,1.0,0.0,1.0,0.0
-0.08860759493670889,0.26183683428450544,-0.2739877697648261,-0.5867752468283656,0.16319723512279816,-1.0,0.2753096940518822,0.0,1.0,0.0,0.0,0.0,1.0,0.0,0.0,0.0,0.0,1.0,0.0,1.0,0.0
-0.4177215189873418,-1.0,-1.0,0.4172047146377251,-1.0,-1.0,0.3595917901028609,0.0,1.0,0.0,0.0,0.0,1.0,0.0,0.0,0.0,1.0,0.0,0.0,1.0,0.0
-0.31645569620253167,-1.0,0.5585013183935359,0.2901320617025749,0.23511511063965806,-0.5075188111483839,0.5836925900928509,0.0,0.0,1.0,0.0,0.0,1.0,0.0,0.0,0.0,0.0,1.0,0.0,1.0,0.0
0.2911392405063291,-1.0,0.5993818111784484,-0.07141965617655444,-1.0,-1.0,0.5651836263972507,0.0,0.0,1.0,0.0,0.0,1.0,0.0,0.0,0.0,0.0,1.0,0.0,1.0,0.0
0.3924050632911391,-1.0,-1.0,-1.0,-1.0,-1.0,-1.0,0.0,1.0,0.0,0.0,0.0,0.0,1.0,1.0,0.0,0.0,0.0,0.0,1.0,0.0
-0.1392405063291139,-1.0,-1.0,-1.0,-1.0,-1.0,-1.0,0.0,0.0,1.0,0.0,0.0,0.0,1.0,1.0,0.0,0.0,0.0,0.0,1.0,0.0
-0.5696202531645569,-1.0,-1.0,-1.0,-1.0,-1.0,-1.0,0.0,0.0,1.0,0.0,0.0,0.0,1.0,0.0,0.0,0.0,1.0,0.0,1.0,0.0
-0.5189873417721519,0.10198862453447033,-0.25578836917431313,-1.0,0.2598145142129149,-0.8626258465039598,0.2717193681429104,0.0,1.0,0.0,0.0,0.0,1.0,0.0,0.0,0.0,0.0,1.0,0.0,1.0,0.0
0.08860759493670889,-1.0,-1.0,-1.0,-1.0,-1.0,-1.0,0.0,1.0,0.0,0.0,0.0,0.0,1.0,0.0,0.0,0.0,1.0,0.0,1.0,0.0
-0.5696202531645569,-1.0,-1.0,-1.0,-1.0,-1.0,-1.0,0.0,0.0,1.0,0.0,0.0,0.0,1.0,1.0,0.0,0.0,0.0,0.0,1.0,0.0
-0.2405063291139241,-1.0,-0.5312057330235879,-1.0,0.6478603291697713,0.14931643205713518,0.5895745980833194,0.0,1.0,0.0,0.0,0.0,1.0,0.0,0.0,0.0,0.0,1.0,0.0,1.0,0.0
-0.2911392405063291,-1.0,-1.0,-1.0,-1.0,-1.0,-1.0,0.0,0.0,0.0,1.0,0.0,0.0,1.0,0.0,0.0,0.0,1.0,0.0,1.0,0.0
-0.4683544303797469,0.37900293896512105,-1.0,0.3889144187159932,-0.8616088449879872,-0.2500152028201851,0.4354111000904404,0.0,0.0,0.0,1.0,0.0,1.0,0.0,0.0,0.0,0.0,1.0,0.0,1.0,0.0
-0.012658227848101333,-0.7704042582518641,0.8857044640092286,0.15656164606121314,-0.8616088449879872,0.3492578866026381,0.8535620038887501,0.0,0.0,1.0,0.0,0.0,1.0,0.0,1.0,0.0,0.0,0.0,0.0,1.0,0.0
-0.5189873417721519,-0.3959497317415208,-1.0,0.32459867411117993,-1.0,-0.7822671181404642,0.2753096940518822,0.0,1.0,0.0,0.0,0.0,1.0,0.0,0.0,0.0,0.0,1.0,0.0,1.0,0.0
-0.31645569620253167,-1.0,-1.0,0.32230720489399345,-0.031261914915910016,-1.0,0.29744751488910315,0.0,1.0,0.0,0.0,0.0,1.0,0.0,0.0,1.0,0.0,0.0,0.0,1.0,0.0
-0.2405063291139241,0.4108927829822655,-1.0,-0.3176011508255203,-1.0,-1.0,0.2936089824375072,0.0,1.0,0.0,0.0,0.0,1.0,0.0,0.0,0.0,0.0,1.0,0.0,1.0,0.0
-0.5696202531645569,-0.7704042582518641,-0.31058807447301096,-0.08887938578783727,0.2612613048412311,-1.0,0.24505089380751643,0.0,1.0,0.0,0.0,0.0,1.0,0.0,0.0,0.0,0.0,1.0,0.0,1.0,0.0
-0.3924050632911392,-1.0,-1.0,-0.09928590477658816,0.45919612395899256,-1.0,0.4047052226752319,0.0,1.0,0.0,0.0,0.0,1.0,0.0,0.0,0.0,1.0,0.0,0.0,1.0,0.0
-0.2911392405063291,-1.0,-1.0,-1.0,-1.0,-1.0,-1.0,0.0,0.0,1.0,0.0,0.0,0.0,1.0,1.0,0.0,0.0,0.0,0.0,1.0,0.0
-0.36708860759493667,0.8472943632847445,0.09158689661461095,-1.0,0.5397481718049562,0.5152338010682425,0.7823273408276632,0.0,0.0,1.0,0.0,0.0,1.0,0.0,0.0,0.0,0.0,1.0,0.0,1.0,0.0
0.5189873417721518,-1.0,-1.0,-1.0,-1.0,-1.0,-1.0,0.0,0.0,1.0,0.0,0.0,0.0,1.0,0.0,0.0,0.0,1.0,1.0,0.0,0.0
-0.11392405063291144,-1.0,-1.0,-1.0,-1.0,-1.0,-1.0,0.0,0.0,1.0,0.0,0.0,0.0,1.0,0.0,0.0,1.0,0.0,0.0,1.0,0.0
-0.5443037974683544,-1.0,-1.0,-1.0,-1.0,-1.0,-1.0,0.0,1.0,0.0,0.0,0.0,0.0,1.0,0.0,0.0,0.0,1.0,0.0,1.0,0.0
-0.6708860759493671,-1.0,-1.0,-1.0,-1.0,-1.0,-1.0,1.0,0.0,0.0,0.0,0.0,0.0,1.0,0.0,0.0,0.0,1.0,0.0,1.0,0.0
-0.49367088607594933,-1.0,-1.0,0.27152303129071464,-1.0,-1.0,0.2198324324030163,0.0,1.0,0.0,0.0,0.0,1.0,0.0,0.0,0.0,0.0,1.0,0.0,1.0,0.0
0.5443037974683544,-1.0,-1.0,-1.0,-1.0,-1.0,-1.0,0.0,0.0,0.0,1.0,0.0,0.0,1.0,0.0,0.0,0.0,1.0,0.0,1.0,0.0
-0.3924050632911392,-1.0,0.09809219750953879,0.26952917743281346,-0.2845281077249162,0.286390071454665,0.4019185601345401,0.0,1.0,0.0,0.0,0.0,1.0,0.0,0.0,0.0,0.0,1.0,0.0,1.0,0.0
-0.2405063291139241,-1.0,0.2970867063874276,0.0849239236988395,0.5820181569703295,-0.1266366750585376,0.5732518608434052,0.0,0.0,1.0,0.0,0.0,1.0,0.0,0.0,0.0,0.0,1.0,0.0,1.0,0.0
-0.5189873417721519,0.5790863186587736,-1.0,-0.3857508233676067,0.3478994881501283,-1.0,0.5122992603110865,0.0,1.0,0.0,0.0,0.0,1.0,0.0,0.0,0.0,0.0,1.0,0.0,1.0,0.0
-0.620253164556962,-1.0,-1.0,-1.0,-1.0,-1.0,-1.0,0.0,0.0,0.0,1.0,0.0,0.0,1.0,1.0,0.0,0.0,0.0,0.0,1.0,0.0
-0.16455696202531644,-1.0,0.29785589712750804,-0.5633695079021357,-0.7806552088744709,-0.31942147560739764,0.2753096940518822,0.0,1.0,0.0,0.0,0.0,1.0,0.0,0.0,0.0,0.0,1.0,0.0,1.0,0.0
-0.4177215189873418,-1.0,-0.04100703639475123,0.22808735187582618,-1.0,-0.33959368702731463,0.23300642560316343,0.0,1.0,0.0,0.0,0.0,1.0,0.0,0.0,0.0,0.0,1.0,0.0,1.0,0.0
0.31645569620253156,-1.0,-1.0,-1.0,-1.0,-1.0,-1.0,0.0,0.0,1.0,0.0,0.0,0.0,1.0,0.0,0.0,0.0,1.0,0.0,1.0,0.0
-0.44303797468354433,-0.8551412152377926,0.2815879674673172,-1.0,-1.0,-1.0,0.24998862605774574,0.0,1.0,0.0,0.0,0.0,1.0,0.0,0.0,0.0,0.0,1.0,0.0,1.0,0.0
-0.3417721518987342,-0.21887545108419082,-1.0,0.21180383750283527,0.26799391865871924,-1.0,0.32764748676776456,0.0,0.0,0.0,1.0,0.0,1.0,0.0,0.0,0.0,0.0,1.0,0.0,1.0,0.0
0.240506329113924,0.13374430275145444,-0.514194800495722,-0.7816847539510678,0.4706304443455396,-1.0,0.4310616946102166,1.0,0.0,0.0,0.0,0.0,1.0,0.0,0.0,0.0,0.0,1.0,0.0,1.0,0.0
0.16455696202531644,-1.0,-1.0,-1.0,-1.0,-1.0,-1.0,0.0,0.0,0.0,1.0,0.0,0.0,1.0,0.0,0.0,0.0,1.0,0.0,1.0,0.0
0.11392405063291133,-1.0,-0.7852186672204382,-1.0,-1.0,0.45679152304843185,0.40155206081416916,0.0,1.0,0.0,0.0,0.0,1.0,0.0,0.0,0.0,1.0,0.0,0.0,1.0,0.0
-0.08860759493670889,0.271104990000969,0.1913074795315033,-1.0,-0.7806552088744709,-0.8626258465039598,0.29317766851801275,0.0,1.0,0.0,0.0,0.0,1.0,0.0,0.0,0.0,0.0,1.0,0.0,1.0,0.0
-0.4683544303797469,-1.0,-1.0,-1.0,-1.0,-1.0,-1.0,0.0,1.0,0.0,0.0,0.0,0.0,1.0,0.0,0.0,0.0,1.0,0.0,1.0,0.0
-0.49367088607594933,-1.0,-1.0,-1.0,-1.0,-1.0,-1.0,0.0,0.0,1.0,0.0,0.0,0.0,1.0,0.0,0.0,0.0,1.0,0.0,1.0,0.0
0.139240506329114,-0.6255454734896567,0.9144899847853378,-1.0,-0.125101069045644,0.11816397687333313,0.8707285824326041,0.0,0.0,1.0,0.0,0.0,1.0,0.0,1.0,0.0,0.0,0.0,0.0,1.0,0.0
-0.03797468354430378,-1.0,0.35550080183093824,-0.3684600007794333,-1.0,-1.0,0.3260188427478288,0.0,1.0,0.0,0.0,0.0,1.0,0.0,0.0,0.0,0.0,1.0,0.0,1.0,0.0
-0.08860759493670889,0.3755580194729735,-1.0,0.22350932719476058,-1.0,-1.0,0.3505416793177798,0.0,0.0,0.0,1.0,0.0,1.0,0.0,0.0,0.0,0.0,1.0,0.0,1.0,0.0
-1.0,-1.0,-1.0,-1.0,-1.0,-1.0,-1.0,0.0,1.0,0.0,0.0,0.0,1.0,0.0,0.0,0.0,0.0,1.0,0.0,1.0,0.0
0.11392405063291133,-1.0,0.6362809105758802,-1.0,0.2665952703257457,-0.5878775395118796,0.6194435182536935,0.0,0.0,1.0,0.0,0.0,1.0,0.0,0.0,0.0,0.0,1.0,0.0,1.0,0.0
-0.4177215189873418,0.12528974109601387,0.16080254399899951,-0.40469077658820574,-0.8616088449879872,-0.4916552261572421,0.2282101809102719,0.0,1.0,0.0,0.0,0.0,1.0,0.0,1.0,0.0,0.0,0.0,0.0,1.0,0.0
0.4177215189873418,0.5000635756140899,-1.0,-0.15574284606794153,-0.8616088449879872,-1.0,0.3783013165959246,0.0,1.0,0.0,0.0,0.0,1.0,0.0,0.0,0.0,1.0,0.0,0.0,1.0,0.0
-0.8227848101265822,-1.0,-1.0,-1.0,-1.0,-1.0,-1.0,0.0,1.0,0.0,0.0,0.0,1.0,0.0,1.0,0.0,0.0,0.0,0.0,1.0,0.0
-1.0,-1.0,-1.0,-1.0,-1.0,-1.0,-1.0,0.0,0.0,1.0,0.0,0.0,1.0,0.0,0.0,1.0,0.0,0.0,0.0,1.0,0.0
-0.31645569620253167,0.3954239778783091,-1.0,-0.7816847539510678,0.10556330082918008,-1.0,0.3260188427478288,0.0,0.0,0.0,1.0,0.0,1.0,0.0,0.0,0.0,0.0,1.0,0.0,1.0,0.0
0.3924050632911391,0.3016781430595834,-1.0,0.21709157566033488,-1.0,-1.0,0.30971159290318373,0.0,1.0,0.0,0.0,0.0,1.0,0.0,0.0,0.0,0.0,1.0,0.0,1.0,0.0
-0.4683544303797469,-1.0,-1.0,-1.0,-1.0,-1.0,-1.0,0.0,0.0,0.0,1.0,0.0,0.0,1.0,0.0,0.0,0.0,1.0,0.0,1.0,0.0
-0.9746835443037974,-1.0,-1.0,-1.0,-1.0,-1.0,-1.0,0.0,1.0,0.0,0.0,0.0,0.0,1.0,0.0,0.0,0.0,1.0,0.0,1.0,0.0
-0.36708860759493667,-0.4639587993442762,-0.6195699068776419,0.5785813529956509,0.16553927057663342,-1.0,0.5373277723884005,0.0,1.0,0.0,0.0,0.0,1.0,0.0,0.0,0.0,0.0,1.0,0.0,1.0,0.0
-0.44303797468354433,-0.4205648609511705,-0.029751992527429105,-1.0,-0.25375096367024685,0.22927437361064928,0.24671105528094617,0.0,1.0,0.0,0.0,0.0,1.0,0.0,1.0,0.0,0.0,0.0,0.0,1.0,0.0
-0.5443037974683544,-1.0,-1.0,0.2162199992599687,-1.0,0.1050918325353909,0.25374257209786033,0.0,1.0,0.0,0.0,0.0,1.0,0.0,1.0,0.0,0.0,0.0,0.0,1.0,0.0
0.11392405063291133,-1.0,-1.0,-0.43698639210870016,-0.1433830299748715,0.6583529657993876,0.5990496526602709,0.0,0.0,1.0,0.0,0.0,1.0,0.0,0.0,0.0,0.0,1.0,0.0,1.0,0.0
0.11392405063291133,-1.0,0.6147438523386903,-0.8622584156094552,0.381360624972676,0.23752525628644539,0.638006592232718,0.0,0.0,1.0,0.0,0.0,1.0,0.0,0.0,0.0,0.0,1.0,0.0,1.0,0.0
-0.3417721518987342,0.5608225595253837,-1.0,-1.0,-1.0,-1.0,0.4238023821811683,0.0,0.0,0.0,1.0,0.0,1.0,0.0,0.0,0.0,0.0,1.0,0.0,1.0,0.0
-0.49367088607594933,0.3148564768994331,0.39721107219332374,-0.27198032423261265,-1.0,-1.0,0.4338691072854155,0.0,0.0,0.0,1.0,0.0,1.0,0.0,0.0,0.0,0.0,1.0,0.0,1.0,0.0
-0.4683544303797469,-1.0,-1.0,-1.0,-1.0,-1.0,-1.0,0.0,1.0,0.0,0.0,0.0,0.0,1.0,1.0,0.0,0.0,0.0,0.0,1.0,0.0
-0.620253164556962,0.2061564569127463,-0.29405690266257756,-0.6439431695605231,-1.0,0.2809014096359943,0.3172800027332523,0.0,1.0,0.0,0.0,0.0,1.0,0.0,0.0,0.0,0.0,1.0,0.0,1.0,0.0
-0.36708860759493667,-1.0,0.6631667964310204,-1.0,0.22107598344515456,-0.4505033860158394,0.6389945527615402,0.0,0.0,1.0,0.0,0.0,1.0,0.0,1.0,0.0,0.0,0.0,0.0,1.0,0.0
-0.21518987341772156,-0.8551412152377926,-0.09013960883151684,0.43071360636088496,0.3076785949137033,-0.039935357103935254,0.473014440007121,0.0,0.0,1.0,0.0,0.0,1.0,0.0,0.0,0.0,0.0,1.0,0.0,1.0,0.0
-0.31645569620253167,-1.0,-1.0,-1.0,-1.0,-1.0,-1.0,0.0,0.0,1.0,0.0,0.0,0.0,1.0,0.0,0.0,0.0,1.0,0.0,1.0,0.0
0.5696202531645569,0.23185386223564564,0.36002128979740466,-0.23490213093186518,-0.07080780777595519,0.33211270539502546,0.48308280345971455,0.0,0.0,1.0,0.0,0.0,1.0,0.0,1.0,0.0,0.0,0.0,0.0,1.0,0.0
0.1898734177215189,-1.0,-1.0,-1.0,-1.0,-1.0,-1.0,0.0,0.0,1.0,0.0,0.0,0.0,1.0,1.0,0.0,0.0,0.0,0.0,1.0,0.0
0.3417721518987342,-1.0,-1.0,-1.0,-1.0,-1.0,-1.0,0.0,0.0,0.0,1.0,0.0,0.0,1.0,1.0,0.0,0.0,0.0,0.0,1.0,0.0
-0.08860759493670889,-0.019569043666193497,-1.0,0.36082944991995247,0.3495274454878723,-1.0,0.4403630842504507,0.0,0.0,0.0,1.0,0.0,1.0,0.0,0.0,0.0,0.0,1.0,0.0,1.0,0.0
0.2911392405063291,-1.0,-1.0,-0.6801739453692954,-1.0,-1.0,-0.6931756762832604,0.0,1.0,0.0,0.0,0.0,1.0,0.0,0.0,0.0,0.0,1.0,0.0,1.0,0.0
-0.31645569620253167,1.0,0.4281817865061808,-1.0,-0.8616088449879872,-1.0,0.8432622055306722,0.0,0.0,1.0,0.0,0.0,1.0,0.0,0.0,0.0,0.0,1.0,0.0,1.0,0.0
-0.3924050632911392,-0.15505464089648102,-0.3870033736503038,0.1239536063508484,0.4539113952854823,-1.0,0.4307471924694395,0.0,1.0,0.0,0.0,0.0,1.0,0.0,0.0,0.0,0.0,1.0,0.0,1.0,0.0
-0.5189873417721519,-1.0,-1.0,-1.0,-1.0,0.273338431195713,0.224841342433032,0.0,1.0,0.0,0.0,0.0,1.0,0.0,0.0,0.0,0.0,1.0,0.0,1.0,0.0
0.1898734177215189,0.24086817817686335,-1.0,-0.051973841586329006,0.4067332101722583,-0.030786547747543636,0.4262887998678837,0.0,0.0,0.0,1.0,0.0,1.0,0.0,0.0,0.0,0.0,1.0,0.0,1.0,0.0
-0.5696202531645569,0.30454382822092674,-1.0,0.2931203751692606,-1.0,-1.0,0.34893695038886774,0.0,0.0,0.0,1.0,0.0,1.0,0.0,0.0,0.0,0.0,1.0,0.0,1.0,0.0
-0.012658227848101333,0.6753755939669324,-0.14330330128400426,-1.0,-1.0,-1.0,0.5332043401287225,0.0,1.0,0.0,0.0,0.0,1.0,0.0,0.0,0.0,0.0,1.0,0.0,1.0,0.0
0.06329113924050622,-1.0,-1.0,-1.0,-1.0,-1.0,-1.0,0.0,0.0,0.0,1.0,0.0,0.0,1.0,0.0,0.0,0.0,1.0,0.0,1.0,0.0
-0.3924050632911392,-1.0,-1.0,-1.0,0.2891343070302954,-0.1608466236402405,0.25025923032049513,0.0,1.0,0.0,0.0,0.0,1.0,0.0,0.0,0.0,0.0,1.0,0.0,1.0,0.0
0.03797468354430378,-0.8551412152377926,0.334817862349831,-0.6801739453692954,-0.19631344477175017,-0.4505033860158394,0.3165174390321084,0.0,1.0,0.0,0.0,0.0,1.0,0.0,0.0,0.0,0.0,1.0,0.0,1.0,0.0
-1.0,-1.0,-1.0,-1.0,-1.0,-1.0,-1.0,0.0,1.0,0.0,0.0,0.0,1.0,0.0,0.0,0.0,0.0,1.0,0.0,1.0,0.0
-0.31645569620253167,-1.0,-1.0,0.33970469939450587,-0.18253858794414057,-1.0,0.2980798228355881,0.0,1.0,0.0,0.0,0.0,1.0,0.0,0.0,0.0,0.0,1.0,0.0,1.0,0.0
0.2911392405063291,0.08985404203759484,-1.0,-0.8622584156094552,-1.0,0.38864999034392,0.36514846927468536,0.0,1.0,0.0,0.0,0.0,1.0,0.0,1.0,0.0,0.0,0.0,0.0,1.0,0.0
-0.06329113924050633,-1.0,-1.0,-1.0,-1.0,-1.0,-1.0,0.0,0.0,1.0,0.0,0.0,0.0,1.0,0.0,0.0,0.0,1.0,0.0,1.0,0.0
-0.06329113924050633,-1.0,0.4517917194973329,-1.0,-0.27905773174939197,0.595118052283891,0.6176413118872821,0.0,0.0,1.0,0.0,0.0,1.0,0.0,1.0,0.0,0.0,0.0,0.0,1.0,0.0
-0.189873417721519,-0.14433500659683873,-1.0,0.22266550808938423,-1.0,-1.0,0.1955054430962424,0.0,1.0,0.0,0.0,0.0,1.0,0.0,0.0,0.0,1.0,0.0,0.0,1.0,0.0
-0.4683544303797469,0.3862776537726158,-1.0,-1.0,-1.0,-0.2640108285545778,0.27435886579108937,0.0,1.0,0.0,0.0,0.0,1.0,0.0,0.0,0.0,0.0,1.0,0.0,1.0,0.0
-0.2911392405063291,-1.0,-1.0,-1.0,-1.0,-1.0,-1.0,0.0,0.0,1.0,0.0,0.0,1.0,0.0,0.0,0.0,0.0,1.0,0.0,1.0,0.0
-0.31645569620253167,0.1114182112167541,0.230016830329965,-1.0,-1.0,-1.0,0.2602675303888142,0.0,1.0,0.0,0.0,0.0,1.0,0.0,0.0,0.0,0.0,1.0,0.0,1.0,0.0
0.36708860759493667,-0.0012250776503305305,-1.0,-1.0,0.29921855539165465,-1.0,0.2714775917362522,0.0,1.0,0.0,0.0,0.0,1.0,0.0,0.0,0.0,0.0,1.0,0.0,1.0,0.0
-0.5189873417721519,-0.23979159788240956,-1.0,0.4231510841523498,-1.0,-1.0,0.3706915877722021,0.0,0.0,0.0,1.0,0.0,1.0,0.0,0.0,0.0,0.0,1.0,0.0,1.0,0.0
0.36708860759493667,-1.0,-1.0,-1.0,-1.0,-1.0,-1.0,1.0,0.0,0.0,0.0,0.0,0.0,1.0,1.0,0.0,0.0,0.0,0.0,1.0,0.0
-0.06329113924050633,-1.0,-1.0,-1.0,-1.0,-1.0,-1.0,0.0,0.0,1.0,0.0,0.0,0.0,1.0,1.0,0.0,0.0,0.0,0.0,1.0,0.0
-0.1392405063291139,-1.0,0.08023927887811233,-0.3684600007794333,-1.0,0.23752525628644539,0.2714775917362522,0.0,1.0,0.0,0.0,0.0,1.0,0.0,0.0,0.0,0.0,1.0,0.0,1.0,0.0
-0.36708860759493667,-1.0,0.8927380403562466,0.3778035886152482,0.04760106091108307,0.3764327946849362,0.8707390184895987,0.0,0.0,1.0,0.0,0.0,1.0,0.0,1.0,0.0,0.0,0.0,0.0,1.0,0.0
-0.3924050632911392,-0.40789510005579643,-1.0,0.3982171012416431,-1.0,-0.2640108285545778,0.3505416793177798,0.0,1.0,0.0,0.0,0.0,1.0,0.0,0.0,0.0,1.0,0.0,0.0,1.0,0.0
-0.49367088607594933,-1.0,-1.0,0.3399391762367243,-1.0,-1.0,0.28546728953998235,0.0,1.0,0.0,0.0,0.0,1.0,0.0,1.0,0.0,0.0,0.0,0.0,1.0,0.0
-0.7468354430379747,-1.0,-1.0,-1.0,-1.0,-1.0,-1.0,0.0,1.0,0.0,0.0,0.0,0.0,1.0,0.0,0.0,0.0,1.0,0.0,1.0,0.0
-0.31645569620253167,-0.28234114300394575,-1.0,0.35417983639153494,-1.0,-1.0,0.3053058350992919,0.0,0.0,0.0,1.0,0.0,1.0,0.0,0.0,0.0,0.0,1.0,0.0,0.0,1.0
-0.6962025316455696,-1.0,-1.0,-1.0,-1.0,-1.0,-1.0,0.0,1.0,0.0,0.0,0.0,1.0,0.0,1.0,0.0,0.0,0.0,0.0,1.0,0.0
0.03797468354430378,-1.0,-1.0,-1.0,-1.0,-1.0,-1.0,0.0,0.0,0.0,1.0,0.0,0.0,1.0,0.0,0.0,0.0,1.0,0.0,1.0,0.0
-0.5949367088607596,-1.0,-0.4349254010785184,0.4109110136715728,-1.0,-0.3542810726612019,0.3600484146830776,0.0,1.0,0.0,0.0,0.0,1.0,0.0,1.0,0.0,0.0,0.0,0.0,1.0,0.0
0.4177215189873418,-0.8551412152377926,-0.7852186672204382,-1.0,-0.07464746905468156,-1.0,-0.11095884147458368,0.0,1.0,0.0,0.0,0.0,1.0,0.0,0.0,0.0,1.0,0.0,0.0,1.0,0.0
-0.2911392405063291,-1.0,-1.0,-1.0,-1.0,-1.0,-1.0,0.0,0.0,1.0,0.0,1.0,0.0,0.0,1.0,0.0,0.0,0.0,0.0,1.0,0.0
-0.4683544303797469,0.06580604221371833,-1.0,0.2907333302421522,-0.30190047148617816,-1.0,0.2874799370190644,0.0,1.0,0.0,0.0,0.0,1.0,0.0,0.0,0.0,0.0,1.0,0.0,1.0,0.0
-0.49367088607594933,-1.0,-1.0,-1.0,-1.0,-1.0,-1.0,0.0,1.0,0.0,0.0,0.0,0.0,1.0,0.0,0.0,0.0,1.0,0.0,1.0,0.0
0.31645569620253156,-1.0,-1.0,-1.0,-1.0,-1.0,-1.0,1.0,0.0,0.0,0.0,0.0,0.0,1.0,0.0,0.0,0.0,1.0,0.0,1.0,0.0
0.240506329113924,-1.0,0.7749173522704482,-0.4490336624378206,0.0004045679501512023,0.028082857321986898,0.7380744708701601,0.0,0.0,1.0,0.0,0.0,1.0,0.0,1.0,0.0,0.0,0.0,0.0,1.0,0.0
-0.5443037974683544,-1.0,0.2900243135291778,-1.0,-1.0,-1.0,0.2579441894602117,0.0,1.0,0.0,0.0,0.0,1.0,0.0,0.0,0.0,0.0,1.0,0.0,1.0,0.0
-0.16455696202531644,-0.6636483178693894,-1.0,-0.33085400079197247,-1.0,0.5701050760774176,0.5125043605687367,0.0,1.0,0.0,0.0,0.0,1.0,0.0,0.0,0.0,0.0,1.0,0.0,1.0,0.0
0.8481012658227849,-1.0,-1.0,-1.0,0.005658982592516848,0.2530629455303446,0.251606519822666,0.0,1.0,0.0,0.0,1.0,0.0,0.0,0.0,0.0,0.0,1.0,0.0,1.0,0.0
-0.21518987341772156,0.8844865872677024,0.10231183744678995,-1.0,0.6127126704048691,0.5329045601111764,0.8204052526431778,0.0,0.0,1.0,0.0,1.0,0.0,0.0,1.0,0.0,0.0,0.0,0.0,0.0,1.0
-0.4177215189873418,-1.0,-1.0,-1.0,-1.0,-1.0,-1.0,0.0,0.0,0.0,1.0,0.0,0.0,1.0,0.0,0.0,0.0,1.0,0.0,1.0,0.0
-0.5189873417721519,-1.0,-1.0,-1.0,-1.0,-1.0,-1.0,0.0,1.0,0.0,0.0,0.0,0.0,1.0,1.0,0.0,0.0,0.0,0.0,1.0,0.0
-0.31645569620253167,-0.7704042582518641,0.2952800707458467,-0.6439431695605231,-1.0,-1.0,0.2648309558308517,0.0,1.0,0.0,0.0,0.0,1.0,0.0,0.0,0.0,0.0,1.0,0.0,1.0,0.0
-0.7215189873417722,-1.0,-1.0,-1.0,-1.0,-1.0,-1.0,0.0,1.0,0.0,0.0,0.0,0.0,1.0,0.0,0.0,0.0,1.0,0.0,1.0,0.0
-0.36708860759493667,-1.0,-0.3286472797228134,-0.3949952390402589,-1.0,0.3571993858092135,0.3153678435620455,0.0,1.0,0.0,0.0,0.0,1.0,0.0,0.0,0.0,0.0,1.0,0.0,1.0,0.0
-0.7468354430379747,-1.0,-1.0,-1.0,-1.0,-1.0,-1.0,0.0,1.0,0.0,0.0,0.0,1.0,0.0,1.0,0.0,0.0,0.0,0.0,1.0,0.0
-0.8987341772151899,-1.0,-1.0,-1.0,-1.0,-1.0,-1.0,0.0,0.0,0.0,1.0,0.0,0.0,1.0,1.0,0.0,0.0,0.0,0.0,1.0,0.0
-0.4177215189873418,-0.14088059653679108,0.41016495924935725,-1.0,-1.0,-1.0,0.383345375460018,0.0,0.0,0.0,1.0,0.0,1.0,0.0,0.0,0.0,0.0,1.0,1.0,0.0,0.0
0.21518987341772156,-1.0,-1.0,-1.0,-1.0,-1.0,-1.0,0.0,0.0,0.0,1.0,0.0,0.0,1.0,0.0,0.0,0.0,1.0,0.0,1.0,0.0
-0.5443037974683544,-0.5187895331071819,0.1808842578931995,-1.0,0.05982873242428055,-0.5878775395118796,0.2309229002624309,0.0,1.0,0.0,0.0,0.0,1.0,0.0,0.0,0.0,1.0,0.0,0.0,1.0,0.0
-0.8481012658227848,-1.0,-1.0,-1.0,-1.0,-1.0,-1.0,0.0,0.0,0.0,1.0,0.0,0.0,1.0,0.0,0.0,0.0,1.0,0.0,1.0,0.0
-0.31645569620253167,-1.0,0.32280668012426106,-1.0,-0.3921421186822598,0.4317223249338955,0.47225642441164206,0.0,0.0,1.0,0.0,0.0,1.0,0.0,1.0,0.0,0.0,0.0,0.0,1.0,0.0
-0.5443037974683544,-0.32729663573877876,0.2952800707458467,-1.0,-1.0,-1.0,0.26904281188414436,0.0,1.0,0.0,0.0,0.0,1.0,0.0,0.0,0.0,0.0,1.0,0.0,1.0,0.0
-0.8227848101265822,-1.0,-1.0,-1.0,-1.0,-1.0,-1.0,0.0,1.0,0.0,0.0,0.0,0.0,1.0,0.0,0.0,0.0,1.0,0.0,1.0,0.0
-0.16455696202531644,-1.0,-1.0,0.2907333302421522,-1.0,-0.09747164721432422,0.26357425601910145,0.0,1.0,0.0,0.0,0.0,1.0,0.0,0.0,0.0,0.0,1.0,0.0,1.0,0.0
0.240506329113924,-1.0,0.7511392142004152,-0.7816847539510678,-1.0,-0.08929774609319385,0.7100322342095216,0.0,0.0,1.0,0.0,0.0,1.0,0.0,1.0,0.0,0.0,0.0,0.0,1.0,0.0
-0.31645569620253167,0.376712646997853,-1.0,0.4735369294965135,-1.0,-1.0,0.48268372298930173,0.0,0.0,0.0,1.0,0.0,1.0,0.0,0.0,0.0,0.0,1.0,0.0,1.0,0.0
-0.5949367088607596,-1.0,-1.0,-1.0,-1.0,-1.0,-1.0,0.0,1.0,0.0,0.0,0.0,0.0,1.0,0.0,0.0,0.0,1.0,0.0,1.0,0.0
-0.5189873417721519,-1.0,-1.0,-0.6439431695605231,0.3235936946266791,-1.0,0.2650813047454863,0.0,1.0,0.0,0.0,0.0,1.0,0.0,0.0,0.0,0.0,1.0,0.0,1.0,0.0
-0.6708860759493671,-1.0,-0.0977328892368512,0.8706636553822686,-0.6114869098077889,-0.12906847256185694,0.7974884274717666,0.0,0.0,1.0,0.0,0.0,1.0,0.0,0.0,0.0,0.0,1.0,0.0,1.0,0.0
-0.012658227848101333,-1.0,-1.0,-1.0,-1.0,-1.0,-1.0,0.0,0.0,1.0,0.0,0.0,0.0,1.0,0.0,0.0,0.0,1.0,0.0,1.0,0.0
-0.3924050632911392,-1.0,-1.0,-1.0,-1.0,-1.0,-1.0,0.0,0.0,1.0,0.0,0.0,0.0,1.0,1.0,0.0,0.0,0.0,0.0,1.0,0.0
-0.44303797468354433,-1.0,-1.0,-1.0,-1.0,-1.0,-1.0,0.0,1.0,0.0,0.0,0.0,0.0,1.0,0.0,0.0,0.0,1.0,0.0,1.0,0.0
-0.08860759493670889,-1.0,-1.0,-1.0,-1.0,-1.0,-1.0,0.0,1.0,0.0,0.0,0.0,0.0,1.0,0.0,0.0,1.0,0.0,0.0,1.0,0.0
0.03797468354430378,-1.0,-1.0,-1.0,-1.0,-1.0,-1.0,0.0,0.0,0.0,1.0,0.0,0.0,1.0,0.0,0.0,0.0,1.0,0.0,1.0,0.0
0.16455696202531644,0.08985404203759484,-0.5934641999129258,0.28339517584042073,0.040106381343727016,-0.6448929646444241,0.3197374772423094,0.0,1.0,0.0,0.0,0.0,1.0,0.0,0.0,1.0,0.0,0.0,0.0,1.0,0.0
-0.8481012658227848,-1.0,-1.0,-1.0,-1.0,-1.0,-1.0,0.0,1.0,0.0,0.0,0.0,1.0,0.0,0.0,0.0,0.0,1.0,1.0,0.0,0.0
-0.8481012658227848,-1.0,-1.0,-1.0,-1.0,-1.0,-1.0,0.0,1.0,0.0,0.0,0.0,1.0,0.0,0.0,0.0,0.0,1.0,0.0,1.0,0.0
-0.2405063291139241,-1.0,-1.0,-1.0,-1.0,-1.0,-1.0,0.0,0.0,1.0,0.0,0.0,0.0,1.0,1.0,0.0,0.0,0.0,0.0,1.0,0.0
-1.0,-1.0,-1.0,-1.0,-1.0,-1.0,-1.0,0.0,1.0,0.0,0.0,0.0,1.0,0.0,0.0,0.0,0.0,1.0,0.0,1.0,0.0
0.240506329113924,-1.0,-1.0,-1.0,0.014534054059341273,0.24284098900044726,0.24588278169232924,1.0,0.0,0.0,0.0,0.0,1.0,0.0,0.0,0.0,1.0,0.0,0.0,1.0,0.0
0.5949367088607596,-1.0,0.3232566282958129,-0.8622584156094552,0.18387943183655708,0.6102934548784398,0.6087783282569594,0.0,0.0,1.0,0.0,0.0,1.0,0.0,0.0,0.0,0.0,1.0,0.0,1.0,0.0
0.5443037974683544,-0.11817753053138169,-1.0,0.2886208825513745,-1.0,-0.11490609123496331,0.27625580354258283,0.0,1.0,0.0,0.0,0.0,1.0,0.0,0.0,0.0,0.0,1.0,0.0,1.0,0.0
0.2911392405063291,-0.8551412152377926,0.618353229826526,-1.0,-0.003629028490048647,-1.0,0.5850985011187158,0.0,0.0,1.0,0.0,0.0,1.0,0.0,0.0,0.0,0.0,1.0,0.0,1.0,0.0
-0.26582278481012656,-0.23979159788240956,-1.0,0.018229514131375524,0.28015948225985254,-1.0,0.27743187557035265,0.0,1.0,0.0,0.0,0.0,1.0,0.0,0.0,0.0,0.0,1.0,0.0,1.0,0.0
0.11392405063291133,-1.0,-1.0,-1.0,-1.0,-1.0,-1.0,0.0,0.0,1.0,0.0,0.0,0.0,1.0,0.0,0.0,0.0,1.0,0.0,1.0,0.0
-0.4683544303797469,-1.0,-0.4840579735152838,-1.0,0.3138656211375297,0.019021209990922827,0.29765851731362925,0.0,1.0,0.0,0.0,0.0,1.0,0.0,0.0,0.0,0.0,1.0,0.0,1.0,0.0
-0.06329113924050633,-1.0,0.4072621235251499,-0.7816847539510678,-0.487891873354127,-0.5878775395118796,0.3752376314040504,0.0,0.0,1.0,0.0,0.0,1.0,0.0,0.0,0.0,0.0,1.0,0.0,1.0,0.0
-1.0,-1.0,-1.0,-1.0,-1.0,-1.0,-1.0,0.0,0.0,0.0,1.0,0.0,0.0,1.0,0.0,0.0,0.0,1.0,0.0,1.0,0.0
-0.16455696202531644,-1.0,0.10644232335753201,0.489065265136728,0.31163791341782243,0.7558847668736917,0.7526936584781496,0.0,0.0,1.0,0.0,0.0,1.0,0.0,1.0,0.0,0.0,0.0,0.0,1.0,0.0
-0.2911392405063291,-1.0,-1.0,-1.0,0.25090643898817766,0.49520371156907705,0.48498684596487873,0.0,1.0,0.0,0.0,0.0,1.0,0.0,0.0,0.0,0.0,1.0,0.0,1.0,0.0
-0.49367088607594933,-1.0,-1.0,0.5408783673990611,-0.042490525223414455,-1.0,0.48780772117202686,0.0,1.0,0.0,0.0,0.0,1.0,0.0,0.0,0.0,0.0,1.0,0.0,1.0,0.0
-0.31645569620253167,-1.0,-0.027036637846106992,-0.1368028928473426,0.04227657915691263,0.6404417044911466,0.5966038281436528,0.0,0.0,1.0,0.0,0.0,1.0,0.0,0.0,0.0,0.0,1.0,0.0,1.0,0.0
-0.5189873417721519,-1.0,-1.0,-1.0,-1.0,-1.0,-1.0,0.0,1.0,0.0,0.0,0.0,0.0,1.0,0.0,0.0,0.0,1.0,0.0,1.0,0.0
0.36708860759493667,0.4719292163776265,-0.03250559289660093,-0.7816847539510678,-0.7806552088744709,-1.0,0.36529642478936664,0.0,0.0,0.0,1.0,0.0,1.0,0.0,0.0,0.0,0.0,1.0,0.0,1.0,0.0
-0.8734177215189873,-1.0,-1.0,-1.0,-1.0,-1.0,-1.0,0.0,1.0,0.0,0.0,0.0,0.0,1.0,0.0,0.0,0.0,1.0,0.0,1.0,0.0
-0.11392405063291144,0.32870670222182596,-1.0,0.21839181432787957,-0.37397903613286987,-1.0,0.32764748676776456,0.0,0.0,0.0,1.0,0.0,1.0,0.0,0.0,0.0,0.0,1.0,0.0,1.0,0.0
-0.06329113924050633,-1.0,-1.0,-1.0,-1.0,-1.0,-1.0,0.0,0.0,0.0,1.0,0.0,0.0,1.0,0.0,0.0,0.0,1.0,0.0,1.0,0.0
-0.5189873417721519,0.416915881423195,-1.0,-1.0,-0.5212452626117072,-1.0,0.2946830172281585,0.0,1.0,0.0,0.0,0.0,1.0,0.0,0.0,0.0,0.0,1.0,0.0,1.0,0.0
0.03797468354430378,-1.0,-1.0,-1.0,-1.0,-1.0,-1.0,0.0,0.0,1.0,0.0,0.0,0.0,1.0,1.0,0.0,0.0,0.0,0.0,1.0,0.0
0.4430379746835442,-1.0,-1.0,-1.0,-1.0,-1.0,-1.0,0.0,1.0,0.0,0.0,0.0,0.0,1.0,0.0,0.0,0.0,1.0,0.0,1.0,0.0
-0.44303797468354433,-0.4639587993442762,0.29345658416221343,0.32910383408148736,-0.18589423387542536,-1.0,0.40875143124949465,0.0,1.0,0.0,0.0,0.0,1.0,0.0,0.0,0.0,0.0,1.0,0.0,1.0,0.0
-0.6455696202531646,-1.0,-1.0,-1.0,-1.0,-1.0,-1.0,0.0,0.0,1.0,0.0,0.0,0.0,1.0,0.0,0.0,0.0,1.0,0.0,1.0,0.0
-0.5949367088607596,0.26183683428450544,0.03188405296943242,-0.08288740115844895,-0.10381577093865546,-0.10599722017663704,0.29511094259548454,0.0,1.0,0.0,0.0,0.0,1.0,0.0,0.0,1.0,0.0,0.0,0.0,1.0,0.0
-0.03797468354430378,-1.0,-1.0,-1.0,-1.0,-1.0,-1.0,0.0,0.0,1.0,0.0,0.0,0.0,1.0,1.0,0.0,0.0,0.0,0.0,1.0,0.0
-0.44303797468354433,-1.0,-0.6497067338580801,-1.0,0.15230419384893734,0.16266949637123207,0.24281461395860493,0.0,1.0,0.0,0.0,0.0,1.0,0.0,0.0,0.0,0.0,1.0,0.0,1.0,0.0
-0.44303797468354433,-1.0,-1.0,-1.0,-0.40188337906966964,0.321317566371361,0.2755466619768592,0.0,1.0,0.0,0.0,0.0,1.0,0.0,0.0,0.0,0.0,1.0,0.0,1.0,0.0
-0.44303797468354433,-1.0,-1.0,-1.0,-1.0,-1.0,-1.0,0.0,0.0,1.0,0.0,0.0,0.0,1.0,1.0,0.0,0.0,0.0,0.0,1.0,0.0
-0.06329113924050633,0.3156290731597684,-0.28376492672427933,0.30575995324158556,0.14980063461237925,-1.0,0.4075702585050258,0.0,1.0,0.0,0.0,0.0,1.0,0.0,0.0,0.0,0.0,1.0,0.0,1.0,0.0
-0.16455696202531644,-1.0,-1.0,-0.1394005651410034,0.31079607281836963,-1.0,0.2707504172839674,0.0,1.0,0.0,0.0,0.0,1.0,0.0,0.0,0.0,0.0,1.0,0.0,1.0,0.0
-0.3924050632911392,-1.0,0.083330290210756,-0.4755689006986463,-1.0,0.22274904312735622,0.2607800056197276,0.0,1.0,0.0,0.0,0.0,1.0,0.0,1.0,0.0,0.0,0.0,0.0,1.0,0.0
0.11392405063291133,-1.0,-1.0,-1.0,-1.0,-1.0,-1.0,0.0,1.0,0.0,0.0,0.0,0.0,1.0,0.0,0.0,0.0,1.0,0.0,1.0,0.0
-0.5189873417721519,-1.0,0.002907480992317746,0.22767549866990633,-1.0,-1.0,0.23477435794343604,0.0,1.0,0.0,0.0,0.0,1.0,0.0,0.0,0.0,0.0,1.0,0.0,1.0,0.0
-0.4683544303797469,-1.0,0.03485376669245421,0.2574819071036929,-0.40188337906966964,-0.245561329767104,0.27929862900355884,0.0,1.0,0.0,0.0,0.0,1.0,0.0,0.0,0.0,0.0,1.0,1.0,0.0,0.0
0.03797468354430378,-1.0,-1.0,-1.0,-1.0,-1.0,-1.0,0.0,0.0,1.0,0.0,0.0,0.0,1.0,0.0,0.0,0.0,1.0,0.0,1.0,0.0
-0.49367088607594933,-1.0,-1.0,-1.0,-1.0,-1.0,-1.0,0.0,1.0,0.0,0.0,0.0,0.0,1.0,0.0,0.0,1.0,0.0,0.0,1.0,0.0
-0.7721518987341772,-1.0,-1.0,-1.0,-1.0,-1.0,-1.0,0.0,1.0,0.0,0.0,0.0,0.0,1.0,0.0,0.0,0.0,1.0,0.0,1.0,0.0
-0.6708860759493671,-1.0,-1.0,0.2373317675484785,0.5855291591343232,-0.5436529399901353,0.5459480871403997,0.0,1.0,0.0,0.0,0.0,1.0,0.0,0.0,0.0,0.0,1.0,0.0,1.0,0.0
-0.4177215189873418,-1.0,-1.0,-1.0,-1.0,-1.0,-1.0,1.0,0.0,0.0,0.0,0.0,0.0,1.0,0.0,0.0,0.0,1.0,0.0,1.0,0.0
0.4430379746835442,-1.0,0.17759842602201914,-1.0,0.7192493596533704,0.08202984803158175,0.6628164008806108,0.0,0.0,1.0,0.0,0.0,1.0,0.0,0.0,1.0,0.0,0.0,0.0,1.0,0.0
-1.0,-1.0,-1.0,-1.0,-1.0,-1.0,-1.0,0.0,0.0,0.0,1.0,0.0,1.0,0.0,0.0,0.0,0.0,1.0,0.0,1.0,0.0
-0.31645569620253167,-1.0,-1.0,-1.0,-1.0,-1.0,-1.0,0.0,1.0,0.0,0.0,0.0,0.0,1.0,0.0,0.0,0.0,1.0,0.0,1.0,0.0
-0.5696202531645569,0.21256760537440655,-0.8644880666376419,0.36623993765533136,-1.0,-1.0,0.3667696985133764,0.0,0.0,0.0,1.0,0.0,1.0,0.0,0.0,0.0,0.0,1.0,1.0,0.0,0.0
-0.16455696202531644,-1.0,0.14965827826715628,0.5439239304702232,0.4746312040434981,0.5196392241034926,0.6729471840456969,0.0,0.0,1.0,0.0,0.0,1.0,0.0,0.0,0.0,0.0,1.0,0.0,1.0,0.0
-0.6708860759493671,-1.0,-1.0,-1.0,-1.0,-1.0,-1.0,0.0,0.0,0.0,1.0,0.0,0.0,1.0,0.0,0.0,0.0,1.0,0.0,1.0,0.0
-0.4177215189873418,0.2236342109339562,-1.0,-1.0,-0.6786656890936953,0.17145493516449362,0.2545374613846978,1.0,0.0,0.0,0.0,0.0,1.0,0.0,0.0,1.0,0.0,0.0,0.0,1.0,0.0
-0.6708860759493671,-1.0,-1.0,-1.0,-1.0,-1.0,-1.0,0.0,1.0,0.0,0.0,0.0,0.0,1.0,0.0,0.0,1.0,0.0,0.0,1.0,0.0
0.1898734177215189,0.5018111019913978,0.1850293402521328,-0.6801739453692954,-0.3573313781873907,-1.0,0.426503485330997,0.0,0.0,1.0,0.0,0.0,1.0,0.0,1.0,0.0,0.0,0.0,0.0,1.0,0.0
-0.08860759493670889,-1.0,0.6873225984924092,0.3063158112284252,0.5896067873123909,0.3634127162897589,0.758797733167853,0.0,0.0,1.0,0.0,0.0,1.0,0.0,0.0,0.0,0.0,1.0,0.0,0.0,1.0
0.5949367088607596,0.4769783294433121,-1.0,-0.8622584156094552,-1.0,-1.0,0.3474810535889217,0.0,0.0,0.0,1.0,0.0,1.0,0.0,0.0,0.0,0.0,1.0,0.0,1.0,0.0
0.16455696202531644,-1.0,-1.0,-1.0,-1.0,-1.0,-1.0,1.0,0.0,0.0,0.0,0.0,0.0,1.0,1.0,0.0,0.0,0.0,0.0,1.0,0.0
-0.06329113924050633,-0.08684198141166655,-1.0,-1.0,0.5950978513964078,-1.0,0.5280473772607255,0.0,0.0,0.0,1.0,0.0,1.0,0.0,0.0,0.0,0.0,1.0,0.0,1.0,0.0
-0.9493670886075949,-1.0,-1.0,-1.0,-1.0,-1.0,-1.0,0.0,1.0,0.0,0.0,0.0,0.0,1.0,0.0,0.0,0.0,1.0,0.0,1.0,0.0
-0.26582278481012656,0.45442416764826743,-1.0,0.2827712535045668,-1.0,-1.0,0.41670795720086384,0.0,0.0,0.0,1.0,1.0,0.0,0.0,0.0,0.0,0.0,1.0,0.0,1.0,0.0
-0.4683544303797469,-1.0,-1.0,-0.06957109307211395,0.02183936530264141,0.1819158861387078,0.23826178454250058,0.0,1.0,0.0,0.0,0.0,1.0,0.0,0.0,0.0,1.0,0.0,0.0,1.0,0.0
0.08860759493670889,-1.0,-0.27881523464636226,0.15118245474246916,0.6857637302048127,-0.11719731918136134,0.627311617741189,0.0,0.0,1.0,0.0,0.0,1.0,0.0,1.0,0.0,0.0,0.0,0.0,1.0,0.0
-0.11392405063291144,0.49974426760635726,-1.0,-1.0,-0.7806552088744709,-1.0,0.36837725681771083,0.0,0.0,0.0,1.0,0.0,1.0,0.0,0.0,0.0,0.0,1.0,0.0,1.0,0.0
-0.3924050632911392,-1.0,-1.0,-1.0,-1.0,-1.0,-1.0,0.0,0.0,0.0,1.0,0.0,0.0,1.0,0.0,0.0,0.0,1.0,0.0,1.0,0.0
0.16455696202531644,-1.0,-0.015263706538871658,-1.0,-1.0,0.1864489963102427,0.2032733598084937,0.0,1.0,0.0,0.0,0.0,1.0,0.0,0.0,0.0,1.0,0.0,0.0,1.0,0.0
-0.5189873417721519,-1.0,-1.0,-1.0,-1.0,-1.0,-1.0,0.0,1.0,0.0,0.0,0.0,0.0,1.0,0.0,0.0,1.0,0.0,0.0,1.0,0.0
-0.16455696202531644,0.1418700928448171,-0.7852186672204382,-0.8622584156094552,0.2934748308684323,-1.0,0.2944686937979426,0.0,1.0,0.0,0.0,0.0,1.0,0.0,0.0,0.0,0.0,1.0,0.0,1.0,0.0
-0.11392405063291144,-1.0,-1.0,-1.0,-1.0,-1.0,-1.0,0.0,0.0,1.0,0.0,0.0,0.0,1.0,1.0,0.0,0.0,0.0,0.0,1.0,0.0
-0.44303797468354433,0.5185268215070231,-1.0,-1.0,-1.0,0.19899068422639332,0.43459025632026105,1.0,0.0,0.0,0.0,0.0,1.0,0.0,1.0,0.0,0.0,0.0,0.0,1.0,0.0
-0.03797468354430378,-0.3637342358463982,-1.0,0.3160642066303143,-1.0,-0.7822671181404642,0.2680601258366466,0.0,1.0,0.0,0.0,0.0,1.0,0.0,0.0,0.0,0.0,1.0,0.0,1.0,0.0
-0.3924050632911392,0.13466292862793372,0.22929140317391283,-0.4755689006986463,-1.0,-1.0,0.26904281188414436,0.0,1.0,0.0,0.0,0.0,1.0,0.0,0.0,0.0,0.0,1.0,0.0,1.0,0.0
-0.2405063291139241,-1.0,-1.0,-1.0,-1.0,-1.0,-1.0,0.0,1.0,0.0,0.0,0.0,0.0,1.0,0.0,0.0,0.0,1.0,0.0,1.0,0.0
0.012658227848101333,-1.0,-1.0,-1.0,-1.0,-1.0,-1.0,0.0,0.0,1.0,0.0,0.0,0.0,1.0,1.0,0.0,0.0,0.0,0.0,1.0,0.0
-0.4177215189873418,-1.0,-1.0,-1.0,0.31497022275472153,-0.12906847256185694,0.2755466619768592,0.0,1.0,0.0,0.0,0.0,1.0,0.0,0.0,0.0,0.0,1.0,0.0,1.0,0.0
0.11392405063291133,-1.0,0.3449305306225252,0.3021084748012335,-1.0,-1.0,0.4148923180381019,0.0,0.0,0.0,1.0,0.0,1.0,0.0,0.0,0.0,0.0,1.0,0.0,1.0,0.0
0.5189873417721518,-1.0,-1.0,-1.0,-1.0,-1.0,-1.0,0.0,1.0,0.0,0.0,0.0,0.0,1.0,0.0,0.0,0.0,1.0,0.0,1.0,0.0
-0.5696202531645569,0.20550439070385473,0.020592062603985717,-1.0,-1.0,0.1757058007482588,0.29252886243144127,0.0,1.0,0.0,0.0,0.0,1.0,0.0,1.0,0.0,0.0,0.0,0.0,1.0,0.0
-0.3924050632911392,-1.0,0.2479908307868548,-1.0,-1.0,0.4573000262395013,0.46300566302056945,0.0,1.0,0.0,0.0,0.0,1.0,0.0,0.0,0.0,0.0,1.0,0.0,1.0,0.0
-0.49367088607594933,-1.0,-0.363034326141483,-1.0,-0.5038728988504453,-1.0,-0.31161218585430206,0.0,1.0,0.0,0.0,0.0,1.0,0.0,0.0,0.0,0.0,1.0,0.0,1.0,0.0
-0.03797468354430378,-1.0,0.4016250934262675,-1.0,0.5011367946071188,0.4556425980337504,0.6113994228106683,0.0,0.0,1.0,0.0,0.0,1.0,0.0,1.0,0.0,0.0,0.0,0.0,0.0,1.0
-0.16455696202531644,0.4966862585143803,-0.7852186672204382,-1.0,-1.0,-0.8626258465039598,0.3657396036121918,0.0,1.0,0.0,0.0,0.0,1.0,0.0,0.0,0.0,0.0,1.0,0.0,1.0,0.0
-0.5443037974683544,-1.0,-1.0,-1.0,-1.0,-1.0,-1.0,0.0,0.0,0.0,1.0,0.0,0.0,1.0,0.0,0.0,0.0,1.0,0.0,1.0,0.0
-0.4177215189873418,0.4948951625848126,-0.1314510425688057,-1.0,0.09507389472310401,0.26747056478990294,0.4672111424766592,0.0,1.0,0.0,0.0,0.0,1.0,0.0,0.0,0.0,0.0,1.0,0.0,1.0,0.0
-0.21518987341772156,-0.8551412152377926,-0.07927556988301587,0.11615970150325783,-0.3347045997837631,0.1757058007482588,0.2717193681429104,0.0,1.0,0.0,0.0,0.0,1.0,0.0,0.0,0.0,0.0,1.0,0.0,1.0,0.0
-0.26582278481012656,-0.8551412152377926,-1.0,-0.026705679461444087,-0.07080780777595519,0.25936630752787293,0.27743187557035265,0.0,1.0,0.0,0.0,0.0,1.0,0.0,0.0,1.0,0.0,0.0,0.0,1.0,0.0
-0.31645569620253167,-0.5187895331071819,0.4890979070138348,-1.0,-0.3921421186822598,0.48967447499872074,0.5762587960798806,0.0,0.0,1.0,0.0,0.0,1.0,0.0,0.0,0.0,0.0,1.0,0.0,1.0,0.0
-0.44303797468354433,-0.2343630575961404,-0.4143271680087205,0.16351462705691255,0.07504800105209197,-0.057890666102418775,0.25898028261425443,0.0,1.0,0.0,0.0,0.0,1.0,0.0,1.0,0.0,0.0,0.0,0.0,1.0,0.0
0.08860759493670889,-0.5187895331071819,-1.0,0.3879965459491357,-1.0,0.3066689690750073,0.4308520841755783,0.0,1.0,0.0,0.0,0.0,1.0,0.0,0.0,0.0,0.0,1.0,0.0,1.0,0.0
-0.21518987341772156,-1.0,0.25448652444847064,-0.7816847539510678,-0.6786656890936953,-0.37857950549977637,0.23181862941739362,0.0,1.0,0.0,0.0,0.0,1.0,0.0,1.0,0.0,0.0,0.0,0.0,1.0,0.0
-0.1392405063291139,0.06452782996973316,-1.0,0.2992532661896796,-0.32769839905788767,-1.0,0.29274537656158284,0.0,0.0,0.0,1.0,0.0,1.0,0.0,0.0,0.0,1.0,0.0,0.0,1.0,0.0
0.012658227848101333,-1.0,-1.0,-1.0,-1.0,-1.0,-1.0,0.0,0.0,0.0,1.0,0.0,0.0,1.0,0.0,0.0,0.0,1.0,0.0,1.0,0.0
-0.4177215189873418,-1.0,-1.0,-0.6801739453692954,-0.004991874962858578,-1.0,-0.04476912490697893,0.0,1.0,0.0,0.0,0.0,1.0,0.0,0.0,0.0,0.0,1.0,0.0,1.0,0.0
-0.31645569620253167,-1.0,-1.0,-1.0,-1.0,-1.0,-1.0,0.0,0.0,0.0,1.0,0.0,0.0,1.0,0.0,0.0,0.0,1.0,0.0,1.0,0.0
-0.3924050632911392,-1.0,-0.10970616460354188,-0.8622584156094552,-0.1927796138817054,0.20085162757043862,0.2127229733808529,0.0,1.0,0.0,0.0,0.0,1.0,0.0,1.0,0.0,0.0,0.0,0.0,1.0,0.0
0.5189873417721518,-1.0,0.5917928659261009,-1.0,0.7180460584692534,-0.5247635098122653,0.7337350465684782,0.0,0.0,1.0,0.0,0.0,1.0,0.0,0.0,0.0,0.0,1.0,0.0,1.0,0.0
-0.8987341772151899,-1.0,-1.0,-1.0,-1.0,-1.0,-1.0,0.0,0.0,1.0,0.0,0.0,1.0,0.0,0.0,0.0,0.0,1.0,0.0,1.0,0.0
-0.6708860759493671,-1.0,-1.0,-1.0,-1.0,-1.0,-1.0,0.0,0.0,1.0,0.0,0.0,0.0,1.0,0.0,0.0,0.0,1.0,0.0,1.0,0.0
-0.5189873417721519,-1.0,-0.24317093377100574,-1.0,0.11327299354986042,0.1798674026821645,0.24753574584356097,0.0,1.0,0.0,0.0,0.0,1.0,0.0,1.0,0.0,0.0,0.0,0.0,1.0,0.0
-0.5189873417721519,-1.0,-1.0,0.23376542675257306,-0.47309575479577604,-1.0,0.1885322446505071,0.0,1.0,0.0,0.0,0.0,1.0,0.0,1.0,0.0,0.0,0.0,0.0,1.0,0.0
-0.26582278481012656,-1.0,-1.0,-0.7816847539510678,0.33135333312144577,0.26614266025771416,0.37871530301506473,0.0,1.0,0.0,0.0,0.0,1.0,0.0,1.0,0.0,0.0,0.0,0.0,1.0,0.0
-0.4177215189873418,-1.0,-0.060802383760170886,-1.0,0.2665952703257457,-0.03683859081786567,0.2786007368107588,0.0,1.0,0.0,0.0,0.0,1.0,0.0,0.0,0.0,0.0,1.0,0.0,1.0,0.0
-0.6708860759493671,0.11446917124724432,-0.34168560311267027,-1.0,-0.8616088449879872,0.2774708297095414,0.2892512916546419,1.0,0.0,0.0,0.0,0.0,1.0,0.0,0.0,0.0,0.0,1.0,0.0,1.0,0.0
-0.31645569620253167,-1.0,-1.0,-1.0,-1.0,-1.0,-1.0,0.0,1.0,0.0,0.0,0.0,0.0,1.0,0.0,0.0,1.0,0.0,0.0,1.0,0.0
-0.5189873417721519,-1.0,-1.0,-1.0,0.3556852360093785,-1.0,0.2944686937979426,0.0,1.0,0.0,0.0,0.0,1.0,0.0,0.0,0.0,0.0,1.0,0.0,1.0,0.0
-0.26582278481012656,-1.0,-1.0,-1.0,-1.0,-1.0,-1.0,0.0,0.0,1.0,0.0,0.0,0.0,1.0,0.0,0.0,0.0,1.0,0.0,1.0,0.0
-0.44303797468354433,-1.0,0.2721883727763559,-0.04534925812938162,-1.0,-0.19871167186861294,0.28524234476922583,0.0,1.0,0.0,0.0,0.0,1.0,0.0,0.0,0.0,0.0,1.0,0.0,1.0,0.0
-0.5443037974683544,-1.0,0.2563938800089445,-1.0,-1.0,-0.5247635098122653,0.2282101809102719,0.0,1.0,0.0,0.0,0.0,1.0,0.0,0.0,0.0,0.0,1.0,0.0,1.0,0.0
-0.6962025316455696,-1.0,-1.0,-1.0,-1.0,-1.0,-1.0,0.0,1.0,0.0,0.0,0.0,1.0,0.0,1.0,0.0,0.0,0.0,0.0,1.0,0.0
-0.2911392405063291,-1.0,-1.0,-1.0,-1.0,-1.0,-1.0,0.0,0.0,0.0,1.0,1.0,0.0,0.0,0.0,0.0,0.0,1.0,0.0,1.0,0.0
0.08860759493670889,-1.0,-1.0,-1.0,-1.0,-1.0,-1.0,0.0,0.0,1.0,0.0,0.0,0.0,1.0,0.0,0.0,0.0,1.0,0.0,1.0,0.0
-0.2911392405063291,-1.0,-1.0,-1.0,-1.0,-1.0,-1.0,0.0,1.0,0.0,0.0,0.0,0.0,1.0,0.0,0.0,0.0,1.0,0.0,1.0,0.0
-0.5696202531645569,-1.0,0.3009027493549079,-1.0,-0.47309575479577604,-1.0,0.2717193681429104,0.0,1.0,0.0,0.0,0.0,1.0,0.0,0.0,0.0,0.0,1.0,0.0,1.0,0.0
-0.06329113924050633,-1.0,-1.0,-1.0,-1.0,-1.0,-1.0,0.0,1.0,0.0,0.0,0.0,0.0,1.0,0.0,0.0,0.0,1.0,0.0,1.0,0.0
-0.3417721518987342,-1.0,-1.0,-1.0,-1.0,-1.0,-1.0,0.0,1.0,0.0,0.0,0.0,0.0,1.0,0.0,0.0,0.0,1.0,0.0,1.0,0.0
-0.06329113924050633,-1.0,-1.0,-1.0,-1.0,-1.0,-1.0,0.0,0.0,0.0,1.0,0.0,0.0,1.0,0.0,0.0,0.0,1.0,0.0,1.0,0.0
0.03797468354430378,-0.5933299775945341,-0.8644880666376419,-0.5062015851699782,0.38834639528328263,-1.0,0.32890466013916364,1.0,0.0,0.0,0.0,0.0,1.0,0.0,0.0,0.0,0.0,1.0,0.0,1.0,0.0
-0.9746835443037974,-1.0,-1.0,-1.0,-1.0,-1.0,-1.0,0.0,0.0,0.0,1.0,0.0,1.0,0.0,0.0,1.0,0.0,0.0,0.0,1.0,0.0
-0.7215189873417722,-1.0,-1.0,-1.0,-1.0,-1.0,-1.0,0.0,1.0,0.0,0.0,0.0,1.0,0.0,0.0,0.0,0.0,1.0,0.0,1.0,0.0
-0.3924050632911392,0.38013874094778277,-0.28884319650774715,0.4761516922310125,-1.0,-1.0,0.488273835514492,0.0,0.0,0.0,1.0,0.0,1.0,0.0,0.0,0.0,0.0,1.0,0.0,1.0,0.0
-0.9746835443037974,-1.0,-1.0,-1.0,-1.0,-1.0,-1.0,0.0,1.0,0.0,0.0,0.0,1.0,0.0,0.0,0.0,0.0,1.0,0.0,1.0,0.0
0.4430379746835442,0.36486885197860497,-1.0,-1.0,-1.0,-1.0,0.24505089380751643,0.0,1.0,0.0,0.0,0.0,1.0,0.0,0.0,0.0,0.0,1.0,0.0,1.0,0.0
-0.4683544303797469,-1.0,-1.0,-1.0,-0.7806552088744709,0.3267886267287625,0.27672710334034045,0.0,1.0,0.0,0.0,0.0,1.0,0.0,0.0,0.0,0.0,1.0,0.0,1.0,0.0
-0.49367088607594933,-0.7704042582518641,-1.0,0.3004002771705654,-1.0,-0.37857950549977637,0.25400790362447356,0.0,1.0,0.0,0.0,0.0,1.0,0.0,0.0,0.0,0.0,1.0,0.0,1.0,0.0
-0.31645569620253167,-1.0,-1.0,-1.0,-1.0,-1.0,-1.0,0.0,0.0,1.0,0.0,0.0,0.0,1.0,0.0,0.0,0.0,1.0,0.0,1.0,0.0
-0.08860759493670889,-1.0,0.8556456486512092,-0.08288740115844895,0.5129218263642703,-0.8626258465039598,0.836976172886255,0.0,0.0,1.0,0.0,0.0,1.0,0.0,1.0,0.0,0.0,0.0,0.0,0.0,1.0
0.012658227848101333,-1.0,-1.0,-1.0,-1.0,-1.0,-1.0,0.0,1.0,0.0,0.0,0.0,0.0,1.0,0.0,0.0,0.0,1.0,0.0,1.0,0.0
-0.5189873417721519,-1.0,-1.0,0.4852672577771049,-1.0,-0.28435575371962574,0.42874320568952906,0.0,1.0,0.0,0.0,0.0,1.0,0.0,0.0,0.0,0.0,1.0,0.0,1.0,0.0
-0.03797468354430378,0.08985404203759484,0.039705191668908846,-1.0,-0.0597129406238629,0.17465160140100955,0.2905690895592532,0.0,1.0,0.0,0.0,0.0,1.0,0.0,0.0,0.0,0.0,1.0,0.0,1.0,0.0
-0.16455696202531644,-1.0,-1.0,-1.0,-1.0,-1.0,-1.0,0.0,1.0,0.0,0.0,0.0,0.0,1.0,0.0,0.0,0.0,1.0,0.0,1.0,0.0
0.08860759493670889,0.14969172694154254,-1.0,0.1691285343122828,0.014534054059341273,0.32506416206408817,0.40204057016820727,0.0,0.0,0.0,1.0,0.0,1.0,0.0,0.0,0.0,1.0,0.0,0.0,1.0,0.0
-0.5443037974683544,-1.0,-1.0,-1.0,0.30881786324337357,-1.0,0.24971763714062,0.0,1.0,0.0,0.0,0.0,1.0,0.0,0.0,0.0,0.0,1.0,0.0,1.0,0.0
-0.1392405063291139,-1.0,-1.0,-0.2073126774626588,0.31688869136775244,-1.0,0.2707504172839674,0.0,1.0,0.0,0.0,0.0,1.0,0.0,0.0,0.0,0.0,1.0,0.0,1.0,0.0
-0.7215189873417722,-1.0,-1.0,-1.0,-1.0,-1.0,-1.0,0.0,0.0,0.0,1.0,0.0,0.0,1.0,0.0,0.0,0.0,1.0,0.0,1.0,0.0
-0.8227848101265822,-1.0,-1.0,-1.0,-1.0,-1.0,-1.0,0.0,1.0,0.0,0.0,0.0,0.0,1.0,0.0,0.0,0.0,1.0,0.0,1.0,0.0
-0.6708860759493671,-0.30361240807011936,-1.0,0.6067406602715331,-1.0,-1.0,0.5430013170820214,0.0,0.0,0.0,1.0,0.0,1.0,0.0,0.0,0.0,0.0,1.0,0.0,1.0,0.0
-0.1392405063291139,-1.0,0.45944154818931526,-0.6133104850891911,-0.6422640538624581,-0.2790704002321086,0.42831861604609767,0.0,1.0,0.0,0.0,0.0,1.0,0.0,1.0,0.0,0.0,0.0,0.0,1.0,0.0
-1.0,-1.0,-1.0,-1.0,-1.0,-1.0,-1.0,0.0,1.0,0.0,0.0,0.0,0.0,1.0,0.0,0.0,0.0,1.0,0.0,1.0,0.0
-0.7215189873417722,-1.0,-1.0,-1.0,-1.0,-1.0,-1.0,0.0,1.0,0.0,0.0,0.0,0.0,1.0,1.0,0.0,0.0,0.0,0.0,1.0,0.0
-0.4683544303797469,-1.0,-1.0,-1.0,-1.0,-1.0,-1.0,0.0,1.0,0.0,0.0,0.0,0.0,1.0,0.0,0.0,1.0,0.0,0.0,1.0,0.0
-0.31645569620253167,-1.0,-1.0,-1.0,-1.0,-1.0,-1.0,0.0,1.0,0.0,0.0,0.0,0.0,1.0,0.0,1.0,0.0,0.0,0.0,1.0,0.0
-0.4683544303797469,-1.0,-1.0,-1.0,-1.0,-1.0,-1.0,0.0,0.0,0.0,1.0,0.0,0.0,1.0,0.0,0.0,0.0,1.0,0.0,1.0,0.0
-0.8481012658227848,-1.0,-1.0,-1.0,-1.0,-1.0,-1.0,0.0,1.0,0.0,0.0,0.0,1.0,0.0,1.0,0.0,0.0,0.0,0.0,1.0,0.0
0.06329113924050622,-1.0,0.4730641395047148,-1.0,0.2672958192305801,0.05006827351576959,0.5020412451217435,0.0,0.0,1.0,0.0,0.0,1.0,0.0,0.0,0.0,0.0,1.0,0.0,1.0,0.0
0.49367088607594933,-0.5408085165037282,0.4379204852390435,-1.0,-0.14066657673737903,-0.3131292325197993,0.41534785151911846,0.0,0.0,1.0,0.0,0.0,1.0,0.0,1.0,0.0,0.0,0.0,0.0,1.0,0.0
-0.9240506329113924,-1.0,-1.0,-1.0,-1.0,-1.0,-1.0,0.0,0.0,0.0,1.0,0.0,1.0,0.0,0.0,0.0,0.0,1.0,0.0,1.0,0.0
-0.6708860759493671,-1.0,-1.0,-1.0,-1.0,-1.0,-1.0,0.0,0.0,1.0,0.0,0.0,0.0,1.0,1.0,0.0,0.0,0.0,0.0,1.0,0.0
-0.4177215189873418,-1.0,-1.0,-1.0,-1.0,-1.0,-1.0,0.0,0.0,0.0,1.0,0.0,0.0,1.0,0.0,0.0,0.0,1.0,0.0,1.0,0.0
-0.03797468354430378,0.3951606041189326,-1.0,-1.0,-0.8616088449879872,-0.32592005813059954,0.27976247514746677,0.0,1.0,0.0,0.0,0.0,1.0,0.0,0.0,0.0,0.0,1.0,0.0,1.0,0.0
-0.5443037974683544,-1.0,-1.0,-1.0,-1.0,-1.0,-1.0,0.0,1.0,0.0,0.0,0.0,0.0,1.0,0.0,0.0,1.0,0.0,0.0,1.0,0.0
-0.49367088607594933,-1.0,-1.0,-1.0,-1.0,-1.0,-1.0,0.0,1.0,0.0,0.0,0.0,0.0,1.0,0.0,0.0,0.0,1.0,0.0,1.0,0.0
-0.9240506329113924,-1.0,-1.0,-1.0,-1.0,-1.0,-1.0,0.0,1.0,0.0,0.0,0.0,0.0,1.0,0.0,0.0,0.0,1.0,0.0,1.0,0.0
-0.21518987341772156,0.0022581204875098404,-1.0,0.2895289683694886,-0.20730647247606515,-1.0,0.28137710633298174,0.0,0.0,0.0,1.0,0.0,1.0,0.0,1.0,0.0,0.0,0.0,0.0,1.0,0.0
-0.2911392405063291,-1.0,-1.0,-1.0,-1.0,-1.0,-1.0,0.0,0.0,0.0,1.0,0.0,0.0,1.0,0.0,0.0,0.0,1.0,0.0,1.0,0.0
-0.9493670886075949,-1.0,-1.0,-1.0,-1.0,-1.0,-1.0,0.0,1.0,0.0,0.0,1.0,0.0,0.0,0.0,1.0,0.0,0.0,0.0,1.0,0.0
-0.9240506329113924,-1.0,-1.0,-1.0,-1.0,-1.0,-1.0,0.0,1.0,0.0,0.0,0.0,1.0,0.0,0.0,0.0,0.0,1.0,0.0,1.0,0.0
-0.5443037974683544,-1.0,-0.4047885740980801,0.32611177102093913,-1.0,-1.0,0.27696231702976926,0.0,1.0,0.0,0.0,0.0,1.0,0.0,0.0,0.0,0.0,1.0,0.0,1.0,0.0
-0.2405063291139241,-0.32729663573877876,0.5341799824855007,-0.08686191566028734,-1.0,0.7018673253983134,0.7143234785952439,0.0,0.0,1.0,0.0,0.0,1.0,0.0,1.0,0.0,0.0,0.0,0.0,1.0,0.0
-0.620253164556962,-1.0,-1.0,-1.0,-0.6114869098077889,0.2704262137520521,0.22391214154668493,0.0,1.0,0.0,0.0,0.0,1.0,0.0,0.0,0.0,0.0,1.0,0.0,1.0,0.0
-0.21518987341772156,-1.0,-1.0,-1.0,-1.0,-1.0,-1.0,0.0,0.0,1.0,0.0,0.0,0.0,1.0,1.0,0.0,0.0,0.0,0.0,0.0,1.0
-0.4177215189873418,-1.0,-1.0,-1.0,-1.0,-1.0,-1.0,0.0,1.0,0.0,0.0,0.0,0.0,1.0,0.0,0.0,1.0,0.0,0.0,1.0,0.0
-0.9493670886075949,-1.0,-1.0,-1.0,-1.0,-1.0,-1.0,0.0,1.0,0.0,0.0,0.0,1.0,0.0,0.0,0.0,1.0,0.0,0.0,1.0,0.0
-0.11392405063291144,0.5431581770492566,-1.0,-1.0,-1.0,-1.0,0.4076887056483811,0.0,1.0,0.0,0.0,0.0,1.0,0.0,0.0,0.0,0.0,1.0,0.0,1.0,0.0
-0.44303797468354433,-0.37393074834497464,-0.5498391013710785,-1.0,-1.0,0.26614266025771416,0.22668626655189472,0.0,1.0,0.0,0.0,0.0,1.0,0.0,0.0,0.0,0.0,1.0,0.0,1.0,0.0
0.012658227848101333,0.8216773330258946,0.7462431112215984,0.3429624625305754,0.8930886132130182,0.04300735844975545,0.9510808486164553,0.0,0.0,1.0,0.0,0.0,1.0,0.0,1.0,0.0,0.0,0.0,0.0,1.0,0.0
0.012658227848101333,-1.0,-1.0,0.17133043053262886,0.11996600796361334,-1.0,0.2303234008026842,0.0,1.0,0.0,0.0,0.0,1.0,0.0,0.0,0.0,0.0,1.0,0.0,1.0,0.0
-0.5949367088607596,0.543547231552691,-0.6853510347334366,-1.0,0.04227657915691263,-1.0,0.429061028499063,0.0,1.0,0.0,0.0,0.0,1.0,0.0,1.0,0.0,0.0,0.0,0.0,1.0,0.0
-0.03797468354430378,-1.0,-1.0,-1.0,-1.0,-1.0,-1.0,0.0,1.0,0.0,0.0,0.0,0.0,1.0,0.0,0.0,0.0,1.0,0.0,1.0,0.0
-0.6708860759493671,-1.0,0.4300125915373696,-0.3684600007794333,-0.6422640538624581,0.010737478437502501,0.4172718164439144,0.0,1.0,0.0,0.0,0.0,1.0,0.0,1.0,0.0,0.0,0.0,0.0,1.0,0.0
-0.6455696202531646,0.0457599788677312,-1.0,-0.2934844304584865,0.33685798896468433,-1.0,0.3151755685370752,0.0,1.0,0.0,0.0,0.0,1.0,0.0,0.0,0.0,0.0,1.0,0.0,1.0,0.0
0.3924050632911391,-1.0,-1.0,-1.0,-1.0,-1.0,-1.0,0.0,0.0,0.0,1.0,0.0,0.0,1.0,0.0,0.0,0.0,1.0,0.0,1.0,0.0
0.49367088607594933,0.03717026089947861,-1.0,0.3535243577299625,-1.0,-1.0,0.3262004918050192,0.0,0.0,0.0,1.0,0.0,1.0,0.0,0.0,0.0,0.0,1.0,0.0,1.0,0.0
-0.49367088607594933,0.0022581204875098404,0.12893865283441253,-1.0,0.36533022239361834,0.024733104171895226,0.4003252826355326,0.0,1.0,0.0,0.0,0.0,1.0,0.0,0.0,0.0,1.0,0.0,0.0,1.0,0.0
0.2911392405063291,0.40215772434432884,-0.6853510347334366,-0.09928590477658816,-0.2685470822285979,-1.0,0.3079215265014559,0.0,0.0,0.0,1.0,0.0,1.0,0.0,0.0,0.0,0.0,1.0,0.0,1.0,0.0
-0.620253164556962,-1.0,-1.0,-1.0,-1.0,-1.0,-1.0,0.0,1.0,0.0,0.0,0.0,0.0,1.0,0.0,0.0,0.0,1.0,0.0,1.0,0.0
-0.36708860759493667,-0.8551412152377926,0.6355999541429402,-1.0,-1.0,-0.7822671181404642,0.5950590984306319,0.0,0.0,1.0,0.0,0.0,1.0,0.0,0.0,0.0,0.0,1.0,0.0,0.0,1.0
-0.21518987341772156,0.6413828492052678,-0.8644880666376419,-0.7816847539510678,-1.0,-1.0,0.49751240318010015,0.0,0.0,0.0,1.0,0.0,1.0,0.0,0.0,0.0,0.0,1.0,0.0,1.0,0.0
-0.16455696202531644,-1.0,-1.0,-1.0,-1.0,-1.0,-1.0,0.0,1.0,0.0,0.0,0.0,0.0,1.0,0.0,0.0,1.0,0.0,0.0,1.0,0.0
-0.2911392405063291,-0.6255454734896567,-1.0,-1.0,0.3821490020406282,-1.0,0.32067428832202904,0.0,1.0,0.0,0.0,0.0,1.0,0.0,0.0,0.0,0.0,1.0,0.0,1.0,0.0
-0.06329113924050633,-1.0,0.23712679183835395,0.17350819589774868,-1.0,-0.1788762303003234,0.3145975771764009,0.0,1.0,0.0,0.0,0.0,1.0,0.0,0.0,0.0,0.0,1.0,0.0,1.0,0.0
0.06329113924050622,0.48976334151622214,-0.2994134677161602,-0.43698639210870016,-1.0,-1.0,0.36662288243288343,0.0,0.0,0.0,1.0,0.0,1.0,0.0,0.0,0.0,0.0,1.0,0.0,1.0,0.0
-0.44303797468354433,-1.0,-1.0,-1.0,-0.22297381961557772,0.2848806276769742,0.2494462624740159,0.0,1.0,0.0,0.0,0.0,1.0,0.0,0.0,0.0,1.0,0.0,0.0,1.0,0.0
-0.11392405063291144,-1.0,-1.0,-1.0,-1.0,-1.0,-1.0,0.0,0.0,1.0,0.0,0.0,0.0,1.0,1.0,0.0,0.0,0.0,0.0,1.0,0.0
-0.6455696202531646,-1.0,-1.0,-1.0,-1.0,-1.0,-1.0,0.0,0.0,1.0,0.0,0.0,0.0,1.0,0.0,0.0,0.0,1.0,0.0,1.0,0.0
0.2911392405063291,-1.0,-1.0,-1.0,-1.0,-1.0,-1.0,0.0,0.0,0.0,1.0,0.0,0.0,1.0,0.0,0.0,0.0,1.0,0.0,1.0,0.0
-0.03797468354430378,-0.6636483178693894,0.699959666921081,-1.0,0.6394737467592797,0.048076407402846355,0.7531389677178715,0.0,0.0,1.0,0.0,0.0,1.0,0.0,0.0,0.0,0.0,1.0,0.0,1.0,0.0
-0.3924050632911392,0.4026668282511645,-1.0,-1.0,-0.1546342450073407,-1.0,0.2946830172281585,0.0,1.0,0.0,0.0,0.0,1.0,0.0,0.0,0.0,0.0,1.0,0.0,1.0,0.0
-0.16455696202531644,0.322456843584906,-1.0,-0.009662173769816262,0.27551610476783406,-1.0,0.3667696985133764,0.0,0.0,0.0,1.0,0.0,1.0,0.0,0.0,0.0,0.0,1.0,0.0,1.0,0.0
-0.4683544303797469,0.7348067831424134,-1.0,-0.23071841638888846,-0.11535980865823414,-1.0,0.5885685763761932,0.0,0.0,0.0,1.0,0.0,1.0,0.0,1.0,0.0,0.0,0.0,0.0,1.0,0.0
-0.5949367088607596,-0.012037163643763504,-1.0,-0.27198032423261265,-0.1301559272165851,0.20812543513199033,0.2408361162931747,0.0,1.0,0.0,0.0,0.0,1.0,0.0,0.0,0.0,1.0,0.0,0.0,1.0,0.0
-0.3417721518987342,-1.0,0.3203132824583397,-0.6439431695605231,-0.30190047148617816,-1.0,0.29553790956252945,0.0,1.0,0.0,0.0,0.0,1.0,0.0,0.0,0.0,0.0,1.0,0.0,1.0,0.0
-0.3924050632911392,-0.19986352748682001,-0.03529853174253794,-0.8622584156094552,-1.0,0.2435888729445188,0.25294435458378817,0.0,1.0,0.0,0.0,0.0,1.0,0.0,0.0,0.0,0.0,1.0,0.0,1.0,0.0
0.03797468354430378,-1.0,0.3352410278705491,-1.0,-1.0,-1.0,0.3020364615791773,0.0,1.0,0.0,0.0,0.0,1.0,0.0,0.0,0.0,0.0,1.0,0.0,1.0,0.0
-0.4177215189873418,-0.2239115273106964,-0.45795226655056753,-0.3176011508255203,-1.0,0.27997167058927563,0.2550655522240399,0.0,1.0,0.0,0.0,0.0,1.0,0.0,0.0,0.0,1.0,0.0,0.0,1.0,0.0
0.21518987341772156,-1.0,-1.0,-1.0,-1.0,-1.0,-1.0,0.0,0.0,0.0,1.0,0.0,0.0,1.0,0.0,0.0,0.0,1.0,0.0,1.0,0.0
-0.06329113924050633,0.3160143028548481,0.19042285180383978,-0.8622584156094552,-1.0,-1.0,0.31382418596927875,0.0,1.0,0.0,0.0,0.0,1.0,0.0,0.0,1.0,0.0,0.0,0.0,1.0,0.0
-0.4177215189873418,-1.0,0.23921031842417295,-1.0,-0.2845281077249162,0.03885665155921236,0.2717193681429104,0.0,1.0,0.0,0.0,0.0,1.0,0.0,0.0,0.0,0.0,1.0,0.0,1.0,0.0
-0.31645569620253167,0.022019639760848975,-0.15333126314538903,0.34040730154325405,-1.0,-1.0,0.3274672118880446,0.0,0.0,0.0,1.0,0.0,1.0,0.0,0.0,0.0,0.0,1.0,0.0,1.0,0.0
-0.8734177215189873,-1.0,-1.0,-1.0,-1.0,-1.0,-1.0,0.0,1.0,0.0,0.0,0.0,0.0,1.0,1.0,0.0,0.0,0.0,0.0,1.0,0.0
-0.012658227848101333,-1.0,-1.0,0.30492324000239246,-0.1927796138817054,-0.8626258465039598,0.2665765333601957,0.0,1.0,0.0,0.0,0.0,1.0,0.0,0.0,0.0,0.0,1.0,0.0,1.0,0.0
0.139240506329114,-0.12127369161112489,0.699959666921081,-1.0,-1.0,0.2762084750596274,0.6785482642161724,0.0,0.0,1.0,0.0,0.0,1.0,0.0,1.0,0.0,0.0,0.0,0.0,1.0,0.0
-0.16455696202531644,0.5100320607573592,-1.0,-0.3684600007794333,0.36274563959510586,-0.6143419940193948,0.4775823940761381,0.0,0.0,0.0,1.0,0.0,1.0,0.0,0.0,1.0,0.0,0.0,0.0,1.0,0.0
0.3417721518987342,-1.0,-1.0,0.306593158238867,-1.0,-1.0,0.2534768707710904,0.0,1.0,0.0,0.0,0.0,1.0,0.0,0.0,0.0,0.0,1.0,0.0,1.0,0.0
-0.9493670886075949,-1.0,-1.0,-1.0,-1.0,-1.0,-1.0,0.0,1.0,0.0,0.0,0.0,0.0,1.0,1.0,0.0,0.0,0.0,0.0,1.0,0.0
-0.189873417721519,-1.0,-1.0,-1.0,-1.0,-1.0,-1.0,0.0,0.0,1.0,0.0,0.0,1.0,0.0,0.0,0.0,0.0,1.0,0.0,1.0,0.0
0.1898734177215189,-1.0,-1.0,-1.0,-1.0,-1.0,-1.0,0.0,1.0,0.0,0.0,0.0,0.0,1.0,0.0,0.0,0.0,1.0,0.0,1.0,0.0
-0.3924050632911392,0.2915434519045743,0.3441243340398985,0.16408320856276304,-0.40188337906966964,-1.0,0.4308520841755783,0.0,1.0,0.0,0.0,0.0,1.0,0.0,0.0,0.0,0.0,1.0,0.0,1.0,0.0
-0.44303797468354433,-1.0,-1.0,-0.3857508233676067,-1.0,-1.0,-0.41072159229986427,0.0,1.0,0.0,0.0,0.0,1.0,0.0,1.0,0.0,0.0,0.0,0.0,1.0,0.0
-0.11392405063291144,0.44131980591511577,-1.0,0.3359149473369185,-0.7806552088744709,-1.0,0.4311664134654165,0.0,0.0,0.0,1.0,0.0,1.0,0.0,0.0,0.0,0.0,1.0,0.0,1.0,0.0
0.03797468354430378,-1.0,-1.0,-1.0,-1.0,-1.0,-1.0,0.0,1.0,0.0,0.0,0.0,0.0,1.0,0.0,0.0,0.0,1.0,0.0,1.0,0.0
-0.49367088607594933,-0.12441641324590191,0.3311834868271173,-1.0,-1.0,-1.0,0.3112887739450776,0.0,1.0,0.0,0.0,0.0,1.0,0.0,0.0,0.0,0.0,1.0,0.0,1.0,0.0
-0.620253164556962,-1.0,-1.0,-1.0,-1.0,-1.0,-1.0,0.0,1.0,0.0,0.0,0.0,0.0,1.0,0.0,0.0,1.0,0.0,0.0,1.0,0.0
0.012658227848101333,-1.0,0.06230566134653848,-0.6439431695605231,0.22195552774438876,-0.8626258465039598,0.24588278169232924,0.0,1.0,0.0,0.0,0.0,1.0,0.0,0.0,0.0,1.0,0.0,1.0,0.0,0.0
0.08860759493670889,-1.0,-1.0,-1.0,-1.0,-1.0,-1.0,0.0,0.0,0.0,1.0,0.0,0.0,1.0,0.0,0.0,0.0,1.0,0.0,1.0,0.0
-0.5949367088607596,-1.0,-1.0,0.3163282852083462,-1.0,0.0828714162175277,0.3145975771764009,0.0,1.0,0.0,0.0,0.0,1.0,0.0,0.0,0.0,0.0,1.0,0.0,1.0,0.0
0.012658227848101333,0.33015048724153484,-1.0,0.21313902125407802,-0.6114869098077889,-1.0,0.32327313031587135,0.0,1.0,0.0,0.0,0.0,1.0,0.0,0.0,0.0,0.0,1.0,0.0,1.0,0.0
-0.3924050632911392,-1.0,-1.0,-1.0,-1.0,-1.0,-1.0,0.0,1.0,0.0,0.0,0.0,0.0,1.0,1.0,0.0,0.0,0.0,0.0,1.0,0.0
-0.08860759493670889,-1.0,-0.15333126314538903,-0.07141965617655444,-1.0,0.49666636772805006,0.45697592983158075,0.0,1.0,0.0,0.0,0.0,1.0,0.0,0.0,0.0,0.0,1.0,0.0,1.0,0.0
-0.36708860759493667,0.33407022286923027,0.2016220856809905,-1.0,-1.0,-1.0,0.32764748676776456,0.0,0.0,0.0,1.0,1.0,0.0,0.0,0.0,0.0,0.0,1.0,0.0,1.0,0.0
0.4430379746835442,0.5541567072569453,-1.0,0.37408910475245194,-1.0,-0.33959368702731463,0.5083598349267144,0.0,0.0,0.0,1.0,0.0,1.0,0.0,0.0,0.0,0.0,1.0,0.0,1.0,0.0
-0.5443037974683544,0.39436848548115155,-1.0,-0.7816847539510678,-1.0,-0.4062787864940952,0.27696231702976926,0.0,1.0,0.0,0.0,0.0,1.0,0.0,0.0,0.0,0.0,1.0,0.0,1.0,0.0
-0.26582278481012656,-1.0,0.5619781967951458,-1.0,-0.7806552088744709,0.2851834375296096,0.5614146600625578,1.0,0.0,0.0,0.0,0.0,1.0,0.0,1.0,0.0,0.0,0.0,0.0,0.0,1.0
-0.5189873417721519,-1.0,0.2003621303367622,0.11251337716804599,-1.0,-0.6810270934861755,0.25872178674943225,0.0,1.0,0.0,0.0,0.0,1.0,0.0,0.0,0.0,1.0,0.0,0.0,1.0,0.0
-0.1392405063291139,0.005684214437439383,-1.0,-0.6133104850891911,0.3190588891809385,-1.0,0.2899113292594777,0.0,1.0,0.0,0.0,0.0,1.0,0.0,0.0,0.0,1.0,0.0,0.0,1.0,0.0
0.4430379746835442,0.6474594118724779,0.5624415512560594,-1.0,0.11552902018687372,0.42119128834134933,0.6925495631320457,0.0,0.0,1.0,0.0,0.0,1.0,0.0,1.0,0.0,0.0,0.0,0.0,1.0,0.0
0.139240506329114,-0.8551412152377926,-0.5934641999129258,-0.19656848787316095,0.2817920034815897,-1.0,0.24281461395860493,0.0,1.0,0.0,0.0,0.0,1.0,0.0,0.0,0.0,1.0,0.0,0.0,1.0,0.0
-0.8987341772151899,-1.0,-1.0,-1.0,-1.0,-1.0,-1.0,0.0,1.0,0.0,0.0,0.0,0.0,1.0,1.0,0.0,0.0,0.0,0.0,1.0,0.0
-0.9493670886075949,-1.0,-1.0,-1.0,-1.0,-1.0,-1.0,0.0,0.0,1.0,0.0,0.0,0.0,1.0,0.0,0.0,0.0,1.0,0.0,1.0,0.0
-0.6455696202531646,-0.5408085165037282,-1.0,-1.0,-1.0,0.025855991084982932,-0.0047878621375624375,0.0,1.0,0.0,0.0,0.0,1.0,0.0,1.0,0.0,0.0,0.0,0.0,1.0,0.0
-0.3417721518987342,-1.0,0.22783242331143305,0.5220236464768842,-0.5212452626117072,0.23363907275446683,0.5366667638831213,0.0,0.0,1.0,0.0,0.0,1.0,0.0,0.0,0.0,0.0,1.0,0.0,1.0,0.0
-0.6455696202531646,-1.0,-1.0,-1.0,-1.0,-1.0,-1.0,0.0,1.0,0.0,0.0,0.0,0.0,1.0,0.0,0.0,1.0,0.0,0.0,1.0,0.0
-0.5696202531645569,-1.0,-1.0,-1.0,-1.0,-1.0,-1.0,0.0,1.0,0.0,0.0,0.0,0.0,1.0,0.0,0.0,0.0,1.0,0.0,1.0,0.0
-0.2405063291139241,-1.0,-1.0,-1.0,-1.0,-1.0,-1.0,0.0,0.0,1.0,0.0,0.0,0.0,1.0,0.0,0.0,0.0,1.0,0.0,1.0,0.0
-0.012658227848101333,0.2138265673166726,-1.0,0.3098914762935927,-0.7806552088744709,-0.11490609123496331,0.3433775660388374,0.0,0.0,0.0,1.0,0.0,1.0,0.0,0.0,0.0,0.0,1.0,0.0,1.0,0.0
-0.2911392405063291,0.43180892978048435,-1.0,-1.0,-1.0,-0.1416962467360685,0.32067428832202904,0.0,1.0,0.0,0.0,0.0,1.0,0.0,0.0,0.0,0.0,1.0,1.0,0.0,0.0
-0.08860759493670889,-1.0,-1.0,-1.0,-1.0,-1.0,-1.0,0.0,0.0,0.0,1.0,1.0,0.0,0.0,0.0,0.0,0.0,1.0,0.0,1.0,0.0
0.620253164556962,-1.0,0.45854371701666174,-0.5062015851699782,0.197229035610879,0.31281692964033847,0.5200077025991598,0.0,0.0,1.0,0.0,0.0,1.0,0.0,0.0,0.0,0.0,1.0,0.0,1.0,0.0
0.36708860759493667,-1.0,-1.0,-1.0,-1.0,-1.0,-1.0,0.0,0.0,0.0,1.0,0.0,0.0,1.0,0.0,0.0,0.0,1.0,0.0,1.0,0.0
-0.36708860759493667,0.3837880367014095,-1.0,-0.065924768736902,0.18012739220707963,-1.0,0.35605418521820686,0.0,0.0,0.0,1.0,0.0,1.0,0.0,0.0,0.0,0.0,1.0,0.0,1.0,0.0
-0.9493670886075949,-1.0,-1.0,-1.0,-1.0,-1.0,-1.0,0.0,1.0,0.0,0.0,0.0,0.0,1.0,0.0,0.0,0.0,1.0,0.0,1.0,0.0
-0.4683544303797469,-1.0,-1.0,-1.0,-0.8616088449879872,0.26614266025771416,0.21823976924603183,0.0,1.0,0.0,0.0,0.0,1.0,0.0,1.0,0.0,0.0,0.0,0.0,1.0,0.0
-0.9240506329113924,-1.0,-1.0,-1.0,-1.0,-1.0,-1.0,0.0,0.0,0.0,1.0,0.0,0.0,1.0,0.0,0.0,0.0,1.0,0.0,1.0,0.0
-0.26582278481012656,-1.0,-1.0,-1.0,-1.0,-1.0,-1.0,0.0,0.0,0.0,1.0,0.0,0.0,1.0,0.0,0.0,0.0,1.0,0.0,1.0,0.0
0.9493670886075949,-1.0,-1.0,-0.029693992928129798,0.6550582271258445,-0.07022640767860178,0.5914354074088559,0.0,1.0,0.0,0.0,0.0,1.0,0.0,0.0,0.0,0.0,1.0,0.0,1.0,0.0
-0.21518987341772156,-1.0,0.2931946921012907,-1.0,0.7586159581151766,0.521851589514021,0.7479838192396786,0.0,0.0,1.0,0.0,0.0,1.0,0.0,0.0,0.0,0.0,1.0,0.0,1.0,0.0
-0.4177215189873418,-1.0,0.39705707266252266,-1.0,-0.04414743293212775,-0.7822671181404642,0.37967778951508313,0.0,1.0,0.0,0.0,0.0,1.0,0.0,0.0,0.0,0.0,1.0,0.0,1.0,0.0
-0.03797468354430378,-1.0,0.6447505323748506,-1.0,-0.47309575479577604,0.13239904810017777,0.6167337792958039,0.0,0.0,1.0,0.0,0.0,1.0,0.0,0.0,0.0,0.0,1.0,0.0,1.0,0.0
-0.012658227848101333,-1.0,-1.0,-1.0,-1.0,-1.0,-1.0,0.0,0.0,1.0,0.0,0.0,0.0,1.0,1.0,0.0,0.0,0.0,0.0,1.0,0.0
-0.08860759493670889,0.6542052668279599,-1.0,-1.0,-1.0,-1.0,0.5089872869613534,0.0,0.0,0.0,1.0,0.0,1.0,0.0,0.0,0.0,0.0,1.0,0.0,1.0,0.0
-0.49367088607594933,-1.0,-1.0,-1.0,-1.0,-1.0,-1.0,0.0,0.0,1.0,0.0,0.0,0.0,1.0,0.0,0.0,0.0,1.0,0.0,1.0,0.0
-0.49367088607594933,0.643240524107209,0.3358740636991202,-1.0,0.3506821984641655,-0.7822671181404642,0.5990930441868263,0.0,1.0,0.0,0.0,0.0,1.0,0.0,1.0,0.0,0.0,0.0,0.0,1.0,0.0
-0.5443037974683544,-1.0,-1.0,-1.0,-1.0,-1.0,-1.0,0.0,1.0,0.0,0.0,0.0,0.0,1.0,0.0,0.0,0.0,1.0,0.0,1.0,0.0
-0.3417721518987342,-0.21395788183585684,-0.18091246688166807,0.35088060564462276,0.20018695983088586,-1.0,0.38240127399201707,0.0,1.0,0.0,0.0,0.0,1.0,0.0,0.0,0.0,0.0,1.0,0.0,1.0,0.0
-0.5949367088607596,-1.0,-0.7289761332752838,-1.0,-1.0,0.387930610207464,0.33558832020034934,0.0,1.0,0.0,0.0,0.0,1.0,0.0,0.0,0.0,0.0,1.0,0.0,1.0,0.0
-0.49367088607594933,-1.0,-0.22379842505634373,-1.0,-0.0597129406238629,0.27269495981878245,0.26879761484571585,0.0,1.0,0.0,0.0,0.0,1.0,0.0,0.0,0.0,0.0,1.0,0.0,1.0,0.0
-0.06329113924050633,-1.0,-1.0,-1.0,-1.0,-1.0,-1.0,0.0,1.0,0.0,0.0,0.0,0.0,1.0,0.0,0.0,0.0,1.0,0.0,1.0,0.0
0.139240506329114,0.5643708119985058,-1.0,-0.42562792351159096,-1.0,-0.37014465765234383,0.43127107483016314,0.0,0.0,0.0,1.0,0.0,1.0,0.0,0.0,0.0,0.0,1.0,0.0,1.0,0.0
-0.189873417721519,-1.0,-1.0,-1.0,-1.0,-1.0,-1.0,0.0,0.0,0.0,1.0,0.0,0.0,1.0,0.0,0.0,0.0,1.0,0.0,1.0,0.0
-0.6455696202531646,-1.0,-1.0,-1.0,-1.0,-1.0,-1.0,0.0,1.0,0.0,0.0,0.0,0.0,1.0,0.0,0.0,0.0,1.0,0.0,1.0,0.0
-0.08860759493670889,-0.7704042582518641,0.4014745332384311,-1.0,-0.6786656890936953,-1.0,0.36750208770111237,0.0,0.0,1.0,0.0,0.0,1.0,0.0,0.0,0.0,0.0,1.0,0.0,1.0,0.0
-0.44303797468354433,-0.004767315848004383,-1.0,0.32510432095073205,-0.6114869098077889,-1.0,0.29871004050405636,0.0,1.0,0.0,0.0,0.0,1.0,0.0,0.0,0.0,0.0,1.0,0.0,1.0,0.0
-0.3417721518987342,-1.0,-1.0,-1.0,-1.0,-1.0,-1.0,0.0,0.0,1.0,0.0,0.0,0.0,1.0,1.0,0.0,0.0,0.0,0.0,1.0,0.0
-0.2911392405063291,0.5883856657833662,-1.0,-0.4755689006986463,-0.10607179757566865,-1.0,0.45825173258313723,0.0,0.0,0.0,1.0,0.0,1.0,0.0,0.0,0.0,0.0,1.0,1.0,0.0,0.0
-0.6708860759493671,-1.0,-1.0,-1.0,-1.0,-1.0,-1.0,0.0,0.0,1.0,0.0,0.0,0.0,1.0,0.0,0.0,0.0,1.0,0.0,1.0,0.0
-0.4177215189873418,-1.0,-1.0,-1.0,-1.0,0.2966460407732592,0.24726124518980264,0.0,1.0,0.0,0.0,0.0,1.0,0.0,0.0,0.0,0.0,1.0,0.0,1.0,0.0
-0.31645569620253167,-0.4639587993442762,-1.0,-1.0,0.3522877138719085,-1.0,0.29382427401442257,0.0,1.0,0.0,0.0,0.0,1.0,0.0,0.0,0.0,0.0,1.0,0.0,1.0,0.0
0.1898734177215189,-1.0,-1.0,-1.0,-1.0,-1.0,-1.0,0.0,1.0,0.0,0.0,0.0,0.0,1.0,0.0,0.0,1.0,0.0,0.0,1.0,0.0
-0.2911392405063291,0.6869106911737755,-1.0,-1.0,-1.0,-0.6448929646444241,0.539118960050843,0.0,1.0,0.0,0.0,0.0,1.0,0.0,0.0,0.0,0.0,1.0,0.0,1.0,0.0
-0.3924050632911392,-1.0,-0.3164244002440262,-0.5633695079021357,-1.0,-1.0,-0.29204212903330695,0.0,1.0,0.0,0.0,0.0,1.0,0.0,0.0,0.0,0.0,1.0,0.0,1.0,0.0
0.3924050632911391,-1.0,-1.0,-1.0,-1.0,-1.0,-1.0,0.0,1.0,0.0,0.0,0.0,0.0,1.0,0.0,0.0,0.0,1.0,0.0,1.0,0.0
-0.49367088607594933,-1.0,-1.0,-1.0,-1.0,-1.0,-1.0,1.0,0.0,0.0,0.0,0.0,0.0,1.0,0.0,0.0,0.0,1.0,0.0,1.0,0.0
-0.44303797468354433,-1.0,-1.0,-1.0,-1.0,-1.0,-1.0,0.0,1.0,0.0,0.0,0.0,0.0,1.0,1.0,0.0,0.0,0.0,0.0,1.0,0.0
-0.9493670886075949,-1.0,-1.0,-1.0,-1.0,-1.0,-1.0,0.0,1.0,0.0,0.0,0.0,0.0,1.0,0.0,0.0,1.0,0.0,0.0,1.0,0.0
-0.4177215189873418,-0.38465038264461693,0.5369864666007891,-1.0,-1.0,-0.04627794669504215,0.5087783656570495,0.0,1.0,0.0,0.0,0.0,1.0,0.0,0.0,0.0,0.0,1.0,0.0,1.0,0.0
0.5189873417721518,-1.0,-1.0,-1.0,-1.0,-1.0,-1.0,0.0,0.0,0.0,1.0,0.0,0.0,1.0,0.0,0.0,0.0,1.0,0.0,1.0,0.0
-0.44303797468354433,-0.7102824304755853,0.04997259311226654,-1.0,-1.0,0.26514086026453487,0.2764915990842052,0.0,1.0,0.0,0.0,0.0,1.0,0.0,0.0,0.0,0.0,1.0,0.0,1.0,0.0
-0.5443037974683544,-1.0,-1.0,-1.0,-1.0,-1.0,-1.0,0.0,1.0,0.0,0.0,0.0,0.0,1.0,0.0,0.0,0.0,1.0,0.0,1.0,0.0
-0.3924050632911392,0.16371189348347936,-1.0,0.3235835040836126,-1.0,-1.0,0.3247424298517094,0.0,0.0,0.0,1.0,0.0,1.0,0.0,0.0,0.0,0.0,1.0,0.0,1.0,0.0
-0.5443037974683544,-0.2891937913590461,-1.0,0.5395954765604691,-1.0,-0.8626258465039598,0.4794606424818886,0.0,0.0,0.0,1.0,0.0,1.0,0.0,0.0,0.0,0.0,1.0,0.0,1.0,0.0
-0.5696202531645569,-1.0,-1.0,-1.0,-1.0,-1.0,-1.0,0.0,1.0,0.0,0.0,0.0,0.0,1.0,0.0,0.0,1.0,0.0,0.0,1.0,0.0
0.21518987341772156,0.029732214261315892,-1.0,0.346847836115151,-1.0,-1.0,0.3197374772423094,0.0,0.0,0.0,1.0,0.0,1.0,0.0,0.0,0.0,0.0,1.0,0.0,1.0,0.0
-0.2911392405063291,-0.0595980496109102,0.6582474830951803,-1.0,-0.7806552088744709,0.46206682714771596,0.6742094180597171,0.0,0.0,1.0,0.0,0.0,1.0,0.0,1.0,0.0,0.0,0.0,0.0,1.0,0.0
-0.44303797468354433,-1.0,-0.6497067338580801,-1.0,-0.487891873354127,0.7278136384081033,0.6625366639689396,0.0,0.0,1.0,0.0,0.0,1.0,0.0,0.0,0.0,0.0,1.0,0.0,1.0,0.0
-0.1392405063291139,-1.0,-1.0,-1.0,-1.0,-1.0,-1.0,0.0,0.0,1.0,0.0,0.0,0.0,1.0,0.0,0.0,0.0,1.0,0.0,1.0,0.0
0.26582278481012667,0.5417254150931632,-1.0,0.0035028445484770465,-0.3419656266234128,-1.0,0.4268250608996804,0.0,0.0,0.0,1.0,0.0,1.0,0.0,0.0,0.0,0.0,1.0,0.0,1.0,0.0
0.1898734177215189,-1.0,-0.03250559289660093,-1.0,-0.1106617981837873,0.6423473827314372,0.5903029300908726,0.0,0.0,1.0,0.0,0.0,1.0,0.0,1.0,0.0,0.0,0.0,0.0,1.0,0.0
0.08860759493670889,-1.0,0.48084431899634783,-1.0,-1.0,0.46852942219813265,0.5610442269973088,0.0,0.0,1.0,0.0,0.0,1.0,0.0,0.0,0.0,0.0,1.0,0.0,1.0,0.0
-0.08860759493670889,-0.8551412152377926,0.6741108773025406,0.1606470578068726,0.12358963252867672,0.872493292823711,0.8735360572625137,0.0,0.0,1.0,0.0,0.0,1.0,0.0,0.0,0.0,0.0,1.0,0.0,1.0,0.0
-0.012658227848101333,-0.7704042582518641,-1.0,-1.0,-0.7806552088744709,0.3218212235928526,0.2724428630192193,0.0,1.0,0.0,0.0,0.0,1.0,0.0,0.0,0.0,0.0,1.0,0.0,1.0,0.0
-0.31645569620253167,-1.0,-1.0,-1.0,-1.0,-1.0,-1.0,0.0,1.0,0.0,0.0,0.0,0.0,1.0,0.0,0.0,0.0,1.0,0.0,1.0,0.0
-0.26582278481012656,-1.0,-1.0,-1.0,-1.0,-1.0,-1.0,0.0,0.0,1.0,0.0,0.0,0.0,1.0,1.0,0.0,0.0,0.0,0.0,1.0,0.0
-0.3417721518987342,-1.0,-0.5498391013710785,-1.0,-1.0,0.43244327520142734,0.3791283923881734,0.0,1.0,0.0,0.0,0.0,1.0,0.0,0.0,0.0,1.0,0.0,0.0,1.0,0.0
0.21518987341772156,0.3930415791162347,-0.12466993293651352,-1.0,-1.0,-0.8626258465039598,0.2910063389965696,0.0,1.0,0.0,0.0,0.0,1.0,0.0,0.0,0.0,0.0,1.0,0.0,1.0,0.0
-0.2911392405063291,-1.0,-1.0,-1.0,-1.0,-1.0,-1.0,0.0,0.0,0.0,1.0,0.0,0.0,1.0,0.0,0.0,0.0,1.0,1.0,0.0,0.0
-0.11392405063291144,-1.0,-1.0,-1.0,-1.0,-1.0,-1.0,0.0,1.0,0.0,0.0,1.0,0.0,0.0,0.0,0.0,0.0,1.0,0.0,1.0,0.0
-0.21518987341772156,0.5882810938270158,-1.0,-1.0,-1.0,-1.0,0.4488504097812791,0.0,0.0,0.0,1.0,0.0,1.0,0.0,1.0,0.0,0.0,0.0,0.0,1.0,0.0
-0.5189873417721519,0.418571701463591,-1.0,-1.0,0.47151248656979927,-0.4916552261572421,0.49051079399919906,0.0,1.0,0.0,0.0,0.0,1.0,0.0,0.0,0.0,0.0,1.0,0.0,1.0,0.0
-0.5696202531645569,-1.0,0.3854742335705712,-0.31129207804727577,-1.0,-1.0,0.35589887712725665,0.0,1.0,0.0,0.0,0.0,1.0,0.0,0.0,0.0,0.0,1.0,0.0,1.0,0.0
-0.8227848101265822,-1.0,-1.0,-1.0,-1.0,-1.0,-1.0,1.0,0.0,0.0,0.0,0.0,0.0,1.0,0.0,0.0,0.0,1.0,0.0,1.0,0.0
-0.5949367088607596,-1.0,-1.0,-1.0,-1.0,-1.0,-1.0,0.0,0.0,1.0,0.0,0.0,0.0,1.0,0.0,0.0,0.0,1.0,0.0,1.0,0.0
0.3924050632911391,0.49554824764881267,-1.0,-0.5867752468283656,-0.8616088449879872,-1.0,0.3654442655653667,0.0,0.0,0.0,1.0,0.0,1.0,0.0,0.0,0.0,0.0,1.0,0.0,1.0,0.0
-0.08860759493670889,0.4099127715713735,-1.0,0.2162199992599687,-1.0,-1.0,0.3676482285063507,0.0,0.0,0.0,1.0,0.0,1.0,0.0,0.0,0.0,0.0,1.0,0.0,1.0,0.0
0.5443037974683544,0.6225485601705727,0.13667643941399787,-0.5424323609787505,0.14980063461237925,-0.7822671181404642,0.5272901144135977,0.0,0.0,0.0,1.0,0.0,1.0,0.0,0.0,0.0,0.0,1.0,0.0,0.0,1.0
0.5189873417721518,-1.0,-0.3224403331882094,-0.6133104850891911,0.08046886525227537,0.16490263560342533,0.224841342433032,0.0,1.0,0.0,0.0,0.0,1.0,0.0,0.0,0.0,1.0,0.0,0.0,1.0,0.0
-0.2911392405063291,-1.0,-1.0,-1.0,-1.0,-1.0,-1.0,0.0,0.0,0.0,1.0,0.0,1.0,0.0,0.0,0.0,0.0,1.0,0.0,1.0,0.0
0.6962025316455696,0.0386266225451013,-0.1722220408707419,0.23376542675257306,0.040106381343727016,-0.5436529399901353,0.2966011620180071,1.0,0.0,0.0,0.0,0.0,1.0,0.0,0.0,0.0,0.0,1.0,0.0,1.0,0.0
-0.16455696202531644,0.2739483950929513,0.12649484108557618,-1.0,-0.0009309302268775133,0.4150022136858591,0.4645057362120597,0.0,0.0,1.0,0.0,0.0,1.0,0.0,0.0,0.0,0.0,1.0,0.0,1.0,0.0
-0.5189873417721519,-1.0,-0.37070206946687334,0.27642186032429183,-0.5402745340816825,-1.0,0.2344808387613615,0.0,1.0,0.0,0.0,0.0,1.0,0.0,0.0,1.0,0.0,0.0,0.0,1.0,0.0
-0.7974683544303798,-1.0,-1.0,-1.0,-1.0,-1.0,-1.0,0.0,0.0,0.0,1.0,0.0,0.0,1.0,0.0,0.0,0.0,1.0,0.0,1.0,0.0
-0.6708860759493671,-1.0,-1.0,-1.0,-1.0,-1.0,-1.0,0.0,0.0,1.0,0.0,0.0,0.0,1.0,0.0,0.0,0.0,1.0,0.0,1.0,0.0
-0.1392405063291139,-1.0,0.6029074041897016,-1.0,-0.14892939309994802,-0.33959368702731463,0.5680643821243818,0.0,0.0,1.0,0.0,0.0,1.0,0.0,0.0,0.0,0.0,1.0,0.0,1.0,0.0
-0.7721518987341772,-1.0,-1.0,-1.0,-1.0,-1.0,-1.0,0.0,1.0,0.0,0.0,0.0,1.0,0.0,0.0,0.0,0.0,1.0,0.0,1.0,0.0
-1.0,-1.0,-1.0,-1.0,-1.0,-1.0,-1.0,0.0,1.0,0.0,0.0,0.0,0.0,1.0,1.0,0.0,0.0,0.0,0.0,1.0,0.0
-0.012658227848101333,-1.0,-1.0,-1.0,-1.0,-1.0,-1.0,0.0,0.0,1.0,0.0,0.0,0.0,1.0,1.0,0.0,0.0,0.0,0.0,1.0,0.0
-0.5949367088607596,0.48672470405337553,-1.0,0.21446529381268298,0.21841386089865167,-1.0,0.46059866442444464,0.0,0.0,0.0,1.0,0.0,1.0,0.0,1.0,0.0,0.0,0.0,0.0,1.0,0.0
-0.6455696202531646,-1.0,0.0005800440491012804,0.2725125060357547,-0.8616088449879872,-1.0,0.26731977278540575,0.0,1.0,0.0,0.0,0.0,1.0,0.0,1.0,0.0,0.0,0.0,0.0,1.0,0.0
-0.1392405063291139,-0.48068668872744935,0.5838973970138168,-1.0,0.38195219942928804,-0.4505033860158394,0.5966917214928804,0.0,0.0,1.0,0.0,0.0,1.0,0.0,0.0,0.0,0.0,1.0,0.0,1.0,0.0
-0.189873417721519,0.18779457132127497,0.32770005579843464,-0.8622584156094552,-0.8616088449879872,0.051056749430151704,0.3789907953622811,0.0,1.0,0.0,0.0,0.0,1.0,0.0,0.0,0.0,0.0,1.0,0.0,1.0,0.0
-0.4683544303797469,-1.0,-0.14087466888175282,0.10193267512435877,-1.0,0.6954438842274879,0.6427925095227245,0.0,1.0,0.0,0.0,0.0,1.0,0.0,0.0,0.0,0.0,1.0,0.0,1.0,0.0
-0.7721518987341772,-1.0,-1.0,-1.0,-1.0,-1.0,-1.0,0.0,1.0,0.0,0.0,0.0,0.0,1.0,1.0,0.0,0.0,0.0,0.0,1.0,0.0
-0.5189873417721519,-1.0,0.1233964815582258,-0.7816847539510678,-0.1327321724194961,0.1966396600973086,0.2764915990842052,0.0,1.0,0.0,0.0,0.0,1.0,0.0,0.0,0.0,0.0,1.0,0.0,1.0,0.0
-0.49367088607594933,-1.0,-1.0,-1.0,-1.0,-1.0,-1.0,0.0,1.0,0.0,0.0,0.0,0.0,1.0,1.0,0.0,0.0,0.0,0.0,1.0,0.0
-0.189873417721519,-1.0,-0.013998314456249994,-1.0,0.7192857103558903,0.498840309195989,0.702817809019882,0.0,0.0,1.0,0.0,0.0,1.0,0.0,1.0,0.0,0.0,0.0,0.0,1.0,0.0
-0.5189873417721519,-1.0,-1.0,-1.0,-1.0,-1.0,-1.0,0.0,1.0,0.0,0.0,0.0,1.0,0.0,0.0,0.0,0.0,1.0,0.0,1.0,0.0
-0.9240506329113924,-1.0,-1.0,-1.0,-1.0,-1.0,-1.0,0.0,1.0,0.0,0.0,0.0,0.0,1.0,0.0,0.0,1.0,0.0,0.0,1.0,0.0
-0.06329113924050633,0.06707648412250133,0.2519140874099135,-1.0,-1.0,-0.5075188111483839,0.2692876939616151,0.0,1.0,0.0,0.0,0.0,1.0,0.0,1.0,0.0,0.0,0.0,0.0,1.0,0.0
-0.08860759493670889,-1.0,-1.0,-1.0,-1.0,-1.0,-1.0,1.0,0.0,0.0,0.0,0.0,0.0,1.0,0.0,0.0,0.0,1.0,0.0,1.0,0.0
0.2911392405063291,-1.0,-1.0,-0.5234924077581515,0.3980240810059177,-1.0,0.3366225397590199,0.0,1.0,0.0,0.0,0.0,1.0,0.0,0.0,0.0,1.0,0.0,0.0,1.0,0.0
-0.3924050632911392,0.393573353068309,-1.0,-1.0,0.14534241546900972,-1.0,0.3343745965030003,0.0,1.0,0.0,0.0,0.0,1.0,0.0,1.0,0.0,0.0,0.0,0.0,1.0,0.0
-0.3417721518987342,-1.0,-1.0,-0.005620290009196394,0.2605392200286978,-0.10818717627106378,0.2717193681429104,0.0,1.0,0.0,0.0,0.0,1.0,0.0,0.0,0.0,0.0,1.0,0.0,1.0,0.0
-0.36708860759493667,0.44110838753552173,-1.0,0.7359795958108502,-0.010538238087935081,-1.0,0.6971701085170174,0.0,0.0,0.0,1.0,0.0,1.0,0.0,0.0,0.0,0.0,1.0,0.0,1.0,0.0
-0.5443037974683544,-1.0,-1.0,-1.0,-1.0,-1.0,-1.0,0.0,1.0,0.0,0.0,0.0,0.0,1.0,0.0,0.0,0.0,1.0,0.0,1.0,0.0
-0.36708860759493667,-1.0,-1.0,-1.0,-1.0,-1.0,-1.0,0.0,0.0,0.0,1.0,0.0,0.0,1.0,0.0,0.0,0.0,1.0,0.0,1.0,0.0
-0.5696202531645569,-1.0,-1.0,-1.0,-1.0,-1.0,-1.0,0.0,1.0,0.0,0.0,0.0,0.0,1.0,0.0,0.0,1.0,0.0,0.0,1.0,0.0
-0.03797468354430378,-1.0,0.6955252654351967,-1.0,0.1529252090713542,0.8184299869855798,0.8432622055306722,0.0,0.0,1.0,0.0,0.0,1.0,0.0,0.0,0.0,0.0,1.0,0.0,1.0,0.0
-0.3924050632911392,-1.0,-0.3286472797228134,0.33710702710084517,-1.0,-1.0,0.28947155819687853,0.0,1.0,0.0,0.0,0.0,1.0,0.0,1.0,0.0,0.0,0.0,1.0,0.0,0.0
-0.7215189873417722,-1.0,-1.0,-1.0,-1.0,-1.0,-1.0,0.0,1.0,0.0,0.0,0.0,0.0,1.0,0.0,0.0,0.0,1.0,0.0,1.0,0.0
0.36708860759493667,-1.0,-1.0,-1.0,-1.0,-1.0,-1.0,0.0,0.0,0.0,1.0,0.0,0.0,1.0,0.0,0.0,0.0,1.0,0.0,1.0,0.0
-0.21518987341772156,-0.6636483178693894,-0.5498391013710785,0.34525716586646626,-1.0,-1.0,0.2933934474557045,1.0,0.0,0.0,0.0,0.0,1.0,0.0,0.0,0.0,0.0,1.0,0.0,1.0,0.0
0.21518987341772156,0.7218027545340293,0.33375592386567443,-0.008305724129450076,0.49328879144763405,0.34393109760371887,0.7009707219061894,0.0,0.0,1.0,0.0,0.0,1.0,0.0,0.0,0.0,0.0,1.0,0.0,1.0,0.0
-0.4177215189873418,-1.0,0.2346676098002496,-0.24354345327143112,-1.0,0.2872902501861452,0.36065555109144554,0.0,1.0,0.0,0.0,0.0,1.0,0.0,0.0,0.0,1.0,0.0,0.0,1.0,0.0
-0.26582278481012656,-1.0,-1.0,-1.0,-1.0,-1.0,-1.0,0.0,0.0,0.0,1.0,0.0,1.0,0.0,0.0,0.0,0.0,1.0,0.0,0.0,1.0
-0.26582278481012656,-1.0,-1.0,-1.0,-1.0,-1.0,-1.0,0.0,0.0,0.0,1.0,0.0,0.0,1.0,0.0,0.0,0.0,1.0,0.0,1.0,0.0
-0.8987341772151899,-1.0,-1.0,-1.0,-1.0,-1.0,-1.0,0.0,0.0,1.0,0.0,0.0,1.0,0.0,0.0,0.0,0.0,1.0,0.0,1.0,0.0
-0.5189873417721519,-1.0,-1.0,-1.0,-1.0,-1.0,-1.0,0.0,0.0,1.0,0.0,0.0,0.0,1.0,1.0,0.0,0.0,0.0,0.0,1.0,0.0
-0.8987341772151899,-1.0,-1.0,-1.0,-1.0,-1.0,-1.0,0.0,0.0,0.0,1.0,0.0,0.0,1.0,1.0,0.0,0.0,0.0,0.0,1.0,0.0
-0.4683544303797469,0.18348540730730867,-1.0,-0.43698639210870016,-0.05091608903386202,0.024733104171895226,0.21759895966419496,0.0,1.0,0.0,0.0,0.0,1.0,0.0,1.0,0.0,0.0,0.0,0.0,1.0,0.0
-0.44303797468354433,-1.0,-1.0,-1.0,-1.0,-1.0,-1.0,0.0,0.0,0.0,1.0,0.0,1.0,0.0,0.0,0.0,0.0,1.0,0.0,1.0,0.0
-0.16455696202531644,0.3611807494927515,0.030884038542284165,0.25353964957793784,-0.18253858794414057,-0.2640108285545778,0.3960941802327762,0.0,1.0,0.0,0.0,0.0,1.0,0.0,0.0,0.0,0.0,1.0,0.0,1.0,0.0
-0.11392405063291144,-1.0,-1.0,-1.0,-1.0,-1.0,-1.0,0.0,0.0,1.0,0.0,0.0,0.0,1.0,0.0,0.0,0.0,1.0,0.0,1.0,0.0
-0.2405063291139241,-1.0,-1.0,-1.0,-1.0,-1.0,-1.0,0.0,0.0,0.0,1.0,0.0,0.0,1.0,0.0,0.0,0.0,1.0,0.0,1.0,0.0
-0.4683544303797469,-1.0,-1.0,-1.0,-1.0,-1.0,-1.0,0.0,0.0,0.0,1.0,0.0,0.0,1.0,0.0,0.0,0.0,1.0,0.0,1.0,0.0
-0.31645569620253167,-1.0,0.7288068182581393,0.34040730154325405,0.0004045679501512023,0.39964876799824367,0.7376554341675488,0.0,0.0,1.0,0.0,0.0,1.0,0.0,1.0,0.0,0.0,0.0,0.0,1.0,0.0
0.139240506329114,-1.0,-1.0,-1.0,-1.0,-1.0,-1.0,0.0,0.0,1.0,0.0,0.0,0.0,1.0,1.0,0.0,0.0,0.0,0.0,1.0,0.0
-0.03797468354430378,0.08871514521134483,0.3011545232393422,-0.7245168312189103,-0.29594014131866886,-1.0,0.3159435078276387,0.0,1.0,0.0,0.0,0.0,1.0,0.0,0.0,0.0,0.0,1.0,0.0,1.0,0.0
-0.44303797468354433,-1.0,-1.0,-1.0,-1.0,-1.0,-1.0,0.0,1.0,0.0,0.0,0.0,0.0,1.0,0.0,0.0,1.0,0.0,0.0,1.0,0.0
0.1898734177215189,-1.0,-1.0,-1.0,-1.0,-1.0,-1.0,0.0,1.0,0.0,0.0,0.0,0.0,1.0,0.0,0.0,0.0,1.0,0.0,1.0,0.0
0.5443037974683544,-1.0,-1.0,-1.0,-1.0,-1.0,-1.0,0.0,1.0,0.0,0.0,0.0,0.0,1.0,0.0,0.0,0.0,1.0,0.0,1.0,0.0
-0.5443037974683544,-1.0,0.8957298952426986,-0.1474037581603611,-1.0,-0.4505033860158394,0.8496042433379281,0.0,0.0,1.0,0.0,1.0,0.0,0.0,1.0,0.0,0.0,0.0,0.0,1.0,0.0
-0.06329113924050633,-1.0,0.4134507911205376,-0.031205172079330157,0.4586604932338785,-0.1416962467360685,0.5309226681150478,0.0,0.0,1.0,0.0,0.0,1.0,0.0,1.0,0.0,0.0,0.0,0.0,1.0,0.0
-0.21518987341772156,-1.0,0.3893585148687506,-0.5867752468283656,-0.07080780777595519,0.38484377440323825,0.48482890008086654,0.0,0.0,1.0,0.0,0.0,1.0,0.0,0.0,0.0,0.0,1.0,0.0,1.0,0.0
-0.189873417721519,0.6446829251195485,-1.0,-0.7816847539510678,-0.6422640538624581,-1.0,0.500810132995825,0.0,0.0,0.0,1.0,0.0,1.0,0.0,0.0,0.0,0.0,1.0,0.0,1.0,0.0
-0.4177215189873418,-0.3112127747555923,0.09232048994907505,0.19308703882643297,-1.0,-1.0,0.2480835642409187,0.0,1.0,0.0,0.0,0.0,1.0,0.0,0.0,0.0,0.0,1.0,1.0,0.0,0.0
-0.36708860759493667,-1.0,-1.0,-1.0,-1.0,-1.0,-1.0,0.0,1.0,0.0,0.0,0.0,0.0,1.0,0.0,0.0,0.0,1.0,1.0,0.0,0.0
-0.3417721518987342,-0.4340525761212535,-1.0,-1.0,0.3485988101717077,-1.0,0.2907878396361492,0.0,1.0,0.0,0.0,0.0,1.0,0.0,0.0,0.0,0.0,1.0,0.0,1.0,0.0
-0.31645569620253167,-1.0,-1.0,-1.0,-1.0,-1.0,-1.0,0.0,0.0,0.0,1.0,0.0,0.0,1.0,0.0,0.0,0.0,1.0,0.0,1.0,0.0
-0.012658227848101333,-1.0,-1.0,-0.4755689006986463,-1.0,0.3412130342931987,0.29296164507155775,0.0,1.0,0.0,0.0,0.0,1.0,0.0,0.0,0.0,0.0,1.0,0.0,1.0,0.0
-0.08860759493670889,-1.0,-1.0,-1.0,-1.0,-1.0,-1.0,0.0,1.0,0.0,0.0,0.0,0.0,1.0,0.0,0.0,0.0,1.0,0.0,1.0,0.0
0.8987341772151898,-1.0,-1.0,-1.0,-1.0,-1.0,-1.0,0.0,0.0,0.0,1.0,0.0,0.0,1.0,0.0,0.0,0.0,1.0,0.0,1.0,0.0
-0.49367088607594933,-1.0,-1.0,-1.0,-1.0,-1.0,-1.0,0.0,0.0,0.0,1.0,1.0,0.0,0.0,0.0,0.0,0.0,1.0,0.0,1.0,0.0
-0.49367088607594933,-0.8551412152377926,0.2970867063874276,-1.0,-0.3828541075996944,-1.0,0.27026408877763064,0.0,1.0,0.0,0.0,0.0,1.0,0.0,0.0,0.0,0.0,1.0,0.0,1.0,0.0
0.1898734177215189,-1.0,0.15663166806601425,-1.0,0.18651693694269644,-0.27392234429770634,0.2717193681429104,0.0,1.0,0.0,0.0,0.0,1.0,0.0,0.0,1.0,0.0,0.0,0.0,1.0,0.0
-0.21518987341772156,0.4442574232646057,-1.0,-1.0,-1.0,-1.0,0.3174701680069736,0.0,0.0,0.0,1.0,0.0,1.0,0.0,0.0,0.0,0.0,1.0,0.0,1.0,0.0
-0.5443037974683544,0.02044237151630557,-1.0,0.36889092443988813,-0.8616088449879872,-1.0,0.3373089155539122,0.0,0.0,0.0,1.0,0.0,1.0,0.0,0.0,0.0,0.0,1.0,0.0,1.0,0.0
-0.5696202531645569,-1.0,-1.0,-1.0,-1.0,-1.0,-1.0,0.0,0.0,1.0,0.0,0.0,0.0,1.0,0.0,0.0,0.0,1.0,0.0,1.0,0.0
0.139240506329114,-1.0,-1.0,-1.0,-1.0,-1.0,-1.0,0.0,0.0,0.0,1.0,0.0,0.0,1.0,1.0,0.0,0.0,0.0,0.0,1.0,0.0
-0.16455696202531644,0.22837066409780515,-1.0,-1.0,0.09917375609356327,-1.0,0.2201493745726053,0.0,1.0,0.0,0.0,0.0,1.0,0.0,0.0,0.0,0.0,1.0,0.0,1.0,0.0
-1.0,-1.0,-1.0,-1.0,-1.0,-1.0,-1.0,0.0,0.0,0.0,1.0,0.0,1.0,0.0,1.0,0.0,0.0,0.0,0.0,1.0,0.0
-0.3924050632911392,-1.0,-1.0,0.133450524091431,0.3383332880396408,-1.0,0.33748012407112005,0.0,0.0,0.0,1.0,0.0,1.0,0.0,0.0,0.0,0.0,1.0,0.0,1.0,0.0
-0.44303797468354433,-1.0,-1.0,-1.0,-1.0,-1.0,-1.0,0.0,0.0,1.0,0.0,0.0,0.0,1.0,0.0,0.0,0.0,1.0,0.0,1.0,0.0
-0.4177215189873418,-0.6255454734896567,-0.22752239277912478,-1.0,0.3171612596463158,-1.0,0.2717193681429104,0.0,1.0,0.0,0.0,0.0,1.0,0.0,0.0,0.0,0.0,1.0,0.0,1.0,0.0
-0.31645569620253167,-0.07401666632198345,-1.0,0.564255687433469,-0.6422640538624581,-1.0,0.5069580589705946,0.0,0.0,0.0,1.0,0.0,1.0,0.0,0.0,0.0,0.0,1.0,0.0,1.0,0.0
-0.620253164556962,-1.0,-1.0,-1.0,-1.0,-1.0,-1.0,0.0,1.0,0.0,0.0,0.0,0.0,1.0,1.0,0.0,0.0,0.0,0.0,1.0,0.0
-0.49367088607594933,-0.21887545108419082,0.05711502740442631,-1.0,-0.24446295258768158,0.26846068679924384,0.2985001993479246,0.0,1.0,0.0,0.0,0.0,1.0,0.0,0.0,0.0,0.0,1.0,1.0,0.0,0.0
-0.5443037974683544,-1.0,0.6396060142113509,-1.0,0.5403725161293531,-1.0,0.6774871550711938,1.0,0.0,0.0,0.0,1.0,0.0,0.0,1.0,0.0,0.0,0.0,0.0,1.0,0.0
-0.44303797468354433,-0.03549957591880015,-1.0,0.3825876208332377,-1.0,-0.37014465765234383,0.3474810535889217,0.0,0.0,0.0,1.0,0.0,1.0,0.0,0.0,0.0,0.0,1.0,0.0,1.0,0.0
0.139240506329114,0.5413329510333997,-1.0,-1.0,-1.0,-0.4769678405233547,0.4075702585050258,0.0,1.0,0.0,0.0,0.0,1.0,0.0,0.0,0.0,0.0,1.0,0.0,1.0,0.0
-0.4177215189873418,-1.0,-1.0,-1.0,0.3610038075395192,-0.25923495866381896,0.3079215265014559,0.0,1.0,0.0,0.0,0.0,1.0,0.0,0.0,0.0,0.0,1.0,0.0,1.0,0.0
-0.21518987341772156,-1.0,0.25953202755219307,-0.8622584156094552,-1.0,-0.4769678405233547,0.2324134525866859,0.0,1.0,0.0,0.0,0.0,1.0,0.0,0.0,0.0,1.0,0.0,0.0,1.0,0.0
0.240506329113924,-0.07154341792518581,-0.7289761332752838,0.19160956658748818,0.06081469113432347,-0.08929774609319385,0.2717193681429104,0.0,1.0,0.0,0.0,0.0,1.0,0.0,1.0,0.0,0.0,0.0,0.0,1.0,0.0
-0.44303797468354433,-1.0,0.11379541683885996,-0.7245168312189103,0.30129369453438803,0.5817563505894787,0.5764054615604555,0.0,0.0,1.0,0.0,0.0,1.0,0.0,0.0,0.0,0.0,1.0,0.0,1.0,0.0
-0.2911392405063291,0.35295932127916574,-0.8644880666376419,-0.3051771617092195,-0.14613695271290328,-0.019210176622707076,0.29511094259548454,0.0,1.0,0.0,0.0,0.0,1.0,0.0,0.0,0.0,0.0,1.0,0.0,1.0,0.0
-0.6708860759493671,-1.0,-1.0,-1.0,-1.0,-1.0,-1.0,0.0,1.0,0.0,0.0,1.0,0.0,0.0,1.0,0.0,0.0,0.0,0.0,1.0,0.0
0.36708860759493667,0.48484577226788805,-1.0,-0.8622584156094552,-0.6786656890936953,-1.0,0.3552763764236293,0.0,0.0,0.0,1.0,0.0,1.0,0.0,0.0,0.0,0.0,1.0,0.0,1.0,0.0
-0.9240506329113924,-1.0,-1.0,-1.0,-1.0,-1.0,-1.0,0.0,1.0,0.0,0.0,0.0,1.0,0.0,0.0,0.0,0.0,1.0,0.0,1.0,0.0
-0.4683544303797469,-1.0,-0.31058807447301096,-1.0,0.6204932585253002,-0.20221953353127442,0.5522638836550007,0.0,0.0,1.0,0.0,0.0,1.0,0.0,1.0,0.0,0.0,0.0,0.0,1.0,0.0
-0.5189873417721519,-1.0,-1.0,-1.0,-1.0,-1.0,-1.0,0.0,0.0,0.0,1.0,0.0,0.0,1.0,0.0,0.0,0.0,1.0,0.0,1.0,0.0
-0.9493670886075949,-1.0,-1.0,-1.0,-1.0,-1.0,-1.0,0.0,1.0,0.0,0.0,0.0,1.0,0.0,0.0,0.0,1.0,0.0,0.0,1.0,0.0
-0.5696202531645569,-0.8551412152377926,-0.006573280527945591,-0.27714214953154825,-1.0,-1.0,0.009119184110898848,0.0,1.0,0.0,0.0,0.0,1.0,0.0,0.0,0.0,0.0,1.0,0.0,1.0,0.0
-0.6455696202531646,-1.0,-1.0,-1.0,-1.0,-1.0,-1.0,0.0,1.0,0.0,0.0,0.0,0.0,1.0,0.0,0.0,0.0,1.0,0.0,1.0,0.0
-0.4683544303797469,-1.0,0.31801862707518236,0.667487018457569,-1.0,0.550004711317702,0.7071496063522722,0.0,0.0,1.0,0.0,0.0,1.0,0.0,1.0,0.0,0.0,0.0,0.0,1.0,0.0
-0.5189873417721519,0.5845877148113572,-1.0,-0.8622584156094552,0.2906953488609503,-1.0,0.49942470989692733,0.0,0.0,0.0,1.0,0.0,1.0,0.0,0.0,0.0,0.0,1.0,0.0,1.0,0.0
-0.49367088607594933,-1.0,0.23886460234072704,-0.35255398589099995,0.01203831864946392,-0.1788762303003234,0.27672710334034045,1.0,0.0,0.0,0.0,0.0,1.0,0.0,0.0,0.0,0.0,1.0,0.0,1.0,0.0
-0.03797468354430378,-1.0,0.5929840926724168,-1.0,0.45839213804154455,0.3981143938053313,0.6616324870410843,0.0,0.0,1.0,0.0,0.0,1.0,0.0,1.0,0.0,0.0,0.0,0.0,1.0,0.0
-0.36708860759493667,-1.0,-1.0,-1.0,-1.0,-1.0,-1.0,0.0,1.0,0.0,0.0,0.0,0.0,1.0,0.0,0.0,0.0,1.0,0.0,1.0,0.0
-0.5443037974683544,-1.0,-1.0,-0.40469077658820574,0.22758001892095692,-1.0,0.17973482535513652,0.0,1.0,0.0,0.0,0.0,1.0,0.0,0.0,0.0,0.0,1.0,0.0,1.0,0.0
-0.2911392405063291,-1.0,-1.0,-1.0,-1.0,-1.0,-1.0,0.0,0.0,1.0,0.0,0.0,0.0,1.0,1.0,0.0,0.0,0.0,0.0,1.0,0.0
0.11392405063291133,0.3717608057786972,-1.0,-0.6439431695605231,-1.0,-0.14432130511281516,0.2714775917362522,0.0,0.0,0.0,1.0,0.0,1.0,0.0,0.0,0.0,1.0,0.0,1.0,0.0,0.0
-0.9240506329113924,-1.0,-1.0,-1.0,-1.0,-1.0,-1.0,0.0,1.0,0.0,0.0,0.0,0.0,1.0,1.0,0.0,0.0,0.0,0.0,1.0,0.0
0.2911392405063291,-1.0,0.1170484435427106,-1.0,0.44173864227986215,0.2896709275804805,0.4788909580888334,0.0,0.0,1.0,0.0,0.0,1.0,0.0,0.0,0.0,0.0,1.0,0.0,1.0,0.0
-0.4177215189873418,-0.12441641324590191,-0.10970616460354188,-1.0,-1.0,0.2090161737549363,0.2210970517739672,0.0,1.0,0.0,0.0,0.0,1.0,0.0,0.0,0.0,1.0,0.0,0.0,1.0,0.0
0.26582278481012667,-0.6636483178693894,0.052681676565685676,-1.0,0.5685631711754637,0.20497594077207482,0.5409523418880113,0.0,0.0,1.0,0.0,0.0,1.0,0.0,1.0,0.0,0.0,0.0,0.0,1.0,0.0
-0.8734177215189873,-1.0,-1.0,-1.0,-1.0,-1.0,-1.0,0.0,1.0,0.0,0.0,0.0,1.0,0.0,0.0,0.0,0.0,1.0,0.0,1.0,0.0
0.21518987341772156,-1.0,-0.7852186672204382,-0.1474037581603611,0.2616213702824417,-0.015037622296767972,0.2675668767358772,0.0,1.0,0.0,0.0,0.0,1.0,0.0,0.0,0.0,1.0,0.0,0.0,1.0,0.0
-0.5189873417721519,-1.0,-1.0,-1.0,-1.0,-1.0,-1.0,0.0,1.0,0.0,0.0,0.0,0.0,1.0,0.0,0.0,0.0,1.0,0.0,1.0,0.0
-0.5189873417721519,-1.0,-0.7852186672204382,-1.0,0.29921855539165465,-1.0,0.24112001905762792,0.0,1.0,0.0,0.0,0.0,1.0,0.0,0.0,0.0,1.0,0.0,0.0,1.0,0.0
0.11392405063291133,-1.0,0.21379421497603035,-0.08486472195750094,0.15042947366147685,0.7110400334055258,0.6745601829628993,0.0,0.0,1.0,0.0,0.0,1.0,0.0,1.0,0.0,0.0,0.0,0.0,1.0,0.0
-0.08860759493670889,-1.0,-1.0,-1.0,-1.0,-1.0,-1.0,0.0,0.0,0.0,1.0,0.0,0.0,1.0,0.0,0.0,0.0,1.0,0.0,1.0,0.0
-0.3924050632911392,-0.7102824304755853,0.5593763520888462,-1.0,-0.05614755600273069,-0.28435575371962574,0.5302390333540736,0.0,0.0,1.0,0.0,0.0,1.0,0.0,0.0,0.0,0.0,1.0,0.0,1.0,0.0
-0.49367088607594933,-1.0,-1.0,-1.0,-1.0,-1.0,-1.0,0.0,0.0,1.0,0.0,0.0,0.0,1.0,1.0,0.0,0.0,0.0,0.0,1.0,0.0
-1.0,-1.0,-1.0,-1.0,-1.0,-1.0,-1.0,0.0,1.0,0.0,0.0,0.0,0.0,1.0,0.0,0.0,1.0,0.0,0.0,1.0,0.0
-0.620253164556962,-1.0,-1.0,-1.0,-1.0,-1.0,-1.0,0.0,1.0,0.0,0.0,0.0,0.0,1.0,0.0,0.0,0.0,1.0,0.0,1.0,0.0
-0.21518987341772156,-1.0,-1.0,-1.0,-1.0,-1.0,-1.0,0.0,0.0,0.0,1.0,0.0,0.0,1.0,0.0,0.0,0.0,1.0,0.0,1.0,0.0
0.03797468354430378,-1.0,0.5789173214725947,-1.0,0.21252119475491638,0.23867640575701943,0.588980772582393,0.0,0.0,1.0,0.0,0.0,1.0,0.0,0.0,0.0,0.0,1.0,0.0,1.0,0.0
-0.3417721518987342,-1.0,-1.0,-1.0,-1.0,-1.0,-1.0,0.0,0.0,0.0,1.0,0.0,1.0,0.0,0.0,0.0,0.0,1.0,0.0,1.0,0.0
-0.4177215189873418,-1.0,-1.0,-1.0,-1.0,-1.0,-1.0,0.0,0.0,0.0,1.0,0.0,0.0,1.0,0.0,0.0,0.0,1.0,0.0,1.0,0.0
-0.189873417721519,0.24631085688281162,-1.0,-1.0,0.21526251333063584,-1.0,0.28091717686720474,0.0,1.0,0.0,0.0,0.0,1.0,0.0,0.0,0.0,1.0,0.0,0.0,1.0,0.0
-0.26582278481012656,-0.28234114300394575,-1.0,-1.0,-1.0,0.32005279494440164,0.27696231702976926,0.0,1.0,0.0,0.0,0.0,1.0,0.0,1.0,0.0,0.0,0.0,0.0,1.0,0.0
-0.44303797468354433,0.3450720814526891,-1.0,-1.0,-1.0,-0.2094272009253526,0.24253322546309364,0.0,1.0,0.0,0.0,0.0,1.0,0.0,0.0,0.0,1.0,0.0,0.0,1.0,0.0
0.03797468354430378,0.44899562736199816,-1.0,-1.0,-1.0,-1.0,0.32179241863050323,0.0,1.0,0.0,0.0,0.0,1.0,0.0,0.0,0.0,0.0,1.0,0.0,1.0,0.0
-0.4177215189873418,-1.0,0.1623439637651498,-0.013787978039696447,-1.0,0.10358468451182512,0.2707504172839674,0.0,1.0,0.0,0.0,0.0,1.0,0.0,0.0,0.0,0.0,1.0,0.0,1.0,0.0
-0.620253164556962,-1.0,0.17183381003952136,-1.0,-1.0,0.29919969255222556,0.33558832020034934,0.0,1.0,0.0,0.0,0.0,1.0,0.0,0.0,0.0,0.0,1.0,0.0,1.0,0.0
-0.1392405063291139,0.13096394621650265,-1.0,-0.4755689006986463,0.24668684185162326,-0.25923495866381896,0.2724428630192193,0.0,1.0,0.0,0.0,0.0,1.0,0.0,0.0,0.0,0.0,1.0,0.0,1.0,0.0
0.240506329113924,-1.0,0.5524031498873125,0.38873118301769516,-0.0597129406238629,0.3937888399603555,0.6287653321217941,0.0,0.0,1.0,0.0,0.0,1.0,0.0,1.0,0.0,0.0,0.0,0.0,1.0,0.0
-0.9493670886075949,-1.0,-1.0,-1.0,-1.0,-1.0,-1.0,0.0,0.0,1.0,0.0,1.0,0.0,0.0,0.0,0.0,0.0,1.0,0.0,1.0,0.0
-0.31645569620253167,-1.0,-1.0,-1.0,-1.0,-1.0,-1.0,0.0,0.0,1.0,0.0,0.0,0.0,1.0,1.0,0.0,0.0,0.0,0.0,1.0,0.0
0.012658227848101333,-1.0,-1.0,-1.0,-1.0,-1.0,-1.0,0.0,1.0,0.0,0.0,0.0,0.0,1.0,0.0,0.0,1.0,0.0,0.0,1.0,0.0
0.2911392405063291,0.40113578074116885,-1.0,0.1606470578068726,-0.19631344477175017,-1.0,0.35386827314891867,0.0,0.0,0.0,1.0,0.0,1.0,0.0,0.0,0.0,0.0,1.0,0.0,1.0,0.0
0.4683544303797469,0.4661930452518275,0.44850391406056134,-1.0,0.05278722867770669,0.23597991504574756,0.5539756578795152,0.0,0.0,1.0,0.0,0.0,1.0,0.0,0.0,0.0,0.0,1.0,0.0,1.0,0.0
-0.5696202531645569,0.7143270946042388,-1.0,0.5319868192177764,-0.2685470822285979,-1.0,0.655857939706139,0.0,0.0,0.0,1.0,0.0,1.0,0.0,0.0,1.0,0.0,0.0,0.0,1.0,0.0
-0.3417721518987342,-1.0,0.5526118341920334,0.36417637704845496,-1.0,-0.11264104932414476,0.5741935429221083,0.0,1.0,0.0,0.0,0.0,1.0,0.0,0.0,0.0,0.0,1.0,0.0,1.0,0.0
-0.3924050632911392,-1.0,-1.0,-1.0,-1.0,0.33139506184688683,0.2806867953635208,0.0,1.0,0.0,0.0,0.0,1.0,0.0,0.0,0.0,0.0,1.0,0.0,1.0,0.0
-0.2911392405063291,-1.0,0.2721883727763559,-1.0,-0.8616088449879872,-0.7822671181404642,0.24140349966168073,0.0,1.0,0.0,0.0,1.0,0.0,0.0,0.0,0.0,0.0,1.0,0.0,1.0,0.0
-0.1392405063291139,-1.0,-1.0,0.30687011870282754,-1.0,-1.0,0.25374257209786033,0.0,1.0,0.0,0.0,0.0,1.0,0.0,1.0,0.0,0.0,0.0,0.0,1.0,0.0
-0.44303797468354433,-1.0,-1.0,-1.0,0.3190588891809385,-0.32592005813059954,0.2668246019327365,0.0,1.0,0.0,0.0,0.0,1.0,0.0,0.0,0.0,0.0,1.0,0.0,1.0,0.0
-0.3924050632911392,-1.0,-1.0,-1.0,-1.0,-1.0,-1.0,0.0,0.0,1.0,0.0,0.0,0.0,1.0,1.0,0.0,0.0,0.0,0.0,1.0,0.0
-0.620253164556962,-1.0,-0.1995458352291587,0.30603807659100823,-1.0,-0.7252516930079197,0.26879761484571585,0.0,1.0,0.0,0.0,0.0,1.0,0.0,1.0,0.0,0.0,0.0,0.0,1.0,0.0
-0.4683544303797469,-1.0,-1.0,-1.0,-1.0,-1.0,-1.0,0.0,0.0,1.0,0.0,0.0,0.0,1.0,0.0,0.0,0.0,1.0,0.0,1.0,0.0
0.36708860759493667,-1.0,-1.0,-1.0,-1.0,-1.0,-1.0,0.0,0.0,0.0,1.0,0.0,0.0,1.0,0.0,0.0,0.0,1.0,0.0,1.0,0.0
-0.44303797468354433,0.617789465724262,-1.0,-0.3769174090839149,0.1079076279554656,-1.0,0.49751240318010015,0.0,0.0,0.0,1.0,0.0,1.0,0.0,0.0,0.0,0.0,1.0,0.0,1.0,0.0
-1.0,-1.0,-1.0,-1.0,-1.0,-1.0,-1.0,0.0,0.0,0.0,1.0,0.0,1.0,0.0,1.0,0.0,0.0,0.0,0.0,1.0,0.0
-0.2405063291139241,-1.0,-1.0,-1.0,-1.0,-1.0,-1.0,0.0,1.0,0.0,0.0,0.0,0.0,1.0,1.0,0.0,0.0,0.0,0.0,1.0,0.0
0.1898734177215189,-0.8551412152377926,0.29029048429084137,-0.33085400079197247,-0.1276125013172802,0.6157331443573679,0.5955459349998025,0.0,0.0,1.0,0.0,0.0,1.0,0.0,0.0,0.0,0.0,1.0,0.0,1.0,0.0
-0.44303797468354433,0.7395263770968525,-1.0,-1.0,-1.0,-0.18204732211135755,0.589620200444761,0.0,1.0,0.0,0.0,0.0,1.0,0.0,0.0,0.0,0.0,1.0,0.0,1.0,0.0
-0.06329113924050633,-0.3959497317415208,-0.02435848097572213,0.20359867239088247,-1.0,0.08033591455716915,0.27953069314797574,0.0,1.0,0.0,0.0,0.0,1.0,0.0,0.0,0.0,0.0,1.0,0.0,1.0,0.0
-0.5443037974683544,-1.0,-1.0,-1.0,-1.0,-1.0,-1.0,0.0,1.0,0.0,0.0,0.0,0.0,1.0,0.0,0.0,0.0,1.0,0.0,1.0,0.0
-0.6708860759493671,-1.0,-1.0,-0.5633695079021357,-1.0,0.3025541705443171,0.2550655522240399,0.0,1.0,0.0,0.0,0.0,1.0,0.0,0.0,0.0,0.0,1.0,0.0,1.0,0.0
-0.31645569620253167,-1.0,-1.0,-1.0,-1.0,-1.0,-1.0,0.0,1.0,0.0,0.0,0.0,0.0,1.0,0.0,0.0,1.0,0.0,0.0,1.0,0.0
-0.9746835443037974,-1.0,-1.0,-1.0,-1.0,-1.0,-1.0,0.0,0.0,1.0,0.0,0.0,1.0,0.0,0.0,0.0,0.0,1.0,0.0,1.0,0.0
0.139240506329114,-1.0,-1.0,-1.0,-1.0,-1.0,-1.0,0.0,0.0,0.0,1.0,0.0,0.0,1.0,0.0,0.0,0.0,1.0,0.0,1.0,0.0
-0.189873417721519,-0.14784747667959774,0.12649484108557618,0.2135820963556383,-0.7232176899759744,-1.0,0.2806867953635208,0.0,1.0,0.0,0.0,0.0,1.0,0.0,1.0,0.0,0.0,0.0,0.0,1.0,0.0
-0.49367088607594933,-1.0,-0.5498391013710785,-0.12189196817407655,-0.45932089796816633,0.2997627298911174,0.27672710334034045,0.0,1.0,0.0,0.0,0.0,1.0,0.0,0.0,0.0,0.0,1.0,0.0,1.0,0.0
-0.5443037974683544,-0.6636483178693894,0.3309675813449382,-1.0,-1.0,-0.8626258465039598,0.29891965093869466,0.0,1.0,0.0,0.0,0.0,1.0,0.0,0.0,0.0,0.0,1.0,0.0,1.0,0.0
0.6455696202531644,-1.0,-1.0,0.24351807569643658,-0.06891531746405233,-1.0,0.22790637101155564,0.0,1.0,0.0,0.0,0.0,1.0,0.0,0.0,0.0,0.0,1.0,0.0,1.0,0.0
-0.4683544303797469,-1.0,-0.8644880666376419,-1.0,0.33685798896468433,-1.0,0.27672710334034045,0.0,1.0,0.0,0.0,0.0,1.0,0.0,0.0,0.0,0.0,1.0,0.0,1.0,0.0
-0.8987341772151899,-1.0,-1.0,-1.0,-1.0,-1.0,-1.0,0.0,1.0,0.0,0.0,0.0,0.0,1.0,0.0,0.0,0.0,1.0,0.0,1.0,0.0
-0.4177215189873418,-1.0,-1.0,0.2309466688428672,-0.6422640538624581,0.11461846174613433,0.26731977278540575,0.0,1.0,0.0,0.0,0.0,1.0,0.0,0.0,0.0,0.0,1.0,0.0,1.0,0.0
-0.6455696202531646,-1.0,-1.0,-1.0,-1.0,-1.0,-1.0,0.0,1.0,0.0,0.0,0.0,0.0,1.0,0.0,0.0,1.0,0.0,0.0,1.0,0.0
-0.3924050632911392,-0.2343630575961404,0.08561689398762296,-1.0,-0.19991095170540252,0.6527500764850342,0.6050724084088801,0.0,0.0,1.0,0.0,0.0,1.0,0.0,1.0,0.0,0.0,0.0,0.0,1.0,0.0
-0.2911392405063291,-1.0,-1.0,-1.0,-1.0,-1.0,-1.0,0.0,0.0,1.0,0.0,0.0,0.0,1.0,0.0,0.0,0.0,1.0,0.0,1.0,0.0
0.21518987341772156,-1.0,-1.0,-1.0,-1.0,-1.0,-1.0,0.0,0.0,1.0,0.0,0.0,0.0,1.0,1.0,0.0,0.0,0.0,0.0,1.0,0.0
-0.4683544303797469,-1.0,-0.16663587814632774,-0.7816847539510678,-1.0,0.22644594014166408,0.20602138102752,0.0,1.0,0.0,0.0,0.0,1.0,0.0,0.0,0.0,0.0,1.0,0.0,1.0,0.0
-0.2405063291139241,-1.0,-1.0,-1.0,-0.3347045997837631,0.3159504179961805,0.2724428630192193,0.0,1.0,0.0,0.0,0.0,1.0,0.0,0.0,0.0,0.0,1.0,0.0,1.0,0.0
-0.5189873417721519,-1.0,-1.0,-1.0,-1.0,-1.0,-1.0,0.0,0.0,0.0,1.0,0.0,0.0,1.0,0.0,0.0,0.0,1.0,0.0,1.0,0.0
-0.44303797468354433,0.018853108721271994,-0.45795226655056753,0.5511778593951924,-1.0,-1.0,0.49905844528648013,0.0,0.0,0.0,1.0,0.0,1.0,0.0,0.0,0.0,0.0,1.0,0.0,1.0,0.0
-0.7468354430379747,-1.0,-1.0,-1.0,-1.0,-1.0,-1.0,0.0,0.0,1.0,0.0,0.0,1.0,0.0,1.0,0.0,0.0,0.0,0.0,1.0,0.0
0.4177215189873418,-1.0,-1.0,-1.0,-1.0,-1.0,-1.0,0.0,0.0,1.0,0.0,0.0,0.0,1.0,1.0,0.0,0.0,0.0,0.0,1.0,0.0
-0.36708860759493667,-1.0,-1.0,-1.0,-1.0,-1.0,-1.0,0.0,1.0,0.0,0.0,0.0,0.0,1.0,1.0,0.0,0.0,0.0,0.0,1.0,0.0
-0.4683544303797469,-1.0,-1.0,-1.0,-1.0,-1.0,-1.0,0.0,1.0,0.0,0.0,0.0,0.0,1.0,0.0,0.0,0.0,1.0,0.0,1.0,0.0
-0.2911392405063291,-1.0,-1.0,-1.0,-1.0,-1.0,-1.0,0.0,0.0,0.0,1.0,0.0,0.0,1.0,0.0,0.0,0.0,1.0,0.0,1.0,0.0
-0.2911392405063291,-1.0,-1.0,-1.0,-1.0,-1.0,-1.0,0.0,0.0,0.0,1.0,0.0,0.0,1.0,0.0,0.0,0.0,1.0,0.0,1.0,0.0
0.11392405063291133,-1.0,0.0406611955017373,-0.02376163893706562,0.08224359900928224,0.07252877346080577,0.2714775917362522,0.0,1.0,0.0,0.0,0.0,1.0,0.0,0.0,0.0,0.0,1.0,0.0,1.0,0.0
-0.6455696202531646,0.2772175329330586,0.6568247543299164,0.35110226668347244,-1.0,-1.0,0.6628164008806108,0.0,1.0,0.0,0.0,0.0,1.0,0.0,0.0,0.0,0.0,1.0,0.0,1.0,0.0
-0.3417721518987342,-1.0,0.6609823894124884,-1.0,-0.17279732755673072,-0.11719731918136134,0.6253181191446637,0.0,0.0,1.0,0.0,0.0,1.0,0.0,0.0,0.0,0.0,1.0,0.0,1.0,0.0
0.08860759493670889,0.03717026089947861,0.3875877935529073,-1.0,-1.0,0.05496207795924679,0.4010622964572006,0.0,1.0,0.0,0.0,0.0,1.0,0.0,0.0,0.0,0.0,1.0,0.0,1.0,0.0
-0.620253164556962,-0.13413849409826228,-0.20617366975031226,0.5661414398719342,0.3991111412214958,0.13883432156358722,0.5896657919004604,0.0,1.0,0.0,0.0,0.0,1.0,0.0,1.0,0.0,0.0,0.0,0.0,1.0,0.0
-0.5696202531645569,0.24577292338012824,-1.0,-0.33085400079197247,0.5351394729996519,-1.0,0.49898510784718453,0.0,0.0,0.0,1.0,0.0,1.0,0.0,0.0,0.0,0.0,1.0,0.0,1.0,0.0
-0.5189873417721519,-1.0,0.3311834868271173,0.1845656205034487,-1.0,-1.0,0.3658871012374201,0.0,1.0,0.0,0.0,0.0,1.0,0.0,0.0,1.0,0.0,0.0,0.0,1.0,0.0
-0.7215189873417722,-1.0,-1.0,-1.0,-1.0,-1.0,-1.0,0.0,0.0,0.0,1.0,1.0,0.0,0.0,0.0,0.0,0.0,1.0,0.0,1.0,0.0
-0.3417721518987342,-1.0,-1.0,-1.0,-1.0,-1.0,-1.0,0.0,0.0,1.0,0.0,0.0,0.0,1.0,1.0,0.0,0.0,0.0,0.0,1.0,0.0
-0.26582278481012656,-1.0,-1.0,-1.0,-1.0,-1.0,-1.0,0.0,0.0,1.0,0.0,0.0,0.0,1.0,1.0,0.0,0.0,0.0,0.0,1.0,0.0
0.49367088607594933,-1.0,-1.0,-1.0,-1.0,-1.0,-1.0,0.0,0.0,1.0,0.0,0.0,0.0,1.0,0.0,0.0,0.0,1.0,0.0,1.0,0.0
0.5189873417721518,-1.0,0.12024822682348635,-1.0,0.23470387211519772,0.5032186672891186,0.5103742750443323,0.0,0.0,1.0,0.0,0.0,1.0,0.0,0.0,0.0,0.0,1.0,0.0,1.0,0.0
-0.31645569620253167,0.38183095303081216,0.16080254399899951,-0.5633695079021357,-1.0,-1.0,0.340198753687325,0.0,0.0,0.0,1.0,0.0,1.0,0.0,0.0,0.0,0.0,1.0,0.0,1.0,0.0
0.03797468354430378,0.15968504345871937,-0.08104483439466637,-1.0,0.16437168693898507,-1.0,0.250529451019313,0.0,1.0,0.0,0.0,0.0,1.0,0.0,0.0,1.0,0.0,0.0,0.0,1.0,0.0
0.49367088607594933,-1.0,-1.0,-1.0,-1.0,-1.0,-1.0,0.0,1.0,0.0,0.0,0.0,0.0,1.0,0.0,0.0,1.0,0.0,0.0,1.0,0.0
-0.5949367088607596,-0.20915337023183045,-1.0,-1.0,0.5066950358452673,-0.05117175113851924,0.454305719811952,0.0,1.0,0.0,0.0,0.0,1.0,0.0,0.0,0.0,0.0,1.0,0.0,1.0,0.0
-0.1392405063291139,-1.0,-1.0,-1.0,0.35251602291112505,-1.0,0.2914425878622171,0.0,1.0,0.0,0.0,0.0,1.0,0.0,0.0,0.0,0.0,1.0,0.0,1.0,0.0
-0.5443037974683544,-1.0,-1.0,-1.0,-1.0,-1.0,-1.0,0.0,1.0,0.0,0.0,0.0,0.0,1.0,1.0,0.0,0.0,0.0,0.0,1.0,0.0
-0.16455696202531644,0.34640746651003873,-1.0,0.02290547341632765,0.10634780570115177,-0.033789468984214976,0.34893695038886774,0.0,0.0,0.0,1.0,0.0,1.0,0.0,0.0,0.0,0.0,1.0,0.0,1.0,0.0
-0.36708860759493667,-1.0,-1.0,-1.0,-1.0,-1.0,-1.0,0.0,0.0,1.0,0.0,0.0,0.0,1.0,1.0,0.0,0.0,0.0,0.0,1.0,0.0
-0.11392405063291144,-1.0,-1.0,-1.0,-1.0,-1.0,-1.0,0.0,0.0,1.0,0.0,0.0,0.0,1.0,0.0,0.0,1.0,0.0,0.0,1.0,0.0
-0.44303797468354433,-1.0,-0.4143271680087205,0.4491266858285854,-0.7806552088744709,-0.05117175113851924,0.4075702585050258,0.0,1.0,0.0,0.0,0.0,1.0,0.0,0.0,0.0,0.0,1.0,0.0,1.0,0.0
-0.2911392405063291,-1.0,-1.0,-1.0,-1.0,-1.0,-1.0,0.0,0.0,0.0,1.0,0.0,0.0,1.0,0.0,0.0,0.0,1.0,0.0,1.0,0.0
-0.06329113924050633,0.5296185331795884,-1.0,-1.0,-0.8616088449879872,-1.0,0.39546396256430816,0.0,1.0,0.0,0.0,0.0,1.0,0.0,1.0,0.0,0.0,0.0,0.0,1.0,0.0
-0.2911392405063291,-1.0,-1.0,-1.0,-1.0,-1.0,-1.0,0.0,1.0,0.0,0.0,0.0,0.0,1.0,0.0,0.0,1.0,0.0,0.0,1.0,0.0
-0.6962025316455696,-1.0,-1.0,-1.0,-1.0,-1.0,-1.0,0.0,1.0,0.0,0.0,0.0,0.0,1.0,1.0,0.0,0.0,0.0,0.0,1.0,0.0
-0.21518987341772156,-1.0,-1.0,-1.0,-1.0,-1.0,-1.0,0.0,1.0,0.0,0.0,0.0,0.0,1.0,0.0,0.0,1.0,0.0,0.0,1.0,0.0
0.21518987341772156,-1.0,-1.0,-1.0,-1.0,-1.0,-1.0,0.0,1.0,0.0,0.0,0.0,0.0,1.0,0.0,0.0,0.0,1.0,0.0,1.0,0.0
-0.4177215189873418,-0.5187895331071819,-0.7852186672204382,-0.8622584156094552,-1.0,0.30612524031148336,0.25949622520548155,0.0,1.0,0.0,0.0,0.0,1.0,0.0,0.0,0.0,0.0,1.0,0.0,1.0,0.0
-0.3924050632911392,-1.0,0.45718919154573157,-1.0,-1.0,-1.0,0.42095203727934716,0.0,1.0,0.0,0.0,0.0,1.0,0.0,0.0,0.0,0.0,1.0,0.0,1.0,0.0
-0.3924050632911392,-1.0,-1.0,0.18912243649043514,0.1079076279554656,0.44714094114810043,0.4614936926932989,0.0,0.0,0.0,1.0,0.0,1.0,0.0,1.0,0.0,0.0,0.0,0.0,1.0,0.0
-0.26582278481012656,-1.0,-0.6853510347334366,-1.0,-1.0,0.3492578866026381,0.29871004050405636,0.0,1.0,0.0,0.0,0.0,1.0,0.0,0.0,0.0,0.0,1.0,0.0,1.0,0.0
0.03797468354430378,-0.5654236457133779,-1.0,0.13212129438134834,-0.06334315395992085,0.16765913358485385,0.2680601258366466,0.0,1.0,0.0,0.0,0.0,1.0,0.0,0.0,1.0,0.0,0.0,0.0,1.0,0.0
-0.44303797468354433,-0.4988709397562451,-1.0,0.33278165221223177,0.2292792311606131,-1.0,0.3667696985133764,0.0,0.0,0.0,1.0,0.0,1.0,0.0,0.0,0.0,0.0,1.0,0.0,1.0,0.0
0.03797468354430378,-1.0,0.5203312169259344,-1.0,-0.7806552088744709,-0.09130983454274955,0.4902805979505842,0.0,0.0,1.0,0.0,0.0,1.0,0.0,1.0,0.0,0.0,0.0,0.0,1.0,0.0
-0.31645569620253167,-1.0,-0.7852186672204382,-0.2226063063480459,-1.0,0.32531143472248414,0.2865880492117525,0.0,1.0,0.0,0.0,0.0,1.0,0.0,0.0,0.0,0.0,1.0,0.0,1.0,0.0
-0.3417721518987342,-1.0,-1.0,-1.0,-1.0,-1.0,-1.0,0.0,0.0,0.0,1.0,0.0,0.0,1.0,0.0,0.0,0.0,1.0,0.0,1.0,0.0
-0.36708860759493667,-1.0,-1.0,-1.0,-1.0,-1.0,-1.0,0.0,1.0,0.0,0.0,0.0,0.0,1.0,0.0,0.0,1.0,0.0,0.0,1.0,0.0
-0.189873417721519,-1.0,0.31893972368711876,-0.12430071403862064,0.2143529161626705,0.21253962673334326,0.43127107483016314,0.0,1.0,0.0,0.0,0.0,1.0,0.0,0.0,0.0,0.0,1.0,0.0,1.0,0.0
-0.9493670886075949,-1.0,-1.0,-1.0,-1.0,-1.0,-1.0,0.0,0.0,0.0,1.0,0.0,0.0,1.0,0.0,0.0,0.0,1.0,0.0,1.0,0.0
-0.26582278481012656,0.31055537550194523,0.0959477256140635,-0.08486472195750094,-1.0,-0.033789468984214976,0.32234903412401406,0.0,0.0,0.0,1.0,0.0,1.0,0.0,0.0,0.0,0.0,1.0,0.0,1.0,0.0
0.5696202531645569,-1.0,0.446480431337956,-1.0,0.49010695146896666,-1.0,0.5488500008723858,0.0,0.0,1.0,0.0,0.0,1.0,0.0,0.0,0.0,0.0,1.0,0.0,0.0,1.0
-0.16455696202531644,-1.0,-1.0,-1.0,-1.0,-1.0,-1.0,0.0,0.0,1.0,0.0,0.0,0.0,1.0,0.0,0.0,0.0,1.0,0.0,1.0,0.0
-0.26582278481012656,-1.0,-1.0,-1.0,-1.0,-1.0,-1.0,0.0,0.0,0.0,1.0,0.0,0.0,1.0,0.0,0.0,0.0,1.0,0.0,1.0,0.0
-0.6708860759493671,-1.0,-1.0,-1.0,-1.0,-1.0,-1.0,0.0,1.0,0.0,0.0,0.0,0.0,1.0,0.0,0.0,0.0,1.0,0.0,1.0,0.0
-0.4177215189873418,0.5634304862257984,-1.0,-0.13170725209547163,-1.0,-0.7252516930079197,0.43469305528263225,0.0,0.0,0.0,1.0,0.0,1.0,0.0,0.0,0.0,0.0,1.0,0.0,1.0,0.0
-0.26582278481012656,0.32798105201219396,-1.0,0.6901701416758022,0.5000499316453211,-0.7822671181404642,0.6971182264453684,0.0,0.0,0.0,1.0,0.0,1.0,0.0,0.0,0.0,0.0,1.0,0.0,1.0,0.0
0.49367088607594933,-1.0,0.5056030739034083,-1.0,0.6602058221767828,-0.5075188111483839,0.6679944248401182,0.0,0.0,1.0,0.0,0.0,1.0,0.0,0.0,0.0,0.0,1.0,0.0,1.0,0.0
-0.3417721518987342,-1.0,-1.0,-1.0,-1.0,-1.0,-1.0,0.0,0.0,0.0,1.0,0.0,0.0,1.0,0.0,0.0,0.0,1.0,0.0,1.0,0.0
-0.2911392405063291,-1.0,-1.0,-1.0,-1.0,-1.0,-1.0,0.0,1.0,0.0,0.0,0.0,0.0,1.0,0.0,0.0,1.0,0.0,0.0,1.0,0.0
-0.36708860759493667,-1.0,-0.5312057330235879,0.35396158365051367,-1.0,-0.4271600827848884,0.304493733035887,0.0,1.0,0.0,0.0,0.0,1.0,0.0,0.0,0.0,0.0,1.0,0.0,1.0,0.0
-0.012658227848101333,-1.0,-0.7852186672204382,-1.0,-0.15176144388947121,0.33377716997120954,0.2985001993479246,0.0,1.0,0.0,0.0,0.0,1.0,0.0,0.0,0.0,0.0,1.0,0.0,1.0,0.0
-0.31645569620253167,-1.0,-1.0,-1.0,-1.0,-1.0,-1.0,0.0,0.0,1.0,0.0,0.0,0.0,1.0,1.0,0.0,0.0,0.0,0.0,1.0,0.0
-0.6455696202531646,0.30495002281023065,-1.0,0.1871100739696021,-1.0,-1.0,0.29829012696182167,0.0,1.0,0.0,0.0,0.0,1.0,0.0,0.0,0.0,0.0,1.0,0.0,1.0,0.0
-0.4683544303797469,-1.0,0.23073957567895054,-1.0,-0.0077457977008904555,-1.0,0.24477278920517387,0.0,1.0,0.0,0.0,0.0,1.0,0.0,0.0,0.0,0.0,1.0,0.0,1.0,0.0
-0.26582278481012656,-1.0,-1.0,-1.0,-1.0,-1.0,-1.0,0.0,1.0,0.0,0.0,0.0,0.0,1.0,1.0,0.0,0.0,0.0,0.0,1.0,0.0
0.240506329113924,0.3365268579625964,-1.0,-1.0,-0.04581820613847054,-1.0,0.2534768707710904,0.0,1.0,0.0,0.0,0.0,1.0,0.0,1.0,0.0,0.0,0.0,0.0,1.0,0.0
0.6455696202531644,-1.0,0.4191745831320459,-1.0,-0.1106617981837873,0.33163456521137546,0.4784012985616799,0.0,0.0,1.0,0.0,0.0,1.0,0.0,0.0,0.0,0.0,1.0,1.0,0.0,0.0
-0.1392405063291139,-1.0,-1.0,-1.0,-1.0,-1.0,-1.0,0.0,0.0,1.0,0.0,0.0,0.0,1.0,1.0,0.0,0.0,0.0,0.0,1.0,0.0
-0.2911392405063291,-0.7704042582518641,0.4996783055186962,-1.0,0.2134391560641049,0.71990818097346,0.7238482475337196,0.0,0.0,1.0,0.0,0.0,1.0,0.0,1.0,0.0,0.0,0.0,0.0,0.0,1.0
-0.3417721518987342,0.2928374935028868,-0.5704373344408764,0.6461387042138333,-1.0,-1.0,0.6015930028969563,0.0,1.0,0.0,0.0,0.0,1.0,0.0,0.0,0.0,0.0,1.0,0.0,1.0,0.0
-0.1392405063291139,-0.1909691192030346,0.10712233237091406,-1.0,0.6705372251184345,-1.0,0.6093547799694714,0.0,0.0,1.0,0.0,0.0,1.0,0.0,0.0,0.0,0.0,1.0,0.0,1.0,0.0
-0.4683544303797469,-1.0,-1.0,-1.0,-1.0,-1.0,-1.0,0.0,1.0,0.0,0.0,0.0,0.0,1.0,0.0,0.0,0.0,1.0,0.0,1.0,0.0
0.5696202531645569,-0.7102824304755853,-1.0,0.5848970367056938,-1.0,-1.0,0.5206635019080428,0.0,1.0,0.0,0.0,0.0,1.0,0.0,0.0,0.0,1.0,0.0,0.0,1.0,0.0
-0.2405063291139241,0.30817146694873543,-1.0,-1.0,-1.0,-0.33959368702731463,0.2029270551336151,0.0,0.0,0.0,1.0,0.0,1.0,0.0,0.0,0.0,0.0,1.0,0.0,1.0,0.0
0.139240506329114,-1.0,-1.0,0.3115203305012546,-0.7232176899759744,-0.6448929646444241,0.2602675303888142,0.0,1.0,0.0,0.0,0.0,1.0,0.0,0.0,0.0,1.0,0.0,0.0,1.0,0.0
-0.1392405063291139,-0.1824378509765714,0.2065822433457114,0.1845656205034487,-1.0,-1.0,0.2999642599693204,0.0,0.0,0.0,1.0,0.0,1.0,0.0,0.0,0.0,1.0,0.0,0.0,0.0,1.0
-0.03797468354430378,0.320205614809973,-1.0,-1.0,-0.10607179757566865,0.08947832834714076,0.2933934474557045,0.0,1.0,0.0,0.0,0.0,1.0,0.0,0.0,0.0,0.0,1.0,0.0,1.0,0.0
-0.44303797468354433,-1.0,-1.0,-1.0,-1.0,-1.0,-1.0,0.0,0.0,1.0,0.0,0.0,0.0,1.0,0.0,0.0,0.0,1.0,0.0,1.0,0.0
-0.44303797468354433,-1.0,0.3771252965447116,-1.0,-1.0,0.1730597132442182,0.39634568511239077,0.0,1.0,0.0,0.0,0.0,1.0,0.0,0.0,0.0,0.0,1.0,0.0,1.0,0.0
-0.5443037974683544,-1.0,0.22488138774473176,-1.0,-1.0,-0.11951534572289091,0.2226661196528228,0.0,1.0,0.0,0.0,0.0,1.0,0.0,0.0,0.0,1.0,0.0,0.0,1.0,0.0
0.012658227848101333,-0.17424122981986145,-1.0,-0.8622584156094552,0.18012739220707963,0.23559168963268484,0.30306417658071694,0.0,1.0,0.0,0.0,0.0,1.0,0.0,0.0,0.0,0.0,1.0,0.0,1.0,0.0
-0.21518987341772156,-1.0,0.43298361341059777,-1.0,-1.0,-1.0,0.3973483996980405,0.0,1.0,0.0,0.0,0.0,1.0,0.0,0.0,0.0,0.0,1.0,0.0,1.0,0.0
-0.03797468354430378,-0.25109094697931345,-1.0,-1.0,-1.0,0.30227678909946554,0.2618008416391422,0.0,1.0,0.0,0.0,0.0,1.0,0.0,0.0,0.0,0.0,1.0,0.0,1.0,0.0
-0.31645569620253167,-1.0,0.4751417615468314,-1.0,0.5336714058482335,-1.0,0.5839746029713462,0.0,0.0,1.0,0.0,1.0,0.0,0.0,0.0,0.0,0.0,1.0,0.0,1.0,0.0
-0.49367088607594933,-1.0,-1.0,-1.0,-1.0,-1.0,-1.0,0.0,1.0,0.0,0.0,0.0,0.0,1.0,0.0,0.0,1.0,0.0,0.0,1.0,0.0
0.4683544303797469,-1.0,0.48363441071312785,0.2708606336749684,-0.5848265349639614,0.6297793591218306,0.6679944248401182,0.0,0.0,1.0,0.0,0.0,1.0,0.0,0.0,0.0,0.0,1.0,0.0,1.0,0.0
-0.9493670886075949,-1.0,-1.0,-1.0,-1.0,-1.0,-1.0,1.0,0.0,0.0,0.0,0.0,1.0,0.0,0.0,0.0,0.0,1.0,0.0,1.0,0.0
-0.2405063291139241,-1.0,-1.0,-1.0,-1.0,-1.0,-1.0,0.0,1.0,0.0,0.0,0.0,0.0,1.0,0.0,0.0,0.0,1.0,0.0,1.0,0.0
-0.44303797468354433,-1.0,-1.0,-0.3769174090839149,-1.0,0.29919969255222556,0.255592184247051,0.0,1.0,0.0,0.0,0.0,1.0,0.0,0.0,0.0,0.0,1.0,0.0,1.0,0.0
0.3417721518987342,-1.0,-1.0,-1.0,-1.0,-1.0,-1.0,0.0,0.0,0.0,1.0,0.0,0.0,1.0,1.0,0.0,0.0,0.0,0.0,1.0,0.0
-0.9240506329113924,-1.0,-1.0,-1.0,-1.0,-1.0,-1.0,0.0,0.0,0.0,1.0,0.0,1.0,0.0,0.0,0.0,0.0,1.0,0.0,1.0,0.0
-0.8734177215189873,-1.0,-1.0,-1.0,-1.0,-1.0,-1.0,0.0,1.0,0.0,0.0,1.0,0.0,0.0,0.0,0.0,0.0,1.0,1.0,0.0,0.0
0.36708860759493667,-1.0,-1.0,-1.0,-1.0,-1.0,-1.0,0.0,0.0,0.0,1.0,0.0,0.0,1.0,0.0,0.0,0.0,1.0,0.0,1.0,0.0
-0.5189873417721519,-1.0,-1.0,-1.0,-1.0,-1.0,-1.0,0.0,0.0,0.0,1.0,0.0,0.0,1.0,0.0,0.0,0.0,1.0,0.0,1.0,0.0
0.7468354430379747,0.7572197102001998,-1.0,0.2450350227629039,-1.0,0.2320630087032367,0.6422051250238501,0.0,0.0,0.0,1.0,0.0,1.0,0.0,0.0,0.0,0.0,1.0,0.0,1.0,0.0
0.03797468354430378,-0.38465038264461693,-1.0,-0.2878863391210461,-1.0,0.3358968587328688,0.2966011620180071,0.0,1.0,0.0,0.0,0.0,1.0,0.0,0.0,0.0,0.0,1.0,0.0,1.0,0.0
-0.26582278481012656,-1.0,-0.26018186629887174,0.3001141445066957,-1.0,-1.0,0.25872178674943225,0.0,1.0,0.0,0.0,0.0,1.0,0.0,0.0,0.0,0.0,1.0,0.0,1.0,0.0
0.16455696202531644,0.11039124575754489,0.20901591453439705,-1.0,0.6119674518736098,0.5495269553370625,0.6701883119019689,0.0,0.0,1.0,0.0,0.0,1.0,0.0,1.0,0.0,0.0,0.0,0.0,1.0,0.0
-0.31645569620253167,-0.7704042582518641,-0.7289761332752838,-0.09716054654132034,-0.6114869098077889,0.2472865363583856,0.23330222189384453,0.0,1.0,0.0,0.0,0.0,1.0,0.0,0.0,0.0,0.0,1.0,0.0,1.0,0.0
-0.5443037974683544,-1.0,-1.0,-1.0,0.5761498070361935,-0.20221953353127442,0.5088480315343451,0.0,1.0,0.0,0.0,0.0,1.0,0.0,0.0,0.0,0.0,1.0,0.0,1.0,0.0
0.36708860759493667,-1.0,-1.0,-1.0,-1.0,-1.0,-1.0,0.0,0.0,1.0,0.0,1.0,0.0,0.0,1.0,0.0,0.0,0.0,0.0,1.0,0.0
-0.620253164556962,-0.5187895331071819,0.289490882381749,-0.11483611097421709,-1.0,0.2461844630274046,0.37593825942930725,0.0,1.0,0.0,0.0,0.0,1.0,0.0,0.0,0.0,0.0,1.0,0.0,1.0,0.0
0.240506329113924,0.2163219647305441,-0.18389729423727774,0.17937683744815014,-1.0,-1.0,0.26904281188414436,0.0,1.0,0.0,0.0,0.0,1.0,0.0,1.0,0.0,0.0,0.0,0.0,1.0,0.0
-0.6455696202531646,-0.7704042582518641,0.325934785166198,-1.0,0.27007368989214386,0.06440143383642316,0.41534785151911846,0.0,0.0,1.0,0.0,0.0,1.0,0.0,0.0,0.0,0.0,1.0,0.0,1.0,0.0
-0.2911392405063291,-0.6255454734896567,0.5429932709574685,-0.4755689006986463,-1.0,0.0033506976015043044,0.5166944340956008,0.0,0.0,1.0,0.0,0.0,1.0,0.0,1.0,0.0,0.0,0.0,0.0,1.0,0.0
-0.44303797468354433,-1.0,-0.8644880666376419,0.18042548948970127,-1.0,0.15347647405566112,0.2534768707710904,0.0,1.0,0.0,0.0,0.0,1.0,0.0,0.0,0.0,0.0,1.0,0.0,1.0,0.0
0.36708860759493667,-1.0,-1.0,-1.0,-1.0,-1.0,-1.0,0.0,1.0,0.0,0.0,1.0,0.0,0.0,0.0,0.0,0.0,1.0,1.0,0.0,0.0
0.31645569620253156,-1.0,0.07470954960218723,0.2205401498541164,-0.14613695271290328,-0.5645342362809285,0.27123550831185184,0.0,1.0,0.0,0.0,0.0,1.0,0.0,0.0,0.0,0.0,1.0,0.0,1.0,0.0
-0.189873417721519,-1.0,0.01523549755040321,-1.0,-1.0,0.693987732591911,0.6359794267365648,0.0,0.0,1.0,0.0,0.0,1.0,0.0,0.0,0.0,0.0,1.0,0.0,1.0,0.0
-1.0,-1.0,-1.0,-1.0,-1.0,-1.0,-1.0,0.0,1.0,0.0,0.0,0.0,1.0,0.0,0.0,0.0,0.0,1.0,0.0,1.0,0.0
-0.3417721518987342,-1.0,-1.0,-1.0,-1.0,-1.0,-1.0,0.0,1.0,0.0,0.0,0.0,0.0,1.0,0.0,0.0,1.0,0.0,0.0,1.0,0.0
-0.5949367088607596,0.07697121021425968,-1.0,0.15773750215906213,-0.5402745340816825,-1.0,0.1922341215697405,0.0,0.0,0.0,1.0,0.0,1.0,0.0,0.0,0.0,0.0,1.0,0.0,1.0,0.0
-0.08860759493670889,-1.0,0.3611352665677645,-0.4148837339220931,0.4815648312209586,-0.22468003347631071,0.5126409715893427,0.0,0.0,1.0,0.0,0.0,1.0,0.0,0.0,0.0,0.0,1.0,0.0,1.0,0.0
-0.31645569620253167,-1.0,-1.0,-1.0,0.30393042558864636,-0.3873893563162252,0.25079928924001504,0.0,1.0,0.0,0.0,0.0,1.0,0.0,1.0,0.0,0.0,0.0,0.0,1.0,0.0
-0.44303797468354433,-1.0,-1.0,-1.0,-1.0,-1.0,-1.0,0.0,1.0,0.0,0.0,0.0,0.0,1.0,0.0,0.0,0.0,1.0,0.0,1.0,0.0
-0.4177215189873418,-1.0,-1.0,0.5204237208501659,-1.0,-1.0,0.45861468494616786,0.0,1.0,0.0,0.0,0.0,1.0,0.0,0.0,0.0,0.0,1.0,0.0,1.0,0.0
-0.26582278481012656,-1.0,-1.0,-1.0,-1.0,-1.0,-1.0,0.0,1.0,0.0,0.0,0.0,0.0,1.0,0.0,0.0,1.0,0.0,0.0,1.0,0.0
-0.4177215189873418,0.6874970932587952,-0.6853510347334366,0.09239232626116323,-1.0,-1.0,0.5534802725740915,0.0,0.0,0.0,1.0,0.0,1.0,0.0,0.0,0.0,0.0,1.0,0.0,1.0,0.0
-0.620253164556962,-1.0,-1.0,-1.0,-1.0,-1.0,-1.0,0.0,1.0,0.0,0.0,0.0,0.0,1.0,0.0,0.0,0.0,1.0,0.0,1.0,0.0
-0.2911392405063291,-1.0,0.413025323282878,-0.6801739453692954,-1.0,-1.0,0.3784394119812444,1.0,0.0,0.0,0.0,0.0,1.0,0.0,0.0,0.0,0.0,1.0,0.0,1.0,0.0
-0.3924050632911392,-0.02540161897517723,-1.0,-0.27714214953154825,0.2482315786330893,-1.0,0.2379735899734854,0.0,1.0,0.0,0.0,0.0,1.0,0.0,0.0,0.0,1.0,0.0,0.0,1.0,0.0
0.16455696202531644,-1.0,0.2707239285188163,-1.0,-0.7806552088744709,0.523312897590581,0.5161589262404018,0.0,0.0,1.0,0.0,0.0,1.0,0.0,0.0,0.0,0.0,1.0,0.0,1.0,0.0
-1.0,-1.0,-1.0,-1.0,-1.0,-1.0,-1.0,0.0,1.0,0.0,0.0,1.0,0.0,0.0,0.0,0.0,0.0,1.0,0.0,1.0,0.0
-0.49367088607594933,-0.7704042582518641,-0.7852186672204382,0.34662137557699646,-0.5613104177489419,-1.0,0.2944686937979426,0.0,1.0,0.0,0.0,0.0,1.0,0.0,0.0,0.0,0.0,1.0,0.0,1.0,0.0
-0.16455696202531644,0.40744244670415797,0.2641467751111657,0.19210327889293488,-0.3828541075996944,-1.0,0.43986363237688764,0.0,0.0,0.0,1.0,0.0,1.0,0.0,1.0,0.0,0.0,0.0,0.0,1.0,0.0
-0.44303797468354433,0.049925971642005296,-0.6195699068776419,-0.34505426185320365,-1.0,0.2447054337005925,0.2534768707710904,0.0,1.0,0.0,0.0,0.0,1.0,0.0,0.0,0.0,0.0,1.0,0.0,1.0,0.0
-0.49367088607594933,-1.0,-0.7852186672204382,0.12671363822927684,0.3745306713522576,-1.0,0.36216498630153615,0.0,0.0,0.0,1.0,0.0,1.0,0.0,0.0,0.0,0.0,1.0,0.0,1.0,0.0
0.139240506329114,0.43180892978048435,0.11048734477719502,-0.7816847539510678,-1.0,-1.0,0.3577542754327656,0.0,0.0,0.0,1.0,0.0,1.0,0.0,0.0,0.0,0.0,1.0,0.0,1.0,0.0
-0.6962025316455696,-1.0,-1.0,-1.0,-1.0,-1.0,-1.0,0.0,0.0,0.0,1.0,0.0,1.0,0.0,0.0,0.0,0.0,1.0,1.0,0.0,0.0
-0.03797468354430378,0.5254218650444185,-1.0,0.2815175010761628,-1.0,-1.0,0.4592481935745596,0.0,0.0,0.0,1.0,0.0,1.0,0.0,0.0,0.0,0.0,1.0,0.0,1.0,0.0
-0.9746835443037974,-1.0,-1.0,-1.0,-1.0,-1.0,-1.0,0.0,1.0,0.0,0.0,0.0,0.0,1.0,0.0,0.0,0.0,1.0,0.0,1.0,0.0
-0.7974683544303798,-1.0,-1.0,-1.0,-1.0,-1.0,-1.0,0.0,1.0,0.0,0.0,0.0,1.0,0.0,0.0,0.0,0.0,1.0,0.0,1.0,0.0
0.3417721518987342,-0.07401666632198345,-1.0,0.46498066502562585,-0.17923840978180217,-1.0,0.42183361420799304,0.0,0.0,0.0,1.0,0.0,1.0,0.0,1.0,0.0,0.0,0.0,0.0,1.0,0.0
-0.26582278481012656,-1.0,-1.0,-1.0,-1.0,0.2824413475311758,0.23359755994066989,0.0,1.0,0.0,0.0,0.0,1.0,0.0,0.0,0.0,0.0,1.0,0.0,1.0,0.0
-0.7215189873417722,-1.0,-1.0,-1.0,-1.0,-1.0,-1.0,0.0,1.0,0.0,0.0,0.0,1.0,0.0,0.0,1.0,0.0,0.0,0.0,1.0,0.0
-0.49367088607594933,0.23185386223564564,-1.0,-0.31129207804727577,-0.487891873354127,0.22522128736754965,0.2944686937979426,0.0,1.0,0.0,0.0,0.0,1.0,0.0,0.0,0.0,0.0,1.0,0.0,1.0,0.0
-0.5189873417721519,-1.0,0.6460481194009824,-1.0,0.28308847708286033,0.39794317218777464,0.6680246492826862,0.0,0.0,1.0,0.0,0.0,1.0,0.0,0.0,0.0,0.0,1.0,0.0,1.0,0.0
-0.9746835443037974,-1.0,-1.0,-1.0,-1.0,-1.0,-1.0,0.0,0.0,0.0,1.0,0.0,0.0,1.0,0.0,0.0,0.0,1.0,0.0,1.0,0.0
-0.3417721518987342,-1.0,0.5927577512355655,-1.0,-0.6786656890936953,0.5025124700186472,0.6389945527615402,0.0,0.0,1.0,0.0,0.0,1.0,0.0,1.0,0.0,0.0,0.0,0.0,1.0,0.0
0.03797468354430378,-1.0,-1.0,-1.0,-1.0,-1.0,-1.0,0.0,1.0,0.0,0.0,0.0,0.0,1.0,0.0,0.0,0.0,1.0,0.0,1.0,0.0
0.240506329113924,-1.0,0.6142372379213692,-1.0,0.09917375609356327,0.028082857321986898,0.5939480061661686,0.0,0.0,1.0,0.0,0.0,1.0,0.0,1.0,0.0,0.0,0.0,0.0,1.0,0.0
-0.16455696202531644,-1.0,-1.0,-1.0,-1.0,-1.0,-1.0,0.0,0.0,1.0,0.0,0.0,0.0,1.0,1.0,0.0,0.0,0.0,0.0,1.0,0.0
-0.5443037974683544,-1.0,-1.0,-1.0,-1.0,-1.0,-1.0,0.0,1.0,0.0,0.0,0.0,0.0,1.0,0.0,0.0,1.0,0.0,0.0,1.0,0.0
-0.49367088607594933,-1.0,-0.8644880666376419,-0.2934844304584865,-1.0,0.31852433742025155,0.27672710334034045,0.0,1.0,0.0,0.0,0.0,1.0,0.0,0.0,1.0,0.0,0.0,0.0,1.0,0.0
-0.21518987341772156,-1.0,-1.0,-1.0,-1.0,-1.0,-1.0,0.0,1.0,0.0,0.0,0.0,0.0,1.0,1.0,0.0,0.0,0.0,0.0,1.0,0.0
-0.012658227848101333,0.5333248046080024,-1.0,0.15890644141632815,-1.0,0.30503328708089383,0.49898510784718453,0.0,0.0,0.0,1.0,0.0,1.0,0.0,0.0,0.0,0.0,1.0,0.0,1.0,0.0
-0.3924050632911392,-1.0,-1.0,-1.0,-1.0,-1.0,-1.0,0.0,0.0,0.0,1.0,0.0,0.0,1.0,0.0,0.0,0.0,1.0,0.0,1.0,0.0
-0.5443037974683544,-0.03140165932038008,-0.7289761332752838,0.03952120013314819,0.5444274840822172,-1.0,0.49751240318010015,1.0,0.0,0.0,0.0,0.0,1.0,0.0,0.0,0.0,0.0,1.0,0.0,1.0,0.0
-0.44303797468354433,0.3746878431273488,-0.7852186672204382,-0.21867114605976812,-1.0,-1.0,0.26731977278540575,0.0,1.0,0.0,0.0,0.0,1.0,0.0,0.0,0.0,0.0,1.0,0.0,1.0,0.0
-0.4177215189873418,-1.0,-0.03529853174253794,-0.6801739453692954,0.2026188563167859,0.06985652160604228,0.26830627263791507,0.0,1.0,0.0,0.0,0.0,1.0,0.0,0.0,0.0,1.0,0.0,0.0,1.0,0.0
0.16455696202531644,-1.0,-1.0,-1.0,-1.0,-1.0,-1.0,0.0,0.0,0.0,1.0,0.0,0.0,1.0,0.0,0.0,0.0,1.0,0.0,1.0,0.0
-0.9746835443037974,-1.0,-1.0,-1.0,-1.0,-1.0,-1.0,0.0,0.0,1.0,0.0,0.0,1.0,0.0,0.0,0.0,0.0,1.0,0.0,1.0,0.0
-0.5189873417721519,-1.0,-1.0,-1.0,-1.0,0.7859607438077754,0.7179396312762267,0.0,0.0,1.0,0.0,0.0,1.0,0.0,1.0,0.0,0.0,0.0,0.0,1.0,0.0
-0.5443037974683544,-1.0,-1.0,-1.0,-1.0,-1.0,-1.0,0.0,1.0,0.0,0.0,0.0,0.0,1.0,1.0,0.0,0.0,0.0,0.0,1.0,0.0
-0.4683544303797469,-1.0,-1.0,-1.0,-1.0,-1.0,-1.0,0.0,1.0,0.0,0.0,1.0,0.0,0.0,0.0,0.0,1.0,0.0,0.0,1.0,0.0
-0.06329113924050633,-1.0,-1.0,-0.5062015851699782,0.3848840617021625,-0.5878775395118796,0.3256550245627965,0.0,1.0,0.0,0.0,0.0,1.0,0.0,0.0,0.0,0.0,1.0,0.0,1.0,0.0
-0.21518987341772156,-1.0,-1.0,-1.0,-1.0,-1.0,-1.0,0.0,0.0,0.0,1.0,0.0,0.0,1.0,0.0,0.0,0.0,1.0,0.0,1.0,0.0
-0.5189873417721519,-1.0,-1.0,-1.0,-1.0,-1.0,-1.0,0.0,1.0,0.0,0.0,1.0,0.0,0.0,0.0,0.0,0.0,1.0,0.0,1.0,0.0
-0.4683544303797469,-0.4639587993442762,0.47138599706147843,-1.0,0.4437715233059507,0.1660098396562424,0.5614675203626605,0.0,0.0,1.0,0.0,0.0,1.0,0.0,0.0,0.0,0.0,1.0,0.0,1.0,0.0
-0.5189873417721519,-0.13748235824173838,0.30290791969414865,-0.06412639356068006,-1.0,-1.0,0.3081212548288894,0.0,0.0,0.0,1.0,0.0,1.0,0.0,0.0,0.0,0.0,1.0,0.0,0.0,1.0
-0.31645569620253167,-1.0,0.2970867063874276,-1.0,-0.3828541075996944,-0.37014465765234383,0.2755466619768592,0.0,1.0,0.0,0.0,0.0,1.0,0.0,1.0,0.0,0.0,0.0,0.0,1.0,0.0
-0.31645569620253167,-1.0,-1.0,-1.0,-1.0,-1.0,-1.0,0.0,0.0,1.0,0.0,0.0,0.0,1.0,0.0,1.0,0.0,0.0,0.0,1.0,0.0
-0.620253164556962,-1.0,-1.0,-1.0,-1.0,-1.0,-1.0,0.0,1.0,0.0,0.0,0.0,0.0,1.0,0.0,0.0,0.0,1.0,0.0,1.0,0.0
-0.9746835443037974,-1.0,-1.0,-1.0,-1.0,-1.0,-1.0,0.0,1.0,0.0,0.0,0.0,1.0,0.0,0.0,0.0,0.0,1.0,0.0,1.0,0.0
-0.44303797468354433,-0.23979159788240956,-0.7289761332752838,-1.0,0.14274944093238928,0.26176447519867696,0.3024482126487391,0.0,1.0,0.0,0.0,0.0,1.0,0.0,0.0,0.0,0.0,1.0,0.0,1.0,0.0
0.08860759493670889,0.13189484775749305,-1.0,0.27898601332956674,-1.0,-0.1788762303003234,0.29891965093869466,0.0,1.0,0.0,0.0,0.0,1.0,0.0,0.0,0.0,0.0,1.0,0.0,1.0,0.0
-0.6708860759493671,0.3294298415260595,-0.14825299336192121,-1.0,0.1434008484695768,-0.6448929646444241,0.31050181443296165,0.0,1.0,0.0,0.0,0.0,1.0,0.0,0.0,0.0,0.0,1.0,0.0,1.0,0.0
-0.36708860759493667,-1.0,-1.0,-1.0,-1.0,-1.0,-1.0,0.0,0.0,1.0,0.0,0.0,0.0,1.0,1.0,0.0,0.0,0.0,1.0,0.0,0.0
0.7468354430379747,-1.0,-1.0,-1.0,-1.0,-1.0,-1.0,0.0,0.0,0.0,1.0,0.0,0.0,1.0,0.0,0.0,0.0,1.0,0.0,1.0,0.0
-0.012658227848101333,0.7932617063655021,-1.0,0.12739769777129117,-1.0,-1.0,0.6459402733793107,0.0,0.0,0.0,1.0,0.0,1.0,0.0,0.0,0.0,0.0,1.0,0.0,1.0,0.0
-0.4177215189873418,-1.0,-1.0,-1.0,-1.0,-1.0,-1.0,0.0,1.0,0.0,0.0,0.0,0.0,1.0,1.0,0.0,0.0,0.0,0.0,1.0,0.0
0.31645569620253156,-1.0,0.28214337236996245,-1.0,-1.0,-1.0,0.25025923032049513,0.0,1.0,0.0,0.0,0.0,1.0,0.0,1.0,0.0,0.0,0.0,0.0,1.0,0.0
0.3924050632911391,0.5521769453786072,-1.0,-0.8622584156094552,-1.0,-0.6143419940193948,0.41670795720086384,0.0,0.0,0.0,1.0,0.0,1.0,0.0,1.0,0.0,0.0,0.0,0.0,1.0,0.0
-0.06329113924050633,-0.5933299775945341,0.18908835928955647,-1.0,-0.19991095170540252,0.5888115062330563,0.5572457324146016,0.0,0.0,1.0,0.0,0.0,1.0,0.0,0.0,0.0,0.0,1.0,0.0,1.0,0.0
0.36708860759493667,-1.0,-1.0,-1.0,-1.0,-1.0,-1.0,0.0,0.0,0.0,1.0,0.0,0.0,1.0,0.0,0.0,0.0,1.0,0.0,1.0,0.0
-0.03797468354430378,-1.0,-1.0,-1.0,-1.0,-1.0,-1.0,0.0,0.0,0.0,1.0,0.0,0.0,1.0,0.0,0.0,1.0,0.0,0.0,1.0,0.0
-0.44303797468354433,-0.3112127747555923,-1.0,-1.0,-1.0,0.30775197182455183,0.26458027772622783,0.0,1.0,0.0,0.0,0.0,1.0,0.0,0.0,0.0,0.0,1.0,0.0,1.0,0.0
0.36708860759493667,-1.0,0.5555102637562606,-1.0,-1.0,0.4703208385226303,0.6044828410303689,0.0,0.0,1.0,0.0,0.0,1.0,0.0,0.0,1.0,0.0,0.0,0.0,0.0,1.0
0.012658227848101333,-1.0,-1.0,-1.0,-1.0,-1.0,-1.0,0.0,0.0,0.0,1.0,0.0,0.0,1.0,0.0,0.0,0.0,1.0,0.0,1.0,0.0
-0.1392405063291139,-1.0,-1.0,-1.0,-1.0,-1.0,-1.0,0.0,0.0,0.0,1.0,0.0,0.0,1.0,0.0,0.0,0.0,1.0,0.0,1.0,0.0
-0.36708860759493667,-0.14088059653679108,-1.0,-1.0,-1.0,0.319290039634748,0.2832058078475965,0.0,1.0,0.0,0.0,0.0,1.0,0.0,0.0,0.0,1.0,0.0,0.0,1.0,0.0
-0.3924050632911392,0.31134400681667396,-1.0,-1.0,-1.0,0.02918697722497643,0.251606519822666,0.0,1.0,0.0,0.0,0.0,1.0,0.0,0.0,0.0,0.0,1.0,0.0,1.0,0.0
0.012658227848101333,-1.0,-1.0,-1.0,-1.0,-1.0,-1.0,1.0,0.0,0.0,0.0,0.0,0.0,1.0,0.0,0.0,0.0,1.0,0.0,1.0,0.0
-0.189873417721519,-1.0,-1.0,-1.0,-1.0,-1.0,-1.0,0.0,0.0,1.0,0.0,0.0,0.0,1.0,0.0,0.0,0.0,1.0,0.0,1.0,0.0
-0.26582278481012656,0.015637859912279062,-1.0,-0.031205172079330157,-0.02361131481502332,0.22108357946104018,0.289030770321669,0.0,1.0,0.0,0.0,0.0,1.0,0.0,0.0,0.0,0.0,1.0,0.0,1.0,0.0
-0.189873417721519,-0.19986352748682001,0.3477263224143188,-1.0,-1.0,0.7490707222703641,0.7093278211685694,0.0,0.0,1.0,0.0,0.0,1.0,0.0,0.0,0.0,0.0,1.0,0.0,1.0,0.0
-0.9746835443037974,-1.0,-1.0,-1.0,-1.0,-1.0,-1.0,0.0,1.0,0.0,0.0,0.0,0.0,1.0,0.0,0.0,0.0,1.0,0.0,1.0,0.0
-0.06329113924050633,-0.4205648609511705,-0.5934641999129258,-1.0,0.33135333312144577,-1.0,0.2764915990842052,0.0,1.0,0.0,0.0,0.0,1.0,0.0,0.0,0.0,0.0,1.0,0.0,1.0,0.0
-0.2405063291139241,-1.0,-1.0,-1.0,-1.0,-1.0,-1.0,0.0,1.0,0.0,0.0,0.0,0.0,1.0,0.0,0.0,0.0,1.0,0.0,1.0,0.0
-0.2911392405063291,-0.5408085165037282,-1.0,0.6456864415564822,-1.0,-0.5436529399901353,0.5796038803261085,0.0,1.0,0.0,0.0,0.0,1.0,0.0,0.0,0.0,0.0,1.0,0.0,1.0,0.0
-0.3924050632911392,-1.0,-1.0,-1.0,-1.0,-1.0,-1.0,0.0,0.0,0.0,1.0,0.0,0.0,1.0,0.0,0.0,0.0,1.0,0.0,1.0,0.0
-0.11392405063291144,-1.0,-1.0,-1.0,-1.0,-1.0,-1.0,0.0,0.0,0.0,1.0,0.0,1.0,0.0,0.0,0.0,0.0,1.0,0.0,1.0,0.0
-0.49367088607594933,-1.0,-1.0,-1.0,-1.0,-1.0,-1.0,0.0,0.0,0.0,1.0,0.0,0.0,1.0,0.0,0.0,0.0,1.0,0.0,1.0,0.0
-0.16455696202531644,-1.0,-1.0,-1.0,-1.0,-1.0,-1.0,0.0,0.0,1.0,0.0,1.0,0.0,0.0,0.0,1.0,0.0,0.0,0.0,1.0,0.0
0.240506329113924,-1.0,-1.0,-1.0,-1.0,-1.0,-1.0,0.0,1.0,0.0,0.0,0.0,0.0,1.0,0.0,0.0,0.0,1.0,0.0,1.0,0.0
-0.012658227848101333,-1.0,0.8339441659027735,-0.4755689006986463,-0.2634922240576568,-0.7252516930079197,0.7892201905923153,0.0,0.0,1.0,0.0,0.0,1.0,0.0,0.0,0.0,0.0,1.0,0.0,1.0,0.0
-0.06329113924050633,-1.0,0.7999777538035293,-1.0,0.7266012508431248,0.29173081705170256,0.8494642807710313,0.0,0.0,1.0,0.0,0.0,1.0,0.0,1.0,0.0,0.0,0.0,0.0,1.0,0.0
-0.5443037974683544,-1.0,0.2589084149205838,-1.0,-1.0,0.16490263560342533,0.31343631061452437,0.0,1.0,0.0,0.0,0.0,1.0,0.0,0.0,0.0,0.0,1.0,0.0,1.0,0.0
-0.2405063291139241,-1.0,0.26353773289199456,-1.0,-0.3080442249399358,0.7307107195376941,0.6843781917229097,0.0,0.0,1.0,0.0,0.0,1.0,0.0,0.0,0.0,0.0,1.0,0.0,1.0,0.0
-0.5189873417721519,-0.28234114300394575,-0.8644880666376419,0.38277660715344886,-1.0,-0.6143419940193948,0.3331530960332669,0.0,1.0,0.0,0.0,0.0,1.0,0.0,1.0,0.0,0.0,0.0,0.0,1.0,0.0
-0.3924050632911392,0.49684832680509716,0.5864868705557393,-1.0,0.7003908789689304,0.3066689690750073,0.7625710788177515,0.0,0.0,1.0,0.0,0.0,1.0,0.0,0.0,0.0,0.0,1.0,0.0,1.0,0.0
-0.21518987341772156,-0.4484711928323267,-1.0,-1.0,0.3021764796116613,-1.0,0.24698634871665126,0.0,1.0,0.0,0.0,0.0,1.0,0.0,0.0,0.0,0.0,1.0,0.0,1.0,0.0
-0.5443037974683544,0.2790629051918003,-1.0,-1.0,0.15477674845848233,-1.0,0.2692876939616151,0.0,1.0,0.0,0.0,0.0,1.0,0.0,0.0,0.0,0.0,1.0,0.0,1.0,0.0
-0.6962025316455696,-1.0,-1.0,-1.0,-1.0,-1.0,-1.0,0.0,1.0,0.0,0.0,0.0,1.0,0.0,1.0,0.0,0.0,0.0,0.0,1.0,0.0
-0.3924050632911392,-0.8551412152377926,0.27450890321608346,-0.4755689006986463,-0.5212452626117072,-1.0,0.2494462624740159,0.0,1.0,0.0,0.0,0.0,1.0,0.0,0.0,0.0,0.0,1.0,0.0,1.0,0.0
0.26582278481012667,0.4044389882982464,-1.0,0.2620422984291655,0.44173864227986215,-1.0,0.5109951426239903,0.0,0.0,0.0,1.0,0.0,1.0,0.0,0.0,0.0,0.0,1.0,0.0,0.0,1.0
-0.31645569620253167,-1.0,-1.0,-1.0,-1.0,-1.0,-1.0,0.0,0.0,0.0,1.0,0.0,1.0,0.0,0.0,0.0,0.0,1.0,0.0,1.0,0.0
-1.0,-1.0,-1.0,-1.0,-1.0,-1.0,-1.0,0.0,0.0,0.0,1.0,0.0,0.0,1.0,0.0,0.0,0.0,1.0,0.0,1.0,0.0
-0.08860759493670889,-1.0,0.5660444783823901,-1.0,-1.0,-0.08929774609319385,0.5332043401287225,0.0,1.0,0.0,0.0,1.0,0.0,0.0,0.0,0.0,0.0,1.0,0.0,1.0,0.0
-0.9493670886075949,-1.0,-1.0,-1.0,-1.0,-1.0,-1.0,0.0,1.0,0.0,0.0,0.0,1.0,0.0,0.0,0.0,0.0,1.0,0.0,1.0,0.0
-1.0,-1.0,-1.0,-1.0,-1.0,-1.0,-1.0,0.0,1.0,0.0,0.0,0.0,1.0,0.0,0.0,0.0,0.0,1.0,0.0,1.0,0.0
-0.3417721518987342,-1.0,-1.0,-1.0,-1.0,-1.0,-1.0,0.0,0.0,1.0,0.0,0.0,0.0,1.0,0.0,0.0,0.0,1.0,0.0,1.0,0.0
-0.7721518987341772,-1.0,-1.0,-1.0,-1.0,-1.0,-1.0,0.0,1.0,0.0,0.0,0.0,0.0,1.0,0.0,0.0,0.0,1.0,0.0,1.0,0.0
-0.3417721518987342,-1.0,-1.0,0.4974073844014346,-0.8616088449879872,-1.0,0.43663577670740894,0.0,1.0,0.0,0.0,0.0,1.0,0.0,0.0,0.0,0.0,1.0,0.0,1.0,0.0
0.26582278481012667,0.023585093151082592,-1.0,0.2450350227629039,-1.0,-0.3131292325197993,0.24615927292440265,0.0,1.0,0.0,0.0,0.0,1.0,0.0,0.0,1.0,0.0,0.0,0.0,1.0,0.0
0.16455696202531644,-0.1702604037373845,-1.0,0.4066016733100255,-0.17599189543729488,-1.0,0.3667696985133764,0.0,0.0,0.0,1.0,0.0,1.0,0.0,0.0,0.0,0.0,1.0,0.0,1.0,0.0
-0.5949367088607596,-1.0,-1.0,-1.0,-1.0,-1.0,-1.0,0.0,1.0,0.0,0.0,0.0,0.0,1.0,0.0,0.0,0.0,1.0,0.0,1.0,0.0
-0.36708860759493667,-0.08421317882056001,0.28352502048259365,-1.0,-1.0,-1.0,0.2717193681429104,0.0,1.0,0.0,0.0,0.0,1.0,0.0,1.0,0.0,0.0,0.0,0.0,1.0,0.0
-0.44303797468354433,0.1723069648093256,-0.25578836917431313,-1.0,0.39174970893188554,0.1966396600973086,0.4288492055093842,0.0,1.0,0.0,0.0,0.0,1.0,0.0,0.0,0.0,0.0,1.0,0.0,1.0,0.0
-0.16455696202531644,-1.0,0.34066041778369205,-1.0,-0.07464746905468156,-1.0,0.32674440279051353,0.0,1.0,0.0,0.0,1.0,0.0,0.0,0.0,0.0,0.0,1.0,0.0,1.0,0.0
0.620253164556962,-1.0,-1.0,-1.0,-1.0,-1.0,-1.0,0.0,0.0,0.0,1.0,0.0,0.0,1.0,1.0,0.0,0.0,0.0,0.0,1.0,0.0
0.1898734177215189,-0.6636483178693894,0.40237616002132115,0.3359149473369185,0.3282855713633015,-0.7822671181404642,0.520794391491693,0.0,0.0,1.0,0.0,0.0,1.0,0.0,0.0,1.0,0.0,0.0,0.0,1.0,0.0
-0.06329113924050633,0.28936874913435906,-1.0,0.018229514131375524,-1.0,-0.23694305848224295,0.24643536373456643,0.0,1.0,0.0,0.0,0.0,1.0,0.0,0.0,0.0,0.0,1.0,0.0,1.0,0.0
0.21518987341772156,-1.0,0.4648525783203481,-1.0,-1.0,-0.6448929646444241,0.42895514642408483,0.0,1.0,0.0,0.0,0.0,1.0,0.0,0.0,0.0,0.0,1.0,0.0,1.0,0.0
-0.5696202531645569,-0.029382445057654194,0.5032009664851531,-1.0,-0.4343312963306818,-1.0,0.47593395603973176,0.0,1.0,0.0,0.0,0.0,1.0,0.0,0.0,0.0,0.0,1.0,0.0,1.0,0.0
-0.4177215189873418,-1.0,-1.0,-1.0,-1.0,-1.0,-1.0,0.0,0.0,0.0,1.0,0.0,0.0,1.0,0.0,0.0,0.0,1.0,0.0,1.0,0.0
-0.189873417721519,-1.0,0.46055806975195157,-1.0,-1.0,-0.1637399452446352,0.43137567876754623,0.0,1.0,0.0,0.0,0.0,1.0,0.0,0.0,0.0,0.0,1.0,0.0,1.0,0.0
-0.21518987341772156,0.08985404203759484,-1.0,-0.3051771617092195,-1.0,0.4004960929742092,0.37926589017350465,0.0,1.0,0.0,0.0,0.0,1.0,0.0,0.0,0.0,0.0,1.0,0.0,1.0,0.0
-0.6708860759493671,-1.0,-0.7852186672204382,0.2272627901088431,-0.5212452626117072,0.025855991084982932,0.24026703924046022,0.0,1.0,0.0,0.0,0.0,1.0,0.0,0.0,0.0,1.0,0.0,0.0,1.0,0.0
-0.7468354430379747,-1.0,-1.0,-1.0,-1.0,-1.0,-1.0,0.0,1.0,0.0,0.0,0.0,1.0,0.0,0.0,0.0,0.0,1.0,0.0,1.0,0.0
-0.5949367088607596,-1.0,-1.0,-1.0,-1.0,-1.0,-1.0,0.0,1.0,0.0,0.0,0.0,0.0,1.0,0.0,0.0,1.0,0.0,0.0,1.0,0.0
0.16455696202531644,-1.0,0.5993818111784484,-1.0,-1.0,-0.5878775395118796,0.5599818633057996,0.0,0.0,1.0,0.0,0.0,1.0,0.0,1.0,0.0,0.0,0.0,0.0,1.0,0.0
-0.31645569620253167,0.5035441368410873,-1.0,-1.0,-1.0,-1.0,0.3715522694647815,0.0,0.0,0.0,1.0,0.0,1.0,0.0,1.0,0.0,0.0,0.0,0.0,1.0,0.0
-0.49367088607594933,0.5714049712110965,-1.0,-1.0,-1.0,-1.0,0.4334557940154524,0.0,1.0,0.0,0.0,0.0,1.0,0.0,1.0,0.0,0.0,0.0,0.0,1.0,0.0
-0.3417721518987342,-1.0,-1.0,-1.0,-1.0,-1.0,-1.0,0.0,0.0,0.0,1.0,0.0,0.0,1.0,0.0,0.0,0.0,1.0,0.0,1.0,0.0
-0.26582278481012656,-0.6636483178693894,-1.0,0.201258019879623,0.2134391560641049,-0.4062787864940952,0.29252886243144127,0.0,0.0,0.0,1.0,0.0,1.0,0.0,0.0,0.0,1.0,0.0,0.0,1.0,0.0
-0.08860759493670889,-1.0,0.34513156137982026,-1.0,0.3336236116542357,0.25971068469531233,0.4792167004510377,0.0,0.0,1.0,0.0,0.0,1.0,0.0,0.0,0.0,0.0,1.0,0.0,1.0,0.0
0.3924050632911391,-1.0,0.3867775876927775,-1.0,-1.0,0.20946004630328585,0.41236723912163487,0.0,1.0,0.0,0.0,0.0,1.0,0.0,0.0,0.0,1.0,0.0,0.0,1.0,0.0
0.1898734177215189,-1.0,-1.0,-1.0,-1.0,-1.0,-1.0,0.0,0.0,1.0,0.0,0.0,0.0,1.0,0.0,0.0,0.0,1.0,0.0,0.0,1.0
-0.4683544303797469,-1.0,-1.0,-1.0,-1.0,-1.0,-1.0,0.0,1.0,0.0,0.0,0.0,0.0,1.0,0.0,0.0,0.0,1.0,0.0,1.0,0.0
0.4177215189873418,-1.0,-0.22752239277912478,-1.0,-0.7806552088744709,0.3003241722212473,0.26458027772622783,0.0,1.0,0.0,0.0,0.0,1.0,0.0,0.0,0.0,0.0,1.0,0.0,1.0,0.0
-0.31645569620253167,-1.0,-1.0,-1.0,-1.0,-1.0,-1.0,0.0,0.0,0.0,1.0,0.0,0.0,1.0,0.0,0.0,0.0,1.0,0.0,1.0,0.0
-0.21518987341772156,-1.0,-1.0,-1.0,0.3441278296762278,-0.33959368702731463,0.28947155819687853,0.0,1.0,0.0,0.0,0.0,1.0,0.0,0.0,0.0,0.0,1.0,0.0,1.0,0.0
0.03797468354430378,0.4719292163776265,-0.4985462595038411,-0.4618586993203633,-0.37397903613286987,-1.0,0.3505416793177798,0.0,0.0,0.0,1.0,0.0,1.0,0.0,0.0,0.0,0.0,1.0,0.0,1.0,0.0
-0.3417721518987342,-1.0,0.6427440198632333,-1.0,0.4084648449041566,0.10433969117727271,0.6545650173472897,0.0,0.0,1.0,0.0,0.0,1.0,0.0,1.0,0.0,0.0,0.0,0.0,1.0,0.0
0.4683544303797469,0.5089646309629801,0.08561689398762296,-1.0,-1.0,0.13820011619041406,0.4427424058818643,0.0,1.0,0.0,0.0,0.0,1.0,0.0,0.0,0.0,0.0,1.0,0.0,1.0,0.0
0.5696202531645569,0.2061564569127463,0.38284116489094044,0.31738110409865605,0.7003908789689304,-0.11719731918136134,0.6968326223903067,0.0,0.0,1.0,0.0,0.0,1.0,0.0,1.0,0.0,0.0,0.0,0.0,1.0,0.0
-0.5443037974683544,-1.0,-0.7852186672204382,-1.0,-1.0,-1.0,-0.7905598160119802,0.0,1.0,0.0,0.0,0.0,1.0,0.0,0.0,0.0,0.0,1.0,0.0,1.0,0.0
-0.2405063291139241,-0.13084729142675589,0.7867709227345068,0.09721974828265867,0.5718608140366541,0.6688430279678368,0.8546438013592459,0.0,0.0,1.0,0.0,0.0,1.0,0.0,0.0,0.0,0.0,1.0,0.0,1.0,0.0
-0.31645569620253167,-1.0,-1.0,-1.0,-1.0,-1.0,-1.0,0.0,0.0,0.0,1.0,0.0,1.0,0.0,0.0,0.0,0.0,1.0,0.0,1.0,0.0
0.012658227848101333,-1.0,-1.0,-0.4618586993203633,0.3310994790083679,-0.5247635098122653,0.27672710334034045,0.0,1.0,0.0,0.0,0.0,1.0,0.0,0.0,0.0,0.0,1.0,0.0,1.0,0.0
0.139240506329114,-1.0,-1.0,-1.0,-1.0,-1.0,-1.0,0.0,0.0,0.0,1.0,0.0,0.0,1.0,0.0,0.0,0.0,1.0,0.0,1.0,0.0
0.240506329113924,-1.0,-1.0,-1.0,-1.0,-1.0,-1.0,0.0,0.0,1.0,0.0,0.0,0.0,1.0,0.0,0.0,0.0,1.0,0.0,1.0,0.0
-0.31645569620253167,-1.0,-1.0,-1.0,-1.0,-1.0,-1.0,0.0,1.0,0.0,0.0,0.0,0.0,1.0,1.0,0.0,0.0,0.0,0.0,1.0,0.0
-0.4683544303797469,-1.0,-1.0,-1.0,-1.0,-1.0,-1.0,0.0,1.0,0.0,0.0,0.0,0.0,1.0,0.0,0.0,1.0,0.0,0.0,1.0,0.0
-0.3924050632911392,-0.4988709397562451,-0.23519013610451522,-1.0,0.45986364792763235,-0.5247635098122653,0.4025278309346758,0.0,0.0,0.0,1.0,0.0,1.0,0.0,0.0,0.0,0.0,1.0,0.0,1.0,0.0
-0.11392405063291144,-1.0,-1.0,-1.0,0.3036391691795355,-1.0,0.24477278920517387,0.0,1.0,0.0,0.0,0.0,1.0,0.0,0.0,0.0,0.0,1.0,0.0,1.0,0.0
-0.31645569620253167,-0.7102824304755853,0.6511540216411742,-1.0,0.29561021200474236,0.06440143383642316,0.642895978003472,0.0,0.0,1.0,0.0,0.0,1.0,0.0,0.0,0.0,0.0,1.0,0.0,1.0,0.0
-0.36708860759493667,-1.0,-1.0,-1.0,-1.0,-1.0,-1.0,0.0,0.0,1.0,0.0,0.0,0.0,1.0,1.0,0.0,0.0,0.0,1.0,0.0,0.0
0.240506329113924,-0.3637342358463982,-1.0,-1.0,0.32699329349882134,-1.0,0.27196083830957996,0.0,1.0,0.0,0.0,0.0,1.0,0.0,0.0,0.0,0.0,1.0,0.0,1.0,0.0
-0.16455696202531644,-1.0,-1.0,-1.0,-1.0,-1.0,-1.0,0.0,0.0,0.0,1.0,0.0,0.0,1.0,0.0,0.0,0.0,1.0,0.0,1.0,0.0
0.5949367088607596,-1.0,-1.0,-1.0,-1.0,-1.0,-1.0,0.0,0.0,1.0,0.0,0.0,0.0,1.0,0.0,0.0,0.0,1.0,0.0,1.0,0.0
-0.2405063291139241,-1.0,-1.0,-1.0,-1.0,-1.0,-1.0,0.0,0.0,1.0,0.0,0.0,0.0,1.0,1.0,0.0,0.0,0.0,0.0,1.0,0.0
-0.03797468354430378,-1.0,-1.0,-1.0,-1.0,-1.0,-1.0,0.0,0.0,0.0,1.0,0.0,0.0,1.0,0.0,0.0,0.0,1.0,0.0,1.0,0.0
-0.3417721518987342,0.26870557156146657,-1.0,0.3658289362663709,-0.2845281077249162,-1.0,0.38548592478176213,0.0,0.0,0.0,1.0,0.0,1.0,0.0,0.0,0.0,0.0,1.0,0.0,0.0,1.0
0.11392405063291133,-1.0,-1.0,-1.0,-1.0,-1.0,-1.0,0.0,0.0,0.0,1.0,0.0,0.0,1.0,0.0,0.0,0.0,1.0,0.0,1.0,0.0
-0.5189873417721519,-1.0,-1.0,-1.0,-1.0,-1.0,-1.0,0.0,1.0,0.0,0.0,0.0,0.0,1.0,0.0,0.0,1.0,0.0,0.0,1.0,0.0
-0.012658227848101333,-1.0,0.517106532536356,-1.0,-0.16350931647416544,0.7518187712529809,0.7421944654503574,1.0,0.0,0.0,0.0,0.0,1.0,0.0,0.0,0.0,0.0,1.0,0.0,1.0,0.0
-0.5696202531645569,-1.0,-1.0,-1.0,-1.0,-1.0,-1.0,0.0,0.0,1.0,0.0,0.0,0.0,1.0,0.0,0.0,0.0,1.0,0.0,1.0,0.0
-0.012658227848101333,-1.0,0.3420941767080694,-1.0,-0.37397903613286987,0.1884309029261919,0.3784394119812444,0.0,0.0,1.0,0.0,0.0,1.0,0.0,0.0,0.0,0.0,1.0,0.0,1.0,0.0
-0.3924050632911392,-1.0,-1.0,-1.0,-1.0,-1.0,-1.0,0.0,1.0,0.0,0.0,0.0,0.0,1.0,0.0,0.0,1.0,0.0,0.0,1.0,0.0
-0.6708860759493671,-1.0,-0.1869283998258514,-0.20366635312744685,-0.3921421186822598,0.3518685369963901,0.3269253621501833,0.0,1.0,0.0,0.0,0.0,1.0,0.0,0.0,0.0,0.0,1.0,0.0,1.0,0.0
-0.4683544303797469,0.5953765386664751,-1.0,-0.4490336624378206,-1.0,-0.8626258465039598,0.4567929733193641,0.0,0.0,0.0,1.0,0.0,1.0,0.0,0.0,0.0,0.0,1.0,0.0,1.0,0.0
-0.6708860759493671,-1.0,-1.0,-1.0,-1.0,-1.0,-1.0,0.0,0.0,1.0,0.0,0.0,0.0,1.0,0.0,0.0,0.0,1.0,0.0,1.0,0.0
-0.3924050632911392,0.30737074930098474,-1.0,-1.0,0.05380849040844793,-1.0,0.25321079861192275,0.0,1.0,0.0,0.0,0.0,1.0,0.0,0.0,0.0,0.0,1.0,0.0,1.0,0.0
0.1898734177215189,-1.0,0.8135052553027127,-1.0,0.12069601328524371,-0.12906847256185694,0.7746065320355873,0.0,0.0,1.0,0.0,0.0,1.0,0.0,0.0,0.0,0.0,1.0,0.0,1.0,0.0
-0.26582278481012656,-1.0,-1.0,-1.0,-1.0,-1.0,-1.0,0.0,1.0,0.0,0.0,0.0,0.0,1.0,0.0,0.0,0.0,1.0,0.0,1.0,0.0
-0.5189873417721519,-0.1276071172136657,-1.0,0.21578277333941753,0.03118171200482056,-0.6143419940193948,0.24835688424629865,0.0,1.0,0.0,0.0,0.0,1.0,0.0,0.0,0.0,0.0,1.0,0.0,1.0,0.0
0.7721518987341771,-1.0,-1.0,-1.0,-1.0,-1.0,-1.0,0.0,0.0,0.0,1.0,0.0,0.0,1.0,0.0,0.0,0.0,1.0,0.0,1.0,0.0
-0.11392405063291144,0.391169641645019,-1.0,-0.3684600007794333,-1.0,-0.18204732211135755,0.28858896092092245,0.0,1.0,0.0,0.0,0.0,1.0,0.0,0.0,0.0,0.0,1.0,0.0,1.0,0.0
0.620253164556962,-1.0,-1.0,-1.0,-1.0,-1.0,-1.0,0.0,1.0,0.0,0.0,0.0,0.0,1.0,0.0,0.0,0.0,1.0,0.0,1.0,0.0
-0.4177215189873418,-0.6636483178693894,-0.7289761332752838,0.4879557195365867,-1.0,-1.0,0.42821232071516,0.0,1.0,0.0,0.0,0.0,1.0,0.0,0.0,0.0,0.0,1.0,0.0,1.0,0.0
-0.21518987341772156,0.06064560594164736,-0.07927556988301587,0.3023917522557964,-1.0,-0.5247635098122653,0.3132420765976227,0.0,1.0,0.0,0.0,0.0,1.0,0.0,0.0,0.0,0.0,1.0,0.0,1.0,0.0
-0.3417721518987342,-1.0,-1.0,-1.0,-1.0,-1.0,-1.0,0.0,0.0,1.0,0.0,0.0,0.0,1.0,0.0,0.0,0.0,1.0,0.0,1.0,0.0
0.31645569620253156,0.5106395816805467,-1.0,-0.3051771617092195,-0.37397903613286987,-1.0,0.3853528422834447,0.0,0.0,0.0,1.0,0.0,1.0,0.0,1.0,0.0,0.0,0.0,0.0,1.0,0.0
0.31645569620253156,0.4298090384386175,0.3019079052670004,-1.0,-1.0,-1.0,0.4197331738527341,0.0,1.0,0.0,0.0,0.0,1.0,0.0,0.0,1.0,0.0,0.0,0.0,1.0,0.0
-0.49367088607594933,0.7248177019764053,-0.20617366975031226,0.5072392851819458,-0.6786656890936953,-0.7822671181404642,0.6543053773056613,0.0,0.0,0.0,1.0,0.0,1.0,0.0,0.0,0.0,0.0,1.0,0.0,1.0,0.0
0.21518987341772156,-1.0,-0.39569379966122975,-1.0,-1.0,0.321569554974914,0.27625580354258283,0.0,1.0,0.0,0.0,0.0,1.0,0.0,0.0,0.0,0.0,1.0,0.0,1.0,0.0
-0.5189873417721519,-1.0,-1.0,-1.0,-1.0,-1.0,-1.0,0.0,1.0,0.0,0.0,0.0,0.0,1.0,0.0,0.0,1.0,0.0,0.0,1.0,0.0
-0.31645569620253167,-1.0,-1.0,-1.0,-1.0,-1.0,-1.0,0.0,1.0,0.0,0.0,0.0,0.0,1.0,0.0,0.0,1.0,0.0,0.0,1.0,0.0
0.31645569620253156,-1.0,-1.0,-1.0,-1.0,-1.0,-1.0,0.0,0.0,0.0,1.0,0.0,0.0,1.0,0.0,0.0,0.0,1.0,0.0,1.0,0.0
-0.11392405063291144,-1.0,-1.0,-0.7816847539510678,0.30011054302438844,-0.5247635098122653,0.24477278920517387,0.0,1.0,0.0,0.0,0.0,1.0,0.0,0.0,0.0,1.0,0.0,0.0,1.0,0.0
0.4177215189873418,-1.0,-0.6853510347334366,0.3230739676487413,-1.0,-1.0,0.27026408877763064,0.0,1.0,0.0,0.0,0.0,1.0,0.0,0.0,0.0,0.0,1.0,0.0,1.0,0.0
-0.16455696202531644,0.5814772522298679,-0.4985462595038411,0.041635253057605404,-0.8616088449879872,-1.0,0.4614936926932989,0.0,0.0,0.0,1.0,0.0,1.0,0.0,0.0,0.0,0.0,1.0,0.0,1.0,0.0
-0.5949367088607596,-1.0,-0.1722220408707419,0.458764239881283,-1.0,-1.0,0.4076887056483811,0.0,1.0,0.0,0.0,0.0,1.0,0.0,0.0,0.0,0.0,1.0,0.0,1.0,0.0
-0.36708860759493667,-1.0,0.10231183744678995,0.30603807659100823,-1.0,-1.0,0.3159435078276387,0.0,0.0,0.0,1.0,0.0,1.0,0.0,0.0,0.0,0.0,1.0,0.0,0.0,1.0
-0.3924050632911392,0.09874845032138002,0.21418718474500964,-1.0,-1.0,-0.4384882522367155,0.25025923032049513,0.0,1.0,0.0,0.0,0.0,1.0,0.0,0.0,0.0,0.0,1.0,0.0,1.0,0.0
-0.189873417721519,-1.0,0.36002128979740466,-1.0,0.17184171226211653,0.6017820654898733,0.6093958884701369,0.0,0.0,1.0,0.0,0.0,1.0,0.0,1.0,0.0,0.0,0.0,0.0,1.0,0.0
0.139240506329114,-1.0,0.38661514281908294,-0.004291060299113858,0.4565034839159219,0.6104107611914207,0.6648246268282365,0.0,0.0,1.0,0.0,0.0,1.0,0.0,0.0,0.0,0.0,1.0,0.0,1.0,0.0
-0.4177215189873418,0.032739274060491264,-1.0,-0.8622584156094552,0.004358285920376348,0.1637892112704915,0.23389244116125418,0.0,1.0,0.0,0.0,0.0,1.0,0.0,0.0,0.0,0.0,1.0,0.0,1.0,0.0
-0.21518987341772156,0.5225765242867393,0.1818130121066035,-0.1368028928473426,-1.0,-1.0,0.44480022801761,1.0,0.0,0.0,0.0,0.0,1.0,0.0,0.0,0.0,0.0,1.0,0.0,1.0,0.0
-0.4177215189873418,0.48757321131074693,-1.0,0.24578917585295978,-1.0,-1.0,0.4247791939054193,0.0,0.0,0.0,1.0,0.0,1.0,0.0,0.0,0.0,0.0,1.0,0.0,1.0,0.0
-0.3417721518987342,-1.0,-1.0,-1.0,-1.0,-1.0,-1.0,0.0,0.0,1.0,0.0,0.0,0.0,1.0,0.0,0.0,0.0,1.0,0.0,1.0,0.0
-1.0,-1.0,-1.0,-1.0,-1.0,-1.0,-1.0,0.0,0.0,0.0,1.0,0.0,1.0,0.0,0.0,0.0,0.0,1.0,0.0,1.0,0.0
-0.8734177215189873,-1.0,-1.0,-1.0,-1.0,-1.0,-1.0,0.0,1.0,0.0,0.0,0.0,1.0,0.0,1.0,0.0,0.0,0.0,0.0,1.0,0.0
-0.189873417721519,0.29667222587063735,0.2813096721972024,-0.15014475473050126,-1.0,-1.0,0.3620145794526315,0.0,0.0,0.0,1.0,0.0,1.0,0.0,0.0,0.0,1.0,0.0,0.0,0.0,1.0
-0.4683544303797469,-0.4205648609511705,-0.3286472797228134,-0.5062015851699782,-0.7806552088744709,0.1819158861387078,0.16339586589100752,0.0,1.0,0.0,0.0,0.0,1.0,0.0,0.0,0.0,0.0,1.0,0.0,1.0,0.0
-0.5949367088607596,-0.19536900909227262,-1.0,0.5099470816683527,-1.0,0.29202334700886357,0.5075200068236077,0.0,0.0,0.0,1.0,0.0,1.0,0.0,0.0,0.0,0.0,1.0,0.0,1.0,0.0
-0.2911392405063291,-1.0,-0.5934641999129258,-0.42562792351159096,-1.0,0.4770991893874086,0.42347566287052785,0.0,1.0,0.0,0.0,0.0,1.0,0.0,0.0,0.0,1.0,0.0,0.0,1.0,0.0
-0.21518987341772156,0.4329117663788118,-1.0,-0.3769174090839149,-1.0,-1.0,0.31148500728314255,0.0,1.0,0.0,0.0,0.0,1.0,0.0,0.0,0.0,0.0,1.0,0.0,1.0,0.0
-0.31645569620253167,-1.0,-1.0,-1.0,-1.0,-1.0,-1.0,0.0,0.0,0.0,1.0,0.0,0.0,1.0,0.0,0.0,0.0,1.0,0.0,1.0,0.0
-0.26582278481012656,-1.0,-1.0,-1.0,-1.0,-1.0,-1.0,0.0,0.0,1.0,0.0,0.0,0.0,1.0,1.0,0.0,0.0,0.0,0.0,1.0,0.0
0.16455696202531644,-1.0,-1.0,0.5125201737033731,0.15416147452614193,-1.0,0.47929804914913476,1.0,0.0,0.0,0.0,0.0,1.0,0.0,0.0,0.0,0.0,1.0,0.0,1.0,0.0
0.5443037974683544,-1.0,-1.0,-1.0,-1.0,-1.0,-1.0,0.0,0.0,1.0,0.0,0.0,0.0,1.0,0.0,0.0,0.0,1.0,0.0,1.0,0.0
-0.4177215189873418,-1.0,-1.0,-1.0,-1.0,-1.0,-1.0,0.0,1.0,0.0,0.0,0.0,0.0,1.0,0.0,0.0,1.0,0.0,0.0,1.0,0.0
0.06329113924050622,-1.0,0.4063828009292363,-1.0,0.578370700158837,0.2960740663214405,0.6132613210223092,0.0,0.0,1.0,0.0,0.0,1.0,0.0,0.0,0.0,0.0,1.0,0.0,1.0,0.0
0.4683544303797469,-1.0,0.17183381003952136,-1.0,0.3053803682939378,0.2280671271772765,0.40422350246668115,0.0,1.0,0.0,0.0,0.0,1.0,0.0,0.0,0.0,0.0,1.0,0.0,1.0,0.0
-0.31645569620253167,0.4730214856779762,-1.0,-0.6133104850891911,-0.6786656890936953,-1.0,0.34535826615314424,0.0,0.0,0.0,1.0,0.0,1.0,0.0,0.0,0.0,0.0,1.0,0.0,1.0,0.0
-0.189873417721519,-1.0,0.4829406118812103,-0.4755689006986463,0.3892975940001906,-1.0,0.5284248836634831,0.0,0.0,1.0,0.0,0.0,1.0,0.0,1.0,0.0,0.0,0.0,0.0,1.0,0.0
-0.31645569620253167,-1.0,-1.0,-1.0,-1.0,-1.0,-1.0,0.0,0.0,1.0,0.0,0.0,0.0,1.0,0.0,0.0,0.0,1.0,0.0,1.0,0.0
-0.1392405063291139,0.44216334712254235,-1.0,-0.4618586993203633,-1.0,-1.0,0.31822893784881656,0.0,0.0,0.0,1.0,0.0,1.0,0.0,0.0,0.0,0.0,1.0,0.0,0.0,1.0
-0.36708860759493667,-0.5654236457133779,-1.0,-1.0,0.35319938775294557,-1.0,0.2936089824375072,0.0,1.0,0.0,0.0,0.0,1.0,0.0,0.0,1.0,0.0,0.0,0.0,1.0,0.0
-0.3417721518987342,-1.0,-1.0,-1.0,-1.0,-1.0,-1.0,0.0,0.0,1.0,0.0,0.0,1.0,0.0,0.0,0.0,0.0,1.0,0.0,1.0,0.0
-0.9746835443037974,-1.0,-1.0,-1.0,-1.0,-1.0,-1.0,0.0,1.0,0.0,0.0,0.0,0.0,1.0,1.0,0.0,0.0,0.0,0.0,1.0,0.0
-0.31645569620253167,0.5771095477948016,0.21022148296454546,-0.6801739453692954,-1.0,-1.0,0.48260380654667356,0.0,0.0,0.0,1.0,0.0,1.0,0.0,0.0,0.0,0.0,1.0,1.0,0.0,0.0
0.1898734177215189,-1.0,0.06485019697440397,0.26886008891948054,-1.0,-1.0,0.2799939756872658,0.0,1.0,0.0,0.0,0.0,1.0,0.0,1.0,0.0,0.0,0.0,0.0,1.0,0.0
0.11392405063291133,-1.0,0.38999845781082887,-0.13170725209547163,0.4490465753180217,0.41167389139454746,0.579219039072842,0.0,0.0,1.0,0.0,0.0,1.0,0.0,1.0,0.0,0.0,0.0,0.0,0.0,1.0
-1.0,-1.0,-1.0,-1.0,-1.0,-1.0,-1.0,0.0,1.0,0.0,0.0,0.0,0.0,1.0,0.0,0.0,0.0,1.0,0.0,1.0,0.0
-0.3417721518987342,-0.25109094697931345,-0.26467637215429685,0.3052025360437651,-1.0,-1.0,0.2717193681429104,0.0,1.0,0.0,0.0,0.0,1.0,0.0,0.0,0.0,0.0,1.0,0.0,1.0,0.0
-0.03797468354430378,-0.3637342358463982,0.6195910609482016,0.0009386915432021414,0.12573265381549148,0.471269680598265,0.6612570868454177,0.0,0.0,1.0,0.0,0.0,1.0,0.0,0.0,0.0,0.0,1.0,0.0,1.0,0.0
0.3417721518987342,-1.0,-1.0,-1.0,-1.0,-1.0,-1.0,0.0,0.0,0.0,1.0,0.0,0.0,1.0,0.0,0.0,0.0,1.0,0.0,1.0,0.0
0.5696202531645569,0.38682689732240716,-0.45795226655056753,-1.0,-1.0,-1.0,0.26879761484571585,0.0,1.0,0.0,0.0,0.0,1.0,0.0,0.0,0.0,0.0,1.0,0.0,1.0,0.0
-0.5949367088607596,-1.0,-1.0,-1.0,-1.0,-1.0,-1.0,0.0,1.0,0.0,0.0,0.0,0.0,1.0,0.0,0.0,0.0,1.0,0.0,1.0,0.0
0.4683544303797469,-1.0,-1.0,-1.0,-1.0,-1.0,-1.0,0.0,1.0,0.0,0.0,0.0,0.0,1.0,1.0,0.0,0.0,0.0,0.0,1.0,0.0
0.139240506329114,-1.0,-1.0,-1.0,-1.0,-1.0,-1.0,0.0,0.0,0.0,1.0,0.0,0.0,1.0,0.0,0.0,1.0,0.0,1.0,0.0,0.0
-0.3417721518987342,-1.0,-1.0,-1.0,-1.0,-1.0,-1.0,0.0,0.0,0.0,1.0,0.0,0.0,1.0,0.0,0.0,0.0,1.0,0.0,1.0,0.0
-0.49367088607594933,0.37900293896512105,-1.0,0.2166562652984736,-1.0,-1.0,0.34990140778026446,0.0,0.0,0.0,1.0,0.0,1.0,0.0,0.0,0.0,0.0,1.0,0.0,1.0,0.0
-0.4683544303797469,-0.2343630575961404,-0.8644880666376419,0.26852469795256706,-0.8616088449879872,-0.3131292325197993,0.2385495441006802,0.0,1.0,0.0,0.0,0.0,1.0,0.0,0.0,0.0,0.0,1.0,0.0,1.0,0.0
-0.06329113924050633,-1.0,0.8602105682424781,-0.4490336624378206,0.6589804824215184,-0.14967809093485762,0.8648143047953694,0.0,0.0,1.0,0.0,0.0,1.0,0.0,0.0,0.0,0.0,1.0,0.0,1.0,0.0
-0.6962025316455696,-1.0,-1.0,-1.0,-1.0,-1.0,-1.0,0.0,0.0,0.0,1.0,0.0,0.0,1.0,0.0,0.0,0.0,1.0,0.0,1.0,0.0
-0.11392405063291144,-0.3191000145820688,0.32258131710882365,-1.0,0.6113443045730038,0.21514170800612864,0.6057020710018755,0.0,0.0,1.0,0.0,0.0,1.0,0.0,0.0,0.0,0.0,1.0,0.0,1.0,0.0
-0.2911392405063291,-1.0,-1.0,-1.0,-1.0,-1.0,-1.0,0.0,0.0,1.0,0.0,0.0,0.0,1.0,1.0,0.0,0.0,0.0,0.0,1.0,0.0
-0.3924050632911392,-1.0,-1.0,-1.0,-1.0,-1.0,-1.0,0.0,0.0,1.0,0.0,0.0,0.0,1.0,1.0,0.0,0.0,0.0,0.0,1.0,0.0
0.36708860759493667,-1.0,0.5886959606617659,-1.0,0.6778711518498017,-0.29536908750557034,0.7104197646107306,0.0,0.0,1.0,0.0,0.0,1.0,0.0,0.0,0.0,0.0,1.0,0.0,0.0,1.0
-0.03797468354430378,-1.0,0.3410711372503892,-1.0,-1.0,0.484540606533274,0.5092654930247327,0.0,0.0,1.0,0.0,0.0,1.0,0.0,0.0,0.0,0.0,1.0,0.0,1.0,0.0
-0.3924050632911392,-0.7102824304755853,0.15183054944073304,-0.09505767929138842,0.34076815032643104,0.00707850048082892,0.38681166497215247,0.0,1.0,0.0,0.0,0.0,1.0,0.0,0.0,0.0,0.0,1.0,0.0,1.0,0.0
-0.03797468354430378,-1.0,0.14411959639160776,-1.0,0.4661608185093451,0.5242207737086115,0.5849583756650731,0.0,0.0,1.0,0.0,0.0,1.0,0.0,0.0,0.0,0.0,1.0,0.0,1.0,0.0
-0.21518987341772156,-1.0,0.6372302823753873,-0.20008573191755652,-0.1927796138817054,-1.0,0.6013359014809183,0.0,1.0,0.0,0.0,0.0,1.0,0.0,0.0,0.0,0.0,1.0,0.0,1.0,0.0
0.3924050632911391,-1.0,-1.0,-1.0,-1.0,-1.0,-1.0,0.0,0.0,0.0,1.0,0.0,0.0,1.0,0.0,0.0,0.0,1.0,0.0,1.0,0.0
0.11392405063291133,-1.0,-1.0,-1.0,0.31634243594344613,0.1864489963102427,0.33969195497211757,1.0,0.0,0.0,0.0,0.0,1.0,0.0,0.0,0.0,0.0,1.0,0.0,1.0,0.0
-0.3924050632911392,-1.0,-1.0,-1.0,-1.0,-1.0,-1.0,0.0,0.0,1.0,0.0,1.0,0.0,0.0,0.0,0.0,0.0,1.0,0.0,1.0,0.0
-0.2405063291139241,-1.0,-0.029751992527429105,0.34525716586646626,-0.10158495183062433,0.6172117492815836,0.6077860518666203,0.0,0.0,1.0,0.0,0.0,1.0,0.0,0.0,0.0,0.0,1.0,0.0,1.0,0.0
0.1898734177215189,0.6673636768116027,-1.0,-0.4618586993203633,-0.16965306992792295,-1.0,0.5259576230201282,0.0,1.0,0.0,0.0,0.0,1.0,0.0,0.0,0.0,0.0,1.0,0.0,1.0,0.0
-0.06329113924050633,-1.0,-0.0977328892368512,-1.0,0.4467825540853281,0.4444499424401911,0.5241020690318199,0.0,0.0,1.0,0.0,0.0,1.0,0.0,1.0,0.0,0.0,0.0,0.0,1.0,0.0
-0.6962025316455696,-1.0,-1.0,-1.0,-1.0,-1.0,-1.0,0.0,1.0,0.0,0.0,0.0,1.0,0.0,1.0,0.0,0.0,0.0,0.0,1.0,0.0
-0.31645569620253167,-0.15875362330791187,-1.0,-0.21867114605976812,0.5020020450752303,-0.8626258465039598,0.44480022801761,0.0,0.0,0.0,1.0,0.0,1.0,0.0,0.0,0.0,0.0,1.0,0.0,0.0,1.0
-0.9493670886075949,-1.0,-1.0,-1.0,-1.0,-1.0,-1.0,0.0,1.0,0.0,0.0,1.0,0.0,0.0,0.0,0.0,0.0,1.0,0.0,1.0,0.0
-0.31645569620253167,-1.0,-1.0,-1.0,-1.0,-1.0,-1.0,0.0,0.0,0.0,1.0,0.0,0.0,1.0,0.0,1.0,0.0,0.0,0.0,1.0,0.0
-0.7721518987341772,-1.0,-1.0,-1.0,-1.0,-1.0,-1.0,0.0,1.0,0.0,0.0,0.0,1.0,0.0,0.0,0.0,0.0,1.0,0.0,1.0,0.0
-0.16455696202531644,-1.0,-1.0,-1.0,-1.0,-1.0,-1.0,0.0,0.0,0.0,1.0,0.0,0.0,1.0,0.0,0.0,0.0,1.0,0.0,1.0,0.0
0.240506329113924,0.2131980343604838,-1.0,-1.0,0.1510563383304051,-1.0,0.23477435794343604,0.0,1.0,0.0,0.0,0.0,1.0,0.0,1.0,0.0,0.0,0.0,0.0,1.0,0.0
-0.36708860759493667,-1.0,-1.0,-1.0,-1.0,-1.0,-1.0,0.0,1.0,0.0,0.0,0.0,0.0,1.0,0.0,0.0,0.0,1.0,0.0,1.0,0.0
-0.49367088607594933,-0.5187895331071819,-1.0,0.4483133732305642,-0.09079009410092975,-0.20579060329844068,0.4088691470118626,0.0,1.0,0.0,0.0,0.0,1.0,0.0,0.0,0.0,0.0,1.0,0.0,1.0,0.0
-0.5696202531645569,-0.07651953516393095,-1.0,0.10804759146241505,-0.4343312963306818,0.23790971617421475,0.2918778407250222,0.0,1.0,0.0,0.0,0.0,1.0,0.0,0.0,0.0,0.0,1.0,0.0,1.0,0.0
-0.03797468354430378,-1.0,-1.0,-1.0,-1.0,-1.0,-1.0,0.0,1.0,0.0,0.0,0.0,0.0,1.0,0.0,0.0,1.0,0.0,0.0,1.0,0.0
-0.5443037974683544,0.20938661473194053,-1.0,0.22601949658047982,-0.21498650520515272,-0.6448929646444241,0.28770225852659026,0.0,1.0,0.0,0.0,0.0,1.0,0.0,0.0,0.0,0.0,1.0,0.0,1.0,0.0
-0.08860759493670889,-1.0,0.46852105317684756,0.810631871829258,-0.8616088449879872,-0.7822671181404642,0.7721194634215287,0.0,0.0,1.0,0.0,0.0,1.0,0.0,0.0,0.0,0.0,1.0,0.0,1.0,0.0
-0.9746835443037974,-1.0,-1.0,-1.0,-1.0,-1.0,-1.0,0.0,1.0,0.0,0.0,0.0,0.0,1.0,1.0,0.0,0.0,0.0,0.0,1.0,0.0
-0.26582278481012656,-1.0,-1.0,-1.0,-1.0,-1.0,-1.0,0.0,0.0,0.0,1.0,0.0,0.0,1.0,0.0,0.0,0.0,1.0,0.0,1.0,0.0
-0.31645569620253167,-1.0,-1.0,-1.0,-1.0,-1.0,-1.0,0.0,1.0,0.0,0.0,0.0,0.0,1.0,0.0,0.0,0.0,1.0,0.0,1.0,0.0
0.1898734177215189,-1.0,-1.0,-1.0,-1.0,-1.0,-1.0,0.0,0.0,1.0,0.0,0.0,0.0,1.0,0.0,0.0,0.0,1.0,0.0,1.0,0.0
-0.9493670886075949,-1.0,-1.0,-1.0,-1.0,-1.0,-1.0,0.0,1.0,0.0,0.0,0.0,0.0,1.0,0.0,0.0,1.0,0.0,0.0,1.0,0.0
-0.44303797468354433,0.32394430218027814,0.22338899580881155,0.17242229647034346,-1.0,-1.0,0.3876027062361589,0.0,1.0,0.0,0.0,0.0,1.0,0.0,0.0,0.0,0.0,1.0,0.0,1.0,0.0
0.16455696202531644,0.814183456559493,-1.0,-0.4755689006986463,-0.487891873354127,-1.0,0.6557290413434884,0.0,0.0,0.0,1.0,0.0,1.0,0.0,0.0,0.0,0.0,1.0,0.0,1.0,0.0
-0.4177215189873418,-1.0,-1.0,-1.0,-1.0,-1.0,-1.0,0.0,1.0,0.0,0.0,0.0,0.0,1.0,1.0,0.0,0.0,0.0,0.0,1.0,0.0
-0.36708860759493667,-1.0,-1.0,-1.0,-1.0,-1.0,-1.0,0.0,0.0,0.0,1.0,0.0,0.0,1.0,0.0,0.0,0.0,1.0,0.0,1.0,0.0
-0.4683544303797469,-1.0,-1.0,-1.0,-1.0,-1.0,-1.0,0.0,1.0,0.0,0.0,0.0,0.0,1.0,0.0,0.0,0.0,1.0,0.0,1.0,0.0
-0.08860759493670889,0.34574084058466203,-1.0,0.10577649130589184,-1.0,-1.0,0.29382427401442257,0.0,1.0,0.0,0.0,0.0,1.0,0.0,0.0,0.0,0.0,1.0,0.0,1.0,0.0
-0.08860759493670889,0.5791955929359853,-1.0,-1.0,-0.7806552088744709,-1.0,0.44076170576755724,0.0,1.0,0.0,0.0,0.0,1.0,0.0,0.0,0.0,0.0,1.0,0.0,1.0,0.0
-0.2405063291139241,-0.14433500659683873,-1.0,-1.0,-1.0,0.46367160522744055,0.41477826438761767,0.0,1.0,0.0,0.0,0.0,1.0,0.0,0.0,0.0,0.0,1.0,0.0,1.0,0.0
-0.9240506329113924,-1.0,-1.0,-1.0,-1.0,-1.0,-1.0,0.0,1.0,0.0,0.0,0.0,0.0,1.0,0.0,0.0,0.0,1.0,1.0,0.0,0.0
-0.5189873417721519,-1.0,-1.0,0.27770807258627395,-1.0,-0.016418735969507492,0.2650813047454863,0.0,1.0,0.0,0.0,0.0,1.0,0.0,0.0,0.0,0.0,1.0,0.0,1.0,0.0
-0.2405063291139241,-1.0,-1.0,-1.0,-1.0,-1.0,-1.0,0.0,0.0,1.0,0.0,0.0,0.0,1.0,1.0,0.0,0.0,0.0,0.0,1.0,0.0
-0.16455696202531644,-1.0,-1.0,-1.0,-1.0,-1.0,-1.0,0.0,1.0,0.0,0.0,0.0,0.0,1.0,0.0,0.0,1.0,0.0,0.0,1.0,0.0
-0.5443037974683544,-1.0,-1.0,-1.0,-1.0,-1.0,-1.0,0.0,1.0,0.0,0.0,0.0,0.0,1.0,0.0,0.0,1.0,0.0,0.0,1.0,0.0
-1.0,-1.0,-1.0,-1.0,-1.0,-1.0,-1.0,0.0,1.0,0.0,0.0,0.0,1.0,0.0,1.0,0.0,0.0,0.0,0.0,1.0,0.0
0.5189873417721518,-1.0,-1.0,-1.0,-1.0,-1.0,-1.0,0.0,0.0,1.0,0.0,0.0,0.0,1.0,0.0,0.0,0.0,1.0,0.0,1.0,0.0
-0.4683544303797469,-1.0,-1.0,-1.0,-1.0,-1.0,-1.0,0.0,1.0,0.0,0.0,0.0,0.0,1.0,0.0,0.0,0.0,1.0,0.0,1.0,0.0
-0.5443037974683544,-0.4484711928323267,0.31239900968176504,-0.3378273163081015,-1.0,-0.23694305848224295,0.29871004050405636,0.0,1.0,0.0,0.0,0.0,1.0,0.0,0.0,0.0,0.0,1.0,0.0,1.0,0.0
-0.5443037974683544,-1.0,-1.0,-1.0,-1.0,-1.0,-1.0,0.0,1.0,0.0,0.0,1.0,0.0,0.0,0.0,0.0,0.0,1.0,0.0,1.0,0.0
0.620253164556962,-1.0,-1.0,-1.0,-1.0,-1.0,-1.0,0.0,0.0,1.0,0.0,1.0,0.0,0.0,1.0,0.0,0.0,0.0,0.0,1.0,0.0
-0.2405063291139241,-1.0,0.27364192887181216,-0.2669491921976609,-1.0,-0.5247635098122653,0.25532905008367734,0.0,1.0,0.0,0.0,0.0,1.0,0.0,0.0,0.0,0.0,1.0,0.0,1.0,0.0
-0.5443037974683544,0.34473689765925797,-0.2201440682989565,-0.5633695079021357,-0.22709058882641942,-0.268904632998055,0.2670723481288735,0.0,1.0,0.0,0.0,0.0,1.0,0.0,0.0,0.0,0.0,1.0,0.0,1.0,0.0
-1.0,-1.0,-1.0,-1.0,-1.0,-1.0,-1.0,0.0,1.0,0.0,0.0,0.0,1.0,0.0,0.0,0.0,0.0,1.0,0.0,1.0,0.0
-0.49367088607594933,-1.0,-0.6853510347334366,0.20498994365648748,-1.0,0.12233653119927235,0.2545374613846978,0.0,1.0,0.0,0.0,0.0,1.0,0.0,0.0,0.0,0.0,1.0,0.0,1.0,0.0
-0.06329113924050633,0.151390818011107,-1.0,0.3029570985851173,-0.6422640538624581,-1.0,0.3081212548288894,0.0,1.0,0.0,0.0,0.0,1.0,0.0,0.0,0.0,0.0,1.0,0.0,1.0,0.0
-0.9493670886075949,-1.0,-1.0,-1.0,-1.0,-1.0,-1.0,0.0,0.0,0.0,1.0,0.0,0.0,1.0,1.0,0.0,0.0,0.0,0.0,1.0,0.0
-1.0,-1.0,-1.0,-1.0,-1.0,-1.0,-1.0,0.0,0.0,0.0,1.0,0.0,1.0,0.0,0.0,0.0,0.0,1.0,0.0,1.0,0.0
-0.1392405063291139,-0.2569782954639235,0.057989759934148566,0.4610704835697266,-1.0,-1.0,0.4307471924694395,0.0,1.0,0.0,0.0,0.0,1.0,0.0,0.0,0.0,0.0,1.0,0.0,1.0,0.0
-0.3924050632911392,-1.0,-1.0,-1.0,-1.0,-1.0,-1.0,0.0,1.0,0.0,0.0,0.0,0.0,1.0,0.0,0.0,1.0,0.0,0.0,1.0,0.0
-0.49367088607594933,0.514992072542477,-1.0,-1.0,-0.5038728988504453,-1.0,0.383479866238857,0.0,0.0,0.0,1.0,0.0,1.0,0.0,0.0,0.0,0.0,1.0,0.0,1.0,0.0
0.03797468354430378,-1.0,-0.31058807447301096,-1.0,0.43536214933654405,-1.0,0.3752376314040504,0.0,1.0,0.0,0.0,0.0,1.0,0.0,1.0,0.0,0.0,0.0,0.0,1.0,0.0
-0.5443037974683544,-0.07401666632198345,-0.0005941480345520445,-0.8622584156094552,-1.0,0.5067123943007028,0.471664765901858,0.0,1.0,0.0,0.0,0.0,1.0,0.0,0.0,0.0,0.0,1.0,0.0,1.0,0.0
-0.9240506329113924,-1.0,-1.0,-1.0,-1.0,-1.0,-1.0,0.0,1.0,0.0,0.0,0.0,1.0,0.0,1.0,0.0,0.0,0.0,0.0,1.0,0.0
-0.31645569620253167,0.3194497837857304,0.4213635761252732,-1.0,0.22543546303873896,0.13692558440246705,0.5103742750443323,0.0,0.0,1.0,0.0,0.0,1.0,0.0,0.0,0.0,0.0,1.0,0.0,1.0,0.0
-0.6708860759493671,-1.0,-1.0,-1.0,-1.0,-1.0,-1.0,0.0,1.0,0.0,0.0,0.0,0.0,1.0,0.0,0.0,0.0,1.0,0.0,1.0,0.0
-0.7721518987341772,-1.0,-1.0,-1.0,-1.0,-1.0,-1.0,0.0,1.0,0.0,0.0,0.0,0.0,1.0,0.0,0.0,0.0,1.0,0.0,1.0,0.0
-0.4683544303797469,0.3077714916105583,-1.0,-0.6801739453692954,0.11175468788283882,-0.8626258465039598,0.2714775917362522,0.0,1.0,0.0,0.0,0.0,1.0,0.0,0.0,0.0,0.0,1.0,0.0,1.0,0.0
-0.3417721518987342,-1.0,-1.0,-1.0,-1.0,-1.0,-1.0,0.0,0.0,1.0,0.0,0.0,0.0,1.0,0.0,0.0,0.0,1.0,0.0,1.0,0.0
-0.11392405063291144,-1.0,-1.0,-1.0,-1.0,-1.0,-1.0,0.0,1.0,0.0,0.0,0.0,0.0,1.0,0.0,0.0,0.0,1.0,0.0,1.0,0.0
-0.16455696202531644,-1.0,-0.4461000078353691,-0.4902955702815448,0.5497657436251406,-0.4916552261572421,0.4830030541713324,0.0,0.0,1.0,0.0,0.0,1.0,0.0,1.0,0.0,0.0,0.0,0.0,0.0,1.0
-0.6708860759493671,0.923184313881108,-1.0,0.03304065517175214,-0.026636467129174002,0.2583295710225728,0.7705726746431383,0.0,0.0,0.0,1.0,0.0,1.0,0.0,1.0,0.0,0.0,0.0,0.0,1.0,0.0
-0.012658227848101333,0.8836228982161534,-0.42435512987010526,0.20637154204251007,0.6327480803398349,-0.20579060329844068,0.7949273829355921,0.0,0.0,1.0,0.0,0.0,1.0,0.0,0.0,0.0,0.0,1.0,1.0,0.0,0.0
-0.08860759493670889,-1.0,-1.0,-1.0,-1.0,-1.0,-1.0,0.0,0.0,1.0,0.0,0.0,0.0,1.0,0.0,0.0,0.0,1.0,0.0,1.0,0.0
-0.620253164556962,0.22953819255562014,0.04814545463323405,-0.2992448077181553,-1.0,-0.06308368834671219,0.25321079861192275,0.0,1.0,0.0,0.0,0.0,1.0,0.0,0.0,0.0,0.0,1.0,0.0,1.0,0.0
-0.189873417721519,-0.30361240807011936,0.16839091160497088,0.3846566505115352,-0.3347045997837631,-1.0,0.39533766864044595,0.0,1.0,0.0,0.0,0.0,1.0,0.0,0.0,0.0,0.0,1.0,0.0,1.0,0.0
-0.4683544303797469,-1.0,-1.0,-1.0,-1.0,-1.0,-1.0,0.0,0.0,0.0,1.0,0.0,0.0,1.0,0.0,0.0,0.0,1.0,0.0,1.0,0.0
-0.4177215189873418,0.4845023259286274,-0.14087466888175282,-0.8622584156094552,-0.7806552088744709,-1.0,0.3667696985133764,0.0,0.0,0.0,1.0,0.0,1.0,0.0,0.0,0.0,0.0,1.0,0.0,1.0,0.0
0.620253164556962,-1.0,-1.0,-1.0,-1.0,-1.0,-1.0,0.0,0.0,1.0,0.0,0.0,0.0,1.0,0.0,0.0,0.0,1.0,0.0,1.0,0.0
-1.0,-1.0,-1.0,-1.0,-1.0,-1.0,-1.0,0.0,1.0,0.0,0.0,0.0,1.0,0.0,0.0,0.0,0.0,1.0,0.0,1.0,0.0
-0.7215189873417722,-1.0,-1.0,-1.0,-1.0,-1.0,-1.0,0.0,1.0,0.0,0.0,0.0,0.0,1.0,0.0,0.0,0.0,1.0,0.0,1.0,0.0
-0.5189873417721519,-1.0,-1.0,-1.0,-1.0,-1.0,-1.0,0.0,1.0,0.0,0.0,0.0,0.0,1.0,0.0,0.0,1.0,0.0,0.0,1.0,0.0
-0.03797468354430378,-1.0,-1.0,-1.0,-1.0,-1.0,-1.0,0.0,0.0,0.0,1.0,0.0,0.0,1.0,0.0,0.0,0.0,1.0,0.0,1.0,0.0
-0.1392405063291139,-1.0,-1.0,-1.0,-1.0,-1.0,-1.0,0.0,0.0,0.0,1.0,0.0,0.0,1.0,0.0,0.0,0.0,1.0,0.0,1.0,0.0
0.240506329113924,0.6093565674927452,-0.26467637215429685,-0.065924768736902,-0.36548174383843235,-1.0,0.48252385658907593,0.0,0.0,0.0,1.0,0.0,1.0,0.0,0.0,0.0,0.0,1.0,0.0,1.0,0.0
-0.4177215189873418,0.2277844447782067,-1.0,0.3194701546198686,-1.0,-1.0,0.33850415878634776,0.0,0.0,0.0,1.0,0.0,1.0,0.0,0.0,0.0,0.0,1.0,0.0,1.0,0.0
-0.4177215189873418,-1.0,-1.0,-1.0,-1.0,-1.0,-1.0,0.0,1.0,0.0,0.0,0.0,0.0,1.0,0.0,1.0,0.0,0.0,0.0,1.0,0.0
-0.5189873417721519,0.37526836308508593,-0.7852186672204382,-1.0,-1.0,-1.0,0.2550655522240399,0.0,1.0,0.0,0.0,0.0,1.0,0.0,1.0,0.0,0.0,0.0,0.0,1.0,0.0
-0.6708860759493671,-1.0,-1.0,-1.0,-1.0,-1.0,-1.0,0.0,1.0,0.0,0.0,0.0,0.0,1.0,0.0,0.0,0.0,1.0,0.0,1.0,0.0
0.6455696202531644,-0.37393074834497464,0.4084284350781182,-0.6801739453692954,0.6108443826015431,-0.5645342362809285,0.6064131834903932,0.0,0.0,1.0,0.0,0.0,1.0,0.0,1.0,0.0,0.0,0.0,0.0,1.0,0.0
0.49367088607594933,-1.0,-1.0,-1.0,-1.0,-1.0,-1.0,0.0,0.0,1.0,0.0,0.0,0.0,1.0,1.0,0.0,0.0,0.0,0.0,1.0,0.0
-0.6708860759493671,-1.0,0.3830067747223118,-1.0,-1.0,-1.0,0.3486143772643635,0.0,1.0,0.0,0.0,0.0,1.0,0.0,0.0,0.0,1.0,0.0,0.0,1.0,0.0
-0.16455696202531644,-1.0,-1.0,0.30323916974777165,-1.0,-1.0,0.25025923032049513,0.0,1.0,0.0,0.0,0.0,1.0,0.0,0.0,0.0,0.0,1.0,0.0,1.0,0.0
-0.3924050632911392,0.7076994115774953,-1.0,-1.0,-1.0,-1.0,0.5577853327496545,0.0,1.0,0.0,0.0,0.0,1.0,0.0,0.0,0.0,0.0,1.0,0.0,1.0,0.0
-0.2911392405063291,-1.0,-1.0,-1.0,-1.0,-1.0,-1.0,0.0,0.0,1.0,0.0,0.0,0.0,1.0,0.0,0.0,0.0,1.0,0.0,1.0,0.0
0.5949367088607596,-0.7102824304755853,0.30734574340187937,-1.0,-1.0,-0.6448929646444241,0.27672710334034045,0.0,1.0,0.0,0.0,0.0,1.0,0.0,0.0,0.0,0.0,1.0,0.0,1.0,0.0
0.4683544303797469,-1.0,-1.0,-1.0,-1.0,-1.0,-1.0,0.0,1.0,0.0,0.0,0.0,0.0,1.0,0.0,0.0,0.0,1.0,0.0,1.0,0.0
-0.11392405063291144,0.26033512446676066,0.4060888123110651,-1.0,-0.45932089796816633,-0.18526997864493955,0.4308520841755783,1.0,0.0,0.0,0.0,0.0,1.0,0.0,0.0,0.0,0.0,1.0,0.0,1.0,0.0
0.1898734177215189,-1.0,-1.0,-1.0,-1.0,-1.0,-1.0,0.0,0.0,1.0,0.0,0.0,0.0,1.0,0.0,0.0,0.0,1.0,0.0,1.0,0.0
-0.3417721518987342,-1.0,0.4404046659849681,-1.0,0.08833380378817424,0.782176765273618,0.7531002864412657,0.0,0.0,1.0,0.0,0.0,1.0,0.0,0.0,0.0,0.0,1.0,0.0,1.0,0.0
-0.5443037974683544,-0.8551412152377926,0.08637319045978042,0.21269495603973576,-1.0,-1.0,0.250529451019313,0.0,1.0,0.0,0.0,0.0,1.0,0.0,0.0,0.0,0.0,1.0,0.0,1.0,0.0
-0.31645569620253167,-1.0,-0.06898359394471754,0.5152544354254396,-0.7806552088744709,-1.0,0.464329868421822,0.0,1.0,0.0,0.0,0.0,1.0,0.0,0.0,0.0,1.0,0.0,1.0,0.0,0.0
-0.11392405063291144,-1.0,-1.0,-1.0,-1.0,-1.0,-1.0,0.0,0.0,1.0,0.0,0.0,0.0,1.0,0.0,0.0,0.0,1.0,0.0,1.0,0.0
-0.189873417721519,0.3954239778783091,-1.0,-1.0,-1.0,-1.0,0.2729236720284265,0.0,1.0,0.0,0.0,0.0,1.0,0.0,0.0,0.0,1.0,0.0,0.0,1.0,0.0
-0.3417721518987342,-0.5933299775945341,-1.0,0.1911146246112685,-0.7806552088744709,0.17412239144705932,0.270020458493869,0.0,1.0,0.0,0.0,0.0,1.0,0.0,0.0,0.0,1.0,0.0,0.0,1.0,0.0
-0.2405063291139241,-1.0,-1.0,-1.0,-1.0,-1.0,-1.0,0.0,0.0,1.0,0.0,0.0,0.0,1.0,1.0,0.0,0.0,0.0,0.0,1.0,0.0
-0.26582278481012656,-1.0,-1.0,-1.0,-1.0,-1.0,-1.0,0.0,1.0,0.0,0.0,1.0,0.0,0.0,0.0,0.0,1.0,0.0,0.0,1.0,0.0
-0.6708860759493671,-1.0,-1.0,-1.0,-1.0,-1.0,-1.0,0.0,0.0,0.0,1.0,0.0,0.0,1.0,0.0,0.0,0.0,1.0,0.0,1.0,0.0
-0.2911392405063291,-1.0,-1.0,-1.0,-1.0,-1.0,-1.0,0.0,1.0,0.0,0.0,1.0,0.0,0.0,0.0,0.0,0.0,1.0,0.0,1.0,0.0
0.06329113924050622,-1.0,-0.3350577685915167,0.14502966911402182,0.2129807029739461,-0.24120535200373616,0.28045613511626777,0.0,1.0,0.0,0.0,0.0,1.0,0.0,0.0,0.0,0.0,1.0,0.0,1.0,0.0
-0.189873417721519,-1.0,-1.0,-1.0,-1.0,-1.0,-1.0,0.0,0.0,1.0,0.0,0.0,0.0,1.0,0.0,0.0,0.0,1.0,0.0,1.0,0.0
-0.1392405063291139,-1.0,-1.0,-1.0,-1.0,-1.0,-1.0,0.0,1.0,0.0,0.0,0.0,0.0,1.0,0.0,0.0,1.0,0.0,0.0,1.0,0.0
0.620253164556962,-1.0,-1.0,-1.0,-1.0,-1.0,-1.0,0.0,0.0,1.0,0.0,0.0,0.0,1.0,0.0,0.0,0.0,1.0,0.0,1.0,0.0
-0.31645569620253167,-0.3959497317415208,-1.0,-1.0,-0.21894022317537787,0.34098483736528773,0.30388237814179475,0.0,1.0,0.0,0.0,0.0,1.0,0.0,0.0,0.0,0.0,1.0,0.0,1.0,0.0
0.16455696202531644,-1.0,-1.0,-1.0,-1.0,-1.0,-1.0,0.0,1.0,0.0,0.0,0.0,0.0,1.0,0.0,0.0,1.0,0.0,0.0,1.0,0.0
0.5443037974683544,-1.0,-1.0,-1.0,-1.0,-1.0,-1.0,0.0,0.0,1.0,0.0,0.0,0.0,1.0,1.0,0.0,0.0,0.0,0.0,1.0,0.0
-0.3417721518987342,-1.0,-1.0,-1.0,0.07135055773542098,0.3841104192279188,0.3657396036121918,0.0,1.0,0.0,0.0,0.0,1.0,0.0,0.0,0.0,0.0,1.0,0.0,1.0,0.0
-0.49367088607594933,-1.0,-1.0,-1.0,-1.0,-1.0,-1.0,1.0,0.0,0.0,0.0,0.0,0.0,1.0,0.0,0.0,0.0,1.0,0.0,1.0,0.0
-0.5443037974683544,0.41113706945123263,-1.0,-0.2148124015004551,-1.0,-1.0,0.29829012696182167,0.0,1.0,0.0,0.0,0.0,1.0,0.0,0.0,0.0,0.0,1.0,0.0,1.0,0.0
-0.4177215189873418,-0.5187895331071819,0.6254738346859938,-1.0,-1.0,-0.4384882522367155,0.5862158122794157,0.0,0.0,1.0,0.0,0.0,1.0,0.0,0.0,0.0,0.0,1.0,0.0,1.0,0.0
-0.08860759493670889,0.39568702014136203,0.15715791978146454,-1.0,0.08487646660928272,-0.8626258465039598,0.3803623168972148,0.0,1.0,0.0,0.0,0.0,1.0,0.0,0.0,0.0,0.0,1.0,0.0,1.0,0.0
-0.31645569620253167,0.6471439596610287,-1.0,-1.0,-0.2490529531958,-0.3070306279527296,0.5078003608022179,0.0,1.0,0.0,0.0,0.0,1.0,0.0,0.0,0.0,1.0,0.0,0.0,1.0,0.0
-0.4683544303797469,0.3012655327569349,-1.0,0.5057188561831527,-1.0,-1.0,0.48835141055975284,0.0,0.0,0.0,1.0,0.0,1.0,0.0,0.0,0.0,0.0,1.0,0.0,1.0,0.0
0.4177215189873418,-1.0,-1.0,-1.0,-1.0,-1.0,-1.0,0.0,0.0,1.0,0.0,0.0,0.0,1.0,0.0,0.0,0.0,1.0,0.0,1.0,0.0
-0.2911392405063291,-1.0,-1.0,-1.0,-1.0,-1.0,-1.0,0.0,1.0,0.0,0.0,0.0,0.0,1.0,1.0,0.0,0.0,0.0,0.0,1.0,0.0
-0.36708860759493667,-1.0,-1.0,-1.0,-1.0,-1.0,-1.0,0.0,0.0,1.0,0.0,0.0,0.0,1.0,0.0,0.0,0.0,1.0,0.0,1.0,0.0
-0.44303797468354433,-1.0,0.31499473439938197,0.1814686367707783,-1.0,-0.4916552261572421,0.35589887712725665,0.0,1.0,0.0,0.0,0.0,1.0,0.0,1.0,0.0,0.0,0.0,0.0,1.0,0.0
-0.49367088607594933,-1.0,0.1502036130537847,0.12533841405058843,-1.0,-1.0,0.23359755994066989,0.0,1.0,0.0,0.0,0.0,1.0,0.0,0.0,0.0,0.0,1.0,0.0,1.0,0.0
-0.5189873417721519,0.06194771015643852,-1.0,0.34954542189338,-1.0,-1.0,0.3262004918050192,0.0,0.0,0.0,1.0,0.0,1.0,0.0,0.0,0.0,0.0,1.0,0.0,1.0,0.0
0.16455696202531644,-1.0,0.6143893601395827,-1.0,-0.8616088449879872,0.13883432156358722,0.5891179735031029,0.0,0.0,1.0,0.0,0.0,1.0,0.0,0.0,0.0,0.0,1.0,0.0,1.0,0.0
-0.5189873417721519,-1.0,0.6089412542300108,-1.0,-1.0,-0.25923495866381896,0.5710028295954261,0.0,0.0,1.0,0.0,0.0,1.0,0.0,0.0,0.0,0.0,1.0,0.0,1.0,0.0
0.240506329113924,-1.0,-1.0,-1.0,-1.0,-1.0,-1.0,0.0,1.0,0.0,0.0,0.0,0.0,1.0,1.0,0.0,0.0,0.0,0.0,1.0,0.0
-0.8734177215189873,-1.0,-1.0,-1.0,-1.0,-1.0,-1.0,0.0,1.0,0.0,0.0,0.0,1.0,0.0,0.0,0.0,0.0,1.0,0.0,1.0,0.0
0.4430379746835442,0.2352799561855754,-1.0,0.2830834595400731,0.39509598111106015,0.23675409185045848,0.49898510784718453,0.0,0.0,0.0,1.0,0.0,1.0,0.0,0.0,0.0,0.0,1.0,0.0,1.0,0.0
-0.9746835443037974,-1.0,-1.0,-1.0,-1.0,-1.0,-1.0,0.0,0.0,0.0,1.0,0.0,1.0,0.0,0.0,0.0,0.0,1.0,0.0,1.0,0.0
-0.11392405063291144,-1.0,-0.8644880666376419,-1.0,-1.0,0.5968836676137619,0.5361242288007939,0.0,0.0,1.0,0.0,0.0,1.0,0.0,0.0,0.0,0.0,1.0,0.0,0.0,1.0
-0.3924050632911392,0.3746878431273488,-1.0,0.10954736537926069,0.1407823685377967,0.1798674026821645,0.41466414246197214,0.0,1.0,0.0,0.0,0.0,1.0,0.0,0.0,0.0,0.0,1.0,0.0,1.0,0.0
0.08860759493670889,-1.0,-1.0,-1.0,-1.0,-1.0,-1.0,0.0,0.0,0.0,1.0,0.0,0.0,1.0,0.0,0.0,0.0,1.0,0.0,1.0,0.0
-0.26582278481012656,-0.28234114300394575,-1.0,0.27316942928102805,0.11627539949736287,-0.6143419940193948,0.29871004050405636,0.0,1.0,0.0,0.0,0.0,1.0,0.0,0.0,0.0,0.0,1.0,0.0,1.0,0.0
-0.31645569620253167,-1.0,-1.0,-0.7816847539510678,-1.0,0.3270337584977929,0.27696231702976926,0.0,1.0,0.0,0.0,0.0,1.0,0.0,1.0,0.0,0.0,0.0,0.0,1.0,0.0
0.11392405063291133,-1.0,-1.0,-1.0,-1.0,-1.0,-1.0,1.0,0.0,0.0,0.0,0.0,0.0,1.0,0.0,0.0,0.0,1.0,0.0,1.0,0.0
0.240506329113924,0.5166195905409048,-1.0,0.24728894976980564,0.43894620189281763,0.04300735844975545,0.5551265753015104,0.0,0.0,0.0,1.0,0.0,1.0,0.0,0.0,0.0,0.0,1.0,0.0,1.0,0.0
-0.3417721518987342,-1.0,-1.0,-1.0,-1.0,-1.0,-1.0,0.0,0.0,1.0,0.0,1.0,0.0,0.0,0.0,0.0,0.0,1.0,0.0,1.0,0.0
-0.5443037974683544,-0.17424122981986145,0.13957282415591066,-0.8622584156094552,-1.0,0.20497594077207482,0.28091717686720474,0.0,1.0,0.0,0.0,0.0,1.0,0.0,1.0,0.0,0.0,0.0,0.0,1.0,0.0
-0.49367088607594933,-0.7704042582518641,-1.0,-0.5867752468283656,-0.7806552088744709,0.24983445587651731,0.20602138102752,0.0,1.0,0.0,0.0,0.0,1.0,0.0,0.0,0.0,0.0,1.0,0.0,1.0,0.0
-0.6962025316455696,-1.0,-1.0,-1.0,-1.0,-1.0,-1.0,0.0,1.0,0.0,0.0,0.0,1.0,0.0,0.0,0.0,1.0,0.0,0.0,1.0,0.0
-0.5696202531645569,-1.0,-1.0,-1.0,-1.0,-1.0,-1.0,0.0,0.0,1.0,0.0,0.0,0.0,1.0,1.0,0.0,0.0,0.0,0.0,1.0,0.0
0.6455696202531644,-1.0,-1.0,-1.0,-1.0,0.35034983983322765,0.29891965093869466,0.0,1.0,0.0,0.0,0.0,1.0,0.0,0.0,0.0,0.0,1.0,0.0,1.0,0.0
-0.3924050632911392,-1.0,-1.0,-1.0,-1.0,-1.0,-1.0,0.0,1.0,0.0,0.0,0.0,0.0,1.0,0.0,0.0,1.0,0.0,0.0,1.0,0.0
0.3417721518987342,-0.32729663573877876,-1.0,0.39272384720588205,-1.0,-1.0,0.340198753687325,0.0,0.0,0.0,1.0,0.0,1.0,0.0,0.0,0.0,0.0,1.0,0.0,1.0,0.0
0.012658227848101333,-1.0,-1.0,-1.0,-1.0,-1.0,-1.0,0.0,0.0,1.0,0.0,0.0,0.0,1.0,0.0,0.0,0.0,1.0,0.0,1.0,0.0
-0.9493670886075949,-1.0,-1.0,-1.0,-1.0,-1.0,-1.0,0.0,1.0,0.0,0.0,0.0,0.0,1.0,0.0,0.0,0.0,1.0,0.0,1.0,0.0
0.2911392405063291,-1.0,-1.0,0.060670767280634585,0.16842870209166705,0.10433969117727271,0.2783675371840073,0.0,1.0,0.0,0.0,0.0,1.0,0.0,0.0,1.0,0.0,0.0,0.0,1.0,0.0
-0.49367088607594933,-1.0,-1.0,-1.0,-1.0,-1.0,-1.0,0.0,1.0,0.0,0.0,0.0,0.0,1.0,0.0,0.0,0.0,1.0,0.0,1.0,0.0
0.11392405063291133,-1.0,-1.0,-1.0,-1.0,-1.0,-1.0,0.0,0.0,0.0,1.0,0.0,0.0,1.0,0.0,0.0,0.0,1.0,0.0,1.0,0.0
-0.31645569620253167,0.3025009277853645,0.24599927813955302,-0.5424323609787505,-1.0,-1.0,0.33558832020034934,0.0,1.0,0.0,0.0,0.0,1.0,0.0,0.0,0.0,0.0,1.0,0.0,1.0,0.0
-0.08860759493670889,-1.0,-1.0,-1.0,-1.0,-1.0,-1.0,0.0,1.0,0.0,0.0,0.0,0.0,1.0,0.0,0.0,0.0,1.0,0.0,1.0,0.0
-0.08860759493670889,-1.0,-1.0,-1.0,-1.0,-1.0,-1.0,0.0,0.0,0.0,1.0,0.0,0.0,1.0,0.0,0.0,0.0,1.0,0.0,1.0,0.0
-0.3417721518987342,0.37900293896512105,-1.0,0.4243805952716573,-0.12262083549788372,-1.0,0.4592481935745596,0.0,0.0,0.0,1.0,0.0,1.0,0.0,0.0,0.0,0.0,1.0,0.0,1.0,0.0
-0.4177215189873418,-0.8551412152377926,-1.0,-0.5062015851699782,-1.0,0.5372774995768093,0.4797042727656504,0.0,0.0,0.0,1.0,0.0,1.0,0.0,0.0,0.0,0.0,1.0,0.0,1.0,0.0
-0.620253164556962,-1.0,-0.6195699068776419,-1.0,0.3755498478024055,-1.0,0.3145975771764009,0.0,1.0,0.0,0.0,0.0,1.0,0.0,0.0,0.0,0.0,1.0,0.0,1.0,0.0
-0.4177215189873418,0.10517932850223399,-0.15077563990122977,0.7163229373861959,-0.5848265349639614,-1.0,0.6557935014188607,0.0,0.0,0.0,1.0,0.0,1.0,0.0,0.0,0.0,0.0,1.0,0.0,1.0,0.0
-0.08860759493670889,0.30737074930098474,-1.0,0.4966633162921783,-1.0,-1.0,0.48268372298930173,0.0,0.0,0.0,1.0,1.0,0.0,0.0,0.0,0.0,0.0,1.0,0.0,1.0,0.0
-0.012658227848101333,-1.0,-1.0,-1.0,-0.5848265349639614,0.31646788306820506,0.2680601258366466,0.0,1.0,0.0,0.0,0.0,1.0,0.0,0.0,0.0,1.0,0.0,0.0,1.0,0.0
0.08860759493670889,0.5088116949514674,0.572115476884113,-1.0,-0.21498650520515272,0.5353173256838146,0.6833212375270621,0.0,0.0,1.0,0.0,0.0,1.0,0.0,1.0,0.0,0.0,0.0,0.0,1.0,0.0
-0.5696202531645569,-1.0,-1.0,-1.0,-1.0,-1.0,-1.0,0.0,1.0,0.0,0.0,0.0,0.0,1.0,0.0,0.0,1.0,0.0,0.0,1.0,0.0
0.8481012658227849,-1.0,-1.0,-1.0,-1.0,-1.0,-1.0,0.0,0.0,1.0,0.0,0.0,0.0,1.0,0.0,0.0,0.0,1.0,0.0,0.0,1.0
-0.6708860759493671,-1.0,-0.5934641999129258,-1.0,0.41154443654598993,-1.0,0.34893695038886774,0.0,1.0,0.0,0.0,0.0,1.0,0.0,0.0,0.0,0.0,1.0,0.0,1.0,0.0
-0.620253164556962,-1.0,-1.0,-1.0,-1.0,-1.0,-1.0,0.0,1.0,0.0,0.0,0.0,0.0,1.0,0.0,0.0,1.0,0.0,0.0,1.0,0.0
-0.4683544303797469,0.3506894628866053,-1.0,-0.011027946161267899,-0.07080780777595519,-1.0,0.2944686937979426,0.0,1.0,0.0,0.0,0.0,1.0,0.0,0.0,0.0,0.0,1.0,0.0,1.0,0.0
0.21518987341772156,-1.0,-0.31058807447301096,0.2886208825513745,-1.0,-0.06133751837257284,0.27459701781593626,0.0,1.0,0.0,0.0,0.0,1.0,0.0,0.0,0.0,0.0,1.0,0.0,1.0,0.0
-0.31645569620253167,-1.0,-1.0,-1.0,-1.0,-1.0,-1.0,0.0,1.0,0.0,0.0,0.0,0.0,1.0,1.0,0.0,0.0,0.0,0.0,1.0,0.0
-0.16455696202531644,0.2505651931161017,0.3988971087793909,-0.5867752468283656,0.14469732207084762,0.6857016558478772,0.686035226675817,0.0,0.0,1.0,0.0,0.0,1.0,0.0,1.0,0.0,0.0,0.0,0.0,1.0,0.0
-0.012658227848101333,-1.0,-1.0,-1.0,0.4904502984719641,-0.14967809093485762,0.4308520841755783,0.0,1.0,0.0,0.0,0.0,1.0,0.0,0.0,0.0,0.0,1.0,0.0,1.0,0.0
-0.8481012658227848,-1.0,-1.0,-1.0,-1.0,-1.0,-1.0,0.0,1.0,0.0,0.0,0.0,1.0,0.0,0.0,0.0,0.0,1.0,0.0,1.0,0.0
0.08860759493670889,-1.0,-1.0,0.28494646475450214,-1.0,-0.5645342362809285,0.2350674259044534,0.0,1.0,0.0,0.0,0.0,1.0,0.0,1.0,0.0,0.0,0.0,0.0,1.0,0.0
-0.2911392405063291,-1.0,-1.0,-1.0,-1.0,-1.0,-1.0,0.0,1.0,0.0,0.0,0.0,0.0,1.0,0.0,0.0,1.0,0.0,0.0,1.0,0.0
-0.9493670886075949,-1.0,-1.0,-1.0,-1.0,-1.0,-1.0,0.0,1.0,0.0,0.0,0.0,0.0,1.0,0.0,0.0,0.0,1.0,0.0,1.0,0.0
-0.03797468354430378,0.059335338010751304,0.3039028449673291,0.5787927938037438,-1.0,-0.11490609123496331,0.5739956802462274,0.0,0.0,1.0,0.0,0.0,1.0,0.0,0.0,0.0,0.0,1.0,0.0,1.0,0.0
-0.3417721518987342,-1.0,0.6005822203847622,-0.23071841638888846,-0.40188337906966964,0.07776755451008843,0.5758181214159894,0.0,0.0,1.0,0.0,1.0,0.0,0.0,1.0,0.0,0.0,0.0,0.0,1.0,0.0
-0.36708860759493667,-1.0,-1.0,0.3502141351460417,-1.0,-1.0,0.2953245456106577,0.0,1.0,0.0,0.0,0.0,1.0,0.0,0.0,0.0,0.0,1.0,0.0,1.0,0.0
-0.1392405063291139,-1.0,-1.0,-1.0,-1.0,-1.0,-1.0,0.0,1.0,0.0,0.0,0.0,0.0,1.0,0.0,0.0,0.0,1.0,0.0,1.0,0.0
-0.49367088607594933,-0.2343630575961404,0.0553537326607898,0.23336518673665907,-1.0,-1.0,0.2630692473235283,0.0,1.0,0.0,0.0,0.0,1.0,0.0,0.0,0.0,1.0,0.0,0.0,1.0,0.0
-0.4177215189873418,0.21817415159922904,0.29553918595176065,-0.5867752468283656,-1.0,-1.0,0.33524232977670954,0.0,1.0,0.0,0.0,0.0,1.0,0.0,0.0,1.0,0.0,0.0,0.0,1.0,0.0
-0.36708860759493667,-1.0,-1.0,-1.0,-1.0,-1.0,-1.0,0.0,0.0,0.0,1.0,0.0,0.0,1.0,0.0,0.0,0.0,1.0,0.0,1.0,0.0
-0.2911392405063291,-1.0,-1.0,-1.0,-1.0,-1.0,-1.0,0.0,0.0,1.0,0.0,0.0,0.0,1.0,1.0,0.0,0.0,0.0,0.0,1.0,0.0
-0.44303797468354433,0.3651732759951518,-0.2514914402879457,-0.43698639210870016,-0.5848265349639614,-0.6810270934861755,0.2643292695647548,0.0,1.0,0.0,0.0,0.0,1.0,0.0,0.0,0.0,0.0,1.0,0.0,1.0,0.0
-0.620253164556962,-1.0,-1.0,-1.0,-1.0,-1.0,-1.0,0.0,0.0,1.0,0.0,0.0,0.0,1.0,0.0,0.0,0.0,1.0,0.0,1.0,0.0
-0.5443037974683544,0.47356548698403333,-1.0,-1.0,0.447776223844365,0.04606431895329055,0.5103051647767283,0.0,1.0,0.0,0.0,0.0,1.0,0.0,0.0,0.0,0.0,1.0,0.0,1.0,0.0
-0.31645569620253167,-1.0,-1.0,-1.0,-1.0,-1.0,-1.0,0.0,0.0,0.0,1.0,0.0,0.0,1.0,0.0,0.0,0.0,1.0,0.0,1.0,0.0
-0.26582278481012656,-1.0,0.23181870846989083,-0.5867752468283656,0.5738286321113968,0.45742694844044185,0.6144658785539703,0.0,0.0,1.0,0.0,0.0,1.0,0.0,0.0,0.0,0.0,1.0,0.0,1.0,0.0
-0.2405063291139241,-1.0,-1.0,-1.0,-1.0,-1.0,-1.0,0.0,0.0,0.0,1.0,0.0,0.0,1.0,0.0,0.0,0.0,1.0,0.0,1.0,0.0
0.3417721518987342,-1.0,-1.0,-1.0,-1.0,-1.0,-1.0,0.0,0.0,1.0,0.0,0.0,0.0,1.0,0.0,1.0,0.0,0.0,0.0,1.0,0.0
0.03797468354430378,-1.0,-1.0,-1.0,-1.0,-1.0,-1.0,0.0,0.0,1.0,0.0,0.0,0.0,1.0,0.0,1.0,0.0,0.0,0.0,1.0,0.0
-0.1392405063291139,-1.0,0.25670997125685324,-1.0,-1.0,0.8422676040942918,0.7826257868861588,0.0,0.0,1.0,0.0,0.0,1.0,0.0,1.0,0.0,0.0,0.0,0.0,0.0,1.0
0.26582278481012667,-0.15141999188571376,-0.3350577685915167,-1.0,-1.0,0.2818268074729091,0.25690243456684425,0.0,1.0,0.0,0.0,0.0,1.0,0.0,1.0,0.0,0.0,0.0,0.0,1.0,0.0
0.08860759493670889,-0.8551412152377926,-0.5704373344408764,-1.0,-1.0,0.3028311643140673,0.255592184247051,0.0,1.0,0.0,0.0,0.0,1.0,0.0,0.0,0.0,0.0,1.0,0.0,1.0,0.0
-0.6962025316455696,-1.0,-1.0,-1.0,-1.0,-1.0,-1.0,0.0,1.0,0.0,0.0,0.0,0.0,1.0,0.0,0.0,0.0,1.0,0.0,1.0,0.0
-0.6708860759493671,-1.0,-1.0,-1.0,-1.0,-1.0,-1.0,0.0,0.0,1.0,0.0,0.0,0.0,1.0,1.0,0.0,0.0,0.0,0.0,1.0,0.0
-0.1392405063291139,-1.0,-1.0,-1.0,-1.0,-1.0,-1.0,0.0,0.0,0.0,1.0,0.0,0.0,1.0,0.0,0.0,0.0,1.0,0.0,1.0,0.0
-0.08860759493670889,0.367893319386837,-1.0,-1.0,-1.0,-1.0,0.24780985181615733,0.0,1.0,0.0,0.0,0.0,1.0,0.0,1.0,0.0,0.0,0.0,0.0,1.0,0.0
-0.5189873417721519,0.44776989334736483,0.09232048994907505,-0.015182503767690925,-1.0,-1.0,0.3846860326805843,0.0,0.0,0.0,1.0,0.0,1.0,0.0,0.0,0.0,0.0,1.0,0.0,1.0,0.0
0.06329113924050622,-1.0,0.4833373697936252,-1.0,-0.06334315395992085,-0.6448929646444241,0.4570673422865079,1.0,0.0,0.0,0.0,0.0,1.0,0.0,0.0,0.0,0.0,1.0,0.0,1.0,0.0
-0.44303797468354433,-1.0,0.2937181258657593,-0.5633695079021357,-1.0,0.1400966762135012,0.32979759231540573,0.0,1.0,0.0,0.0,0.0,1.0,0.0,0.0,0.0,0.0,1.0,0.0,1.0,0.0
-0.06329113924050633,-1.0,-0.4461000078353691,0.14996704360973756,0.6784517430271935,0.4299812682612696,0.6640238732359953,0.0,0.0,1.0,0.0,0.0,1.0,0.0,1.0,0.0,0.0,0.0,0.0,1.0,0.0
-0.16455696202531644,0.6794721717286725,-1.0,0.33058313942946027,-1.0,-1.0,0.5763076971115964,0.0,0.0,0.0,1.0,0.0,1.0,0.0,0.0,0.0,0.0,1.0,0.0,1.0,0.0
-0.3417721518987342,-1.0,0.02269425914104306,-1.0,0.25945117246925586,0.6903390265344818,0.6517880927377036,0.0,0.0,1.0,0.0,0.0,1.0,0.0,1.0,0.0,0.0,0.0,0.0,0.0,1.0
-0.4683544303797469,-1.0,-1.0,0.339469945556544,-0.6786656890936953,0.2198252323131733,0.3698270027479391,0.0,1.0,0.0,0.0,0.0,1.0,0.0,0.0,0.0,0.0,1.0,0.0,1.0,0.0
0.31645569620253156,-0.20445683437311757,-1.0,-1.0,-0.2490529531958,0.4779018072445316,0.4308520841755783,0.0,1.0,0.0,0.0,0.0,1.0,0.0,0.0,0.0,0.0,1.0,0.0,1.0,0.0
-0.49367088607594933,-0.7102824304755853,-1.0,-1.0,0.33636379011573037,-1.0,0.27672710334034045,0.0,1.0,0.0,0.0,0.0,1.0,0.0,0.0,0.0,0.0,1.0,0.0,1.0,0.0
0.06329113924050622,0.38928078520685516,-1.0,0.4251451945247655,-1.0,-1.0,0.4557835618722621,0.0,0.0,0.0,1.0,0.0,1.0,0.0,0.0,0.0,0.0,1.0,0.0,1.0,0.0
-0.4683544303797469,0.21256760537440655,-0.514194800495722,-1.0,-1.0,0.18694633411199213,0.25949622520548155,0.0,1.0,0.0,0.0,0.0,1.0,0.0,0.0,0.0,0.0,1.0,0.0,1.0,0.0
-0.44303797468354433,0.30495002281023065,-1.0,-0.7816847539510678,-0.02816640743580945,0.262444369553263,0.3562093668882307,0.0,1.0,0.0,0.0,0.0,1.0,0.0,0.0,0.0,0.0,1.0,0.0,1.0,0.0
0.36708860759493667,-1.0,0.3875877935529073,-1.0,-0.7232176899759744,0.27997167058927563,0.4340754283781705,0.0,0.0,1.0,0.0,0.0,1.0,0.0,0.0,0.0,0.0,1.0,0.0,1.0,0.0
-0.1392405063291139,-1.0,-1.0,0.3475256733865604,-0.37397903613286987,-1.0,0.29744751488910315,0.0,1.0,0.0,0.0,0.0,1.0,0.0,0.0,0.0,0.0,1.0,0.0,1.0,0.0
-0.44303797468354433,0.37293654474702675,-0.6195699068776419,-0.15292408815823577,-1.0,-1.0,0.2717193681429104,0.0,1.0,0.0,0.0,0.0,1.0,0.0,0.0,0.0,0.0,1.0,0.0,1.0,0.0
-0.44303797468354433,0.2919756900119246,-1.0,-1.0,0.14209590112450243,-0.3873893563162252,0.2764915990842052,0.0,1.0,0.0,0.0,0.0,1.0,0.0,1.0,0.0,0.0,0.0,0.0,1.0,0.0
-0.49367088607594933,-1.0,0.08637319045978042,0.15359120060701303,-0.02211575551465006,-1.0,0.2550655522240399,0.0,1.0,0.0,0.0,0.0,1.0,0.0,0.0,0.0,0.0,1.0,0.0,1.0,0.0
-0.3924050632911392,-0.6255454734896567,-0.8644880666376419,-0.5867752468283656,-1.0,0.3472770804528862,0.29871004050405636,0.0,1.0,0.0,0.0,0.0,1.0,0.0,0.0,0.0,0.0,1.0,0.0,1.0,0.0
-0.4683544303797469,-1.0,-1.0,-1.0,-1.0,-1.0,-1.0,0.0,1.0,0.0,0.0,0.0,0.0,1.0,1.0,0.0,0.0,0.0,0.0,1.0,0.0
-0.6455696202531646,0.25882254572586816,-1.0,-0.8622584156094552,-1.0,0.2926071147652294,0.3338520543637926,0.0,1.0,0.0,0.0,0.0,1.0,0.0,1.0,0.0,0.0,0.0,0.0,1.0,0.0
-0.44303797468354433,-1.0,-1.0,-1.0,-1.0,-1.0,-1.0,0.0,1.0,0.0,0.0,0.0,0.0,1.0,0.0,0.0,1.0,0.0,0.0,1.0,0.0
0.4683544303797469,-1.0,-1.0,0.3668548502678808,-1.0,-1.0,0.3112887739450776,0.0,1.0,0.0,0.0,0.0,1.0,0.0,0.0,0.0,0.0,1.0,0.0,1.0,0.0
-0.2405063291139241,-0.14088059653679108,-0.269276640735722,0.2553412856785313,-0.8616088449879872,-1.0,0.2365260456527809,0.0,1.0,0.0,0.0,0.0,1.0,0.0,1.0,0.0,0.0,0.0,0.0,1.0,0.0
-0.620253164556962,-1.0,-1.0,-1.0,-1.0,-1.0,-1.0,0.0,1.0,0.0,0.0,0.0,0.0,1.0,0.0,0.0,0.0,1.0,0.0,1.0,0.0
-0.3417721518987342,-1.0,-1.0,-1.0,-1.0,-1.0,-1.0,0.0,0.0,0.0,1.0,1.0,0.0,0.0,0.0,0.0,0.0,1.0,0.0,1.0,0.0
-0.06329113924050633,0.46259788736937213,-0.7852186672204382,-0.34505426185320365,-0.29015259890148426,-0.8626258465039598,0.3448650170523748,0.0,0.0,0.0,1.0,0.0,1.0,0.0,0.0,0.0,0.0,1.0,0.0,1.0,0.0
-0.31645569620253167,-1.0,-1.0,-1.0,-1.0,-1.0,-1.0,0.0,0.0,1.0,0.0,0.0,0.0,1.0,1.0,0.0,0.0,0.0,0.0,1.0,0.0
-0.03797468354430378,-1.0,-1.0,-1.0,-1.0,-1.0,-1.0,0.0,0.0,0.0,1.0,0.0,0.0,1.0,0.0,1.0,0.0,0.0,0.0,1.0,0.0
0.1898734177215189,-1.0,-1.0,-1.0,-1.0,-1.0,-1.0,0.0,1.0,0.0,0.0,0.0,0.0,1.0,0.0,0.0,0.0,1.0,0.0,1.0,0.0
-0.8227848101265822,-1.0,-1.0,-1.0,-1.0,-1.0,-1.0,0.0,1.0,0.0,0.0,0.0,1.0,0.0,0.0,0.0,0.0,1.0,0.0,1.0,0.0
0.11392405063291133,-1.0,-1.0,-1.0,-1.0,-1.0,-1.0,1.0,0.0,0.0,0.0,0.0,0.0,1.0,1.0,0.0,0.0,0.0,0.0,1.0,0.0
0.139240506329114,-1.0,-0.10362788039292559,-1.0,-0.45932089796816633,0.15170428033974126,0.16254097355663633,0.0,1.0,0.0,0.0,0.0,1.0,0.0,0.0,0.0,0.0,1.0,0.0,1.0,0.0
-0.4683544303797469,0.2419681125601998,0.013051090531871257,0.011002568586273354,-1.0,-0.11719731918136134,0.2753096940518822,0.0,1.0,0.0,0.0,0.0,1.0,0.0,0.0,0.0,0.0,1.0,0.0,1.0,0.0
-0.3924050632911392,-1.0,-1.0,-1.0,-1.0,-1.0,-1.0,0.0,1.0,0.0,0.0,0.0,0.0,1.0,0.0,0.0,1.0,0.0,0.0,1.0,0.0
0.06329113924050622,-1.0,0.10161485847599572,-0.3176011508255203,0.20116327587433913,-1.0,0.25400790362447356,0.0,1.0,0.0,0.0,0.0,1.0,0.0,1.0,0.0,0.0,0.0,0.0,1.0,0.0
-0.31645569620253167,-1.0,0.19042285180383978,-1.0,-1.0,0.15229677408444053,0.26830627263791507,0.0,1.0,0.0,0.0,0.0,1.0,0.0,0.0,0.0,1.0,0.0,1.0,0.0,0.0
-0.49367088607594933,-0.4639587993442762,0.013051090531871257,0.39362019108339963,-1.0,-1.0,0.3669164016149582,0.0,1.0,0.0,0.0,0.0,1.0,0.0,0.0,0.0,0.0,1.0,0.0,1.0,0.0
0.03797468354430378,-1.0,-1.0,-1.0,-1.0,-1.0,-1.0,0.0,0.0,1.0,0.0,0.0,0.0,1.0,1.0,0.0,0.0,0.0,0.0,1.0,0.0
-0.4177215189873418,-1.0,-1.0,-1.0,-1.0,-1.0,-1.0,0.0,1.0,0.0,0.0,0.0,0.0,1.0,1.0,0.0,0.0,0.0,0.0,1.0,0.0
-0.6455696202531646,0.33371690570915824,-0.5498391013710785,-1.0,-1.0,0.04300735844975545,0.2724428630192193,0.0,1.0,0.0,0.0,0.0,1.0,0.0,1.0,0.0,0.0,0.0,0.0,1.0,0.0
-0.1392405063291139,-1.0,-1.0,-1.0,-1.0,-1.0,-1.0,0.0,1.0,0.0,0.0,0.0,0.0,1.0,1.0,0.0,0.0,0.0,0.0,1.0,0.0
0.5189873417721518,-1.0,-1.0,-1.0,-1.0,-1.0,-1.0,0.0,0.0,1.0,0.0,0.0,0.0,1.0,1.0,0.0,0.0,0.0,0.0,1.0,0.0
-0.16455696202531644,-1.0,-1.0,0.002224903805184253,-0.37397903613286987,0.32995193161132397,0.3163263205488358,0.0,1.0,0.0,0.0,0.0,1.0,0.0,0.0,0.0,0.0,1.0,0.0,1.0,0.0
-0.4683544303797469,0.4560059125719462,-1.0,-0.10143424030282511,-1.0,-1.0,0.34387467367669355,0.0,0.0,0.0,1.0,0.0,1.0,0.0,0.0,0.0,0.0,1.0,0.0,1.0,0.0
0.16455696202531644,-1.0,-1.0,-1.0,0.18066773416892556,0.23790971617421475,0.2936089824375072,0.0,1.0,0.0,0.0,0.0,1.0,0.0,0.0,0.0,0.0,1.0,0.0,1.0,0.0
-0.36708860759493667,-1.0,-1.0,-1.0,-1.0,-1.0,-1.0,0.0,0.0,0.0,1.0,0.0,0.0,1.0,0.0,0.0,0.0,1.0,0.0,1.0,0.0
-0.7215189873417722,-1.0,-1.0,-1.0,-1.0,-1.0,-1.0,0.0,1.0,0.0,0.0,0.0,1.0,0.0,0.0,0.0,0.0,1.0,0.0,1.0,0.0
-0.36708860759493667,-1.0,-1.0,-1.0,-1.0,-1.0,-1.0,0.0,1.0,0.0,0.0,0.0,0.0,1.0,0.0,0.0,1.0,0.0,0.0,1.0,0.0
-0.36708860759493667,0.25882254572586816,-1.0,0.26030066501339877,0.3285430262449318,-1.0,0.4241285425192336,0.0,0.0,0.0,1.0,0.0,1.0,0.0,0.0,0.0,0.0,1.0,0.0,1.0,0.0
-0.3924050632911392,-0.7704042582518641,-1.0,-1.0,-0.20730647247606515,0.28028206847573833,0.24698634871665126,0.0,1.0,0.0,0.0,0.0,1.0,0.0,0.0,0.0,0.0,1.0,0.0,1.0,0.0
-0.8987341772151899,-1.0,-1.0,-1.0,-1.0,-1.0,-1.0,0.0,1.0,0.0,0.0,0.0,0.0,1.0,0.0,0.0,1.0,0.0,0.0,1.0,0.0
-0.012658227848101333,-0.023439284835389596,0.07470954960218723,-0.03736749843806331,-0.5848265349639614,0.6867416005669513,0.6401523997265846,0.0,0.0,1.0,0.0,0.0,1.0,0.0,1.0,0.0,0.0,0.0,0.0,1.0,0.0
0.139240506329114,-1.0,-1.0,-1.0,-1.0,-1.0,-1.0,0.0,0.0,1.0,0.0,0.0,0.0,1.0,1.0,0.0,0.0,0.0,0.0,1.0,0.0
-0.31645569620253167,-1.0,-1.0,-1.0,-1.0,-1.0,-1.0,0.0,0.0,1.0,0.0,0.0,0.0,1.0,1.0,0.0,0.0,0.0,0.0,1.0,0.0
0.08860759493670889,-1.0,-1.0,0.30824916032829375,-1.0,-1.0,0.2550655522240399,0.0,1.0,0.0,0.0,0.0,1.0,0.0,1.0,0.0,0.0,0.0,0.0,1.0,0.0
0.49367088607594933,0.44756490358065437,-1.0,0.0625723999809904,-1.0,-1.0,0.35605418521820686,1.0,0.0,0.0,0.0,0.0,1.0,0.0,0.0,0.0,0.0,1.0,0.0,0.0,1.0
0.1898734177215189,-1.0,0.11961244611928623,-0.11716033747799548,0.24078524274293955,-1.0,0.2946830172281585,0.0,1.0,0.0,0.0,0.0,1.0,0.0,0.0,0.0,0.0,1.0,0.0,1.0,0.0
0.21518987341772156,-1.0,0.24633261563589715,0.32459867411117993,-0.6786656890936953,-0.3873893563162252,0.3804989279178208,0.0,1.0,0.0,0.0,0.0,1.0,0.0,0.0,0.0,0.0,1.0,0.0,1.0,0.0
-0.2405063291139241,0.13829757763870099,-1.0,-1.0,0.12142335920090219,-0.3468013544213927,0.1965835270499643,0.0,1.0,0.0,0.0,0.0,1.0,0.0,0.0,0.0,1.0,0.0,0.0,1.0,0.0
-0.2405063291139241,-1.0,0.3649849458333465,-1.0,0.6417912833812591,-0.5436529399901353,0.6163774784881377,0.0,0.0,1.0,0.0,0.0,1.0,0.0,0.0,0.0,0.0,1.0,0.0,1.0,0.0
0.4683544303797469,-1.0,-1.0,-1.0,-1.0,-1.0,-1.0,0.0,1.0,0.0,0.0,0.0,0.0,1.0,0.0,0.0,0.0,1.0,0.0,1.0,0.0
-0.11392405063291144,-1.0,-1.0,-1.0,-1.0,-1.0,-1.0,0.0,0.0,1.0,0.0,0.0,0.0,1.0,0.0,0.0,0.0,1.0,0.0,1.0,0.0
-0.6455696202531646,-1.0,-1.0,-1.0,-1.0,-1.0,-1.0,0.0,1.0,0.0,0.0,0.0,0.0,1.0,0.0,0.0,0.0,1.0,0.0,1.0,0.0
-0.26582278481012656,-1.0,0.3168611198795319,-1.0,0.4890733534761782,-0.5075188111483839,0.49802914490894223,0.0,0.0,1.0,0.0,0.0,1.0,0.0,0.0,0.0,0.0,1.0,0.0,1.0,0.0
0.1898734177215189,-1.0,-1.0,-1.0,-1.0,-1.0,-1.0,0.0,0.0,1.0,0.0,0.0,0.0,1.0,1.0,0.0,0.0,0.0,0.0,1.0,0.0
0.31645569620253156,-1.0,0.7431720573217486,-1.0,0.40863718521096337,0.780667547617897,0.8523706390095978,0.0,0.0,1.0,0.0,0.0,1.0,0.0,0.0,0.0,0.0,1.0,0.0,0.0,1.0
0.36708860759493667,-1.0,0.12587908500413025,0.10347913507471507,-1.0,-1.0,0.21106953135021334,0.0,1.0,0.0,0.0,0.0,1.0,0.0,0.0,0.0,1.0,0.0,0.0,1.0,0.0
-0.06329113924050633,-1.0,0.716634930773594,-1.0,0.32569259682668106,-1.0,0.6951099540020993,0.0,0.0,1.0,0.0,0.0,1.0,0.0,0.0,0.0,0.0,1.0,0.0,1.0,0.0
0.4430379746835442,0.11345712544182729,0.6408495593034067,-1.0,0.47176378456778156,0.134351664978396,0.6741801584984441,0.0,0.0,1.0,0.0,0.0,1.0,0.0,0.0,0.0,0.0,1.0,0.0,1.0,0.0
-0.4177215189873418,-0.2891937913590461,-0.3049209416110785,-0.8622584156094552,0.5875080689719596,-1.0,0.5200733841402396,0.0,1.0,0.0,0.0,0.0,1.0,0.0,1.0,0.0,0.0,0.0,0.0,1.0,0.0
0.36708860759493667,-1.0,-1.0,-1.0,-1.0,-1.0,-1.0,0.0,0.0,1.0,0.0,0.0,0.0,1.0,0.0,0.0,0.0,1.0,0.0,1.0,0.0
-0.012658227848101333,0.1856510956038493,-1.0,-0.11716033747799548,0.11552902018687372,-1.0,0.23211627299244952,1.0,0.0,0.0,0.0,0.0,1.0,0.0,0.0,0.0,0.0,1.0,0.0,1.0,0.0
-0.26582278481012656,-1.0,-1.0,-1.0,0.4987378377684146,-0.8626258465039598,0.4311664134654165,0.0,1.0,0.0,0.0,0.0,1.0,0.0,1.0,0.0,0.0,0.0,0.0,1.0,0.0
-0.012658227848101333,-1.0,-1.0,-1.0,-1.0,-1.0,-1.0,0.0,0.0,1.0,0.0,0.0,0.0,1.0,1.0,0.0,0.0,0.0,0.0,1.0,0.0
-0.44303797468354433,0.007376426520468993,-0.8644880666376419,0.29043292338112625,-1.0,-1.0,0.2707504172839674,0.0,1.0,0.0,0.0,0.0,1.0,0.0,0.0,0.0,0.0,1.0,0.0,1.0,0.0
0.1898734177215189,-1.0,-0.8644880666376419,-1.0,0.3726829398126239,-0.6448929646444241,0.31187686902665845,0.0,1.0,0.0,0.0,0.0,1.0,0.0,0.0,0.0,0.0,1.0,0.0,1.0,0.0
-0.49367088607594933,-0.7704042582518641,0.8029176948326318,-1.0,-0.7806552088744709,0.07429046514932791,0.7623500888342369,0.0,0.0,1.0,0.0,0.0,1.0,0.0,1.0,0.0,0.0,0.0,0.0,1.0,0.0
-0.7468354430379747,-1.0,-1.0,-1.0,-1.0,-1.0,-1.0,0.0,1.0,0.0,0.0,0.0,1.0,0.0,1.0,0.0,0.0,0.0,0.0,1.0,0.0
-0.49367088607594933,-1.0,-1.0,-1.0,-1.0,-1.0,-1.0,0.0,1.0,0.0,0.0,0.0,0.0,1.0,0.0,0.0,1.0,0.0,0.0,1.0,0.0
0.3924050632911391,-1.0,-1.0,-1.0,-1.0,-1.0,-1.0,0.0,0.0,1.0,0.0,0.0,0.0,1.0,0.0,0.0,0.0,1.0,0.0,1.0,0.0
-0.36708860759493667,-1.0,-1.0,0.27770807258627395,-1.0,-0.1551836952433331,0.24615927292440265,0.0,1.0,0.0,0.0,0.0,1.0,0.0,0.0,0.0,1.0,0.0,0.0,1.0,0.0
-0.012658227848101333,-1.0,-1.0,-1.0,-1.0,0.388829428119867,0.33593368382940003,0.0,1.0,0.0,0.0,0.0,1.0,0.0,0.0,0.0,0.0,1.0,0.0,1.0,0.0
-0.31645569620253167,-1.0,-1.0,-1.0,-1.0,-1.0,-1.0,0.0,0.0,1.0,0.0,0.0,0.0,1.0,0.0,0.0,0.0,1.0,0.0,1.0,0.0
0.06329113924050622,-1.0,0.002907480992317746,-1.0,-0.05438845886969246,0.21600153152391566,0.2602675303888142,0.0,1.0,0.0,0.0,0.0,1.0,0.0,0.0,0.0,1.0,0.0,0.0,1.0,0.0
-0.6708860759493671,-0.8551412152377926,0.04814545463323405,0.33899960427016773,-0.1276125013172802,-0.5247635098122653,0.34271273303340677,0.0,1.0,0.0,0.0,0.0,1.0,0.0,1.0,0.0,0.0,0.0,0.0,1.0,0.0
0.03797468354430378,-0.6636483178693894,0.6496785248696113,-1.0,0.10398498246729493,0.06347747407439841,0.6270495171995241,0.0,0.0,1.0,0.0,0.0,1.0,0.0,0.0,0.0,0.0,1.0,0.0,1.0,0.0
0.240506329113924,-1.0,-1.0,-1.0,-1.0,-1.0,-1.0,0.0,0.0,0.0,1.0,1.0,0.0,0.0,0.0,0.0,0.0,1.0,1.0,0.0,0.0
-0.6455696202531646,-1.0,-1.0,-1.0,-1.0,-1.0,-1.0,0.0,0.0,1.0,0.0,0.0,0.0,1.0,1.0,0.0,0.0,0.0,0.0,1.0,0.0
-0.5189873417721519,-1.0,-1.0,-1.0,-1.0,-1.0,-1.0,0.0,1.0,0.0,0.0,0.0,0.0,1.0,0.0,0.0,0.0,1.0,0.0,1.0,0.0
-0.36708860759493667,-1.0,-0.196314317122529,-1.0,0.2922442800822116,0.3907925951037541,0.43127107483016314,0.0,1.0,0.0,0.0,1.0,0.0,0.0,0.0,0.0,0.0,1.0,0.0,1.0,0.0
0.06329113924050622,-1.0,-1.0,-1.0,-1.0,-1.0,-1.0,0.0,0.0,1.0,0.0,0.0,0.0,1.0,0.0,0.0,0.0,1.0,0.0,1.0,0.0
0.139240506329114,0.4311444234959674,0.1030063404657573,-0.2824416396096122,-0.487891873354127,-0.268904632998055,0.36837725681771083,0.0,0.0,0.0,1.0,0.0,1.0,0.0,0.0,0.0,0.0,1.0,0.0,1.0,0.0
-0.9493670886075949,-1.0,-1.0,-1.0,-1.0,-1.0,-1.0,0.0,1.0,0.0,0.0,0.0,0.0,1.0,1.0,0.0,0.0,0.0,0.0,1.0,0.0
-1.0,-1.0,-1.0,-1.0,-1.0,-1.0,-1.0,0.0,1.0,0.0,0.0,0.0,1.0,0.0,1.0,0.0,0.0,0.0,0.0,1.0,0.0
-0.8987341772151899,-1.0,-1.0,-1.0,-1.0,-1.0,-1.0,0.0,1.0,0.0,0.0,0.0,0.0,1.0,0.0,0.0,1.0,0.0,0.0,1.0,0.0
-0.3924050632911392,-1.0,-1.0,-1.0,-1.0,-1.0,-1.0,0.0,0.0,1.0,0.0,0.0,0.0,1.0,0.0,0.0,0.0,1.0,0.0,1.0,0.0
0.4683544303797469,-0.1702604037373845,-1.0,-0.6439431695605231,0.247846513454832,-1.0,0.21140136898160078,0.0,1.0,0.0,0.0,0.0,1.0,0.0,1.0,0.0,0.0,0.0,0.0,1.0,0.0
-0.21518987341772156,-1.0,-1.0,-1.0,-1.0,-1.0,-1.0,0.0,1.0,0.0,0.0,0.0,0.0,1.0,0.0,0.0,0.0,1.0,0.0,1.0,0.0
-0.3417721518987342,-1.0,0.7609139141813588,0.05875076103297472,-1.0,0.20588091499286976,0.7315818649818839,0.0,0.0,1.0,0.0,0.0,1.0,0.0,1.0,0.0,0.0,0.0,0.0,1.0,0.0
-0.189873417721519,-1.0,0.8020849856392527,-1.0,0.024216253291746037,0.154063701181556,0.766595834337392,0.0,0.0,1.0,0.0,0.0,1.0,0.0,1.0,0.0,0.0,0.0,0.0,1.0,0.0
-0.31645569620253167,0.3160143028548481,-1.0,0.41416344471483657,-1.0,-0.8626258465039598,0.4262887998678837,0.0,0.0,0.0,1.0,0.0,1.0,0.0,0.0,0.0,0.0,1.0,0.0,1.0,0.0
-0.189873417721519,-1.0,-0.23519013610451522,-0.7816847539510678,0.2900723959903946,-1.0,0.24643536373456643,0.0,1.0,0.0,0.0,0.0,1.0,0.0,0.0,0.0,0.0,1.0,0.0,1.0,0.0
-0.189873417721519,-1.0,-1.0,-1.0,-1.0,-1.0,-1.0,0.0,0.0,1.0,0.0,0.0,0.0,1.0,0.0,0.0,0.0,1.0,0.0,1.0,0.0
-0.36708860759493667,-1.0,-0.28376492672427933,-1.0,0.34625814757198636,-0.06308368834671219,0.3165174390321084,0.0,1.0,0.0,0.0,0.0,1.0,0.0,0.0,0.0,0.0,1.0,0.0,1.0,0.0
0.26582278481012667,0.5398875774290217,-1.0,-0.2824416396096122,-0.07080780777595519,-1.0,0.42084155296962034,0.0,0.0,0.0,1.0,0.0,1.0,0.0,0.0,0.0,0.0,1.0,0.0,1.0,0.0
0.08860759493670889,-0.6636483178693894,-1.0,0.49333425052845326,-0.8616088449879872,-0.16667613242938417,0.43986363237688764,0.0,0.0,0.0,1.0,1.0,0.0,0.0,1.0,0.0,0.0,0.0,0.0,1.0,0.0
-0.2405063291139241,-1.0,-1.0,-1.0,-1.0,-1.0,-1.0,0.0,0.0,1.0,0.0,0.0,0.0,1.0,0.0,1.0,0.0,0.0,0.0,1.0,0.0
-0.5443037974683544,-1.0,-1.0,-1.0,-1.0,-1.0,-1.0,0.0,1.0,0.0,0.0,0.0,0.0,1.0,0.0,0.0,0.0,1.0,0.0,1.0,0.0
-0.9240506329113924,-1.0,-1.0,-1.0,-1.0,-1.0,-1.0,0.0,0.0,0.0,1.0,0.0,1.0,0.0,1.0,0.0,0.0,0.0,0.0,1.0,0.0
-0.11392405063291144,0.5767782604592633,-1.0,0.23416486226540045,-0.8616088449879872,-1.0,0.4829232715080638,0.0,0.0,0.0,1.0,0.0,1.0,0.0,0.0,0.0,0.0,1.0,0.0,1.0,0.0
-0.4683544303797469,-1.0,-1.0,-1.0,-1.0,-1.0,-1.0,0.0,0.0,0.0,1.0,0.0,0.0,1.0,0.0,0.0,0.0,1.0,0.0,1.0,0.0
-0.21518987341772156,0.593548651937396,-1.0,0.3806878061650829,-0.017695141726769226,-1.0,0.5401265456105842,0.0,0.0,0.0,1.0,0.0,1.0,0.0,0.0,0.0,0.0,1.0,0.0,1.0,0.0
-0.03797468354430378,-1.0,0.5691993689491404,-1.0,-0.6786656890936953,0.5363424435382473,0.6380419648408717,0.0,0.0,1.0,0.0,0.0,1.0,0.0,0.0,0.0,0.0,1.0,0.0,1.0,0.0
-0.26582278481012656,-0.37393074834497464,0.6612218778796475,-0.6133104850891911,0.7474443230680323,0.511984728138754,0.8103181584003027,0.0,0.0,1.0,0.0,0.0,1.0,0.0,0.0,0.0,0.0,1.0,0.0,1.0,0.0
-0.6708860759493671,-1.0,-1.0,-1.0,-1.0,-1.0,-1.0,0.0,1.0,0.0,0.0,0.0,0.0,1.0,0.0,0.0,0.0,1.0,0.0,1.0,0.0
-0.11392405063291144,-1.0,-1.0,-1.0,-1.0,-1.0,-1.0,0.0,0.0,1.0,0.0,0.0,0.0,1.0,0.0,1.0,0.0,0.0,0.0,1.0,0.0
-0.189873417721519,-1.0,-1.0,-1.0,-1.0,-1.0,-1.0,0.0,0.0,0.0,1.0,0.0,0.0,1.0,0.0,0.0,0.0,1.0,0.0,1.0,0.0
-0.2405063291139241,-1.0,-1.0,-1.0,0.3021764796116613,-1.0,0.24337614800553142,0.0,0.0,0.0,1.0,0.0,1.0,0.0,0.0,0.0,0.0,1.0,0.0,1.0,0.0
-0.44303797468354433,-1.0,-1.0,-1.0,0.3293134049487869,-1.0,0.2692876939616151,0.0,1.0,0.0,0.0,0.0,1.0,0.0,0.0,0.0,0.0,1.0,0.0,1.0,0.0
-0.9493670886075949,-1.0,-1.0,-1.0,-1.0,-1.0,-1.0,0.0,1.0,0.0,0.0,1.0,0.0,0.0,0.0,0.0,0.0,1.0,0.0,1.0,0.0
-0.21518987341772156,0.432471329860884,-0.133764707373364,-0.40469077658820574,-1.0,-1.0,0.3262004918050192,0.0,0.0,0.0,1.0,0.0,1.0,0.0,0.0,0.0,0.0,1.0,0.0,1.0,0.0
0.31645569620253156,-1.0,0.23712679183835395,-1.0,-1.0,-1.0,0.20636211511482583,0.0,1.0,0.0,0.0,0.0,1.0,0.0,0.0,0.0,0.0,1.0,0.0,1.0,0.0
0.012658227848101333,0.41927734214661005,0.021645986419106533,-1.0,-1.0,-0.3326389730944991,0.33558832020034934,0.0,1.0,0.0,0.0,0.0,1.0,0.0,0.0,0.0,0.0,1.0,0.0,1.0,0.0
-0.49367088607594933,0.38350957290217513,-0.4461000078353691,-1.0,-1.0,-0.32592005813059954,0.2731636225586538,0.0,1.0,0.0,0.0,0.0,1.0,0.0,0.0,0.0,0.0,1.0,0.0,1.0,0.0
-0.44303797468354433,-0.027382553715787572,0.21960740026122294,0.10115490857093645,0.208806553037594,-0.6810270934861755,0.3667696985133764,0.0,1.0,0.0,0.0,0.0,1.0,0.0,0.0,0.0,0.0,1.0,0.0,1.0,0.0
0.36708860759493667,-1.0,-1.0,-1.0,-1.0,0.35013192995971365,0.29871004050405636,0.0,1.0,0.0,0.0,0.0,1.0,0.0,0.0,0.0,0.0,1.0,0.0,1.0,0.0
-0.5443037974683544,-1.0,-1.0,-1.0,-1.0,-1.0,-1.0,0.0,0.0,0.0,1.0,0.0,0.0,1.0,0.0,0.0,0.0,1.0,0.0,1.0,0.0
0.1898734177215189,-1.0,-1.0,-1.0,-1.0,-1.0,-1.0,0.0,0.0,1.0,0.0,0.0,0.0,1.0,0.0,0.0,0.0,1.0,0.0,1.0,0.0
-0.5189873417721519,0.5997785349296569,-1.0,-1.0,-1.0,-0.8626258465039598,0.4594288100457655,0.0,1.0,0.0,0.0,0.0,1.0,0.0,0.0,0.0,0.0,1.0,0.0,1.0,0.0
0.03797468354430378,-1.0,-0.0592064369852644,-1.0,-0.07080780777595519,0.22644594014166408,0.2524103467525569,0.0,1.0,0.0,0.0,0.0,1.0,0.0,0.0,0.0,1.0,0.0,0.0,1.0,0.0
-0.44303797468354433,-1.0,-1.0,-1.0,-1.0,-1.0,-1.0,0.0,0.0,0.0,1.0,0.0,0.0,1.0,1.0,0.0,0.0,0.0,0.0,1.0,0.0
-0.7468354430379747,-1.0,-1.0,-1.0,-1.0,-1.0,-1.0,0.0,1.0,0.0,0.0,0.0,0.0,1.0,0.0,0.0,0.0,1.0,0.0,1.0,0.0
0.4177215189873418,0.43683447477413173,-1.0,-1.0,-0.7232176899759744,-1.0,0.3112887739450776,0.0,1.0,0.0,0.0,0.0,1.0,0.0,0.0,0.0,0.0,1.0,0.0,1.0,0.0
-0.7468354430379747,-1.0,-1.0,-1.0,-1.0,-1.0,-1.0,0.0,1.0,0.0,0.0,0.0,1.0,0.0,1.0,0.0,0.0,0.0,0.0,1.0,0.0
-0.11392405063291144,-1.0,0.7479400127243854,-1.0,0.17184171226211653,0.3000436498672723,0.729206860478173,0.0,0.0,1.0,0.0,0.0,1.0,0.0,0.0,0.0,0.0,1.0,0.0,1.0,0.0
-0.16455696202531644,-0.057288776938810404,0.9935991482695212,-1.0,-0.3347045997837631,0.2994814111639754,0.9497616733937895,0.0,0.0,1.0,0.0,0.0,1.0,0.0,1.0,0.0,0.0,0.0,0.0,1.0,0.0
-0.36708860759493667,0.292407035986324,0.8269788819415151,-1.0,-0.6786656890936953,0.7061091709284715,0.861535178349569,0.0,0.0,1.0,0.0,0.0,1.0,0.0,1.0,0.0,0.0,0.0,0.0,1.0,0.0
-0.7215189873417722,-1.0,-1.0,-1.0,-1.0,-1.0,-1.0,0.0,1.0,0.0,0.0,0.0,1.0,0.0,0.0,0.0,0.0,1.0,0.0,1.0,0.0
0.012658227848101333,-0.4205648609511705,-1.0,-1.0,0.2995163276064905,-1.0,0.24505089380751643,0.0,1.0,0.0,0.0,0.0,1.0,0.0,0.0,0.0,1.0,0.0,0.0,1.0,0.0
0.06329113924050622,-1.0,0.3279195980946592,0.5863264318446473,0.17127691348932084,0.6839696811164264,0.7372564943500834,0.0,0.0,1.0,0.0,0.0,1.0,0.0,0.0,0.0,0.0,1.0,0.0,1.0,0.0
-0.9493670886075949,-1.0,-1.0,-1.0,-1.0,-1.0,-1.0,0.0,0.0,0.0,1.0,0.0,0.0,1.0,0.0,0.0,0.0,1.0,0.0,1.0,0.0
0.08860759493670889,-1.0,-1.0,-1.0,-1.0,-1.0,-1.0,0.0,0.0,0.0,1.0,0.0,0.0,1.0,0.0,0.0,0.0,1.0,1.0,0.0,0.0
-0.36708860759493667,-1.0,-1.0,-1.0,-1.0,-1.0,-1.0,0.0,1.0,0.0,0.0,0.0,0.0,1.0,0.0,0.0,0.0,1.0,0.0,1.0,0.0
-0.2911392405063291,-1.0,-1.0,-1.0,-1.0,-1.0,-1.0,0.0,0.0,0.0,1.0,0.0,0.0,1.0,0.0,0.0,0.0,1.0,0.0,1.0,0.0
-0.5189873417721519,-1.0,-0.6497067338580801,-0.6801739453692954,0.2568890958242076,0.08537488963131623,0.2717193681429104,0.0,1.0,0.0,0.0,0.0,1.0,0.0,0.0,0.0,0.0,1.0,0.0,1.0,0.0
-0.012658227848101333,-0.20915337023183045,0.7878383866687044,-0.011027946161267899,-1.0,-0.052830246256110325,0.7494878954525006,0.0,0.0,1.0,0.0,0.0,1.0,0.0,0.0,0.0,0.0,1.0,0.0,1.0,0.0
-0.5443037974683544,-1.0,-1.0,-1.0,-1.0,-1.0,-1.0,0.0,0.0,0.0,1.0,0.0,0.0,1.0,0.0,0.0,0.0,1.0,0.0,1.0,0.0
-0.620253164556962,-1.0,-1.0,-1.0,-1.0,-1.0,-1.0,0.0,0.0,1.0,0.0,0.0,0.0,1.0,1.0,0.0,0.0,0.0,0.0,1.0,0.0
-1.0,-1.0,-1.0,-1.0,-1.0,-1.0,-1.0,0.0,1.0,0.0,0.0,0.0,0.0,1.0,0.0,0.0,0.0,1.0,1.0,0.0,0.0
-0.9493670886075949,-1.0,-1.0,-1.0,-1.0,-1.0,-1.0,0.0,1.0,0.0,0.0,0.0,0.0,1.0,1.0,0.0,0.0,0.0,0.0,1.0,0.0
0.5949367088607596,0.6792692388267532,-1.0,-0.18309084251992647,-0.7806552088744709,-1.0,0.535640675793039,0.0,0.0,0.0,1.0,0.0,1.0,0.0,0.0,0.0,0.0,1.0,0.0,1.0,0.0
-0.31645569620253167,-1.0,-1.0,-1.0,-1.0,-1.0,-1.0,0.0,0.0,1.0,0.0,0.0,0.0,1.0,0.0,0.0,0.0,1.0,0.0,0.0,1.0
-0.44303797468354433,-1.0,0.38134432937974805,-1.0,0.7183749513957083,0.41199329357487113,0.7104197646107306,0.0,0.0,1.0,0.0,0.0,1.0,0.0,1.0,0.0,0.0,0.0,0.0,1.0,0.0
-0.7721518987341772,-1.0,-1.0,-1.0,-1.0,-1.0,-1.0,0.0,0.0,0.0,1.0,0.0,1.0,0.0,0.0,0.0,0.0,1.0,0.0,1.0,0.0
-0.31645569620253167,-1.0,-1.0,-1.0,-1.0,-1.0,-1.0,0.0,0.0,1.0,0.0,0.0,0.0,1.0,0.0,0.0,0.0,1.0,0.0,1.0,0.0
0.31645569620253156,-1.0,-1.0,0.2837064039396284,-0.05091608903386202,-1.0,0.2630692473235283,0.0,1.0,0.0,0.0,0.0,1.0,0.0,1.0,0.0,0.0,0.0,0.0,1.0,0.0
0.3924050632911391,-1.0,-1.0,-1.0,-1.0,-1.0,-1.0,0.0,0.0,1.0,0.0,0.0,0.0,1.0,0.0,0.0,0.0,1.0,0.0,1.0,0.0
0.06329113924050622,-1.0,0.19739026690106987,-0.8622584156094552,0.41457724776775184,0.5893991202658764,0.6115214068210784,0.0,0.0,1.0,0.0,0.0,1.0,0.0,0.0,0.0,0.0,1.0,0.0,1.0,0.0
-0.31645569620253167,-0.8551412152377926,0.14856302389422926,0.3176434395832557,-1.0,-1.0,0.33748012407112005,0.0,1.0,0.0,0.0,0.0,1.0,0.0,0.0,0.0,0.0,1.0,0.0,1.0,0.0
-0.6455696202531646,0.5591458635942959,-1.0,0.15656164606121314,-1.0,-1.0,0.4559674892103087,0.0,0.0,0.0,1.0,0.0,1.0,0.0,0.0,0.0,0.0,1.0,0.0,1.0,0.0
-0.49367088607594933,0.2945505117037497,-0.05294982643559776,0.291332784997558,0.07228135771050459,-1.0,0.3933055036701387,0.0,0.0,0.0,1.0,0.0,1.0,0.0,0.0,0.0,0.0,1.0,0.0,1.0,0.0
-0.36708860759493667,0.30737074930098474,-1.0,-0.018001261677396907,-1.0,-0.13654819080166625,0.25872178674943225,0.0,0.0,0.0,1.0,0.0,1.0,0.0,0.0,0.0,0.0,1.0,0.0,1.0,0.0
-0.2911392405063291,-1.0,-1.0,-1.0,-1.0,-1.0,-1.0,0.0,0.0,1.0,0.0,0.0,0.0,1.0,0.0,0.0,0.0,1.0,0.0,1.0,0.0
-0.3924050632911392,-0.8551412152377926,-1.0,-1.0,0.3056690975315861,-1.0,0.24698634871665126,0.0,1.0,0.0,0.0,0.0,1.0,0.0,1.0,0.0,0.0,0.0,0.0,1.0,0.0
-0.5443037974683544,-1.0,-1.0,-1.0,-1.0,-1.0,-1.0,0.0,0.0,1.0,0.0,0.0,0.0,1.0,1.0,0.0,0.0,0.0,0.0,1.0,0.0
-0.26582278481012656,-0.19536900909227262,-0.1722220408707419,0.26785221304437545,-0.10381577093865546,-1.0,0.2724428630192193,0.0,1.0,0.0,0.0,0.0,1.0,0.0,1.0,0.0,0.0,0.0,0.0,1.0,0.0
0.139240506329114,-1.0,-1.0,0.2827712535045668,-0.7806552088744709,-1.0,0.23122194451370714,0.0,1.0,0.0,0.0,0.0,1.0,0.0,0.0,0.0,0.0,1.0,0.0,1.0,0.0
-0.4177215189873418,-1.0,-0.28884319650774715,0.34273152804703244,-0.5402745340816825,-0.8626258465039598,0.29829012696182167,0.0,1.0,0.0,0.0,0.0,1.0,0.0,0.0,0.0,0.0,1.0,0.0,1.0,0.0
0.3417721518987342,-1.0,-1.0,-1.0,-1.0,-1.0,-1.0,1.0,0.0,0.0,0.0,0.0,0.0,1.0,1.0,0.0,0.0,0.0,0.0,1.0,0.0
-0.7468354430379747,-1.0,-1.0,-1.0,-1.0,-1.0,-1.0,0.0,0.0,0.0,1.0,0.0,1.0,0.0,0.0,0.0,0.0,1.0,0.0,1.0,0.0
0.21518987341772156,-0.7704042582518641,-1.0,-0.11951207025916932,0.27383123204289195,0.08118469105786952,0.2985001993479246,0.0,1.0,0.0,0.0,0.0,1.0,0.0,0.0,0.0,0.0,1.0,0.0,1.0,0.0
-0.26582278481012656,0.4223078823177451,-0.8644880666376419,-0.0208605786444378,-1.0,-1.0,0.32455938550630026,0.0,0.0,0.0,1.0,0.0,1.0,0.0,0.0,0.0,0.0,1.0,0.0,1.0,0.0
-0.189873417721519,-0.1909691192030346,-1.0,0.5589561973554051,-1.0,-1.0,0.49905844528648013,0.0,0.0,0.0,1.0,0.0,1.0,0.0,0.0,0.0,0.0,1.0,0.0,1.0,0.0
-0.26582278481012656,-1.0,0.4175166023605974,-1.0,0.20067571462340483,-0.8626258465039598,0.4308520841755783,0.0,0.0,1.0,0.0,0.0,1.0,0.0,0.0,0.0,0.0,1.0,1.0,0.0,0.0
-0.5189873417721519,-1.0,-1.0,-1.0,-1.0,-1.0,-1.0,0.0,0.0,0.0,1.0,0.0,0.0,1.0,1.0,0.0,0.0,0.0,0.0,1.0,0.0
-0.31645569620253167,-1.0,-1.0,-1.0,-1.0,-1.0,-1.0,0.0,1.0,0.0,0.0,0.0,0.0,1.0,0.0,0.0,0.0,1.0,1.0,0.0,0.0
-0.6455696202531646,-1.0,-1.0,-1.0,-1.0,-1.0,-1.0,0.0,1.0,0.0,0.0,0.0,0.0,1.0,1.0,0.0,0.0,0.0,1.0,0.0,0.0
-0.36708860759493667,-1.0,0.7328581025144285,-1.0,-0.23558788112085693,0.1188655316235756,0.6983852901647198,0.0,0.0,1.0,0.0,0.0,1.0,0.0,0.0,0.0,1.0,0.0,0.0,0.0,1.0
0.8481012658227849,0.08757000782339697,-0.8644880666376419,0.33829199841605506,0.5714039345854802,0.501397622225983,0.6449877484157818,0.0,0.0,1.0,0.0,0.0,1.0,0.0,1.0,0.0,0.0,0.0,0.0,1.0,0.0
-0.5443037974683544,-0.5933299775945341,-1.0,-1.0,-0.487891873354127,0.2997627298911174,0.2550655522240399,0.0,1.0,0.0,0.0,0.0,1.0,0.0,1.0,0.0,0.0,0.0,0.0,1.0,0.0
0.36708860759493667,-1.0,0.28214337236996245,-1.0,-1.0,-1.0,0.25025923032049513,0.0,1.0,0.0,0.0,0.0,1.0,0.0,1.0,0.0,0.0,0.0,0.0,1.0,0.0
-0.31645569620253167,-1.0,0.34752794350917626,-1.0,0.906023590170379,0.13883432156358722,0.8368390885605526,0.0,0.0,1.0,0.0,0.0,1.0,0.0,1.0,0.0,0.0,0.0,0.0,1.0,0.0
0.31645569620253156,-1.0,-1.0,-0.23071841638888846,0.5234691518756489,-1.0,0.4589769476130814,0.0,1.0,0.0,0.0,0.0,1.0,0.0,0.0,0.0,0.0,1.0,0.0,1.0,0.0
-0.36708860759493667,0.5068132746811944,-1.0,-1.0,-0.3573313781873907,0.3248165805078498,0.46511999897487954,0.0,1.0,0.0,0.0,0.0,1.0,0.0,0.0,0.0,0.0,1.0,0.0,1.0,0.0
-0.5189873417721519,-1.0,0.4172389000493544,-1.0,0.6656999681663882,0.518337179936599,0.7067553641621969,0.0,0.0,1.0,0.0,0.0,1.0,0.0,0.0,0.0,0.0,1.0,0.0,1.0,0.0
-0.012658227848101333,-1.0,0.552124557187168,-1.0,-0.026636467129174002,-0.020620780513490145,0.5309846953389878,0.0,0.0,1.0,0.0,0.0,1.0,0.0,0.0,0.0,0.0,1.0,0.0,1.0,0.0
-0.3924050632911392,-1.0,-1.0,-1.0,-1.0,-1.0,-1.0,0.0,1.0,0.0,0.0,0.0,0.0,1.0,0.0,0.0,0.0,1.0,0.0,1.0,0.0
-0.44303797468354433,-1.0,-1.0,-1.0,-1.0,-1.0,-1.0,0.0,1.0,0.0,0.0,0.0,0.0,1.0,0.0,0.0,1.0,0.0,0.0,1.0,0.0
0.3924050632911391,-1.0,-1.0,-1.0,-1.0,-1.0,-1.0,0.0,1.0,0.0,0.0,0.0,0.0,1.0,1.0,0.0,0.0,0.0,1.0,0.0,0.0
-0.36708860759493667,-1.0,-1.0,-1.0,-1.0,-1.0,-1.0,0.0,0.0,0.0,1.0,0.0,0.0,1.0,0.0,0.0,0.0,1.0,0.0,1.0,0.0
-0.3417721518987342,-1.0,0.29424016194160996,-0.3949952390402589,-1.0,-1.0,0.2670723481288735,0.0,1.0,0.0,0.0,0.0,1.0,0.0,0.0,0.0,1.0,0.0,0.0,1.0,0.0
-0.3924050632911392,-1.0,0.5394560033643663,-1.0,0.02656517724382379,-1.0,0.5131183407165005,0.0,0.0,1.0,0.0,0.0,1.0,0.0,0.0,0.0,0.0,1.0,0.0,1.0,0.0
-0.5189873417721519,-1.0,0.40682295659938394,-0.7245168312189103,0.2853372436252186,0.09821753613664463,0.4685065540596405,0.0,1.0,0.0,0.0,0.0,1.0,0.0,0.0,1.0,0.0,0.0,0.0,1.0,0.0
-0.7721518987341772,-1.0,-1.0,-1.0,-1.0,-1.0,-1.0,0.0,0.0,0.0,1.0,0.0,0.0,1.0,0.0,0.0,0.0,1.0,0.0,1.0,0.0
-0.5443037974683544,-1.0,-1.0,-1.0,-1.0,-1.0,-1.0,0.0,1.0,0.0,0.0,0.0,0.0,1.0,0.0,0.0,1.0,0.0,0.0,1.0,0.0
-0.012658227848101333,-1.0,-1.0,-1.0,-1.0,-1.0,-1.0,0.0,0.0,1.0,0.0,0.0,0.0,1.0,1.0,0.0,0.0,0.0,0.0,1.0,0.0
-0.5696202531645569,-0.11512657050089148,-1.0,-1.0,-1.0,0.3238231498062829,0.289030770321669,0.0,1.0,0.0,0.0,0.0,1.0,0.0,1.0,0.0,0.0,0.0,0.0,1.0,0.0
-0.06329113924050633,-0.3112127747555923,0.5585687679005853,-0.5424323609787505,-1.0,-0.2640108285545778,0.5246798657495424,0.0,0.0,1.0,0.0,0.0,1.0,0.0,0.0,0.0,0.0,1.0,0.0,1.0,0.0
-1.0,-1.0,-1.0,-1.0,-1.0,-1.0,-1.0,0.0,0.0,0.0,1.0,0.0,1.0,0.0,1.0,0.0,0.0,0.0,1.0,0.0,0.0
-0.620253164556962,-1.0,-1.0,-1.0,-1.0,-1.0,-1.0,0.0,1.0,0.0,0.0,0.0,0.0,1.0,0.0,0.0,0.0,1.0,0.0,1.0,0.0
0.3417721518987342,-1.0,-1.0,-1.0,-1.0,-1.0,-1.0,0.0,0.0,1.0,0.0,0.0,0.0,1.0,1.0,0.0,0.0,0.0,0.0,1.0,0.0
-0.21518987341772156,-1.0,-1.0,-1.0,-1.0,-1.0,-1.0,0.0,1.0,0.0,0.0,0.0,0.0,1.0,0.0,0.0,0.0,1.0,0.0,1.0,0.0
0.7215189873417722,0.010720290663944976,0.8584148299219552,-1.0,1.0,-0.4271600827848884,1.0,0.0,0.0,1.0,0.0,0.0,1.0,0.0,1.0,0.0,0.0,0.0,0.0,1.0,0.0
0.03797468354430378,-1.0,-0.06898359394471754,0.8438270219066408,0.8218631913285566,-0.5247635098122653,0.8881313894053837,0.0,0.0,1.0,0.0,0.0,1.0,0.0,0.0,0.0,0.0,1.0,0.0,1.0,0.0
-0.8481012658227848,-1.0,-1.0,-1.0,-1.0,-1.0,-1.0,0.0,0.0,0.0,1.0,1.0,0.0,0.0,0.0,0.0,0.0,1.0,0.0,1.0,0.0
-0.44303797468354433,0.012372370812063771,-0.7289761332752838,-1.0,0.43247842879330967,-1.0,0.385751811395431,0.0,1.0,0.0,0.0,0.0,1.0,0.0,1.0,0.0,0.0,0.0,0.0,1.0,0.0
0.1898734177215189,-1.0,-0.08645077497427067,0.5853746450746824,-1.0,0.40534039760225316,0.5914805668716037,0.0,1.0,0.0,0.0,0.0,1.0,0.0,0.0,0.0,0.0,1.0,0.0,1.0,0.0
-0.31645569620253167,-1.0,-1.0,-1.0,-1.0,-1.0,-1.0,0.0,1.0,0.0,0.0,0.0,0.0,1.0,0.0,0.0,0.0,1.0,0.0,1.0,0.0
-0.49367088607594933,-1.0,0.023736941048553506,0.30548144009056477,-1.0,-1.0,0.2968131027525629,0.0,1.0,0.0,0.0,0.0,1.0,0.0,0.0,0.0,0.0,1.0,0.0,1.0,0.0
-0.03797468354430378,-0.7704042582518641,-0.07235440838374041,0.321280230511537,0.6047455952268888,0.21034482013878764,0.6006485977311622,0.0,0.0,1.0,0.0,0.0,1.0,0.0,0.0,0.0,0.0,1.0,0.0,1.0,0.0
-0.2911392405063291,-1.0,0.6089933673568668,-1.0,0.7015462310421985,0.8572148314000478,0.8928822478226277,0.0,0.0,1.0,0.0,0.0,1.0,0.0,1.0,0.0,0.0,0.0,0.0,1.0,0.0
-0.4683544303797469,-1.0,0.3252686775567568,-0.12189196817407655,0.17575118998553108,0.4838755421172498,0.53289759722892,0.0,0.0,1.0,0.0,0.0,1.0,0.0,1.0,0.0,0.0,0.0,0.0,1.0,0.0
-0.6455696202531646,-1.0,-1.0,0.2480346133116076,0.11552902018687372,-0.09956890498620274,0.2953245456106577,0.0,1.0,0.0,0.0,0.0,1.0,0.0,0.0,0.0,0.0,1.0,0.0,1.0,0.0
-0.3924050632911392,-1.0,-1.0,-1.0,-1.0,-1.0,-1.0,0.0,0.0,1.0,0.0,0.0,0.0,1.0,0.0,0.0,0.0,1.0,0.0,1.0,0.0
0.012658227848101333,-1.0,-1.0,0.5479134065065308,-1.0,-1.0,0.48498684596487873,0.0,1.0,0.0,0.0,0.0,1.0,0.0,0.0,0.0,0.0,1.0,0.0,1.0,0.0
-0.1392405063291139,-1.0,-1.0,-1.0,-1.0,-1.0,-1.0,0.0,0.0,0.0,1.0,0.0,0.0,1.0,0.0,0.0,0.0,1.0,0.0,1.0,0.0
-0.2405063291139241,-1.0,-1.0,-1.0,-1.0,-1.0,-1.0,0.0,0.0,1.0,0.0,0.0,0.0,1.0,1.0,0.0,0.0,0.0,0.0,1.0,0.0
-0.5189873417721519,0.09765713165137568,-1.0,-0.6439431695605231,-0.8616088449879872,0.30585281551258214,0.3016238192728389,0.0,1.0,0.0,0.0,0.0,1.0,0.0,0.0,0.0,0.0,1.0,0.0,1.0,0.0
0.03797468354430378,-1.0,0.5162710509475539,-0.8622584156094552,-0.6114869098077889,-0.37014465765234383,0.48099840193443866,0.0,0.0,1.0,0.0,0.0,1.0,0.0,0.0,0.0,0.0,1.0,0.0,1.0,0.0
-0.5189873417721519,-1.0,-1.0,-1.0,-1.0,-1.0,-1.0,0.0,0.0,0.0,1.0,0.0,0.0,1.0,0.0,0.0,0.0,1.0,0.0,1.0,0.0
-0.3417721518987342,0.23069923471076614,-0.5704373344408764,-0.8622584156094552,0.15782499443213927,0.03568555974817822,0.2933934474557045,0.0,1.0,0.0,0.0,0.0,1.0,0.0,0.0,0.0,0.0,1.0,0.0,1.0,0.0
0.139240506329114,0.3016781430595834,-1.0,-0.7816847539510678,0.3419745360695441,-1.0,0.37240908291198216,0.0,0.0,0.0,1.0,0.0,1.0,0.0,0.0,0.0,0.0,1.0,0.0,1.0,0.0
-0.6455696202531646,-1.0,-0.8644880666376419,0.1911146246112685,0.1374602247851353,-1.0,0.2486298129559037,0.0,1.0,0.0,0.0,0.0,1.0,0.0,1.0,0.0,0.0,0.0,0.0,1.0,0.0
-0.8481012658227848,-1.0,-1.0,-1.0,-1.0,-1.0,-1.0,0.0,1.0,0.0,0.0,0.0,0.0,1.0,0.0,0.0,0.0,1.0,1.0,0.0,0.0
-0.5443037974683544,0.3532815835641572,-0.4143271680087205,-1.0,-1.0,-0.6810270934861755,0.24112001905762792,0.0,1.0,0.0,0.0,0.0,1.0,0.0,0.0,0.0,1.0,0.0,0.0,1.0,0.0
-0.9240506329113924,-1.0,-1.0,-1.0,-1.0,-1.0,-1.0,0.0,1.0,0.0,0.0,0.0,0.0,1.0,0.0,0.0,0.0,1.0,0.0,1.0,0.0
-0.36708860759493667,-1.0,-1.0,-1.0,-1.0,-1.0,-1.0,0.0,0.0,1.0,0.0,0.0,0.0,1.0,0.0,0.0,0.0,1.0,0.0,1.0,0.0
-0.11392405063291144,-0.6636483178693894,0.6144400412530855,0.14935653897986434,0.3581405140876932,0.17517940200587767,0.6405018785982364,0.0,0.0,1.0,0.0,0.0,1.0,0.0,1.0,0.0,0.0,0.0,0.0,1.0,0.0
-0.16455696202531644,-1.0,-1.0,-1.0,-1.0,-1.0,-1.0,0.0,1.0,0.0,0.0,0.0,0.0,1.0,0.0,0.0,0.0,1.0,0.0,1.0,0.0
-0.4177215189873418,-0.6255454734896567,0.12088194664658647,0.17187711341035383,-0.5848265349639614,-1.0,0.2444942783140054,0.0,1.0,0.0,0.0,0.0,1.0,0.0,0.0,0.0,1.0,0.0,0.0,1.0,0.0
-0.9493670886075949,-1.0,-1.0,-1.0,-1.0,-1.0,-1.0,0.0,0.0,0.0,1.0,0.0,1.0,0.0,1.0,0.0,0.0,0.0,0.0,1.0,0.0
-0.31645569620253167,-1.0,-1.0,-1.0,-1.0,-1.0,-1.0,0.0,0.0,1.0,0.0,0.0,0.0,1.0,1.0,0.0,0.0,0.0,0.0,1.0,0.0
-0.3924050632911392,-1.0,-0.13610608139691016,-1.0,0.47611105936478704,-0.13654819080166625,0.4272529862670065,1.0,0.0,0.0,0.0,1.0,0.0,0.0,0.0,0.0,0.0,1.0,0.0,1.0,0.0
-0.5443037974683544,0.18493169024489697,0.4664795147072962,-0.7245168312189103,-0.7806552088744709,-0.7822671181404642,0.4588864464620357,0.0,1.0,0.0,0.0,1.0,0.0,0.0,0.0,0.0,0.0,1.0,0.0,1.0,0.0
-0.08860759493670889,-1.0,-0.5934641999129258,0.2907333302421522,-1.0,-0.09956890498620274,0.2650813047454863,0.0,1.0,0.0,0.0,0.0,1.0,0.0,0.0,0.0,0.0,1.0,0.0,1.0,0.0
-0.5696202531645569,0.41974644907849523,-1.0,0.09239232626116323,-1.0,-0.6448929646444241,0.3418784180427257,0.0,0.0,0.0,1.0,0.0,1.0,0.0,1.0,0.0,0.0,0.0,0.0,1.0,0.0
-0.5696202531645569,-1.0,-0.4047885740980801,-1.0,-0.45932089796816633,0.3448288975988074,0.3007958454584503,0.0,1.0,0.0,0.0,0.0,1.0,0.0,0.0,0.0,1.0,0.0,0.0,1.0,0.0
-0.5949367088607596,-1.0,-1.0,0.30824916032829375,-1.0,-0.8626258465039598,0.25532905008367734,0.0,1.0,0.0,0.0,0.0,1.0,0.0,0.0,0.0,0.0,1.0,0.0,1.0,0.0
-0.44303797468354433,-1.0,-1.0,-0.6133104850891911,-1.0,0.30775197182455183,0.25949622520548155,0.0,1.0,0.0,0.0,0.0,1.0,0.0,0.0,0.0,0.0,1.0,0.0,1.0,0.0
-0.5949367088607596,-1.0,-1.0,-1.0,-1.0,-1.0,-1.0,0.0,1.0,0.0,0.0,0.0,0.0,1.0,1.0,0.0,0.0,0.0,1.0,0.0,0.0
-0.36708860759493667,-1.0,-1.0,-1.0,-1.0,-1.0,-1.0,0.0,1.0,0.0,0.0,0.0,0.0,1.0,0.0,0.0,1.0,0.0,0.0,1.0,0.0
-0.4177215189873418,0.10832205013701102,0.178542883869653,-0.14470005521906726,-0.8616088449879872,-0.8626258465039598,0.24615927292440265,0.0,1.0,0.0,0.0,0.0,1.0,0.0,0.0,0.0,1.0,0.0,0.0,1.0,0.0
-0.49367088607594933,-0.6636483178693894,0.30464573019652175,-1.0,-0.4464353799519486,-1.0,0.27672710334034045,0.0,1.0,0.0,0.0,0.0,1.0,0.0,0.0,0.0,0.0,1.0,0.0,1.0,0.0
-0.2405063291139241,-1.0,-1.0,-1.0,-1.0,-1.0,-1.0,0.0,0.0,0.0,1.0,0.0,0.0,1.0,0.0,0.0,0.0,1.0,0.0,1.0,0.0
-0.11392405063291144,-1.0,-1.0,0.3486502892954719,-1.0,-1.0,0.29382427401442257,0.0,1.0,0.0,0.0,0.0,1.0,0.0,0.0,0.0,0.0,1.0,0.0,1.0,0.0
0.03797468354430378,-1.0,0.6322054115254445,-1.0,0.4427576701072067,0.4182755631320345,0.6845722562634347,0.0,0.0,1.0,0.0,0.0,1.0,0.0,0.0,0.0,0.0,1.0,0.0,1.0,0.0
-0.7974683544303798,-1.0,-1.0,-1.0,-1.0,-1.0,-1.0,0.0,1.0,0.0,0.0,0.0,1.0,0.0,0.0,0.0,0.0,1.0,0.0,1.0,0.0
-0.16455696202531644,-1.0,-0.8644880666376419,-1.0,0.8092760720387824,0.3813359127405769,0.7497636724581622,0.0,0.0,1.0,0.0,0.0,1.0,0.0,0.0,0.0,0.0,1.0,0.0,1.0,0.0
-0.3417721518987342,0.47662169616494765,-1.0,-1.0,0.04548827682454415,-0.08533383375935788,0.3887831475996404,0.0,1.0,0.0,0.0,0.0,1.0,0.0,0.0,0.0,0.0,1.0,0.0,1.0,0.0
-0.31645569620253167,-1.0,-1.0,-1.0,0.13812909051300326,0.2363673814643612,0.27672710334034045,1.0,0.0,0.0,0.0,0.0,1.0,0.0,0.0,0.0,0.0,1.0,0.0,1.0,0.0
-0.31645569620253167,-0.7102824304755853,-0.4840579735152838,-1.0,-1.0,0.32207257303680836,0.2755466619768592,0.0,1.0,0.0,0.0,0.0,1.0,0.0,1.0,0.0,0.0,0.0,0.0,1.0,0.0
-0.4683544303797469,0.38013874094778277,-0.6853510347334366,-0.3378273163081015,-0.5613104177489419,-1.0,0.26879761484571585,0.0,1.0,0.0,0.0,0.0,1.0,0.0,0.0,0.0,0.0,1.0,0.0,1.0,0.0
-0.3924050632911392,-1.0,-1.0,-1.0,-1.0,-1.0,-1.0,0.0,0.0,0.0,1.0,0.0,0.0,1.0,0.0,0.0,0.0,1.0,0.0,1.0,0.0
-0.4683544303797469,0.4532299526820922,-0.8644880666376419,-1.0,-0.8616088449879872,-1.0,0.3260188427478288,1.0,0.0,0.0,0.0,0.0,1.0,0.0,0.0,0.0,0.0,1.0,0.0,1.0,0.0
-0.5443037974683544,0.2804363190092234,-1.0,-0.5062015851699782,0.16142250136579173,-1.0,0.2753096940518822,0.0,1.0,0.0,0.0,0.0,1.0,0.0,0.0,0.0,0.0,1.0,0.0,1.0,0.0
-0.49367088607594933,0.3832307375700763,-1.0,-1.0,-1.0,0.22685248184318096,0.3572921160037634,0.0,1.0,0.0,0.0,0.0,1.0,0.0,1.0,0.0,0.0,0.0,0.0,1.0,0.0
-0.620253164556962,0.4450892136179987,-0.8644880666376419,-1.0,-1.0,0.13628523163215656,0.3692484266707776,0.0,1.0,0.0,0.0,0.0,1.0,0.0,1.0,0.0,0.0,0.0,0.0,1.0,0.0
-0.3924050632911392,-1.0,-1.0,0.2852552746079837,0.023031346353778792,-1.0,0.27696231702976926,0.0,1.0,0.0,0.0,0.0,1.0,0.0,0.0,0.0,0.0,1.0,0.0,1.0,0.0
-0.06329113924050633,-1.0,-1.0,-1.0,-1.0,-1.0,-1.0,0.0,0.0,0.0,1.0,0.0,0.0,1.0,0.0,0.0,0.0,1.0,0.0,1.0,0.0
-0.4177215189873418,0.08292566001599933,-1.0,-0.5867752468283656,-1.0,0.21034482013878764,0.2297220101743176,0.0,1.0,0.0,0.0,0.0,1.0,0.0,0.0,0.0,0.0,1.0,0.0,1.0,0.0
-0.03797468354430378,-1.0,0.3085608025911166,-0.7245168312189103,-1.0,-1.0,0.27672710334034045,0.0,1.0,0.0,0.0,0.0,1.0,0.0,0.0,0.0,0.0,1.0,0.0,1.0,0.0
0.36708860759493667,-1.0,-1.0,-1.0,-1.0,-1.0,-1.0,0.0,0.0,0.0,1.0,0.0,0.0,1.0,0.0,0.0,0.0,1.0,0.0,1.0,0.0
0.5949367088607596,-1.0,-0.09013960883151684,-1.0,0.27718687797417685,-1.0,0.24998862605774574,0.0,1.0,0.0,0.0,0.0,1.0,0.0,0.0,0.0,0.0,1.0,0.0,1.0,0.0
-0.5189873417721519,-1.0,-1.0,-1.0,-1.0,-1.0,-1.0,0.0,1.0,0.0,0.0,0.0,0.0,1.0,0.0,0.0,0.0,1.0,0.0,1.0,0.0
0.03797468354430378,-1.0,-1.0,-1.0,-1.0,-1.0,-1.0,0.0,0.0,0.0,1.0,0.0,0.0,1.0,0.0,0.0,0.0,1.0,0.0,1.0,0.0
0.3417721518987342,-1.0,0.5378131164338655,-1.0,0.41069374828400784,-1.0,0.570247217543612,0.0,0.0,1.0,0.0,0.0,1.0,0.0,1.0,0.0,0.0,0.0,0.0,1.0,0.0
-0.31645569620253167,-1.0,-1.0,-1.0,-1.0,-1.0,-1.0,0.0,0.0,0.0,1.0,0.0,0.0,1.0,0.0,0.0,0.0,1.0,0.0,1.0,0.0
-0.36708860759493667,-0.8551412152377926,-1.0,-0.8622584156094552,-0.45932089796816633,0.4483400715893784,0.39521129099505026,0.0,1.0,0.0,0.0,0.0,1.0,0.0,0.0,0.0,0.0,1.0,0.0,1.0,0.0
-0.6708860759493671,0.14969172694154254,-1.0,-0.08288740115844895,0.20786699255997343,-0.46329421162663964,0.270020458493869,0.0,1.0,0.0,0.0,0.0,1.0,0.0,0.0,0.0,0.0,1.0,0.0,1.0,0.0
0.7468354430379747,-1.0,-1.0,-1.0,-1.0,-1.0,-1.0,1.0,0.0,0.0,0.0,0.0,0.0,1.0,0.0,0.0,0.0,1.0,0.0,1.0,0.0
-0.5443037974683544,-0.6636483178693894,0.4074082935463461,-1.0,-1.0,0.03246290321459622,0.39722334841700824,0.0,0.0,1.0,0.0,0.0,1.0,0.0,0.0,0.0,0.0,1.0,0.0,1.0,0.0
0.240506329113924,-1.0,-1.0,-1.0,-1.0,-1.0,-1.0,0.0,1.0,0.0,0.0,0.0,0.0,1.0,1.0,0.0,0.0,0.0,0.0,1.0,0.0
-0.6455696202531646,-1.0,-1.0,-1.0,-1.0,-1.0,-1.0,0.0,1.0,0.0,0.0,0.0,0.0,1.0,0.0,0.0,1.0,0.0,0.0,1.0,0.0
-0.49367088607594933,-0.8551412152377926,0.3090447196556241,-1.0,-1.0,-1.0,0.27672710334034045,0.0,1.0,0.0,0.0,0.0,1.0,0.0,1.0,0.0,0.0,0.0,0.0,1.0,0.0
-0.9240506329113924,-1.0,-1.0,-1.0,-1.0,-1.0,-1.0,0.0,1.0,0.0,0.0,0.0,0.0,1.0,0.0,0.0,0.0,1.0,0.0,1.0,0.0
-0.16455696202531644,-1.0,0.42633367448620474,0.38982807136327313,0.7267063422920141,0.44499107317908315,0.7506278121398962,0.0,0.0,1.0,0.0,0.0,1.0,0.0,1.0,0.0,0.0,0.0,0.0,0.0,1.0
0.06329113924050622,-0.7102824304755853,0.5023936602000183,-1.0,0.8553921304868612,0.555726998364283,0.8406651124910969,0.0,0.0,1.0,0.0,0.0,1.0,0.0,0.0,0.0,0.0,1.0,0.0,1.0,0.0
0.3417721518987342,-1.0,-1.0,-1.0,-1.0,-1.0,-1.0,0.0,0.0,1.0,0.0,0.0,0.0,1.0,1.0,0.0,0.0,0.0,0.0,1.0,0.0
-0.620253164556962,-1.0,-0.5312057330235879,-1.0,0.27585137979714824,0.1783170244239427,0.3144045233157535,0.0,1.0,0.0,0.0,0.0,1.0,0.0,0.0,0.0,0.0,1.0,0.0,1.0,0.0
-0.012658227848101333,0.24306228809839592,-1.0,-0.3769174090839149,0.22758001892095692,-1.0,0.2907878396361492,0.0,1.0,0.0,0.0,0.0,1.0,0.0,0.0,0.0,0.0,1.0,0.0,1.0,0.0
0.4177215189873418,-1.0,-1.0,-1.0,-1.0,-1.0,-1.0,0.0,0.0,1.0,0.0,0.0,0.0,1.0,0.0,0.0,0.0,1.0,0.0,1.0,0.0
-0.2405063291139241,-1.0,-1.0,-1.0,-1.0,-1.0,-1.0,0.0,1.0,0.0,0.0,1.0,0.0,0.0,0.0,0.0,0.0,1.0,0.0,1.0,0.0
-0.21518987341772156,0.5300336019364957,-1.0,0.1406064858527014,-1.0,-1.0,0.43127107483016314,0.0,0.0,0.0,1.0,0.0,1.0,0.0,0.0,1.0,0.0,0.0,0.0,1.0,0.0
-0.9746835443037974,-1.0,-1.0,-1.0,-1.0,-1.0,-1.0,0.0,1.0,0.0,0.0,0.0,0.0,1.0,0.0,0.0,1.0,0.0,0.0,1.0,0.0
-0.7974683544303798,-1.0,-1.0,-1.0,-1.0,-1.0,-1.0,0.0,1.0,0.0,0.0,0.0,0.0,1.0,0.0,0.0,0.0,1.0,0.0,1.0,0.0
0.1898734177215189,0.25525003051975226,-1.0,0.046824036112903755,0.22370307704590542,-1.0,0.3274672118880446,0.0,0.0,0.0,1.0,0.0,1.0,0.0,0.0,0.0,0.0,1.0,0.0,1.0,0.0
-0.26582278481012656,-0.4484711928323267,-1.0,0.2916318356194205,-0.13798658706186173,-0.08338121688113975,0.2865880492117525,0.0,1.0,0.0,0.0,0.0,1.0,0.0,0.0,0.0,0.0,1.0,0.0,1.0,0.0
-0.5443037974683544,-1.0,-1.0,-1.0,-1.0,-1.0,-1.0,0.0,0.0,0.0,1.0,0.0,0.0,1.0,0.0,0.0,0.0,1.0,0.0,1.0,0.0
-0.3924050632911392,-1.0,-1.0,-1.0,-1.0,-1.0,-1.0,0.0,1.0,0.0,0.0,0.0,0.0,1.0,0.0,0.0,0.0,1.0,0.0,1.0,0.0
-0.2911392405063291,-1.0,0.8197562444074868,-1.0,-1.0,-0.4916552261572421,0.7747101786516404,0.0,0.0,1.0,0.0,0.0,1.0,0.0,1.0,0.0,0.0,0.0,0.0,1.0,0.0
-0.26582278481012656,-1.0,-1.0,-1.0,-1.0,-1.0,-1.0,1.0,0.0,0.0,0.0,0.0,1.0,0.0,0.0,0.0,0.0,1.0,0.0,1.0,0.0
-0.5949367088607596,-1.0,-1.0,-1.0,-1.0,-1.0,-1.0,0.0,1.0,0.0,0.0,0.0,0.0,1.0,0.0,0.0,0.0,1.0,0.0,1.0,0.0
0.3924050632911391,0.4496058089645336,-0.42435512987010526,-1.0,-1.0,-1.0,0.3256550245627965,0.0,1.0,0.0,0.0,0.0,1.0,0.0,0.0,0.0,0.0,1.0,0.0,1.0,0.0
-0.4683544303797469,-1.0,0.31192333452193544,-1.0,-0.23558788112085693,-1.0,0.28947155819687853,0.0,1.0,0.0,0.0,0.0,1.0,0.0,0.0,0.0,0.0,1.0,0.0,1.0,0.0
-1.0,-1.0,-1.0,-1.0,-1.0,-1.0,-1.0,0.0,0.0,0.0,1.0,0.0,1.0,0.0,0.0,0.0,0.0,1.0,0.0,1.0,0.0
-0.5189873417721519,0.05535451192827434,-1.0,0.47015850275784943,-0.7232176899759744,-1.0,0.4279995520869384,0.0,0.0,0.0,1.0,0.0,1.0,0.0,0.0,1.0,0.0,0.0,0.0,1.0,0.0
0.7721518987341771,-1.0,-1.0,-1.0,-1.0,-1.0,-1.0,0.0,0.0,0.0,1.0,0.0,0.0,1.0,0.0,0.0,0.0,1.0,0.0,1.0,0.0
-0.3417721518987342,0.4981403683263643,-1.0,-0.17667999299132686,-1.0,0.16929481557896708,0.4207310045924444,0.0,0.0,0.0,1.0,0.0,1.0,0.0,0.0,0.0,0.0,1.0,0.0,0.0,1.0
-0.5443037974683544,-1.0,-1.0,-1.0,-1.0,-1.0,-1.0,0.0,1.0,0.0,0.0,0.0,0.0,1.0,0.0,0.0,1.0,0.0,0.0,1.0,0.0
-0.36708860759493667,0.5980887374442996,-1.0,-0.6133104850891911,-1.0,-1.0,0.45834253547654136,0.0,0.0,0.0,1.0,0.0,1.0,0.0,0.0,0.0,0.0,1.0,0.0,1.0,0.0
-0.8481012658227848,-1.0,-1.0,-1.0,-1.0,-1.0,-1.0,0.0,0.0,0.0,1.0,0.0,0.0,1.0,0.0,0.0,0.0,1.0,1.0,0.0,0.0
-0.3924050632911392,0.3186912092671834,-0.7289761332752838,0.0548541832320959,-1.0,-1.0,0.2630692473235283,0.0,1.0,0.0,0.0,0.0,1.0,0.0,0.0,0.0,1.0,0.0,0.0,1.0,0.0
-0.2911392405063291,0.07084211844022392,0.5222083154904196,-0.15014475473050126,0.12785291692407785,0.2839694122327432,0.5599285893998784,0.0,0.0,1.0,0.0,0.0,1.0,0.0,1.0,0.0,0.0,0.0,0.0,1.0,0.0
-0.7974683544303798,-1.0,-1.0,-1.0,-1.0,-1.0,-1.0,0.0,1.0,0.0,0.0,0.0,1.0,0.0,0.0,0.0,0.0,1.0,0.0,1.0,0.0
-0.9240506329113924,-1.0,-1.0,-1.0,-1.0,-1.0,-1.0,0.0,1.0,0.0,0.0,0.0,1.0,0.0,1.0,0.0,0.0,0.0,0.0,1.0,0.0
-0.5189873417721519,0.49878340591186343,-1.0,-0.31129207804727577,-0.8616088449879872,-1.0,0.3718383020332148,0.0,0.0,0.0,1.0,0.0,1.0,0.0,0.0,0.0,0.0,1.0,0.0,1.0,0.0
-0.49367088607594933,0.4121113698191685,-0.7289761332752838,-1.0,0.36682258773084886,-1.0,0.4291668517996421,0.0,0.0,0.0,1.0,0.0,1.0,0.0,0.0,0.0,0.0,1.0,0.0,1.0,0.0
0.03797468354430378,0.7110395252579595,0.5912230538228038,-1.0,-1.0,-0.19187689077455272,0.6899812525473223,0.0,0.0,1.0,0.0,0.0,1.0,0.0,0.0,0.0,0.0,1.0,0.0,1.0,0.0
-0.4177215189873418,-0.012037163643763504,0.3836678147240167,-0.012403170339956415,-0.7806552088744709,0.263121939478169,0.45159757754802565,0.0,0.0,0.0,1.0,0.0,1.0,0.0,1.0,0.0,0.0,0.0,0.0,1.0,0.0
-0.189873417721519,-1.0,-1.0,-1.0,-1.0,-1.0,-1.0,0.0,0.0,0.0,1.0,0.0,0.0,1.0,1.0,0.0,0.0,0.0,0.0,1.0,0.0
-0.5949367088607596,-1.0,0.5544800362137323,-0.3051771617092195,-0.6422640538624581,0.6118712616106632,0.6671765482985335,0.0,1.0,0.0,0.0,1.0,0.0,0.0,1.0,0.0,0.0,0.0,1.0,0.0,0.0
0.012658227848101333,0.049925971642005296,-1.0,0.30575995324158556,-1.0,-1.0,0.2892512916546419,0.0,1.0,0.0,0.0,0.0,1.0,0.0,0.0,0.0,0.0,1.0,0.0,1.0,0.0
-0.36708860759493667,0.5202720262242606,-1.0,-1.0,-1.0,-0.4769678405233547,0.38852145823652084,0.0,0.0,0.0,1.0,0.0,1.0,0.0,0.0,0.0,0.0,1.0,0.0,0.0,1.0
-0.5189873417721519,-1.0,0.23782377080914818,-0.5234924077581515,-1.0,0.008305680934183046,0.2576842839378861,0.0,1.0,0.0,0.0,0.0,1.0,0.0,0.0,0.0,0.0,1.0,0.0,1.0,0.0
-0.6455696202531646,-1.0,-1.0,-1.0,-1.0,-1.0,-1.0,0.0,1.0,0.0,0.0,0.0,0.0,1.0,0.0,0.0,0.0,1.0,0.0,1.0,0.0
-0.5443037974683544,-1.0,-1.0,-1.0,-1.0,-1.0,-1.0,0.0,1.0,0.0,0.0,0.0,0.0,1.0,0.0,0.0,0.0,1.0,0.0,1.0,0.0
0.4177215189873418,-1.0,0.7430408564616853,-1.0,0.10556330082918008,-0.2897859292888483,0.7069279454475277,0.0,0.0,1.0,0.0,0.0,1.0,0.0,0.0,0.0,0.0,1.0,0.0,1.0,0.0
-0.2911392405063291,-1.0,0.40342282925915285,-1.0,0.07867821438814993,0.7262837164689522,0.7034462815053812,0.0,0.0,1.0,0.0,0.0,1.0,0.0,0.0,0.0,0.0,1.0,0.0,1.0,0.0
-1.0,-1.0,-1.0,-1.0,-1.0,-1.0,-1.0,0.0,0.0,1.0,0.0,0.0,1.0,0.0,0.0,0.0,0.0,1.0,0.0,1.0,0.0
0.08860759493670889,-1.0,-1.0,-1.0,-1.0,-1.0,-1.0,0.0,0.0,1.0,0.0,0.0,0.0,1.0,1.0,0.0,0.0,0.0,0.0,1.0,0.0
0.31645569620253156,-1.0,0.5824703659023569,-0.062344147527011784,-0.21110956333010122,-0.4164445537281488,0.5533148576647133,0.0,0.0,1.0,0.0,0.0,1.0,0.0,0.0,0.0,0.0,1.0,0.0,1.0,0.0
-0.3417721518987342,-1.0,-1.0,-1.0,-1.0,-1.0,-1.0,0.0,0.0,1.0,0.0,0.0,0.0,1.0,1.0,0.0,0.0,0.0,0.0,1.0,0.0
-0.1392405063291139,-1.0,-1.0,-1.0,-1.0,-1.0,-1.0,0.0,1.0,0.0,0.0,0.0,0.0,1.0,0.0,0.0,0.0,1.0,0.0,1.0,0.0
-0.6708860759493671,-1.0,-1.0,-1.0,-1.0,-1.0,-1.0,0.0,1.0,0.0,0.0,0.0,0.0,1.0,0.0,0.0,1.0,0.0,0.0,1.0,0.0
0.4683544303797469,-1.0,-1.0,-1.0,-1.0,0.3033839931522826,0.25374257209786033,0.0,1.0,0.0,0.0,0.0,1.0,0.0,0.0,0.0,0.0,1.0,0.0,1.0,0.0
-0.7974683544303798,-1.0,-1.0,-1.0,-1.0,-1.0,-1.0,0.0,1.0,0.0,0.0,0.0,0.0,1.0,1.0,0.0,0.0,0.0,0.0,1.0,0.0
0.012658227848101333,-1.0,0.33031843057394417,-1.0,-1.0,-0.10818717627106378,0.3151755685370752,0.0,1.0,0.0,0.0,0.0,1.0,0.0,0.0,0.0,0.0,1.0,0.0,1.0,0.0
-0.21518987341772156,-1.0,-1.0,-1.0,-1.0,-1.0,-1.0,0.0,0.0,1.0,0.0,0.0,0.0,1.0,1.0,0.0,0.0,0.0,0.0,1.0,0.0
-0.6708860759493671,-1.0,-1.0,-0.18309084251992647,-0.8616088449879872,0.6937953347416446,0.6315301587567239,0.0,1.0,0.0,0.0,0.0,1.0,0.0,0.0,0.0,0.0,1.0,0.0,1.0,0.0
-0.6455696202531646,-1.0,-1.0,0.30464355086301365,0.10945535844281906,-0.7252516930079197,0.3112887739450776,0.0,1.0,0.0,0.0,0.0,1.0,0.0,0.0,0.0,0.0,1.0,0.0,1.0,0.0
-0.2911392405063291,-0.7704042582518641,-1.0,-1.0,0.3316068648800077,-0.7252516930079197,0.27268341910299565,0.0,1.0,0.0,0.0,0.0,1.0,0.0,0.0,0.0,0.0,1.0,0.0,1.0,0.0
-0.5443037974683544,-1.0,-1.0,-1.0,-1.0,-1.0,-1.0,0.0,1.0,0.0,0.0,0.0,0.0,1.0,0.0,1.0,0.0,0.0,0.0,1.0,0.0
0.3417721518987342,-1.0,-1.0,-1.0,-1.0,-1.0,-1.0,0.0,1.0,0.0,0.0,0.0,0.0,1.0,0.0,0.0,1.0,0.0,0.0,1.0,0.0
-0.4683544303797469,0.5258453445214502,-1.0,0.3477511063100269,-1.0,-1.0,0.4808371154010471,0.0,0.0,0.0,1.0,0.0,1.0,0.0,1.0,0.0,0.0,0.0,0.0,1.0,0.0
-0.31645569620253167,-1.0,0.27708699412610005,-1.0,-0.0765953501931399,-0.5436529399901353,0.273642619471695,0.0,1.0,0.0,0.0,0.0,1.0,0.0,0.0,0.0,0.0,1.0,0.0,1.0,0.0
-0.620253164556962,0.5358940727861377,-1.0,0.28617883522030096,-0.3921421186822598,0.41199329357487113,0.5536455440808428,0.0,0.0,0.0,1.0,0.0,1.0,0.0,0.0,0.0,0.0,1.0,0.0,1.0,0.0
-0.4177215189873418,0.07575968768855779,0.5195094317972906,-0.8622584156094552,-0.3143830504493078,0.3662469281648255,0.5590206478017461,0.0,1.0,0.0,0.0,0.0,1.0,0.0,0.0,0.0,1.0,0.0,0.0,1.0,0.0
-0.31645569620253167,-1.0,-1.0,-1.0,-1.0,-1.0,-1.0,0.0,0.0,1.0,0.0,0.0,0.0,1.0,1.0,0.0,0.0,0.0,0.0,1.0,0.0
0.3924050632911391,0.33265335608348234,-1.0,-1.0,0.1510563383304051,-0.7252516930079197,0.29871004050405636,0.0,1.0,0.0,0.0,0.0,1.0,0.0,0.0,0.0,0.0,1.0,0.0,1.0,0.0
-0.3924050632911392,-1.0,-1.0,-1.0,-1.0,-1.0,-1.0,0.0,1.0,0.0,0.0,0.0,0.0,1.0,0.0,0.0,0.0,1.0,0.0,1.0,0.0
0.9493670886075949,-1.0,0.7807608925512797,-1.0,-0.02970816207027105,0.4447206924959535,0.7674229881411845,0.0,0.0,1.0,0.0,0.0,1.0,0.0,0.0,0.0,0.0,1.0,0.0,1.0,0.0
-0.012658227848101333,0.3583713218914597,-1.0,-1.0,-0.2585621900439785,-1.0,0.25025923032049513,0.0,1.0,0.0,0.0,0.0,1.0,0.0,1.0,0.0,0.0,0.0,0.0,1.0,0.0
-0.4683544303797469,0.4374811603352353,-1.0,0.06632192821399041,-0.5613104177489419,-0.11490609123496331,0.36366256408196573,0.0,1.0,0.0,0.0,0.0,1.0,0.0,0.0,0.0,1.0,0.0,0.0,1.0,0.0
0.16455696202531644,-1.0,0.5941681050236178,-1.0,-0.8616088449879872,0.7084827203755315,0.7362449120282375,0.0,0.0,1.0,0.0,0.0,1.0,0.0,0.0,0.0,0.0,1.0,0.0,1.0,0.0
-0.4177215189873418,0.24306228809839592,-1.0,0.1901210270376481,-0.5613104177489419,-1.0,0.2717193681429104,0.0,1.0,0.0,0.0,0.0,1.0,0.0,0.0,0.0,0.0,1.0,0.0,1.0,0.0
0.16455696202531644,0.6131053146503112,-0.015263706538871658,-0.0208605786444378,-1.0,0.04505056221611814,0.5086389574818442,0.0,0.0,1.0,0.0,0.0,1.0,0.0,0.0,0.0,0.0,1.0,0.0,1.0,0.0
-0.21518987341772156,-1.0,-1.0,0.038455679613956795,0.272132019803236,-1.0,0.2670723481288735,0.0,1.0,0.0,0.0,0.0,1.0,0.0,0.0,0.0,0.0,1.0,0.0,1.0,0.0
-0.21518987341772156,-1.0,-1.0,0.34594044138453683,-1.0,-1.0,0.2912245882145654,0.0,1.0,0.0,0.0,1.0,0.0,0.0,0.0,0.0,0.0,1.0,0.0,1.0,0.0
0.4683544303797469,-0.15875362330791187,-1.0,0.31738110409865605,0.09998372163863856,-0.08533383375935788,0.3448650170523748,0.0,0.0,0.0,1.0,0.0,1.0,0.0,0.0,0.0,0.0,1.0,0.0,1.0,0.0
-0.26582278481012656,-0.7102824304755853,0.47075296123290733,-1.0,0.6053896481500218,0.468649355036888,0.6769111139285886,0.0,0.0,1.0,0.0,0.0,1.0,0.0,0.0,0.0,1.0,0.0,0.0,0.0,1.0
-0.5443037974683544,-1.0,-1.0,-1.0,-1.0,-1.0,-1.0,0.0,1.0,0.0,0.0,0.0,0.0,1.0,0.0,0.0,0.0,1.0,0.0,1.0,0.0
-0.31645569620253167,-1.0,-1.0,-1.0,-1.0,-1.0,-1.0,0.0,0.0,1.0,0.0,0.0,0.0,1.0,1.0,0.0,0.0,0.0,0.0,1.0,0.0
-0.08860759493670889,-1.0,-0.5312057330235879,-1.0,-1.0,-1.0,-0.5428636359713862,0.0,1.0,0.0,0.0,0.0,1.0,0.0,0.0,0.0,0.0,1.0,0.0,1.0,0.0
-0.11392405063291144,-1.0,-0.06898359394471754,-0.2148124015004551,-1.0,0.29891757291740517,0.2901308349499321,0.0,1.0,0.0,0.0,0.0,1.0,0.0,0.0,0.0,0.0,1.0,0.0,1.0,0.0
-0.5949367088607596,-1.0,-1.0,-1.0,-1.0,-1.0,-1.0,0.0,1.0,0.0,0.0,0.0,0.0,1.0,1.0,0.0,0.0,0.0,0.0,1.0,0.0
0.9746835443037973,-1.0,-1.0,-1.0,0.21616798532720405,-0.6810270934861755,0.16296889892396238,0.0,1.0,0.0,0.0,0.0,1.0,0.0,0.0,0.0,0.0,1.0,0.0,1.0,0.0
-0.11392405063291144,-0.4639587993442762,0.2773713612951356,-0.23490213093186518,-0.7806552088744709,-1.0,0.26154614464588355,0.0,1.0,0.0,0.0,0.0,1.0,0.0,0.0,0.0,0.0,1.0,0.0,1.0,0.0
0.1898734177215189,-1.0,-1.0,-1.0,-1.0,-1.0,-1.0,0.0,0.0,1.0,0.0,0.0,0.0,1.0,0.0,0.0,0.0,1.0,0.0,1.0,0.0
-0.2911392405063291,-1.0,0.07310046731518227,-0.6133104850891911,-1.0,0.2480178619483493,0.27196083830957996,0.0,1.0,0.0,0.0,0.0,1.0,0.0,0.0,0.0,0.0,1.0,0.0,1.0,0.0
-0.21518987341772156,0.45698845810723476,-0.4840579735152838,-0.002970662745334862,-0.27905773174939197,-1.0,0.36171340929347484,0.0,0.0,0.0,1.0,0.0,1.0,0.0,1.0,0.0,0.0,0.0,0.0,1.0,0.0
-0.21518987341772156,-1.0,-1.0,-1.0,-1.0,-1.0,-1.0,0.0,0.0,0.0,1.0,0.0,0.0,1.0,0.0,0.0,0.0,1.0,0.0,1.0,0.0
0.4430379746835442,-1.0,-1.0,-1.0,-1.0,-1.0,-1.0,0.0,0.0,1.0,0.0,0.0,0.0,1.0,0.0,0.0,0.0,1.0,0.0,1.0,0.0
-0.5696202531645569,0.25983214696667956,-1.0,-0.018001261677396907,-0.32769839905788767,0.022468062261076893,0.263321918892786,0.0,1.0,0.0,0.0,0.0,1.0,0.0,0.0,0.0,1.0,0.0,0.0,1.0,0.0
-0.5189873417721519,-1.0,-1.0,0.30687011870282754,-0.8616088449879872,-1.0,0.25400790362447356,0.0,1.0,0.0,0.0,0.0,1.0,0.0,1.0,0.0,0.0,0.0,0.0,1.0,0.0
-0.08860759493670889,-1.0,-1.0,-1.0,-1.0,-1.0,-1.0,0.0,0.0,1.0,0.0,0.0,0.0,1.0,1.0,0.0,0.0,0.0,0.0,1.0,0.0
-0.31645569620253167,-1.0,-0.25578836917431313,0.6828374084887776,-0.6422640538624581,-0.25923495866381896,0.6179952606304988,0.0,0.0,1.0,0.0,0.0,1.0,0.0,1.0,0.0,0.0,0.0,0.0,1.0,0.0
-0.3924050632911392,0.08641856110671231,0.09085054021021954,-1.0,0.4198577203888856,-1.0,0.41466414246197214,0.0,1.0,0.0,0.0,0.0,1.0,0.0,0.0,0.0,0.0,1.0,0.0,1.0,0.0
-0.5189873417721519,-1.0,-1.0,-1.0,-1.0,-1.0,-1.0,0.0,0.0,0.0,1.0,0.0,0.0,1.0,0.0,0.0,0.0,1.0,0.0,1.0,0.0
0.012658227848101333,0.5121507021501182,0.2554425282812989,0.461706385234681,-0.6422640538624581,-1.0,0.559555254633012,0.0,1.0,0.0,0.0,0.0,1.0,0.0,0.0,0.0,0.0,1.0,0.0,1.0,0.0
-0.9493670886075949,-1.0,-1.0,-1.0,-1.0,-1.0,-1.0,0.0,1.0,0.0,0.0,0.0,0.0,1.0,0.0,0.0,1.0,0.0,0.0,1.0,0.0
-0.31645569620253167,-1.0,0.39935442453000736,-1.0,0.5417038584688059,-1.0,0.5578930697805511,0.0,1.0,0.0,0.0,0.0,1.0,0.0,1.0,0.0,0.0,0.0,0.0,1.0,0.0
-0.11392405063291144,-1.0,-1.0,-1.0,-1.0,-1.0,-1.0,0.0,0.0,0.0,1.0,0.0,0.0,1.0,0.0,0.0,0.0,1.0,0.0,1.0,0.0
-0.8227848101265822,-1.0,-1.0,-1.0,-1.0,-1.0,-1.0,0.0,1.0,0.0,0.0,0.0,1.0,0.0,0.0,0.0,0.0,1.0,0.0,1.0,0.0
0.21518987341772156,-1.0,-1.0,0.32611177102093913,0.5513734948124487,0.41996883876019964,0.601550176732315,0.0,1.0,0.0,0.0,0.0,1.0,0.0,0.0,0.0,0.0,1.0,0.0,1.0,0.0
-0.3924050632911392,0.49143257603264145,-0.7852186672204382,-0.5633695079021357,0.46421420348204023,-1.0,0.5129820714675977,0.0,1.0,0.0,0.0,0.0,1.0,0.0,0.0,0.0,0.0,1.0,0.0,1.0,0.0
-0.9746835443037974,-1.0,-1.0,-1.0,-1.0,-1.0,-1.0,0.0,1.0,0.0,0.0,0.0,0.0,1.0,1.0,0.0,0.0,0.0,0.0,1.0,0.0
-0.7974683544303798,-1.0,-1.0,-1.0,-1.0,-1.0,-1.0,0.0,1.0,0.0,0.0,0.0,1.0,0.0,0.0,0.0,0.0,1.0,0.0,1.0,0.0
-0.49367088607594933,-1.0,-1.0,-1.0,0.4741354713666235,-0.8626258465039598,0.4076887056483811,0.0,1.0,0.0,0.0,0.0,1.0,0.0,0.0,0.0,0.0,1.0,0.0,1.0,0.0
-0.5696202531645569,-0.019569043666193497,-0.6853510347334366,0.5001469275869423,-0.47309575479577604,-1.0,0.451315216591301,0.0,1.0,0.0,0.0,0.0,1.0,0.0,0.0,0.0,0.0,1.0,0.0,1.0,0.0
0.139240506329114,-1.0,0.5315650412962754,-1.0,0.02183936530264141,-0.8626258465039598,0.5056875870047248,0.0,0.0,1.0,0.0,0.0,1.0,0.0,0.0,0.0,0.0,1.0,0.0,1.0,0.0
-0.16455696202531644,-0.2453649161795992,-1.0,-1.0,0.4486240222861422,-1.0,0.38799699938829124,0.0,1.0,0.0,0.0,0.0,1.0,0.0,0.0,0.0,0.0,1.0,0.0,1.0,0.0
0.11392405063291133,-1.0,0.4275237502260887,-0.035808909266186184,0.4674480971984474,0.41453014753969875,0.600304014408974,0.0,0.0,1.0,0.0,0.0,1.0,0.0,0.0,1.0,0.0,0.0,0.0,1.0,0.0
0.2911392405063291,-0.7102824304755853,-0.31058807447301096,-0.4902955702815448,-0.2685470822285979,0.3474981502025174,0.31363034693773617,0.0,1.0,0.0,0.0,0.0,1.0,0.0,0.0,0.0,0.0,1.0,0.0,1.0,0.0
0.08860759493670889,-0.32729663573877876,-0.8644880666376419,0.4035625794018183,-1.0,-1.0,0.3505416793177798,0.0,0.0,0.0,1.0,0.0,1.0,0.0,0.0,0.0,0.0,1.0,0.0,1.0,0.0
-1.0,-1.0,-1.0,-1.0,-1.0,-1.0,-1.0,0.0,1.0,0.0,0.0,0.0,1.0,0.0,0.0,0.0,0.0,1.0,0.0,1.0,0.0
-0.31645569620253167,-1.0,0.5149268091634585,0.3966378682887015,0.5559558335738353,-0.057890666102418775,0.6579722756604494,0.0,0.0,1.0,0.0,0.0,1.0,0.0,0.0,0.0,0.0,1.0,0.0,1.0,0.0
-0.44303797468354433,-1.0,-1.0,-1.0,-0.5212452626117072,0.3195446177172734,0.2717193681429104,0.0,1.0,0.0,0.0,0.0,1.0,0.0,0.0,0.0,0.0,1.0,0.0,1.0,0.0
-0.6455696202531646,-1.0,-1.0,-1.0,-1.0,-1.0,-1.0,0.0,1.0,0.0,0.0,0.0,0.0,1.0,0.0,0.0,1.0,0.0,0.0,1.0,0.0
-0.11392405063291144,0.07937338666668725,-1.0,0.1814686367707783,-1.0,-0.1788762303003234,0.22515007233224127,0.0,0.0,0.0,1.0,0.0,1.0,0.0,0.0,0.0,0.0,1.0,0.0,1.0,0.0
-0.4683544303797469,-0.4988709397562451,0.3560716121466361,-0.7245168312189103,0.5637104483856126,-1.0,0.5590206478017461,0.0,1.0,0.0,0.0,0.0,1.0,0.0,0.0,0.0,1.0,0.0,1.0,0.0,0.0
-0.9240506329113924,-1.0,-1.0,-1.0,-1.0,-1.0,-1.0,0.0,1.0,0.0,0.0,0.0,0.0,1.0,1.0,0.0,0.0,0.0,0.0,1.0,0.0
-0.11392405063291144,0.3895516693023382,-1.0,0.03630734408771974,-1.0,-1.0,0.3081212548288894,0.0,0.0,0.0,1.0,0.0,1.0,0.0,0.0,0.0,0.0,1.0,0.0,1.0,0.0
0.3417721518987342,-1.0,-1.0,-1.0,-1.0,-1.0,-1.0,0.0,0.0,0.0,1.0,0.0,1.0,0.0,0.0,0.0,0.0,1.0,0.0,1.0,0.0
-0.49367088607594933,-1.0,-1.0,-1.0,-1.0,-1.0,-1.0,0.0,0.0,0.0,1.0,0.0,0.0,1.0,0.0,0.0,0.0,1.0,0.0,1.0,0.0
0.3417721518987342,-0.7704042582518641,-0.42435512987010526,0.3035208410929102,-1.0,-0.8626258465039598,0.2561173654913014,0.0,1.0,0.0,0.0,0.0,1.0,0.0,0.0,0.0,1.0,0.0,0.0,1.0,0.0
-0.36708860759493667,-0.48068668872744935,-0.25578836917431313,0.1896223590200703,-1.0,-1.0,0.16593777916406616,0.0,1.0,0.0,0.0,0.0,1.0,0.0,0.0,0.0,1.0,0.0,0.0,1.0,0.0
-0.3924050632911392,-1.0,-1.0,-1.0,-1.0,-1.0,-1.0,0.0,1.0,0.0,0.0,0.0,0.0,1.0,0.0,0.0,1.0,0.0,0.0,1.0,0.0
-0.3417721518987342,-1.0,-1.0,-1.0,-1.0,-1.0,-1.0,0.0,1.0,0.0,0.0,0.0,0.0,1.0,0.0,0.0,0.0,1.0,0.0,1.0,0.0
-0.7974683544303798,-1.0,-1.0,-1.0,-1.0,-1.0,-1.0,0.0,1.0,0.0,0.0,0.0,1.0,0.0,0.0,0.0,0.0,1.0,0.0,1.0,0.0
-0.36708860759493667,-1.0,0.4512086519782301,-1.0,0.2910060979245197,0.2720493924401812,0.5217081109386688,0.0,0.0,1.0,0.0,0.0,1.0,0.0,1.0,0.0,0.0,0.0,0.0,1.0,0.0
-0.36708860759493667,-1.0,-1.0,-0.8622584156094552,0.3179767389271946,-0.3542810726612019,0.2650813047454863,0.0,1.0,0.0,0.0,0.0,1.0,0.0,1.0,0.0,0.0,0.0,0.0,1.0,0.0
-0.9493670886075949,-1.0,-1.0,-1.0,-1.0,-1.0,-1.0,0.0,1.0,0.0,0.0,0.0,0.0,1.0,1.0,0.0,0.0,0.0,0.0,1.0,0.0
-0.06329113924050633,-1.0,-1.0,-1.0,-1.0,-1.0,-1.0,0.0,1.0,0.0,0.0,0.0,1.0,0.0,0.0,0.0,0.0,1.0,0.0,1.0,0.0
-0.5189873417721519,-1.0,-1.0,-1.0,-1.0,-1.0,-1.0,0.0,0.0,1.0,0.0,0.0,0.0,1.0,1.0,0.0,0.0,0.0,0.0,1.0,0.0
-0.3924050632911392,0.7043650745172494,-1.0,0.41496830244014715,-0.7806552088744709,0.09976589565262706,0.6228061474265487,0.0,0.0,0.0,1.0,0.0,1.0,0.0,0.0,0.0,0.0,1.0,0.0,1.0,0.0
-0.21518987341772156,-1.0,0.27508475751826866,-1.0,-1.0,0.06347747407439841,0.2953245456106577,0.0,1.0,0.0,0.0,0.0,1.0,0.0,0.0,0.0,0.0,1.0,0.0,1.0,0.0
-0.2405063291139241,0.45521653656109917,-1.0,-1.0,-1.0,-1.0,0.3274672118880446,0.0,0.0,0.0,1.0,0.0,1.0,0.0,0.0,0.0,0.0,1.0,0.0,0.0,1.0
-0.3417721518987342,0.24523360166041508,-1.0,-0.1420326446896587,-1.0,0.4257094705632041,0.4279995520869384,0.0,1.0,0.0,0.0,0.0,1.0,0.0,1.0,0.0,0.0,0.0,0.0,1.0,0.0
0.4683544303797469,0.4099127715713735,-1.0,-0.3769174090839149,0.4593298074142975,-1.0,0.4810789940603897,0.0,0.0,0.0,1.0,0.0,1.0,0.0,0.0,0.0,0.0,1.0,0.0,1.0,0.0
-0.44303797468354433,-1.0,-1.0,-1.0,-1.0,-1.0,-1.0,0.0,1.0,0.0,0.0,0.0,0.0,1.0,1.0,0.0,0.0,0.0,0.0,1.0,0.0
-0.2911392405063291,-1.0,-1.0,-0.032727931260295384,-1.0,-1.0,-0.07204996577330358,0.0,0.0,0.0,1.0,0.0,1.0,0.0,0.0,0.0,0.0,1.0,0.0,1.0,0.0
-0.620253164556962,-1.0,-1.0,-1.0,-1.0,-1.0,-1.0,0.0,0.0,1.0,0.0,0.0,0.0,1.0,1.0,0.0,0.0,0.0,0.0,1.0,0.0
-0.5443037974683544,-1.0,-1.0,-1.0,-1.0,-1.0,-1.0,0.0,0.0,1.0,0.0,0.0,0.0,1.0,0.0,0.0,0.0,1.0,0.0,1.0,0.0
-0.44303797468354433,-1.0,-1.0,-1.0,-1.0,-1.0,-1.0,0.0,1.0,0.0,0.0,0.0,0.0,1.0,0.0,0.0,0.0,1.0,0.0,1.0,0.0
-0.31645569620253167,-1.0,-0.8644880666376419,-0.3949952390402589,-1.0,0.4305633215724174,0.3789907953622811,0.0,1.0,0.0,0.0,0.0,1.0,0.0,0.0,0.0,0.0,1.0,0.0,1.0,0.0
-0.189873417721519,-1.0,-1.0,-1.0,-1.0,-1.0,-1.0,0.0,0.0,1.0,0.0,0.0,0.0,1.0,0.0,0.0,0.0,1.0,0.0,1.0,0.0
0.5443037974683544,-1.0,0.6255217225966421,-1.0,0.1147798401969895,0.05204031973668233,0.6057020710018755,0.0,0.0,1.0,0.0,0.0,1.0,0.0,0.0,0.0,0.0,1.0,0.0,1.0,0.0
-0.189873417721519,-1.0,-1.0,-1.0,-1.0,0.3180122208304066,0.2678136608105952,0.0,1.0,0.0,0.0,0.0,1.0,0.0,0.0,0.0,0.0,1.0,0.0,1.0,0.0
-0.21518987341772156,-1.0,-1.0,-1.0,-1.0,-1.0,-1.0,0.0,0.0,1.0,0.0,0.0,0.0,1.0,0.0,0.0,0.0,1.0,0.0,1.0,0.0
-0.31645569620253167,-1.0,-1.0,-1.0,-1.0,-1.0,-1.0,0.0,1.0,0.0,0.0,0.0,0.0,1.0,0.0,0.0,0.0,1.0,0.0,1.0,0.0
0.012658227848101333,-1.0,-1.0,-1.0,-1.0,-1.0,-1.0,0.0,0.0,0.0,1.0,0.0,0.0,1.0,1.0,0.0,0.0,0.0,0.0,1.0,0.0
-0.012658227848101333,-1.0,-0.39569379966122975,-0.17355049365673103,0.3015883901348111,-1.0,0.2650813047454863,0.0,1.0,0.0,0.0,0.0,1.0,0.0,0.0,0.0,0.0,1.0,0.0,1.0,0.0
-0.26582278481012656,-1.0,-1.0,-1.0,-1.0,-1.0,-1.0,0.0,1.0,0.0,0.0,0.0,0.0,1.0,0.0,0.0,1.0,0.0,0.0,1.0,0.0
0.16455696202531644,-1.0,-1.0,-1.0,-1.0,-1.0,-1.0,0.0,0.0,0.0,1.0,0.0,0.0,1.0,0.0,0.0,0.0,1.0,0.0,1.0,0.0
-0.3924050632911392,0.059335338010751304,-1.0,0.46547964608058057,-0.8616088449879872,-1.0,0.42401988439654414,0.0,0.0,0.0,1.0,0.0,1.0,0.0,0.0,0.0,0.0,1.0,0.0,1.0,0.0
-0.3924050632911392,-1.0,-1.0,-1.0,-1.0,-1.0,-1.0,0.0,0.0,0.0,1.0,0.0,0.0,1.0,0.0,0.0,0.0,1.0,0.0,1.0,0.0
-0.7215189873417722,-1.0,-1.0,-1.0,-1.0,-1.0,-1.0,0.0,1.0,0.0,0.0,0.0,0.0,1.0,0.0,0.0,0.0,1.0,0.0,1.0,0.0
-0.5189873417721519,-1.0,-0.004159640065753312,0.250622619574149,-1.0,-1.0,0.24971763714062,0.0,1.0,0.0,0.0,0.0,1.0,0.0,0.0,0.0,0.0,1.0,0.0,1.0,0.0
-0.36708860759493667,-1.0,-1.0,-1.0,-1.0,-1.0,-1.0,0.0,0.0,1.0,0.0,0.0,0.0,1.0,0.0,0.0,0.0,1.0,0.0,1.0,0.0
0.012658227848101333,-1.0,-1.0,-1.0,-1.0,-1.0,-1.0,0.0,0.0,0.0,1.0,0.0,0.0,1.0,0.0,0.0,0.0,1.0,0.0,1.0,0.0
-0.5443037974683544,-0.7102824304755853,-1.0,-0.7245168312189103,0.49362671463076624,-1.0,0.4268250608996804,0.0,1.0,0.0,0.0,1.0,0.0,0.0,0.0,0.0,0.0,1.0,0.0,1.0,0.0
-0.36708860759493667,-1.0,-1.0,-1.0,-1.0,-1.0,-1.0,0.0,0.0,0.0,1.0,0.0,0.0,1.0,1.0,0.0,0.0,0.0,0.0,1.0,0.0
-0.49367088607594933,0.3160143028548481,0.010842000425844489,-1.0,-0.6422640538624581,-1.0,0.2550655522240399,0.0,1.0,0.0,0.0,0.0,1.0,0.0,0.0,1.0,0.0,0.0,1.0,0.0,0.0
-0.03797468354430378,-1.0,0.807312480229406,-0.8622584156094552,0.9194691241193007,0.5172142930235113,0.9482249102071534,0.0,0.0,1.0,0.0,0.0,1.0,0.0,0.0,0.0,0.0,1.0,0.0,1.0,0.0
0.08860759493670889,-1.0,-1.0,-1.0,-1.0,-1.0,-1.0,0.0,0.0,0.0,1.0,0.0,0.0,1.0,0.0,0.0,0.0,1.0,0.0,1.0,0.0
-0.3924050632911392,-1.0,-0.20283166710033895,0.27738729914983495,-1.0,-0.25923495866381896,0.25374257209786033,0.0,1.0,0.0,0.0,0.0,1.0,0.0,1.0,0.0,0.0,0.0,0.0,1.0,0.0
0.11392405063291133,-1.0,-1.0,-1.0,-1.0,-1.0,-1.0,0.0,0.0,1.0,0.0,0.0,0.0,1.0,0.0,0.0,0.0,1.0,0.0,1.0,0.0
-0.3924050632911392,0.3444011754177345,-1.0,-1.0,-1.0,-1.0,0.2263800164119829,0.0,1.0,0.0,0.0,0.0,1.0,0.0,0.0,0.0,0.0,1.0,0.0,1.0,0.0
-0.44303797468354433,-0.8551412152377926,-0.7852186672204382,0.09239232626116323,-1.0,0.22563034635692558,0.2571634074633109,0.0,1.0,0.0,0.0,0.0,1.0,0.0,0.0,0.0,0.0,1.0,0.0,1.0,0.0
-0.08860759493670889,-0.8551412152377926,0.3031571260940402,-1.0,-0.19631344477175017,-0.006947151616774949,0.314983099392915,0.0,1.0,0.0,0.0,0.0,1.0,0.0,0.0,0.0,0.0,1.0,0.0,1.0,0.0
-0.4683544303797469,-1.0,-1.0,-1.0,-1.0,-1.0,-1.0,0.0,0.0,0.0,1.0,0.0,0.0,1.0,0.0,0.0,0.0,1.0,0.0,1.0,0.0
-0.8227848101265822,-1.0,-1.0,-1.0,-1.0,-1.0,-1.0,0.0,1.0,0.0,0.0,0.0,1.0,0.0,0.0,0.0,0.0,1.0,0.0,1.0,0.0
-0.11392405063291144,-1.0,-1.0,-1.0,-1.0,-1.0,-1.0,1.0,0.0,0.0,0.0,0.0,0.0,1.0,0.0,0.0,0.0,1.0,0.0,1.0,0.0
-0.189873417721519,-1.0,-1.0,-1.0,-1.0,-1.0,-1.0,0.0,1.0,0.0,0.0,0.0,0.0,1.0,1.0,0.0,0.0,0.0,0.0,1.0,0.0
-0.6708860759493671,0.6758576865691934,-0.5312057330235879,-0.24800923897706195,-1.0,-1.0,0.5320360820780252,0.0,0.0,0.0,1.0,0.0,1.0,0.0,0.0,0.0,0.0,1.0,0.0,1.0,0.0
-0.4177215189873418,-0.14784747667959774,0.16987386987279418,-0.4490336624378206,-1.0,0.03028498008881364,0.23477435794343604,0.0,1.0,0.0,0.0,0.0,1.0,0.0,0.0,0.0,0.0,1.0,0.0,1.0,0.0
-0.03797468354430378,-1.0,0.27963152975396577,-1.0,-0.21894022317537787,0.34302921204282,0.4089867901325954,0.0,1.0,0.0,0.0,0.0,1.0,0.0,1.0,0.0,0.0,0.0,0.0,1.0,0.0
0.012658227848101333,-1.0,-1.0,-1.0,0.34028354758114676,-0.7822671181404642,0.28022519545011293,0.0,1.0,0.0,0.0,0.0,1.0,0.0,0.0,0.0,0.0,1.0,0.0,1.0,0.0
0.11392405063291133,-1.0,-1.0,-1.0,-1.0,-1.0,-1.0,0.0,1.0,0.0,0.0,0.0,0.0,1.0,0.0,0.0,0.0,1.0,0.0,1.0,0.0
-0.4683544303797469,0.559866095382636,-0.6497067338580801,-0.42562792351159096,-1.0,-1.0,0.4253197121895349,0.0,0.0,0.0,1.0,0.0,1.0,0.0,0.0,0.0,0.0,1.0,0.0,1.0,0.0
-0.620253164556962,-1.0,-1.0,-1.0,-1.0,-1.0,-1.0,0.0,0.0,1.0,0.0,0.0,0.0,1.0,1.0,0.0,0.0,0.0,0.0,1.0,0.0
-0.21518987341772156,0.30616389098807395,-0.8644880666376419,0.13477092164520998,-0.17923840978180217,-0.6810270934861755,0.2933934474557045,0.0,1.0,0.0,0.0,0.0,1.0,0.0,0.0,0.0,0.0,1.0,0.0,1.0,0.0
-0.8987341772151899,-1.0,-1.0,-1.0,-1.0,-1.0,-1.0,0.0,0.0,1.0,0.0,0.0,0.0,1.0,0.0,0.0,0.0,1.0,0.0,1.0,0.0
-0.8987341772151899,-1.0,-1.0,-1.0,-1.0,-1.0,-1.0,0.0,1.0,0.0,0.0,0.0,1.0,0.0,0.0,0.0,0.0,1.0,0.0,1.0,0.0
-0.9493670886075949,-1.0,-1.0,-1.0,-1.0,-1.0,-1.0,0.0,1.0,0.0,0.0,0.0,1.0,0.0,0.0,0.0,0.0,1.0,0.0,1.0,0.0
0.31645569620253156,-0.7704042582518641,-0.24728692567616273,0.328608274969995,-1.0,0.3182684445377102,0.4091043607012912,0.0,1.0,0.0,0.0,0.0,1.0,0.0,0.0,0.0,0.0,1.0,0.0,1.0,0.0
-0.5189873417721519,-1.0,-1.0,0.17350819589774868,0.1170189989902013,-1.0,0.2303234008026842,0.0,1.0,0.0,0.0,0.0,1.0,0.0,0.0,0.0,0.0,1.0,0.0,1.0,0.0
-0.31645569620253167,-0.27570607618896315,0.05972757043652188,0.15359120060701303,-1.0,-0.46329421162663964,0.2201493745726053,0.0,1.0,0.0,0.0,0.0,1.0,0.0,1.0,0.0,0.0,0.0,0.0,1.0,0.0
-0.8734177215189873,-1.0,-1.0,-1.0,-1.0,-1.0,-1.0,0.0,0.0,0.0,1.0,0.0,1.0,0.0,0.0,0.0,0.0,1.0,0.0,1.0,0.0
-0.06329113924050633,0.31055537550194523,-1.0,0.46597737733822187,-0.17279732755673072,-1.0,0.46625554813951275,0.0,0.0,0.0,1.0,0.0,1.0,0.0,0.0,0.0,0.0,1.0,0.0,1.0,0.0
0.4430379746835442,-1.0,-1.0,-1.0,-1.0,-1.0,-1.0,0.0,1.0,0.0,0.0,0.0,0.0,1.0,1.0,0.0,0.0,0.0,0.0,1.0,0.0
-0.5189873417721519,-1.0,-0.7852186672204382,0.43956637734385273,-1.0,-0.4164445537281488,0.38374856349418796,0.0,1.0,0.0,0.0,0.0,1.0,0.0,0.0,0.0,0.0,1.0,0.0,1.0,0.0
0.06329113924050622,-1.0,-1.0,-1.0,-1.0,-1.0,-1.0,0.0,1.0,0.0,0.0,0.0,0.0,1.0,0.0,0.0,0.0,1.0,0.0,1.0,0.0
-0.8734177215189873,-1.0,-1.0,-1.0,-1.0,-1.0,-1.0,0.0,1.0,0.0,0.0,0.0,0.0,1.0,0.0,0.0,0.0,1.0,0.0,1.0,0.0
-0.44303797468354433,-1.0,-1.0,-1.0,-1.0,-1.0,-1.0,0.0,0.0,1.0,0.0,0.0,0.0,1.0,1.0,0.0,0.0,0.0,0.0,1.0,0.0
-0.16455696202531644,-0.4484711928323267,-1.0,0.36969954854946097,-1.0,-1.0,0.3165174390321084,0.0,1.0,0.0,0.0,0.0,1.0,0.0,0.0,0.0,0.0,1.0,0.0,1.0,0.0
-0.06329113924050633,-1.0,0.18997903233004965,-1.0,0.6113443045730038,-0.6143419940193948,0.5634131185016851,0.0,0.0,1.0,0.0,0.0,1.0,0.0,1.0,0.0,0.0,0.0,0.0,1.0,0.0
-0.189873417721519,-1.0,0.4120289492589484,-0.32411711492981843,0.2971216214407204,-0.37857950549977637,0.4567929733193641,0.0,0.0,1.0,0.0,1.0,0.0,0.0,0.0,0.0,0.0,1.0,0.0,1.0,0.0
-0.11392405063291144,0.4877425001417175,-0.2994134677161602,-0.5867752468283656,-1.0,-1.0,0.3635133345862065,0.0,0.0,0.0,1.0,0.0,1.0,0.0,0.0,0.0,0.0,1.0,0.0,0.0,1.0
-0.8987341772151899,-1.0,-1.0,-1.0,-1.0,-1.0,-1.0,0.0,0.0,0.0,1.0,0.0,1.0,0.0,0.0,0.0,0.0,1.0,0.0,1.0,0.0
-0.44303797468354433,-1.0,-1.0,-1.0,-1.0,-1.0,-1.0,0.0,0.0,0.0,1.0,0.0,0.0,1.0,0.0,0.0,0.0,1.0,0.0,1.0,0.0
-0.5189873417721519,0.2419681125601998,-1.0,0.19888946858879297,-1.0,-0.5645342362809285,0.2755466619768592,0.0,1.0,0.0,0.0,0.0,1.0,0.0,0.0,0.0,0.0,1.0,0.0,1.0,0.0
-0.2405063291139241,-1.0,-1.0,0.15597109852192048,-0.0077457977008904555,0.3159504179961805,0.3583687503276771,0.0,0.0,1.0,0.0,0.0,1.0,0.0,0.0,0.0,0.0,1.0,1.0,0.0,0.0
-0.6708860759493671,-1.0,-1.0,-1.0,-1.0,-1.0,-1.0,0.0,0.0,0.0,1.0,0.0,0.0,1.0,0.0,0.0,0.0,1.0,0.0,1.0,0.0
-1.0,-1.0,-1.0,-1.0,-1.0,-1.0,-1.0,0.0,1.0,0.0,0.0,0.0,1.0,0.0,0.0,0.0,0.0,1.0,0.0,1.0,0.0
-0.21518987341772156,-1.0,-1.0,-1.0,-1.0,-1.0,-1.0,0.0,0.0,0.0,1.0,0.0,0.0,1.0,0.0,0.0,0.0,1.0,0.0,1.0,0.0
-0.11392405063291144,0.5508048977441034,-1.0,-0.5867752468283656,-1.0,-0.10599722017663704,0.42542763218737756,0.0,1.0,0.0,0.0,0.0,1.0,0.0,1.0,0.0,0.0,0.0,0.0,1.0,0.0
0.012658227848101333,-1.0,-1.0,-1.0,-1.0,-1.0,-1.0,0.0,0.0,1.0,0.0,0.0,0.0,1.0,1.0,0.0,0.0,0.0,0.0,1.0,0.0
-0.012658227848101333,-1.0,-1.0,-1.0,-1.0,-1.0,-1.0,0.0,0.0,0.0,1.0,0.0,0.0,1.0,0.0,0.0,0.0,1.0,0.0,1.0,0.0
-0.3417721518987342,-0.3540121549940377,-1.0,0.2349613326732034,0.2665952703257457,-1.0,0.3331530960332669,0.0,1.0,0.0,0.0,0.0,1.0,0.0,0.0,0.0,0.0,1.0,0.0,1.0,0.0
-0.3417721518987342,-1.0,0.33225945208697216,-0.4755689006986463,-0.5212452626117072,-0.4505033860158394,0.30691973401701733,0.0,1.0,0.0,0.0,0.0,1.0,0.0,0.0,0.0,0.0,1.0,0.0,1.0,0.0
-0.5189873417721519,0.45142573672460284,-1.0,-0.2620422984291655,-1.0,-1.0,0.3312176411241319,1.0,0.0,0.0,0.0,0.0,1.0,0.0,0.0,0.0,0.0,1.0,0.0,1.0,0.0
-0.06329113924050633,-0.30361240807011936,0.26776171436018315,-0.5234924077581515,0.35410691764749336,0.8166567484751315,0.7764636038574992,0.0,0.0,1.0,0.0,0.0,1.0,0.0,0.0,0.0,0.0,1.0,1.0,0.0,0.0
-0.7468354430379747,-1.0,-1.0,-1.0,-1.0,-1.0,-1.0,0.0,0.0,0.0,1.0,0.0,0.0,1.0,0.0,0.0,0.0,1.0,0.0,1.0,0.0
-0.189873417721519,0.6714080270538647,0.58794302501769,-0.04052183610788607,-0.18930724404587485,-0.25457147267740143,0.6756376630831913,0.0,0.0,1.0,0.0,0.0,1.0,0.0,0.0,0.0,0.0,1.0,0.0,1.0,0.0
-0.26582278481012656,-1.0,-1.0,-1.0,-1.0,-1.0,-1.0,0.0,1.0,0.0,0.0,0.0,0.0,1.0,0.0,0.0,1.0,0.0,0.0,1.0,0.0
-0.9746835443037974,-1.0,-1.0,-1.0,-1.0,-1.0,-1.0,0.0,1.0,0.0,0.0,0.0,1.0,0.0,0.0,0.0,0.0,1.0,0.0,1.0,0.0
-0.5189873417721519,-1.0,-1.0,-1.0,-1.0,-1.0,-1.0,0.0,0.0,1.0,0.0,0.0,0.0,1.0,1.0,0.0,0.0,0.0,0.0,1.0,0.0
-0.31645569620253167,-0.4205648609511705,0.5577578338893063,-1.0,0.10239408773092684,-0.15241177579280807,0.5399491229164401,0.0,0.0,1.0,0.0,0.0,1.0,0.0,0.0,0.0,0.0,1.0,0.0,1.0,0.0
-0.2405063291139241,0.38545107240341836,-0.6853510347334366,-0.3176011508255203,-1.0,-1.0,0.27220200301106146,0.0,1.0,0.0,0.0,0.0,1.0,0.0,0.0,0.0,0.0,1.0,0.0,1.0,0.0
0.08860759493670889,-1.0,-1.0,-1.0,-1.0,-1.0,-1.0,0.0,0.0,0.0,1.0,0.0,0.0,1.0,0.0,0.0,0.0,1.0,0.0,1.0,0.0
-0.6708860759493671,-1.0,-1.0,-1.0,-1.0,-1.0,-1.0,0.0,0.0,0.0,1.0,0.0,1.0,0.0,0.0,0.0,0.0,1.0,0.0,1.0,0.0
-0.31645569620253167,-0.1824378509765714,0.8570278163410139,-1.0,0.5058499288351646,0.7543024110828911,0.9084344543861433,0.0,0.0,1.0,0.0,0.0,1.0,0.0,1.0,0.0,0.0,0.0,0.0,1.0,0.0
-0.3924050632911392,-1.0,-1.0,-1.0,-1.0,-1.0,-1.0,0.0,1.0,0.0,0.0,0.0,0.0,1.0,1.0,0.0,0.0,0.0,0.0,1.0,0.0
0.5189873417721518,-1.0,-1.0,-1.0,-1.0,-1.0,-1.0,0.0,0.0,0.0,1.0,0.0,0.0,1.0,1.0,0.0,0.0,0.0,0.0,1.0,0.0
-0.21518987341772156,-1.0,-1.0,-1.0,-1.0,-1.0,-1.0,0.0,1.0,0.0,0.0,0.0,0.0,1.0,0.0,0.0,1.0,0.0,0.0,1.0,0.0
-0.4683544303797469,0.41259682195476954,-1.0,0.1406064858527014,-1.0,-1.0,0.34715600547761283,0.0,0.0,0.0,1.0,0.0,1.0,0.0,1.0,0.0,0.0,0.0,0.0,1.0,0.0
-0.5443037974683544,-0.15875362330791187,0.2499623002082132,-0.2226063063480459,-1.0,-0.8626258465039598,0.24971763714062,0.0,1.0,0.0,0.0,0.0,1.0,0.0,0.0,0.0,0.0,1.0,0.0,1.0,0.0
-0.21518987341772156,-1.0,-1.0,-1.0,-1.0,-1.0,-1.0,0.0,0.0,0.0,1.0,0.0,0.0,1.0,0.0,0.0,1.0,0.0,0.0,1.0,0.0
-0.3924050632911392,-1.0,-1.0,-1.0,-1.0,-1.0,-1.0,0.0,0.0,1.0,0.0,0.0,0.0,1.0,1.0,0.0,0.0,0.0,0.0,1.0,0.0
-0.5189873417721519,-1.0,-0.5498391013710785,-1.0,-1.0,-0.8626258465039598,-0.5428636359713862,0.0,1.0,0.0,0.0,0.0,1.0,0.0,0.0,0.0,0.0,1.0,0.0,1.0,0.0
-0.08860759493670889,-1.0,-1.0,-1.0,-1.0,-1.0,-1.0,0.0,1.0,0.0,0.0,0.0,0.0,1.0,0.0,0.0,0.0,1.0,0.0,1.0,0.0
-0.012658227848101333,-1.0,0.09232048994907505,-1.0,0.4245254305661177,0.048076407402846355,0.4200663647405154,0.0,0.0,1.0,0.0,0.0,1.0,0.0,0.0,0.0,0.0,1.0,0.0,1.0,0.0
-1.0,-1.0,-1.0,-1.0,-1.0,-1.0,-1.0,0.0,1.0,0.0,0.0,0.0,1.0,0.0,1.0,0.0,0.0,0.0,0.0,1.0,0.0
-0.03797468354430378,-1.0,-1.0,-1.0,-1.0,0.43316161237780704,0.37857740740608836,0.0,1.0,0.0,0.0,0.0,1.0,0.0,0.0,0.0,1.0,0.0,0.0,1.0,0.0
-1.0,-1.0,-1.0,-1.0,-1.0,-1.0,-1.0,0.0,0.0,0.0,1.0,0.0,0.0,1.0,1.0,0.0,0.0,0.0,0.0,1.0,0.0
-0.6455696202531646,-1.0,-1.0,-1.0,-1.0,-1.0,-1.0,0.0,1.0,0.0,0.0,0.0,0.0,1.0,1.0,0.0,0.0,0.0,0.0,1.0,0.0
0.11392405063291133,0.15307620658420484,-1.0,-1.0,-1.0,0.27557426968645427,0.2907878396361492,0.0,1.0,0.0,0.0,0.0,1.0,0.0,0.0,0.0,0.0,1.0,0.0,1.0,0.0
-0.3417721518987342,-1.0,-1.0,-1.0,-1.0,-1.0,-1.0,0.0,0.0,1.0,0.0,0.0,0.0,1.0,1.0,0.0,0.0,0.0,0.0,1.0,0.0
0.3924050632911391,-1.0,0.4832382557766768,-0.1342387398420678,0.26972856235064935,0.37889951597731053,0.5650799328014942,0.0,0.0,1.0,0.0,0.0,1.0,0.0,0.0,0.0,0.0,1.0,0.0,1.0,0.0
-0.06329113924050633,-1.0,-1.0,-1.0,-1.0,-1.0,-1.0,0.0,0.0,1.0,0.0,0.0,0.0,1.0,1.0,0.0,0.0,0.0,0.0,1.0,0.0
-0.5443037974683544,-1.0,-1.0,-1.0,-1.0,-1.0,-1.0,0.0,1.0,0.0,0.0,0.0,0.0,1.0,0.0,0.0,1.0,0.0,0.0,1.0,0.0
-0.31645569620253167,0.409174735311445,-1.0,-0.6801739453692954,-1.0,-0.8626258465039598,0.2865880492117525,0.0,0.0,0.0,1.0,0.0,1.0,0.0,0.0,0.0,0.0,1.0,0.0,1.0,0.0
-0.16455696202531644,-1.0,-1.0,-1.0,-1.0,-1.0,-1.0,0.0,1.0,0.0,0.0,0.0,0.0,1.0,0.0,0.0,1.0,0.0,0.0,1.0,0.0
-0.4683544303797469,0.19340529891784075,-1.0,-0.40469077658820574,-1.0,-1.0,0.10027140891516373,0.0,1.0,0.0,0.0,0.0,1.0,0.0,1.0,0.0,0.0,0.0,0.0,1.0,0.0
-0.5189873417721519,-1.0,-1.0,-0.7245168312189103,0.3310994790083679,-1.0,0.2717193681429104,0.0,1.0,0.0,0.0,0.0,1.0,0.0,0.0,0.0,0.0,1.0,0.0,1.0,0.0
-0.16455696202531644,-1.0,-1.0,-1.0,-1.0,-1.0,-1.0,0.0,0.0,0.0,1.0,0.0,0.0,1.0,0.0,0.0,0.0,1.0,0.0,1.0,0.0
-0.21518987341772156,-0.20915337023183045,0.3026583952260149,-0.8622584156094552,0.296518429945555,-1.0,0.39253782207802046,0.0,0.0,0.0,1.0,0.0,1.0,0.0,0.0,0.0,0.0,1.0,0.0,1.0,0.0
0.03797468354430378,-0.10623216221710607,-1.0,0.468324723820005,-0.3080442249399358,-1.0,0.4202881689203908,0.0,0.0,0.0,1.0,0.0,1.0,0.0,0.0,0.0,0.0,1.0,0.0,1.0,0.0
0.06329113924050622,-1.0,0.32235569400906394,-1.0,-1.0,-0.245561329767104,0.29891965093869466,0.0,1.0,0.0,0.0,0.0,1.0,0.0,0.0,0.0,0.0,1.0,0.0,1.0,0.0
-0.2405063291139241,0.32208331881986685,-0.6853510347334366,-1.0,0.032319357436344065,-1.0,0.25898028261425443,0.0,1.0,0.0,0.0,0.0,1.0,0.0,0.0,0.0,0.0,1.0,0.0,1.0,0.0
-0.4177215189873418,-1.0,-1.0,-1.0,-1.0,-1.0,-1.0,0.0,0.0,0.0,1.0,0.0,0.0,1.0,0.0,0.0,0.0,1.0,0.0,1.0,0.0
-0.5443037974683544,-1.0,-1.0,-1.0,-1.0,-1.0,-1.0,0.0,1.0,0.0,0.0,0.0,0.0,1.0,0.0,0.0,1.0,0.0,0.0,1.0,0.0
-0.31645569620253167,0.5573343493591187,-0.6853510347334366,0.35998383544936474,-1.0,-1.0,0.5036943131363034,0.0,0.0,0.0,1.0,0.0,1.0,0.0,1.0,0.0,0.0,0.0,0.0,1.0,0.0
-0.4177215189873418,-1.0,-1.0,-1.0,-1.0,-1.0,-1.0,0.0,1.0,0.0,0.0,0.0,0.0,1.0,1.0,0.0,0.0,0.0,1.0,0.0,0.0
-0.49367088607594933,0.24141886901040843,-1.0,-0.32411711492981843,-0.2634922240576568,-0.10383119850769595,0.19907559745261016,0.0,1.0,0.0,0.0,0.0,1.0,0.0,0.0,0.0,0.0,1.0,0.0,1.0,0.0
-0.3417721518987342,-1.0,0.47709525952043697,-1.0,0.49407639102139145,-1.0,0.5657012500416108,0.0,0.0,1.0,0.0,0.0,1.0,0.0,0.0,0.0,0.0,1.0,0.0,1.0,0.0
0.1898734177215189,-1.0,-1.0,-1.0,-1.0,-1.0,-1.0,0.0,0.0,1.0,0.0,0.0,0.0,1.0,1.0,0.0,0.0,0.0,0.0,0.0,1.0
0.3417721518987342,-0.1824378509765714,0.24566537132184596,-1.0,-1.0,-0.1551836952433331,0.24998862605774574,0.0,1.0,0.0,0.0,0.0,1.0,0.0,0.0,0.0,0.0,1.0,0.0,1.0,0.0
-0.5189873417721519,-0.02540161897517723,0.0959477256140635,-0.8622584156094552,0.1849386185808113,-0.4271600827848884,0.2675668767358772,0.0,1.0,0.0,0.0,0.0,1.0,0.0,0.0,0.0,0.0,1.0,1.0,0.0,0.0
-0.5189873417721519,-1.0,-1.0,-1.0,-1.0,-1.0,-1.0,0.0,1.0,0.0,0.0,0.0,0.0,1.0,0.0,0.0,1.0,0.0,0.0,1.0,0.0
0.5949367088607596,-1.0,-1.0,0.2026657171527091,-1.0,0.5091707365371319,0.4878854860807529,0.0,1.0,0.0,0.0,0.0,1.0,0.0,0.0,0.0,0.0,1.0,1.0,0.0,0.0
-0.5189873417721519,-0.25109094697931345,-0.7852186672204382,0.22767549866990633,-0.04084725476978934,-1.0,0.23181862941739362,0.0,1.0,0.0,0.0,0.0,1.0,0.0,0.0,1.0,0.0,0.0,0.0,1.0,0.0
0.139240506329114,-1.0,-0.363034326141483,-0.110267654586517,0.37716978555766834,0.22481138234036435,0.4045849066907412,0.0,1.0,0.0,0.0,0.0,1.0,0.0,0.0,0.0,0.0,1.0,0.0,1.0,0.0
-0.4683544303797469,-0.22907196358276727,0.15128974025978947,-1.0,-1.0,-1.0,0.1422168221195672,0.0,1.0,0.0,0.0,0.0,1.0,0.0,0.0,0.0,0.0,1.0,0.0,1.0,0.0
-0.49367088607594933,-1.0,-1.0,-1.0,-1.0,-1.0,-1.0,0.0,0.0,0.0,1.0,0.0,0.0,1.0,0.0,0.0,0.0,1.0,0.0,1.0,0.0
0.5189873417721518,0.08641856110671231,-1.0,0.1979340864566279,0.41256050099352404,-1.0,0.4263961728198056,0.0,0.0,0.0,1.0,0.0,1.0,0.0,0.0,1.0,0.0,0.0,0.0,1.0,0.0
-0.9746835443037974,-1.0,-1.0,-1.0,-1.0,-1.0,-1.0,0.0,1.0,0.0,0.0,1.0,0.0,0.0,0.0,0.0,0.0,1.0,0.0,1.0,0.0
-0.06329113924050633,0.09765713165137568,-1.0,-0.7816847539510678,0.33462439687267365,-1.0,0.3153678435620455,0.0,1.0,0.0,0.0,0.0,1.0,0.0,0.0,0.0,0.0,1.0,0.0,1.0,0.0
-0.620253164556962,-1.0,-0.3870033736503038,0.7538073177873026,-1.0,0.24396175924453667,0.6974034032690739,0.0,0.0,1.0,0.0,0.0,1.0,0.0,0.0,0.0,0.0,1.0,0.0,1.0,0.0
-0.03797468354430378,-1.0,-1.0,-1.0,-1.0,-1.0,-1.0,0.0,1.0,0.0,0.0,0.0,0.0,1.0,0.0,0.0,1.0,0.0,0.0,1.0,0.0
-0.5443037974683544,-0.04611033444082724,-1.0,-1.0,-0.47309575479577604,0.2752564043256218,0.2571634074633109,0.0,1.0,0.0,0.0,0.0,1.0,0.0,0.0,0.0,0.0,1.0,0.0,1.0,0.0
-1.0,-1.0,-1.0,-1.0,-1.0,-1.0,-1.0,0.0,1.0,0.0,0.0,0.0,1.0,0.0,0.0,0.0,0.0,1.0,0.0,1.0,0.0
-0.08860759493670889,-1.0,-1.0,-1.0,-1.0,-1.0,-1.0,0.0,1.0,0.0,0.0,0.0,0.0,1.0,0.0,0.0,1.0,0.0,0.0,1.0,0.0
-0.4683544303797469,0.2347128267998022,0.1030063404657573,-1.0,-1.0,-0.0109511061792541,0.2731636225586538,0.0,1.0,0.0,0.0,0.0,1.0,0.0,0.0,0.0,0.0,1.0,0.0,1.0,0.0
-0.31645569620253167,0.4425838443477166,-1.0,-0.34505426185320365,-0.8616088449879872,-1.0,0.32104772756210265,0.0,0.0,0.0,1.0,0.0,1.0,0.0,0.0,0.0,0.0,1.0,0.0,1.0,0.0
-0.44303797468354433,-1.0,-1.0,-1.0,-1.0,-1.0,-1.0,0.0,1.0,0.0,0.0,0.0,0.0,1.0,0.0,0.0,1.0,0.0,0.0,1.0,0.0
-0.2911392405063291,-1.0,0.010842000425844489,-1.0,0.07228135771050459,0.7673661047648255,0.7097410685613261,0.0,0.0,1.0,0.0,0.0,1.0,0.0,0.0,0.0,0.0,1.0,0.0,1.0,0.0
0.16455696202531644,-0.3540121549940377,-1.0,0.5253697908445558,0.20739554905157642,-1.0,0.49898510784718453,0.0,0.0,0.0,1.0,0.0,1.0,0.0,0.0,0.0,0.0,1.0,0.0,1.0,0.0
-0.1392405063291139,-1.0,-0.6497067338580801,-0.5062015851699782,-0.17279732755673072,0.7176000794150306,0.654727112987612,0.0,0.0,1.0,0.0,0.0,1.0,0.0,1.0,0.0,0.0,0.0,0.0,1.0,0.0
-1.0,-1.0,-1.0,-1.0,-1.0,-1.0,-1.0,0.0,0.0,0.0,1.0,0.0,1.0,0.0,0.0,0.0,0.0,1.0,0.0,1.0,0.0
0.11392405063291133,-1.0,-0.6853510347334366,-0.6133104850891911,0.35022109841386495,-0.3011140987406753,0.2985001993479246,0.0,1.0,0.0,0.0,0.0,1.0,0.0,0.0,0.0,0.0,1.0,0.0,1.0,0.0
0.06329113924050622,-0.17424122981986145,-0.6195699068776419,-0.110267654586517,-0.3828541075996944,0.18990443395196754,0.20973637437120352,0.0,1.0,0.0,0.0,0.0,1.0,0.0,0.0,0.0,1.0,0.0,0.0,1.0,0.0
-0.5189873417721519,0.005684214437439383,0.005207535689018439,-0.21102716132545507,-1.0,0.21771006805320936,0.27672710334034045,0.0,1.0,0.0,0.0,0.0,1.0,0.0,0.0,0.0,0.0,1.0,0.0,1.0,0.0
0.21518987341772156,-1.0,-1.0,-1.0,0.20067571462340483,0.126423047316786,0.2494462624740159,0.0,0.0,1.0,0.0,0.0,1.0,0.0,0.0,0.0,0.0,1.0,0.0,1.0,0.0
-0.26582278481012656,-1.0,0.5304001775070337,-1.0,-0.4343312963306818,0.29806879641670503,0.5400674230574365,0.0,0.0,1.0,0.0,0.0,1.0,0.0,0.0,0.0,0.0,1.0,0.0,1.0,0.0
-0.4683544303797469,0.3519895420428898,-1.0,-1.0,-1.0,-0.7822671181404642,0.23389244116125418,0.0,1.0,0.0,0.0,0.0,1.0,0.0,0.0,0.0,0.0,1.0,0.0,1.0,0.0
-0.31645569620253167,0.45482072763519876,-1.0,-0.24800923897706195,-0.1106617981837873,-1.0,0.34893695038886774,0.0,0.0,0.0,1.0,0.0,1.0,0.0,0.0,0.0,0.0,1.0,0.0,1.0,0.0
-0.3417721518987342,-1.0,0.18639173178811785,-0.33085400079197247,0.8568756170968395,-0.3468013544213927,0.7812957689610234,0.0,0.0,1.0,0.0,0.0,1.0,0.0,1.0,0.0,0.0,0.0,0.0,1.0,0.0
-0.06329113924050633,-1.0,0.5758548779910935,-1.0,-0.09719672610884411,-0.6143419940193948,0.5424181392913772,0.0,0.0,1.0,0.0,0.0,1.0,0.0,1.0,0.0,0.0,0.0,0.0,1.0,0.0
-0.620253164556962,-1.0,-0.4047885740980801,0.3325385707131452,-0.2634922240576568,-0.8626258465039598,0.2918778407250222,0.0,1.0,0.0,0.0,0.0,1.0,0.0,1.0,0.0,0.0,0.0,0.0,1.0,0.0
-0.6455696202531646,-1.0,-1.0,-1.0,-1.0,-1.0,-1.0,0.0,0.0,1.0,0.0,0.0,0.0,1.0,1.0,0.0,0.0,0.0,0.0,1.0,0.0
0.240506329113924,-1.0,-1.0,-1.0,-1.0,-1.0,-1.0,0.0,1.0,0.0,0.0,0.0,0.0,1.0,0.0,0.0,1.0,0.0,0.0,1.0,0.0
-0.2911392405063291,-0.2569782954639235,-1.0,0.4313063557958281,-0.09719672610884411,-1.0,0.39008623313173363,0.0,0.0,0.0,1.0,0.0,1.0,0.0,0.0,0.0,0.0,1.0,0.0,1.0,0.0
-0.4683544303797469,-1.0,-0.27881523464636226,-1.0,0.14598543126808927,0.24691985908451208,0.2944686937979426,0.0,1.0,0.0,0.0,0.0,1.0,0.0,0.0,0.0,0.0,1.0,0.0,1.0,0.0
-0.3417721518987342,-1.0,-1.0,-1.0,-1.0,-1.0,-1.0,0.0,1.0,0.0,0.0,0.0,0.0,1.0,0.0,0.0,1.0,0.0,0.0,1.0,0.0
-0.31645569620253167,-1.0,-1.0,-1.0,0.25835716297562605,-0.10818717627106378,0.2303234008026842,0.0,1.0,0.0,0.0,0.0,1.0,0.0,0.0,0.0,0.0,1.0,0.0,1.0,0.0
-0.31645569620253167,-0.20915337023183045,-0.01653734227624548,0.03522440352900569,-0.8616088449879872,0.507009010484772,0.48252385658907593,0.0,0.0,0.0,1.0,0.0,1.0,0.0,0.0,0.0,0.0,1.0,1.0,0.0,0.0
-0.21518987341772156,-1.0,-1.0,-1.0,-1.0,-1.0,-1.0,0.0,0.0,0.0,1.0,0.0,0.0,1.0,0.0,0.0,0.0,1.0,0.0,1.0,0.0
0.7974683544303798,0.422076317695266,-1.0,0.4780319579511816,-1.0,-1.0,0.49905844528648013,0.0,0.0,0.0,1.0,0.0,1.0,0.0,0.0,0.0,0.0,1.0,0.0,0.0,1.0
-0.5189873417721519,-1.0,0.49347429906867313,-1.0,-1.0,-1.0,0.45633481238964824,0.0,1.0,0.0,0.0,0.0,1.0,0.0,0.0,0.0,0.0,1.0,0.0,1.0,0.0
-0.31645569620253167,0.24738258769517607,0.41316724880217337,-1.0,0.5854581197338089,0.6846159062986981,0.745906188931887,0.0,0.0,1.0,0.0,0.0,1.0,0.0,0.0,0.0,0.0,1.0,0.0,1.0,0.0
-0.08860759493670889,-1.0,-1.0,-1.0,-1.0,-1.0,-1.0,0.0,1.0,0.0,0.0,0.0,0.0,1.0,0.0,0.0,0.0,1.0,0.0,1.0,0.0
-0.26582278481012656,-1.0,-1.0,-1.0,-1.0,-1.0,-1.0,0.0,0.0,1.0,0.0,0.0,0.0,1.0,0.0,0.0,0.0,1.0,0.0,1.0,0.0
0.08860759493670889,-1.0,0.44636074820336846,0.16237256011615075,0.37060964773393557,-0.03683859081786567,0.5303635130653837,0.0,0.0,1.0,0.0,0.0,1.0,0.0,0.0,0.0,0.0,1.0,0.0,1.0,0.0
-0.5696202531645569,-1.0,-0.133764707373364,-1.0,-1.0,0.35761972320960767,0.32197813775975304,0.0,1.0,0.0,0.0,0.0,1.0,0.0,0.0,0.0,0.0,1.0,0.0,1.0,0.0
-0.31645569620253167,-0.3637342358463982,-1.0,0.3729015368711126,-0.27905773174939197,-1.0,0.3274672118880446,0.0,0.0,0.0,1.0,0.0,1.0,0.0,0.0,0.0,0.0,1.0,0.0,1.0,0.0
-0.4683544303797469,-0.6255454734896567,0.08101662540619792,-0.5234924077581515,-0.3419656266234128,0.6107037235655273,0.5651317866495218,0.0,0.0,1.0,0.0,0.0,1.0,0.0,0.0,0.0,0.0,1.0,0.0,1.0,0.0
-0.4683544303797469,-0.6636483178693894,-1.0,-0.0208605786444378,0.478067290402614,0.21341078861950757,0.47039070900292446,0.0,0.0,1.0,0.0,0.0,1.0,0.0,0.0,0.0,0.0,1.0,0.0,1.0,0.0
-1.0,-1.0,-1.0,-1.0,-1.0,-1.0,-1.0,0.0,1.0,0.0,0.0,0.0,0.0,1.0,1.0,0.0,0.0,0.0,0.0,1.0,0.0
-0.31645569620253167,-1.0,-1.0,-1.0,-1.0,-1.0,-1.0,0.0,1.0,0.0,0.0,0.0,0.0,1.0,0.0,0.0,0.0,1.0,0.0,1.0,0.0
0.139240506329114,0.2557641440641556,-0.021716516523498153,0.1239536063508484,-1.0,-1.0,0.28366025543132345,0.0,1.0,0.0,0.0,0.0,1.0,0.0,0.0,0.0,0.0,1.0,0.0,1.0,0.0
-0.06329113924050633,-1.0,0.33545226764717095,-1.0,-1.0,-1.0,0.3022424482778756,0.0,1.0,0.0,0.0,1.0,0.0,0.0,0.0,0.0,1.0,0.0,0.0,1.0,0.0
-0.3924050632911392,-1.0,-0.6497067338580801,-1.0,0.5823792643811905,-1.0,0.5112704360596954,0.0,1.0,0.0,0.0,0.0,1.0,0.0,0.0,0.0,0.0,1.0,0.0,1.0,0.0
-0.9240506329113924,-1.0,-1.0,-1.0,-1.0,-1.0,-1.0,0.0,1.0,0.0,0.0,0.0,0.0,1.0,0.0,0.0,0.0,1.0,0.0,1.0,0.0
-0.3417721518987342,-1.0,0.447077750452914,-1.0,0.231383109774993,0.07516547323730305,0.47905389884328065,0.0,0.0,1.0,0.0,0.0,1.0,0.0,0.0,0.0,0.0,1.0,0.0,1.0,0.0
-0.3417721518987342,0.5188187029097844,0.39935442453000736,-1.0,0.03569390931272509,0.6893965765239487,0.7116016995516412,0.0,0.0,1.0,0.0,0.0,1.0,0.0,1.0,0.0,0.0,0.0,1.0,0.0,0.0
-0.3417721518987342,-1.0,0.06059071706703123,-1.0,0.21389655885989578,0.6463493409201242,0.6124944791392191,0.0,0.0,1.0,0.0,0.0,1.0,0.0,0.0,0.0,0.0,1.0,0.0,1.0,0.0
-0.4177215189873418,-1.0,0.2353733953835475,-1.0,0.13879572296216414,-1.0,0.2868114126480812,0.0,1.0,0.0,0.0,0.0,1.0,0.0,0.0,0.0,0.0,1.0,0.0,1.0,0.0
-0.5696202531645569,-1.0,-1.0,-1.0,-1.0,-1.0,-1.0,0.0,0.0,0.0,1.0,0.0,0.0,1.0,1.0,0.0,0.0,0.0,0.0,1.0,0.0
0.3417721518987342,0.30737074930098474,-1.0,0.21090870490492697,-1.0,-1.0,0.30971159290318373,0.0,0.0,0.0,1.0,0.0,1.0,0.0,0.0,0.0,0.0,1.0,0.0,1.0,0.0
0.08860759493670889,-0.07154341792518581,0.2881509018498858,-0.7816847539510678,-1.0,-1.0,0.27743187557035265,0.0,1.0,0.0,0.0,0.0,1.0,0.0,0.0,0.0,0.0,1.0,0.0,1.0,0.0
-0.36708860759493667,-1.0,-1.0,-1.0,-1.0,-1.0,-1.0,0.0,0.0,1.0,0.0,0.0,1.0,0.0,0.0,0.0,0.0,1.0,0.0,0.0,1.0
-0.31645569620253167,0.7283791476599992,-0.5934641999129258,-1.0,-0.6786656890936953,-0.2094272009253526,0.5797479957451659,0.0,1.0,0.0,0.0,0.0,1.0,0.0,1.0,0.0,0.0,0.0,0.0,1.0,0.0
-0.21518987341772156,0.3330084743514372,0.3959756659070608,-1.0,0.08487646660928272,-0.6143419940193948,0.4568844735232316,0.0,0.0,1.0,0.0,0.0,1.0,0.0,0.0,0.0,0.0,1.0,0.0,1.0,0.0
0.5443037974683544,-1.0,-1.0,-1.0,-1.0,-1.0,-1.0,0.0,1.0,0.0,0.0,0.0,0.0,1.0,0.0,0.0,1.0,0.0,0.0,1.0,0.0
-0.44303797468354433,-1.0,-1.0,-1.0,-1.0,-1.0,-1.0,0.0,0.0,1.0,0.0,0.0,0.0,1.0,0.0,0.0,0.0,1.0,0.0,1.0,0.0
-1.0,-1.0,-1.0,-1.0,-1.0,-1.0,-1.0,0.0,0.0,0.0,1.0,0.0,1.0,0.0,0.0,0.0,0.0,1.0,0.0,1.0,0.0
-0.4177215189873418,-1.0,-1.0,-1.0,-1.0,-1.0,-1.0,1.0,0.0,0.0,0.0,0.0,0.0,1.0,0.0,0.0,0.0,1.0,0.0,1.0,0.0
-0.5443037974683544,-1.0,-1.0,0.4805886132259056,-0.8616088449879872,-1.0,0.4205097153382329,0.0,1.0,0.0,0.0,0.0,1.0,0.0,0.0,0.0,1.0,0.0,0.0,1.0,0.0
-0.7974683544303798,-1.0,-1.0,-1.0,-1.0,-1.0,-1.0,0.0,1.0,0.0,0.0,0.0,1.0,0.0,0.0,0.0,0.0,1.0,0.0,1.0,0.0
-0.6455696202531646,-1.0,-1.0,-1.0,-1.0,-1.0,-1.0,0.0,1.0,0.0,0.0,0.0,0.0,1.0,0.0,0.0,0.0,1.0,0.0,1.0,0.0
0.3924050632911391,-1.0,-1.0,-1.0,0.24395445584119302,0.35034983983322765,0.383345375460018,0.0,1.0,0.0,0.0,0.0,1.0,0.0,0.0,0.0,0.0,1.0,0.0,1.0,0.0
-0.3924050632911392,-1.0,-1.0,-1.0,-1.0,-1.0,-1.0,0.0,0.0,0.0,1.0,0.0,0.0,1.0,0.0,0.0,0.0,1.0,0.0,1.0,0.0
-0.36708860759493667,-1.0,-1.0,-1.0,-1.0,-1.0,-1.0,0.0,0.0,0.0,1.0,0.0,0.0,1.0,0.0,0.0,0.0,1.0,0.0,1.0,0.0
-0.9746835443037974,-1.0,-1.0,-1.0,-1.0,-1.0,-1.0,0.0,0.0,0.0,1.0,0.0,0.0,1.0,0.0,0.0,0.0,1.0,0.0,1.0,0.0
0.139240506329114,0.416440370295625,-1.0,0.4372822246009851,-1.0,-1.0,0.47242513298114597,0.0,0.0,0.0,1.0,0.0,1.0,0.0,0.0,0.0,0.0,1.0,0.0,1.0,0.0
-0.44303797468354433,-1.0,-1.0,-1.0,-1.0,0.42793051371826074,0.37354554333320267,0.0,1.0,0.0,0.0,0.0,1.0,0.0,0.0,0.0,0.0,1.0,0.0,1.0,0.0
-0.1392405063291139,0.15054299919964675,-1.0,0.2513559012206841,-1.0,-0.4062787864940952,0.2760197159940232,0.0,1.0,0.0,0.0,0.0,1.0,0.0,0.0,0.0,0.0,1.0,0.0,1.0,0.0
0.3417721518987342,-0.7704042582518641,0.30563187298978134,0.20313274228124123,-1.0,0.1864489963102427,0.40875143124949465,0.0,1.0,0.0,0.0,0.0,1.0,0.0,0.0,0.0,0.0,1.0,0.0,1.0,0.0
0.2911392405063291,-1.0,-1.0,-1.0,-1.0,-1.0,-1.0,0.0,0.0,1.0,0.0,0.0,1.0,0.0,0.0,0.0,0.0,1.0,0.0,1.0,0.0
-0.36708860759493667,-1.0,-1.0,-1.0,-1.0,-1.0,-1.0,0.0,0.0,1.0,0.0,0.0,0.0,1.0,1.0,0.0,0.0,0.0,0.0,1.0,0.0
-0.06329113924050633,-1.0,0.38465520265235575,-0.6801739453692954,0.2223938511543333,-0.15241177579280807,0.42039897431211704,0.0,1.0,0.0,0.0,0.0,1.0,0.0,0.0,0.0,0.0,1.0,0.0,1.0,0.0
0.21518987341772156,-1.0,0.2857155464161427,-1.0,-1.0,-0.5247635098122653,0.2563794145649989,0.0,1.0,0.0,0.0,0.0,1.0,0.0,1.0,0.0,0.0,0.0,0.0,1.0,0.0
-0.620253164556962,0.6042835848754846,-1.0,-1.0,-0.18253858794414057,-0.7822671181404642,0.46876458343054206,0.0,1.0,0.0,0.0,0.0,1.0,0.0,0.0,0.0,0.0,1.0,0.0,1.0,0.0
-0.4177215189873418,-1.0,-1.0,-1.0,-1.0,-1.0,-1.0,0.0,1.0,0.0,0.0,0.0,0.0,1.0,1.0,0.0,0.0,0.0,0.0,1.0,0.0
-0.1392405063291139,-0.3447223122490274,0.7031724103178916,-1.0,0.45184096989087763,0.14871494749836223,0.7100079873832763,0.0,0.0,1.0,0.0,0.0,1.0,0.0,1.0,0.0,0.0,0.0,0.0,1.0,0.0
-0.2911392405063291,0.5352210060194829,-1.0,-0.6439431695605231,-1.0,-1.0,0.4010622964572006,0.0,1.0,0.0,0.0,0.0,1.0,0.0,0.0,0.0,0.0,1.0,0.0,1.0,0.0
-0.4177215189873418,-1.0,-1.0,-1.0,-1.0,-1.0,-1.0,0.0,0.0,0.0,1.0,0.0,0.0,1.0,1.0,0.0,0.0,0.0,0.0,1.0,0.0
-0.49367088607594933,-1.0,-0.4047885740980801,-0.8622584156094552,0.3071065136253397,-1.0,0.25374257209786033,0.0,1.0,0.0,0.0,0.0,1.0,0.0,0.0,0.0,0.0,1.0,0.0,1.0,0.0
0.26582278481012667,-1.0,-1.0,-1.0,-1.0,-1.0,-1.0,0.0,0.0,0.0,1.0,0.0,0.0,1.0,0.0,0.0,0.0,1.0,0.0,1.0,0.0
-0.06329113924050633,0.3399869875056807,-1.0,-0.6133104850891911,-1.0,0.4668426970384747,0.471664765901858,0.0,1.0,0.0,0.0,0.0,1.0,0.0,0.0,0.0,0.0,1.0,0.0,1.0,0.0
-0.3924050632911392,0.37352194303008934,-1.0,-0.6801739453692954,-0.21894022317537787,-0.5075188111483839,0.2692876939616151,0.0,1.0,0.0,0.0,0.0,1.0,0.0,0.0,0.0,0.0,1.0,0.0,1.0,0.0
-0.2405063291139241,-0.4340525761212535,0.8370358884963831,-1.0,0.5293895696122777,-1.0,0.8224596774881376,0.0,0.0,1.0,0.0,0.0,1.0,0.0,0.0,0.0,0.0,1.0,0.0,1.0,0.0
-0.11392405063291144,0.642918634093006,0.03188405296943242,-1.0,-1.0,-1.0,0.5125043605687367,0.0,1.0,0.0,0.0,0.0,1.0,0.0,1.0,0.0,0.0,0.0,0.0,1.0,0.0
0.4177215189873418,-1.0,0.6911591515159832,-1.0,-1.0,-0.22075537037717974,0.6507651805814256,0.0,0.0,1.0,0.0,0.0,1.0,0.0,0.0,1.0,0.0,0.0,0.0,1.0,0.0
-0.44303797468354433,-1.0,-1.0,0.2901320617025749,-0.09079009410092975,-1.0,0.2630692473235283,0.0,1.0,0.0,0.0,0.0,1.0,0.0,1.0,0.0,0.0,0.0,0.0,1.0,0.0
-0.9240506329113924,-1.0,-1.0,-1.0,-1.0,-1.0,-1.0,0.0,0.0,0.0,1.0,0.0,1.0,0.0,0.0,0.0,0.0,1.0,0.0,1.0,0.0
0.08860759493670889,-0.48068668872744935,-1.0,0.42453375065551935,-0.2685470822285979,-1.0,0.3736871257170573,0.0,0.0,0.0,1.0,0.0,1.0,0.0,0.0,0.0,0.0,1.0,0.0,1.0,0.0
-1.0,-1.0,-1.0,-1.0,-1.0,-1.0,-1.0,0.0,1.0,0.0,0.0,0.0,0.0,1.0,0.0,0.0,0.0,1.0,0.0,1.0,0.0
-0.2911392405063291,-1.0,-1.0,-1.0,-1.0,-1.0,-1.0,0.0,1.0,0.0,0.0,0.0,0.0,1.0,0.0,0.0,1.0,0.0,0.0,1.0,0.0
-0.3924050632911392,-0.19986352748682001,0.24699759040708136,-0.6439431695605231,-0.5848265349639614,-1.0,0.23359755994066989,0.0,1.0,0.0,0.0,0.0,1.0,0.0,0.0,0.0,0.0,1.0,0.0,1.0,0.0
-0.1392405063291139,-1.0,-1.0,-1.0,-1.0,-1.0,-1.0,0.0,1.0,0.0,0.0,0.0,0.0,1.0,0.0,0.0,1.0,0.0,0.0,1.0,0.0
0.11392405063291133,-1.0,0.01414634490479827,0.22808735187582618,-1.0,-1.0,0.2379735899734854,0.0,1.0,0.0,0.0,0.0,1.0,0.0,0.0,0.0,1.0,0.0,0.0,1.0,0.0
0.21518987341772156,-1.0,-1.0,-1.0,-1.0,-1.0,-1.0,0.0,0.0,1.0,0.0,1.0,0.0,0.0,0.0,0.0,0.0,1.0,0.0,1.0,0.0
-0.3924050632911392,-1.0,-1.0,-1.0,-1.0,-1.0,-1.0,0.0,0.0,1.0,0.0,0.0,0.0,1.0,1.0,0.0,0.0,0.0,0.0,1.0,0.0
-1.0,-1.0,-1.0,-1.0,-1.0,-1.0,-1.0,0.0,0.0,0.0,1.0,0.0,1.0,0.0,0.0,0.0,0.0,1.0,0.0,1.0,0.0
-0.5443037974683544,-1.0,-1.0,-1.0,-1.0,-1.0,-1.0,0.0,0.0,0.0,1.0,0.0,0.0,1.0,0.0,0.0,0.0,1.0,0.0,1.0,0.0
-0.06329113924050633,0.43335127663629147,-1.0,-1.0,-0.12262083549788372,-1.0,0.32290402919167094,0.0,1.0,0.0,0.0,0.0,1.0,0.0,0.0,0.0,0.0,1.0,0.0,1.0,0.0
0.8481012658227849,0.3969972880722581,-1.0,0.04372705238023333,-0.1546342450073407,-1.0,0.32764748676776456,0.0,0.0,0.0,1.0,0.0,1.0,0.0,0.0,0.0,0.0,1.0,0.0,1.0,0.0
0.4177215189873418,-1.0,-1.0,-1.0,-1.0,-1.0,-1.0,0.0,0.0,1.0,0.0,0.0,0.0,1.0,0.0,0.0,0.0,1.0,0.0,1.0,0.0
0.012658227848101333,0.6195981057483431,-1.0,0.6874978396595013,0.6071182843427254,0.23127025160624592,0.7709605499978927,0.0,0.0,1.0,0.0,0.0,1.0,0.0,1.0,0.0,0.0,0.0,0.0,1.0,0.0
-0.4177215189873418,-1.0,0.7579449337944413,-1.0,-0.8616088449879872,-0.7822671181404642,0.7142997714919248,0.0,0.0,1.0,0.0,0.0,1.0,0.0,1.0,0.0,0.0,0.0,0.0,1.0,0.0
-0.5949367088607596,-1.0,-1.0,-1.0,-1.0,-1.0,-1.0,0.0,1.0,0.0,0.0,0.0,0.0,1.0,0.0,0.0,1.0,0.0,0.0,1.0,0.0
-0.5696202531645569,-1.0,-1.0,0.4601767887097201,-1.0,-1.0,0.40081694163427617,0.0,1.0,0.0,0.0,0.0,1.0,0.0,0.0,0.0,0.0,1.0,0.0,1.0,0.0
0.4177215189873418,-1.0,-1.0,-1.0,-1.0,-1.0,-1.0,0.0,0.0,1.0,0.0,0.0,0.0,1.0,0.0,0.0,0.0,1.0,0.0,1.0,0.0
0.11392405063291133,-1.0,0.40026585925418634,0.413031139083027,0.24668684185162326,0.471269680598265,0.6120085638266233,0.0,0.0,1.0,0.0,0.0,1.0,0.0,0.0,0.0,0.0,1.0,0.0,1.0,0.0
-0.36708860759493667,-1.0,-1.0,0.31894994725283254,-1.0,-0.22075537037717974,0.27743187557035265,0.0,1.0,0.0,0.0,0.0,1.0,0.0,0.0,0.0,0.0,1.0,0.0,1.0,0.0
-0.31645569620253167,-1.0,-1.0,-1.0,-1.0,-1.0,-1.0,0.0,1.0,0.0,0.0,0.0,0.0,1.0,0.0,0.0,0.0,1.0,1.0,0.0,0.0
-0.4177215189873418,-1.0,-1.0,-1.0,-1.0,-1.0,-1.0,0.0,1.0,0.0,0.0,1.0,0.0,0.0,0.0,0.0,0.0,1.0,0.0,1.0,0.0
-0.8481012658227848,-1.0,-1.0,-1.0,-1.0,-1.0,-1.0,0.0,1.0,0.0,0.0,0.0,1.0,0.0,0.0,0.0,0.0,1.0,0.0,1.0,0.0
0.36708860759493667,-1.0,-1.0,-1.0,-1.0,-1.0,-1.0,0.0,1.0,0.0,0.0,0.0,1.0,0.0,0.0,0.0,0.0,1.0,0.0,1.0,0.0
-0.3924050632911392,-1.0,-1.0,-0.6133104850891911,0.30393042558864636,-1.0,0.24671105528094617,0.0,1.0,0.0,0.0,0.0,1.0,0.0,0.0,0.0,0.0,1.0,0.0,1.0,0.0
0.5189873417721518,-1.0,-1.0,0.36209116273455,0.29892033840859566,-0.8626258465039598,0.4085157814406297,0.0,0.0,1.0,0.0,0.0,1.0,0.0,0.0,0.0,0.0,1.0,0.0,1.0,0.0
0.11392405063291133,-1.0,-1.0,-1.0,-1.0,-1.0,-1.0,0.0,0.0,1.0,0.0,0.0,0.0,1.0,1.0,0.0,0.0,0.0,0.0,1.0,0.0
-0.26582278481012656,-1.0,-1.0,-1.0,-1.0,-1.0,-1.0,0.0,0.0,0.0,1.0,0.0,0.0,1.0,1.0,0.0,0.0,0.0,0.0,1.0,0.0
-0.26582278481012656,0.633361392209276,-1.0,-0.31129207804727577,-0.6786656890936953,-0.5075188111483839,0.49347831996149627,0.0,1.0,0.0,0.0,0.0,1.0,0.0,0.0,0.0,0.0,1.0,0.0,1.0,0.0
-0.21518987341772156,-1.0,-0.4705697019538748,0.2937126829124652,-0.8616088449879872,-0.7252516930079197,0.24615927292440265,0.0,1.0,0.0,0.0,0.0,1.0,0.0,1.0,0.0,0.0,0.0,0.0,1.0,0.0
-0.6962025316455696,-1.0,-1.0,-1.0,-1.0,-1.0,-1.0,0.0,0.0,0.0,1.0,0.0,0.0,1.0,0.0,0.0,0.0,1.0,0.0,1.0,0.0
0.11392405063291133,-1.0,-1.0,-1.0,-1.0,-1.0,-1.0,0.0,0.0,1.0,0.0,0.0,0.0,1.0,0.0,0.0,0.0,1.0,0.0,1.0,0.0
-0.36708860759493667,-1.0,-1.0,0.5042892161987953,-1.0,-0.8626258465039598,0.44323438208031396,0.0,1.0,0.0,0.0,0.0,1.0,0.0,0.0,0.0,0.0,1.0,0.0,1.0,0.0
-0.1392405063291139,-1.0,0.21141966277773427,0.3450288842782092,-1.0,-1.0,0.37551819167705336,0.0,0.0,0.0,1.0,0.0,1.0,0.0,0.0,0.0,1.0,0.0,0.0,0.0,1.0
0.5189873417721518,-0.5654236457133779,0.23037853699048383,-0.8622584156094552,-1.0,-0.6810270934861755,0.20396408763331642,0.0,1.0,0.0,0.0,0.0,1.0,0.0,0.0,0.0,1.0,0.0,0.0,1.0,0.0
0.240506329113924,0.07817574986242226,-1.0,-0.4148837339220931,0.2707621603434376,-0.8626258465039598,0.2678136608105952,0.0,1.0,0.0,0.0,0.0,1.0,0.0,0.0,0.0,0.0,1.0,0.0,1.0,0.0
-0.26582278481012656,-1.0,-1.0,-1.0,-1.0,-1.0,-1.0,0.0,0.0,0.0,1.0,0.0,0.0,1.0,0.0,0.0,0.0,1.0,0.0,1.0,0.0
-0.8987341772151899,-1.0,-1.0,-1.0,-1.0,-1.0,-1.0,0.0,0.0,0.0,1.0,0.0,1.0,0.0,0.0,0.0,0.0,1.0,0.0,1.0,0.0
-0.36708860759493667,-1.0,-1.0,-1.0,-1.0,-1.0,-1.0,1.0,0.0,0.0,0.0,0.0,1.0,0.0,0.0,0.0,0.0,1.0,0.0,1.0,0.0
-0.9240506329113924,-1.0,-1.0,-1.0,-1.0,-1.0,-1.0,0.0,1.0,0.0,0.0,0.0,0.0,1.0,0.0,0.0,0.0,1.0,0.0,1.0,0.0
0.240506329113924,-1.0,0.15451238016681978,-1.0,-1.0,0.1884309029261919,0.2665765333601957,0.0,1.0,0.0,0.0,0.0,1.0,0.0,0.0,0.0,0.0,1.0,0.0,1.0,0.0
-0.06329113924050633,-1.0,0.6521176055199609,-1.0,-0.05091608903386202,0.07252877346080577,0.6243325020261214,0.0,0.0,1.0,0.0,0.0,1.0,0.0,1.0,0.0,0.0,0.0,0.0,1.0,0.0
-0.31645569620253167,-1.0,-1.0,-1.0,-1.0,-1.0,-1.0,0.0,0.0,0.0,1.0,0.0,0.0,1.0,0.0,0.0,0.0,1.0,0.0,1.0,0.0
-0.06329113924050633,0.2781422559037694,-1.0,0.0849239236988395,-0.40188337906966964,0.419662044565817,0.4486594827036303,0.0,1.0,0.0,0.0,0.0,1.0,0.0,0.0,0.0,0.0,1.0,0.0,1.0,0.0
-0.31645569620253167,-1.0,-1.0,-1.0,-1.0,-1.0,-1.0,0.0,0.0,0.0,1.0,0.0,0.0,1.0,0.0,0.0,0.0,1.0,0.0,1.0,0.0
0.06329113924050622,0.3513405134143994,0.10369838506181472,-1.0,-1.0,-1.0,0.3020364615791773,0.0,1.0,0.0,0.0,0.0,1.0,0.0,1.0,0.0,0.0,0.0,0.0,1.0,0.0
0.7215189873417722,-1.0,-1.0,-1.0,-1.0,-1.0,-1.0,0.0,0.0,0.0,1.0,0.0,0.0,1.0,1.0,0.0,0.0,0.0,0.0,1.0,0.0
-0.31645569620253167,0.5207060597144453,-1.0,-0.8622584156094552,-0.7806552088744709,-0.14698160022358553,0.39697299950237364,0.0,1.0,0.0,0.0,0.0,1.0,0.0,0.0,0.0,0.0,1.0,0.0,1.0,0.0
-0.44303797468354433,-1.0,-1.0,-1.0,-1.0,-1.0,-1.0,0.0,0.0,1.0,0.0,0.0,0.0,1.0,0.0,0.0,0.0,1.0,0.0,1.0,0.0
-0.31645569620253167,-1.0,-1.0,-1.0,-1.0,-1.0,-1.0,1.0,0.0,0.0,0.0,0.0,0.0,1.0,0.0,0.0,0.0,1.0,0.0,1.0,0.0
0.5696202531645569,-1.0,-0.3870033736503038,-1.0,0.6184559323470249,-0.37857950549977637,0.5478875960345237,0.0,0.0,1.0,0.0,0.0,1.0,0.0,0.0,0.0,0.0,1.0,0.0,1.0,0.0
-0.3924050632911392,0.508505486764224,-1.0,-0.21867114605976812,-1.0,-1.0,0.382941332911537,0.0,0.0,0.0,1.0,0.0,1.0,0.0,1.0,0.0,0.0,0.0,0.0,1.0,0.0
-0.31645569620253167,-0.8551412152377926,0.848981684005335,-1.0,-0.5212452626117072,-0.21313177626172697,0.8039371383392864,0.0,0.0,1.0,0.0,0.0,1.0,0.0,1.0,0.0,0.0,0.0,1.0,0.0,0.0
-0.5696202531645569,-1.0,-1.0,-1.0,-1.0,-1.0,-1.0,0.0,1.0,0.0,0.0,0.0,0.0,1.0,0.0,0.0,0.0,1.0,0.0,1.0,0.0
0.06329113924050622,-0.23979159788240956,0.45085797494386015,-1.0,-1.0,-1.0,0.4189534563196031,0.0,1.0,0.0,0.0,1.0,0.0,0.0,0.0,0.0,0.0,1.0,0.0,1.0,0.0
-0.31645569620253167,-1.0,-1.0,-1.0,-1.0,-1.0,-1.0,0.0,0.0,0.0,1.0,0.0,0.0,1.0,0.0,0.0,0.0,1.0,0.0,1.0,0.0
-0.8987341772151899,-1.0,-1.0,-1.0,-1.0,-1.0,-1.0,0.0,1.0,0.0,0.0,0.0,1.0,0.0,1.0,0.0,0.0,0.0,0.0,1.0,0.0
-0.16455696202531644,0.49275843012533804,0.46408868298077977,-0.2824416396096122,0.2301234448202618,0.154063701181556,0.5762587960798806,0.0,0.0,0.0,1.0,0.0,1.0,0.0,0.0,0.0,0.0,1.0,0.0,0.0,1.0
-0.16455696202531644,-1.0,-1.0,-1.0,-1.0,-1.0,-1.0,0.0,1.0,0.0,0.0,0.0,0.0,1.0,0.0,0.0,0.0,1.0,0.0,1.0,0.0
-0.16455696202531644,-1.0,-1.0,0.0832254595068509,-1.0,0.2752564043256218,0.28703451468770114,0.0,1.0,0.0,0.0,0.0,1.0,0.0,0.0,0.0,0.0,1.0,0.0,1.0,0.0
0.5443037974683544,-1.0,-1.0,-1.0,-1.0,-1.0,-1.0,0.0,0.0,1.0,0.0,0.0,0.0,1.0,1.0,0.0,0.0,0.0,0.0,1.0,0.0
-0.16455696202531644,-0.07905274254848893,0.3736832640750325,0.22767549866990633,0.24316685626743584,0.415159319528406,0.5532045012673636,0.0,0.0,1.0,0.0,0.0,1.0,0.0,0.0,0.0,0.0,1.0,0.0,1.0,0.0
-1.0,-1.0,-1.0,-1.0,-1.0,-1.0,-1.0,0.0,1.0,0.0,0.0,0.0,0.0,1.0,0.0,0.0,0.0,1.0,0.0,1.0,0.0
-0.36708860759493667,0.6995689375253726,0.525670050140201,-0.33085400079197247,0.11022474757620349,0.048076407402846355,0.6688689940337851,0.0,1.0,0.0,0.0,0.0,1.0,0.0,0.0,0.0,0.0,1.0,0.0,1.0,0.0
-0.5696202531645569,-1.0,-1.0,-1.0,-1.0,-1.0,-1.0,0.0,0.0,1.0,0.0,0.0,0.0,1.0,0.0,0.0,0.0,1.0,0.0,1.0,0.0
-0.5696202531645569,-0.7704042582518641,-1.0,-1.0,-1.0,0.2931891680763772,0.2444942783140054,0.0,1.0,0.0,0.0,0.0,1.0,0.0,0.0,0.0,1.0,0.0,0.0,1.0,0.0
-0.5443037974683544,-1.0,0.2897577798897448,-0.7816847539510678,-0.47309575479577604,-0.23277050415630363,0.2731636225586538,0.0,1.0,0.0,0.0,0.0,1.0,0.0,0.0,0.0,0.0,1.0,0.0,1.0,0.0
0.012658227848101333,-1.0,-1.0,-1.0,-1.0,-1.0,-1.0,0.0,0.0,1.0,0.0,0.0,0.0,1.0,0.0,0.0,0.0,1.0,0.0,1.0,0.0
-0.620253164556962,-1.0,-1.0,-1.0,-1.0,-1.0,-1.0,0.0,1.0,0.0,0.0,0.0,0.0,1.0,0.0,0.0,1.0,0.0,1.0,0.0,0.0
-0.6708860759493671,-1.0,-1.0,-1.0,-1.0,-1.0,-1.0,0.0,1.0,0.0,0.0,0.0,0.0,1.0,1.0,0.0,0.0,0.0,0.0,1.0,0.0
-0.4683544303797469,0.4894278887148156,-1.0,0.39522349149423763,-1.0,-0.7252516930079197,0.4811595521309302,0.0,0.0,0.0,1.0,0.0,1.0,0.0,0.0,0.0,0.0,1.0,0.0,1.0,0.0
-0.7215189873417722,-1.0,-1.0,-1.0,-1.0,-1.0,-1.0,0.0,0.0,1.0,0.0,0.0,1.0,0.0,0.0,0.0,0.0,1.0,0.0,1.0,0.0
-0.06329113924050633,0.0457599788677312,-1.0,0.2975202397926069,0.4529478679888801,-0.11040160165498347,0.4811595521309302,0.0,0.0,0.0,1.0,0.0,1.0,0.0,0.0,0.0,0.0,1.0,0.0,1.0,0.0
-0.5443037974683544,-1.0,-1.0,-1.0,-1.0,-1.0,-1.0,0.0,1.0,0.0,0.0,0.0,0.0,1.0,0.0,0.0,0.0,1.0,0.0,1.0,0.0
0.06329113924050622,0.46972740092337495,-1.0,-1.0,-0.1301559272165851,0.27075191474564186,0.4308520841755783,0.0,1.0,0.0,0.0,0.0,1.0,0.0,0.0,0.0,0.0,1.0,0.0,1.0,0.0
-0.4683544303797469,0.22719657645694413,-0.07406186372818535,-1.0,0.23593505525423653,-1.0,0.3081212548288894,0.0,0.0,0.0,1.0,0.0,1.0,0.0,0.0,0.0,0.0,1.0,0.0,1.0,0.0
0.4177215189873418,0.20874456491694504,0.24229455688282298,-0.05366507818368049,-1.0,-1.0,0.3197374772423094,0.0,0.0,0.0,1.0,0.0,1.0,0.0,0.0,0.0,0.0,1.0,0.0,1.0,0.0
-0.6708860759493671,0.4455038706000751,0.2716039107738175,-0.5633695079021357,-1.0,-1.0,0.41625566595408126,0.0,0.0,0.0,1.0,0.0,1.0,0.0,0.0,0.0,0.0,1.0,0.0,1.0,0.0
-0.5443037974683544,-1.0,-1.0,-1.0,-1.0,-1.0,-1.0,0.0,1.0,0.0,0.0,0.0,0.0,1.0,0.0,0.0,0.0,1.0,0.0,1.0,0.0
-0.16455696202531644,-1.0,-1.0,0.02174675817577132,-0.45932089796816633,0.3275231143266464,0.3159435078276387,0.0,1.0,0.0,0.0,0.0,1.0,0.0,0.0,0.0,0.0,1.0,0.0,1.0,0.0
-0.7215189873417722,-1.0,-1.0,-1.0,-1.0,-1.0,-1.0,0.0,1.0,0.0,0.0,0.0,0.0,1.0,0.0,0.0,0.0,1.0,0.0,1.0,0.0
-0.5696202531645569,-1.0,-1.0,-1.0,-1.0,-1.0,-1.0,0.0,0.0,1.0,0.0,0.0,0.0,1.0,1.0,0.0,0.0,0.0,0.0,1.0,0.0
0.3417721518987342,-1.0,0.3221298102239778,-0.2226063063480459,-0.2634922240576568,0.5406409915891643,0.5461772914614837,0.0,0.0,1.0,0.0,0.0,1.0,0.0,1.0,0.0,0.0,0.0,0.0,1.0,0.0
-0.31645569620253167,-1.0,-1.0,-1.0,-1.0,-1.0,-1.0,0.0,0.0,1.0,0.0,0.0,0.0,1.0,1.0,0.0,0.0,0.0,0.0,1.0,0.0
0.4177215189873418,-1.0,-0.5312057330235879,-1.0,0.8248415797305175,0.40942354593622143,0.7661628469168216,0.0,0.0,1.0,0.0,0.0,1.0,0.0,0.0,0.0,0.0,1.0,0.0,1.0,0.0
-0.31645569620253167,0.5088116949514674,-1.0,-0.22662097017838223,-0.37397903613286987,-0.023472470144200397,0.40325639489566223,0.0,0.0,0.0,1.0,0.0,1.0,0.0,0.0,0.0,0.0,1.0,0.0,1.0,0.0
-0.1392405063291139,0.4890918965999915,0.19218812243607641,-1.0,-0.37397903613286987,-1.0,0.41906503997575784,0.0,1.0,0.0,0.0,0.0,1.0,0.0,0.0,0.0,0.0,1.0,0.0,1.0,0.0
-0.2911392405063291,-1.0,-1.0,-1.0,-1.0,-1.0,-1.0,0.0,1.0,0.0,0.0,0.0,0.0,1.0,0.0,0.0,0.0,1.0,0.0,1.0,0.0
0.06329113924050622,0.4340088137819864,-1.0,-0.8622584156094552,-1.0,-1.0,0.30832077412611447,0.0,0.0,0.0,1.0,0.0,1.0,0.0,0.0,0.0,0.0,1.0,0.0,1.0,0.0
-0.9493670886075949,-1.0,-1.0,-1.0,-1.0,-1.0,-1.0,0.0,0.0,1.0,0.0,0.0,0.0,1.0,0.0,0.0,0.0,1.0,0.0,1.0,0.0
-0.26582278481012656,0.19131888840669653,-1.0,0.34932201647274574,-0.6422640538624581,-1.0,0.35038181291755377,0.0,0.0,0.0,1.0,0.0,1.0,0.0,0.0,0.0,0.0,1.0,0.0,1.0,0.0
-0.03797468354430378,-1.0,-1.0,0.17187711341035383,-0.5848265349639614,-0.7252516930079197,0.1294041009743616,0.0,0.0,0.0,1.0,0.0,1.0,0.0,0.0,0.0,0.0,1.0,0.0,1.0,0.0
0.11392405063291133,-1.0,-0.04540053351930995,0.11103590492910076,0.2616213702824417,-1.0,0.3077215887053657,0.0,1.0,0.0,0.0,0.0,1.0,0.0,0.0,0.0,0.0,1.0,1.0,0.0,0.0
0.6962025316455696,-0.8551412152377926,-1.0,-0.6439431695605231,0.3837164780645139,-0.004322093240028302,0.3484528857925313,0.0,0.0,0.0,1.0,0.0,1.0,0.0,1.0,0.0,0.0,0.0,0.0,1.0,0.0
-0.3924050632911392,-0.6636483178693894,-0.5934641999129258,-1.0,0.31191773999907135,-0.1315304795020149,0.2753096940518822,0.0,1.0,0.0,0.0,0.0,1.0,0.0,0.0,0.0,0.0,1.0,0.0,1.0,0.0
-0.8987341772151899,-1.0,-1.0,-1.0,-1.0,-1.0,-1.0,0.0,1.0,0.0,0.0,0.0,1.0,0.0,0.0,0.0,0.0,1.0,0.0,1.0,0.0
-0.44303797468354433,-1.0,-1.0,-1.0,-1.0,-1.0,-1.0,0.0,1.0,0.0,0.0,0.0,0.0,1.0,0.0,0.0,1.0,0.0,0.0,1.0,0.0
-0.2911392405063291,-1.0,0.5828281013987753,-1.0,-0.1546342450073407,0.1563953634869628,0.5658562634702067,0.0,0.0,1.0,0.0,0.0,1.0,0.0,0.0,0.0,0.0,1.0,0.0,1.0,0.0
0.4683544303797469,-1.0,-1.0,-1.0,-1.0,-1.0,-1.0,0.0,0.0,1.0,0.0,0.0,0.0,1.0,1.0,0.0,0.0,0.0,0.0,1.0,0.0
-0.36708860759493667,-1.0,0.45132540468056126,-0.7245168312189103,-0.5402745340816825,0.6204152143383603,0.6326977224971113,1.0,0.0,0.0,0.0,0.0,1.0,0.0,1.0,0.0,0.0,0.0,0.0,1.0,0.0
-0.26582278481012656,0.2002132966904817,-0.5934641999129258,0.29193043687879694,-1.0,-1.0,0.31382418596927875,0.0,1.0,0.0,0.0,0.0,1.0,0.0,0.0,0.0,0.0,1.0,0.0,1.0,0.0
-1.0,-1.0,-1.0,-1.0,-1.0,-1.0,-1.0,0.0,1.0,0.0,0.0,0.0,0.0,1.0,0.0,0.0,1.0,0.0,0.0,1.0,0.0
-0.4177215189873418,-1.0,-0.015263706538871658,-0.5062015851699782,0.2922442800822116,-1.0,0.27696231702976926,0.0,1.0,0.0,0.0,0.0,1.0,0.0,0.0,0.0,0.0,1.0,0.0,1.0,0.0
-1.0,-1.0,-1.0,-1.0,-1.0,-1.0,-1.0,0.0,1.0,0.0,0.0,0.0,0.0,1.0,0.0,0.0,0.0,1.0,0.0,1.0,0.0
-0.9240506329113924,-1.0,-1.0,-1.0,-1.0,-1.0,-1.0,0.0,1.0,0.0,0.0,0.0,1.0,0.0,0.0,0.0,0.0,1.0,0.0,1.0,0.0
-0.2405063291139241,-1.0,-1.0,-1.0,-1.0,-1.0,-1.0,0.0,0.0,0.0,1.0,0.0,0.0,1.0,0.0,0.0,0.0,1.0,0.0,1.0,0.0
-0.2911392405063291,-1.0,0.7287221057295188,-1.0,-0.3209297429561534,-0.24120535200373616,0.6877597502135719,0.0,0.0,1.0,0.0,0.0,1.0,0.0,0.0,0.0,0.0,1.0,0.0,1.0,0.0
-0.06329113924050633,0.516029231248873,-1.0,0.2661609764470241,-0.7232176899759744,-1.0,0.4491364423497124,0.0,0.0,0.0,1.0,0.0,1.0,0.0,0.0,0.0,0.0,1.0,0.0,1.0,0.0
-0.11392405063291144,-1.0,-1.0,-1.0,-1.0,-1.0,-1.0,0.0,1.0,0.0,0.0,0.0,0.0,1.0,0.0,0.0,0.0,1.0,0.0,1.0,0.0
0.49367088607594933,-1.0,-1.0,-1.0,-1.0,-1.0,-1.0,0.0,0.0,1.0,0.0,0.0,0.0,1.0,1.0,0.0,0.0,0.0,0.0,1.0,0.0
0.3417721518987342,-1.0,-1.0,-1.0,-1.0,-1.0,-1.0,0.0,0.0,1.0,0.0,0.0,0.0,1.0,0.0,0.0,0.0,1.0,0.0,1.0,0.0
0.7721518987341771,0.24738258769517607,-1.0,-1.0,-1.0,0.23905864118889597,0.29871004050405636,0.0,1.0,0.0,0.0,0.0,1.0,0.0,0.0,0.0,0.0,1.0,0.0,1.0,0.0
-0.8987341772151899,-1.0,-1.0,-1.0,-1.0,-1.0,-1.0,0.0,1.0,0.0,0.0,0.0,1.0,0.0,1.0,0.0,0.0,0.0,0.0,1.0,0.0
-0.3924050632911392,-1.0,0.5432851745492016,-1.0,-0.7806552088744709,-0.24120535200373616,0.5082201202476153,0.0,1.0,0.0,0.0,0.0,1.0,0.0,0.0,0.0,0.0,1.0,0.0,1.0,0.0
0.11392405063291133,-1.0,-1.0,-1.0,-1.0,-1.0,-1.0,0.0,0.0,1.0,0.0,0.0,0.0,1.0,0.0,0.0,0.0,1.0,0.0,1.0,0.0
0.6708860759493671,-1.0,-1.0,-1.0,-1.0,-1.0,-1.0,0.0,1.0,0.0,0.0,0.0,0.0,1.0,0.0,0.0,0.0,1.0,0.0,1.0,0.0
-0.08860759493670889,-1.0,0.5911088918375198,-1.0,0.22715294660188579,0.16097797250429435,0.5922466455312869,0.0,0.0,1.0,0.0,0.0,1.0,0.0,0.0,0.0,0.0,1.0,0.0,1.0,0.0
0.06329113924050622,-0.7704042582518641,0.566886464485951,-1.0,-0.10158495183062433,-0.5247635098122653,0.5341826138397294,0.0,0.0,1.0,0.0,0.0,1.0,0.0,0.0,0.0,0.0,1.0,0.0,1.0,0.0
-0.26582278481012656,-0.37393074834497464,0.49701711942410864,-0.42562792351159096,-1.0,-1.0,0.46300566302056945,0.0,1.0,0.0,0.0,0.0,1.0,0.0,0.0,0.0,0.0,1.0,0.0,1.0,0.0
-0.5443037974683544,0.5742207919065141,-1.0,-0.32411711492981843,-0.1433830299748715,-1.0,0.44606307529749234,0.0,0.0,0.0,1.0,0.0,1.0,0.0,0.0,0.0,0.0,1.0,0.0,1.0,0.0
-0.36708860759493667,-1.0,-0.6853510347334366,-1.0,0.4635610912443031,0.22191806073596987,0.4495171527530166,0.0,0.0,1.0,0.0,0.0,1.0,0.0,0.0,0.0,0.0,1.0,0.0,1.0,0.0
-0.9240506329113924,-1.0,-1.0,-1.0,-1.0,-1.0,-1.0,0.0,1.0,0.0,0.0,0.0,1.0,0.0,0.0,0.0,0.0,1.0,0.0,1.0,0.0
-0.36708860759493667,0.2808921251886112,0.07229093243490858,-1.0,0.09424372207988507,-1.0,0.3046970831043385,0.0,1.0,0.0,0.0,0.0,1.0,0.0,0.0,0.0,1.0,0.0,0.0,1.0,0.0
-0.6708860759493671,-1.0,-1.0,-1.0,-1.0,-1.0,-1.0,0.0,1.0,0.0,0.0,0.0,0.0,1.0,0.0,0.0,0.0,1.0,0.0,1.0,0.0
-0.8227848101265822,-1.0,-1.0,-1.0,-1.0,-1.0,-1.0,0.0,1.0,0.0,0.0,0.0,0.0,1.0,0.0,0.0,0.0,1.0,0.0,1.0,0.0
-0.5189873417721519,-1.0,-1.0,-1.0,-1.0,-1.0,-1.0,0.0,1.0,0.0,0.0,0.0,0.0,1.0,0.0,0.0,0.0,1.0,0.0,1.0,0.0
-0.189873417721519,-1.0,0.5360806623816001,-0.7245168312189103,0.24118415642817026,-0.03530816614737742,0.5395937813949263,0.0,0.0,1.0,0.0,0.0,1.0,0.0,0.0,0.0,0.0,1.0,0.0,1.0,0.0
-0.31645569620253167,-1.0,-1.0,-1.0,-1.0,-1.0,-1.0,0.0,1.0,0.0,0.0,0.0,0.0,1.0,0.0,0.0,0.0,1.0,0.0,1.0,0.0
-0.21518987341772156,0.28628563873376,-1.0,-1.0,0.040106381343727016,-0.21313177626172697,0.25025923032049513,0.0,1.0,0.0,0.0,0.0,1.0,0.0,0.0,0.0,0.0,1.0,0.0,1.0,0.0
0.21518987341772156,-1.0,0.5325690060248807,-0.110267654586517,-0.42291926273692904,-0.4769678405233547,0.503049166425527,0.0,0.0,1.0,0.0,0.0,1.0,0.0,1.0,0.0,0.0,0.0,0.0,0.0,1.0
-0.21518987341772156,-1.0,-1.0,-1.0,0.4589284882177922,-1.0,0.39304995313442204,0.0,1.0,0.0,0.0,0.0,1.0,0.0,0.0,0.0,0.0,1.0,0.0,1.0,0.0
-0.620253164556962,-1.0,-1.0,-1.0,-1.0,-1.0,-1.0,0.0,1.0,0.0,0.0,0.0,0.0,1.0,0.0,0.0,0.0,1.0,0.0,1.0,0.0
-0.49367088607594933,-1.0,-1.0,-0.062344147527011784,-0.2634922240576568,0.38702769743850274,0.3586752466494796,0.0,1.0,0.0,0.0,0.0,1.0,0.0,0.0,0.0,0.0,1.0,0.0,1.0,0.0
-0.08860759493670889,-1.0,0.3095274418619669,-1.0,-1.0,-1.0,0.27696231702976926,0.0,1.0,0.0,0.0,0.0,1.0,0.0,1.0,0.0,0.0,0.0,0.0,1.0,0.0
0.08860759493670889,0.11945716578703025,-1.0,-1.0,0.2897601891511101,0.23714004914866726,0.37593825942930725,0.0,1.0,0.0,0.0,0.0,1.0,0.0,0.0,0.0,0.0,1.0,0.0,1.0,0.0
-0.4683544303797469,-1.0,-1.0,-1.0,-1.0,-1.0,-1.0,0.0,0.0,0.0,1.0,0.0,0.0,1.0,0.0,0.0,0.0,1.0,0.0,1.0,0.0
-0.620253164556962,-0.5933299775945341,0.4588808870816823,0.5280249116246967,-1.0,-1.0,0.5778659437117541,0.0,1.0,0.0,0.0,0.0,1.0,0.0,1.0,0.0,0.0,0.0,0.0,1.0,0.0
0.08860759493670889,-1.0,-1.0,-1.0,-1.0,-1.0,-1.0,0.0,1.0,0.0,0.0,0.0,0.0,1.0,0.0,0.0,0.0,1.0,0.0,1.0,0.0
-0.2911392405063291,-1.0,-1.0,-1.0,-1.0,-1.0,-1.0,0.0,0.0,1.0,0.0,0.0,0.0,1.0,1.0,0.0,0.0,0.0,0.0,1.0,0.0
-0.36708860759493667,-1.0,-1.0,-1.0,-1.0,-1.0,-1.0,0.0,1.0,0.0,0.0,0.0,0.0,1.0,0.0,0.0,0.0,1.0,0.0,1.0,0.0
-0.189873417721519,-1.0,-1.0,-1.0,-1.0,-1.0,-1.0,0.0,0.0,1.0,0.0,0.0,0.0,1.0,0.0,0.0,0.0,1.0,0.0,1.0,0.0
0.240506329113924,-1.0,-1.0,-1.0,-1.0,-1.0,-1.0,0.0,1.0,0.0,0.0,0.0,0.0,1.0,0.0,0.0,0.0,1.0,0.0,1.0,0.0
-0.5949367088607596,-1.0,-1.0,-1.0,-1.0,-1.0,-1.0,0.0,1.0,0.0,0.0,0.0,0.0,1.0,0.0,0.0,0.0,1.0,0.0,1.0,0.0
-0.9240506329113924,-1.0,-1.0,-1.0,-1.0,-1.0,-1.0,0.0,1.0,0.0,0.0,0.0,0.0,1.0,0.0,0.0,0.0,1.0,0.0,1.0,0.0
0.240506329113924,0.09545724764987362,-1.0,-0.012403170339956415,0.4525335000095567,0.252706810645664,0.4781559963561457,0.0,1.0,0.0,0.0,0.0,1.0,0.0,0.0,0.0,0.0,1.0,0.0,1.0,0.0
-0.4683544303797469,-0.13084729142675589,-0.45795226655056753,0.1945536071118663,0.19523245664222277,-1.0,0.29317766851801275,0.0,1.0,0.0,0.0,0.0,1.0,0.0,0.0,0.0,0.0,1.0,0.0,1.0,0.0
-0.49367088607594933,0.19954239065552715,-1.0,0.1777934099410461,-1.0,-0.6448929646444241,0.24615927292440265,0.0,1.0,0.0,0.0,0.0,1.0,0.0,0.0,0.0,0.0,1.0,0.0,1.0,0.0
-0.03797468354430378,0.4026668282511645,0.34270544055437324,-1.0,-0.3347045997837631,0.1444526539768689,0.4610467038106856,0.0,0.0,1.0,0.0,0.0,1.0,0.0,0.0,0.0,0.0,1.0,0.0,1.0,0.0
-0.4683544303797469,-1.0,-1.0,-1.0,-1.0,-1.0,-1.0,0.0,1.0,0.0,0.0,0.0,0.0,1.0,0.0,0.0,0.0,1.0,0.0,1.0,0.0
-0.5696202531645569,0.23753320766704222,-1.0,0.22601949658047982,-1.0,-1.0,0.2859163843792272,0.0,1.0,0.0,0.0,0.0,1.0,0.0,0.0,0.0,0.0,1.0,0.0,1.0,0.0
-0.21518987341772156,0.7037640184503495,-1.0,0.0832254595068509,-1.0,-1.0,0.5665265356209195,0.0,0.0,0.0,1.0,0.0,1.0,0.0,0.0,0.0,0.0,1.0,0.0,1.0,0.0
-0.4683544303797469,0.43488232414628736,0.450623840311992,-0.12189196817407655,-1.0,-0.1340234558945359,0.5122992603110865,0.0,1.0,0.0,0.0,0.0,1.0,0.0,0.0,0.0,0.0,1.0,0.0,1.0,0.0
-0.5949367088607596,-1.0,-1.0,-1.0,-1.0,-1.0,-1.0,0.0,1.0,0.0,0.0,0.0,0.0,1.0,0.0,0.0,0.0,1.0,0.0,1.0,0.0
-0.3924050632911392,-1.0,-1.0,-1.0,-1.0,-1.0,-1.0,0.0,0.0,1.0,0.0,0.0,0.0,1.0,1.0,0.0,0.0,0.0,0.0,1.0,0.0
-0.4683544303797469,-1.0,-1.0,-1.0,-1.0,-1.0,-1.0,1.0,0.0,0.0,0.0,0.0,0.0,1.0,0.0,0.0,0.0,1.0,0.0,1.0,0.0
-0.31645569620253167,-1.0,-1.0,-1.0,-1.0,-1.0,-1.0,0.0,1.0,0.0,0.0,0.0,0.0,1.0,0.0,0.0,0.0,1.0,0.0,1.0,0.0
-0.7468354430379747,-1.0,-1.0,-1.0,-1.0,-1.0,-1.0,0.0,1.0,0.0,0.0,0.0,0.0,1.0,1.0,0.0,0.0,0.0,0.0,1.0,0.0
-0.5696202531645569,-1.0,-1.0,-1.0,-1.0,-1.0,-1.0,0.0,1.0,0.0,0.0,1.0,0.0,0.0,0.0,0.0,1.0,0.0,0.0,1.0,0.0
0.06329113924050622,-1.0,-1.0,-1.0,-1.0,-1.0,-1.0,0.0,0.0,1.0,0.0,0.0,0.0,1.0,0.0,0.0,0.0,1.0,0.0,1.0,0.0
-0.36708860759493667,0.4326916641463494,-1.0,-0.8622584156094552,0.02656517724382379,-1.0,0.33850415878634776,0.0,0.0,0.0,1.0,0.0,1.0,0.0,0.0,0.0,0.0,1.0,0.0,1.0,0.0
0.240506329113924,-1.0,-1.0,-1.0,-1.0,-1.0,-1.0,0.0,0.0,1.0,0.0,0.0,0.0,1.0,1.0,0.0,0.0,0.0,0.0,1.0,0.0
-1.0,-1.0,-1.0,-1.0,-1.0,-1.0,-1.0,0.0,0.0,0.0,1.0,0.0,0.0,1.0,0.0,0.0,0.0,1.0,0.0,1.0,0.0
-0.11392405063291144,-1.0,0.4260682265238449,-0.7816847539510678,0.2179667022950793,0.2447054337005925,0.4878854860807529,0.0,0.0,1.0,0.0,0.0,1.0,0.0,1.0,0.0,0.0,0.0,0.0,1.0,0.0
-0.2405063291139241,-1.0,0.565589594760286,-1.0,0.38293427830580895,-1.0,0.5822762338670469,0.0,0.0,1.0,0.0,0.0,1.0,0.0,0.0,0.0,0.0,1.0,0.0,1.0,0.0
-0.21518987341772156,0.4427937761086196,-0.5934641999129258,0.4112386627164921,-1.0,0.29492514130675906,0.5200733841402396,1.0,0.0,0.0,0.0,0.0,1.0,0.0,1.0,0.0,0.0,0.0,0.0,1.0,0.0
-0.8227848101265822,-1.0,-1.0,-1.0,-1.0,-1.0,-1.0,0.0,1.0,0.0,0.0,0.0,0.0,1.0,0.0,0.0,1.0,0.0,0.0,1.0,0.0
0.240506329113924,0.5450962470475555,-1.0,-0.15860216303498265,-1.0,-1.0,0.4172718164439144,0.0,0.0,0.0,1.0,0.0,1.0,0.0,0.0,0.0,0.0,1.0,0.0,1.0,0.0
0.6455696202531644,-1.0,0.7362844501898307,-1.0,-0.6114869098077889,-1.0,0.693265709799544,0.0,0.0,1.0,0.0,0.0,1.0,0.0,1.0,0.0,0.0,0.0,0.0,1.0,0.0
-0.4177215189873418,-1.0,-1.0,-1.0,-1.0,-1.0,-1.0,1.0,0.0,0.0,0.0,0.0,0.0,1.0,0.0,0.0,0.0,1.0,0.0,1.0,0.0
-0.21518987341772156,0.5086586469399363,-1.0,-1.0,-1.0,-0.3873893563162252,0.3791283923881734,0.0,1.0,0.0,0.0,0.0,1.0,0.0,0.0,0.0,0.0,1.0,0.0,1.0,0.0
-0.5189873417721519,0.41283912580847004,-1.0,-0.6439431695605231,0.5208349977161739,-1.0,0.5198762715900949,0.0,0.0,0.0,1.0,0.0,1.0,0.0,0.0,0.0,0.0,1.0,0.0,1.0,0.0
-0.5443037974683544,-1.0,-1.0,-1.0,-1.0,-1.0,-1.0,0.0,1.0,0.0,0.0,0.0,0.0,1.0,0.0,0.0,1.0,0.0,0.0,1.0,0.0
-0.4177215189873418,-1.0,-1.0,-1.0,-1.0,-1.0,-1.0,0.0,1.0,0.0,0.0,0.0,0.0,1.0,0.0,0.0,1.0,0.0,0.0,1.0,0.0
-0.44303797468354433,-0.28234114300394575,-1.0,0.2992532661896796,-0.25375096367024685,-1.0,0.2650813047454863,0.0,1.0,0.0,0.0,1.0,0.0,0.0,1.0,0.0,0.0,0.0,0.0,1.0,0.0
-0.3924050632911392,-1.0,-1.0,-1.0,-1.0,-1.0,-1.0,0.0,0.0,1.0,0.0,0.0,0.0,1.0,0.0,0.0,0.0,1.0,0.0,1.0,0.0
-0.9493670886075949,-1.0,-1.0,-1.0,-1.0,-1.0,-1.0,0.0,1.0,0.0,0.0,0.0,1.0,0.0,0.0,0.0,0.0,1.0,0.0,1.0,0.0
-0.5443037974683544,-0.06668303489978522,0.38034003405013417,0.24160546130998317,-1.0,-1.0,0.42542763218737756,0.0,0.0,0.0,1.0,0.0,1.0,0.0,1.0,0.0,0.0,0.0,0.0,1.0,0.0
-0.31645569620253167,0.4452966449505673,-1.0,-1.0,-0.5402745340816825,-1.0,0.3201127542751028,0.0,1.0,0.0,0.0,0.0,1.0,0.0,0.0,0.0,0.0,1.0,0.0,1.0,0.0
-0.5189873417721519,-1.0,-1.0,-1.0,-1.0,-1.0,-1.0,0.0,0.0,1.0,0.0,0.0,0.0,1.0,1.0,0.0,0.0,0.0,0.0,1.0,0.0
-0.5189873417721519,-1.0,-1.0,-0.05537083201088289,-0.03282785418283274,0.22847036029703816,0.2576842839378861,0.0,1.0,0.0,0.0,0.0,1.0,0.0,0.0,0.0,0.0,1.0,0.0,1.0,0.0
-0.31645569620253167,0.5725358562780101,-1.0,0.34525716586646626,-1.0,-0.5878775395118796,0.5083598349267144,0.0,0.0,0.0,1.0,0.0,1.0,0.0,0.0,0.0,0.0,1.0,0.0,1.0,0.0
-0.5443037974683544,-1.0,-1.0,-1.0,0.19219964542046086,0.11956461174874722,0.24196919939753858,0.0,1.0,0.0,0.0,0.0,1.0,0.0,0.0,0.0,1.0,0.0,0.0,1.0,0.0
-0.4683544303797469,-0.5933299775945341,-0.042460592490207394,0.23654476018030768,-1.0,-0.7822671181404642,0.23330222189384453,0.0,1.0,0.0,0.0,0.0,1.0,0.0,0.0,0.0,0.0,1.0,0.0,1.0,0.0
-0.21518987341772156,-0.7704042582518641,0.30415078716193533,-1.0,-0.02970816207027105,-0.5436529399901353,0.3026537551711814,0.0,1.0,0.0,0.0,0.0,1.0,0.0,0.0,0.0,0.0,1.0,0.0,1.0,0.0
0.31645569620253156,-1.0,-1.0,-1.0,-1.0,-1.0,-1.0,0.0,0.0,0.0,1.0,0.0,0.0,1.0,0.0,0.0,0.0,1.0,0.0,1.0,0.0
-0.2405063291139241,-1.0,-1.0,-1.0,-0.7806552088744709,0.33163456521137546,0.28137710633298174,0.0,1.0,0.0,0.0,0.0,1.0,0.0,0.0,0.0,0.0,1.0,0.0,1.0,0.0
-0.03797468354430378,-1.0,-1.0,-1.0,-1.0,-1.0,-1.0,0.0,1.0,0.0,0.0,0.0,0.0,1.0,1.0,0.0,0.0,0.0,0.0,1.0,0.0
-0.012658227848101333,-1.0,-1.0,-1.0,-1.0,-1.0,-1.0,0.0,0.0,0.0,1.0,0.0,0.0,1.0,0.0,0.0,0.0,1.0,1.0,0.0,0.0
-0.189873417721519,0.15223521128267636,0.6510279859254671,-1.0,-0.2312940331994816,0.05301903288610599,0.629247450601538,0.0,0.0,1.0,0.0,0.0,1.0,0.0,0.0,0.0,0.0,1.0,0.0,1.0,0.0
-0.189873417721519,-1.0,-1.0,-1.0,-1.0,-1.0,-1.0,0.0,1.0,0.0,0.0,0.0,0.0,1.0,0.0,0.0,0.0,1.0,0.0,1.0,0.0
-0.5949367088607596,-1.0,-1.0,-1.0,-1.0,-1.0,-1.0,0.0,1.0,0.0,0.0,0.0,0.0,1.0,1.0,0.0,0.0,0.0,0.0,1.0,0.0
-0.44303797468354433,0.3583713218914597,-1.0,-1.0,-0.16350931647416544,-1.0,0.25690243456684425,0.0,1.0,0.0,0.0,0.0,1.0,0.0,0.0,0.0,0.0,1.0,0.0,1.0,0.0
-0.2911392405063291,-1.0,-1.0,-1.0,-1.0,-1.0,-1.0,0.0,0.0,1.0,0.0,0.0,0.0,1.0,1.0,0.0,0.0,0.0,0.0,1.0,0.0
-0.5443037974683544,-1.0,-1.0,-1.0,-1.0,-1.0,-1.0,0.0,1.0,0.0,0.0,0.0,0.0,1.0,0.0,0.0,0.0,1.0,0.0,1.0,0.0
-0.4683544303797469,0.3213342604896201,-1.0,-0.3949952390402589,0.47176378456778156,-1.0,0.46424187364938585,0.0,1.0,0.0,0.0,0.0,1.0,0.0,0.0,0.0,0.0,1.0,0.0,1.0,0.0
-0.16455696202531644,0.4450892136179987,-1.0,0.4335135510237127,-0.23558788112085693,-0.6143419940193948,0.48498684596487873,0.0,1.0,0.0,0.0,0.0,1.0,0.0,1.0,0.0,0.0,0.0,0.0,1.0,0.0
0.5189873417721518,0.6542815533958466,-1.0,-1.0,-1.0,-1.0,0.5090568765482177,0.0,0.0,0.0,1.0,0.0,1.0,0.0,0.0,0.0,0.0,1.0,0.0,0.0,1.0
-0.31645569620253167,-1.0,0.051782813399544825,0.044764752392201235,0.8763489522080321,-0.18854590463455945,0.798847480023658,0.0,0.0,1.0,0.0,0.0,1.0,0.0,0.0,0.0,0.0,1.0,0.0,1.0,0.0
-0.5189873417721519,0.5892203630503523,-1.0,-1.0,-1.0,-1.0,0.4497072232284798,0.0,0.0,0.0,1.0,0.0,1.0,0.0,0.0,0.0,0.0,1.0,0.0,1.0,0.0
-0.2405063291139241,-1.0,-1.0,-1.0,-1.0,-1.0,-1.0,0.0,1.0,0.0,0.0,0.0,0.0,1.0,0.0,0.0,0.0,1.0,0.0,1.0,0.0
-0.26582278481012656,-0.3191000145820688,-1.0,-0.7816847539510678,-1.0,0.28608910099440243,0.24477278920517387,0.0,1.0,0.0,0.0,0.0,1.0,0.0,0.0,0.0,1.0,0.0,0.0,1.0,0.0
-0.5443037974683544,0.433131637046547,-0.8644880666376419,0.08660799395346053,0.3230655032259302,-1.0,0.4434308176165995,0.0,0.0,0.0,1.0,0.0,1.0,0.0,0.0,0.0,0.0,1.0,0.0,1.0,0.0
0.1898734177215189,0.49571120052288187,-1.0,-0.6439431695605231,0.2391815695987436,-1.0,0.42714609494315314,0.0,0.0,0.0,1.0,0.0,1.0,0.0,0.0,0.0,0.0,1.0,0.0,1.0,0.0
-0.8227848101265822,-1.0,-1.0,-1.0,-1.0,-1.0,-1.0,0.0,1.0,0.0,0.0,0.0,0.0,1.0,1.0,0.0,0.0,0.0,0.0,1.0,0.0
-0.3417721518987342,-1.0,-1.0,-1.0,-1.0,-1.0,-1.0,0.0,1.0,0.0,0.0,0.0,0.0,1.0,0.0,0.0,0.0,1.0,1.0,0.0,0.0
-0.2405063291139241,0.4675021406757853,-1.0,-1.0,-1.0,0.3235740121116333,0.44076170576755724,0.0,1.0,0.0,0.0,0.0,1.0,0.0,0.0,0.0,0.0,1.0,0.0,1.0,0.0
-0.06329113924050633,-1.0,0.3425018982202739,-0.5633695079021357,-0.3921421186822598,0.017858807773149188,0.34470031667833156,0.0,1.0,0.0,0.0,0.0,1.0,0.0,0.0,0.0,0.0,1.0,0.0,1.0,0.0
-0.31645569620253167,-1.0,-1.0,-1.0,-1.0,-1.0,-1.0,0.0,1.0,0.0,0.0,0.0,0.0,1.0,0.0,0.0,1.0,0.0,0.0,1.0,0.0
0.06329113924050622,-1.0,0.38774943258174566,-1.0,0.3844956253285927,0.27966078580396814,0.5180266594409044,0.0,0.0,1.0,0.0,0.0,1.0,0.0,1.0,0.0,0.0,0.0,0.0,1.0,0.0
-0.4177215189873418,0.4910997940349271,-1.0,-0.23917582469336995,-1.0,-1.0,0.3669164016149582,0.0,1.0,0.0,0.0,0.0,1.0,0.0,0.0,0.0,0.0,1.0,0.0,1.0,0.0
-0.4683544303797469,-0.2692751980081092,-1.0,0.37448338881181065,-1.0,-1.0,0.32455938550630026,0.0,0.0,0.0,1.0,0.0,1.0,0.0,0.0,0.0,0.0,1.0,0.0,1.0,0.0
-0.44303797468354433,-1.0,-1.0,-1.0,-1.0,-1.0,-1.0,1.0,0.0,0.0,0.0,0.0,0.0,1.0,0.0,0.0,0.0,1.0,0.0,1.0,0.0
-0.31645569620253167,-1.0,-1.0,-1.0,-1.0,-1.0,-1.0,0.0,0.0,1.0,0.0,0.0,0.0,1.0,1.0,0.0,0.0,0.0,0.0,1.0,0.0
-0.4177215189873418,0.37117044648666586,-1.0,-1.0,-1.0,0.262444369553263,0.3654442655653667,0.0,0.0,0.0,1.0,0.0,1.0,0.0,0.0,0.0,0.0,1.0,0.0,1.0,0.0
-0.49367088607594933,0.2975149167317994,-0.4047885740980801,-0.43698639210870016,-1.0,0.09821753613664463,0.27123550831185184,0.0,1.0,0.0,0.0,0.0,1.0,0.0,0.0,0.0,0.0,1.0,0.0,1.0,0.0
-0.44303797468354433,0.15968504345871937,-1.0,-1.0,-1.0,0.17412239144705932,0.22881635207629936,0.0,1.0,0.0,0.0,0.0,1.0,0.0,1.0,0.0,0.0,0.0,0.0,1.0,0.0
-0.7468354430379747,-1.0,-1.0,-1.0,-1.0,-1.0,-1.0,0.0,1.0,0.0,0.0,0.0,0.0,1.0,0.0,0.0,0.0,1.0,0.0,1.0,0.0
0.21518987341772156,-1.0,0.14129027936707428,0.35828173424466114,0.8558878517670465,-1.0,0.7931327740808709,0.0,0.0,1.0,0.0,0.0,1.0,0.0,1.0,0.0,0.0,0.0,0.0,1.0,0.0
0.16455696202531644,0.46029497645890216,-0.14087466888175282,0.40525669964293143,-1.0,0.14567983443022325,0.5036227378881948,0.0,0.0,0.0,1.0,1.0,0.0,0.0,1.0,0.0,0.0,0.0,0.0,1.0,0.0
-0.189873417721519,-1.0,-1.0,-0.5867752468283656,0.6378954283973943,0.07516547323730305,0.5757200552249908,0.0,0.0,1.0,0.0,0.0,1.0,0.0,0.0,0.0,0.0,1.0,0.0,1.0,0.0
0.26582278481012667,0.22895524364094189,-1.0,0.2895289683694886,-1.0,-1.0,0.3197374772423094,0.0,0.0,0.0,1.0,0.0,1.0,0.0,0.0,0.0,0.0,1.0,0.0,1.0,0.0
-0.9240506329113924,-1.0,-1.0,-1.0,-1.0,-1.0,-1.0,0.0,1.0,0.0,0.0,0.0,1.0,0.0,1.0,0.0,0.0,0.0,0.0,1.0,0.0
-0.4177215189873418,-1.0,0.28734248280309105,-0.8622584156094552,-1.0,-1.0,0.255592184247051,0.0,1.0,0.0,0.0,0.0,1.0,0.0,0.0,0.0,0.0,1.0,0.0,1.0,0.0
-0.9493670886075949,-1.0,-1.0,-1.0,-1.0,-1.0,-1.0,0.0,1.0,0.0,0.0,0.0,1.0,0.0,1.0,0.0,0.0,0.0,0.0,1.0,0.0
-0.3417721518987342,0.2725315283072036,-1.0,-1.0,-1.0,0.21643004846922453,0.29744751488910315,0.0,1.0,0.0,0.0,0.0,1.0,0.0,0.0,0.0,0.0,1.0,0.0,1.0,0.0
-0.26582278481012656,-1.0,-1.0,-1.0,-1.0,-1.0,-1.0,0.0,0.0,1.0,0.0,0.0,0.0,1.0,0.0,0.0,0.0,1.0,0.0,1.0,0.0
-0.2911392405063291,-1.0,0.2184585092315967,0.15537879077871564,-1.0,-0.23694305848224295,0.2944686937979426,0.0,1.0,0.0,0.0,0.0,1.0,0.0,0.0,0.0,0.0,1.0,0.0,1.0,0.0
-0.5443037974683544,-1.0,-1.0,-1.0,-1.0,-1.0,-1.0,0.0,1.0,0.0,0.0,0.0,0.0,1.0,0.0,0.0,0.0,1.0,0.0,1.0,0.0
-1.0,-1.0,-1.0,-1.0,-1.0,-1.0,-1.0,0.0,1.0,0.0,0.0,0.0,0.0,1.0,0.0,0.0,0.0,1.0,0.0,1.0,0.0
-0.03797468354430378,-1.0,0.24766031102217467,0.5656904886177678,0.7435556208887051,-0.0873058799802705,0.7467279604314299,0.0,0.0,1.0,0.0,0.0,1.0,0.0,0.0,0.0,0.0,1.0,0.0,1.0,0.0
-1.0,-1.0,-1.0,-1.0,-1.0,-1.0,-1.0,0.0,0.0,0.0,1.0,0.0,0.0,1.0,0.0,0.0,0.0,1.0,0.0,1.0,0.0
-0.5949367088607596,-1.0,-1.0,0.28463717426292257,-0.29594014131866886,-0.32592005813059954,0.24998862605774574,0.0,1.0,0.0,0.0,0.0,1.0,0.0,0.0,0.0,0.0,1.0,1.0,0.0,0.0
-0.620253164556962,-1.0,-1.0,0.3674678659747561,-0.3209297429561534,-1.0,0.3174701680069736,0.0,1.0,0.0,0.0,0.0,1.0,0.0,0.0,0.0,0.0,1.0,0.0,1.0,0.0
-0.3924050632911392,-0.5187895331071819,0.2993852587276915,-0.5424323609787505,-1.0,-1.0,0.2714775917362522,0.0,1.0,0.0,0.0,0.0,1.0,0.0,0.0,0.0,0.0,1.0,0.0,1.0,0.0
0.16455696202531644,-1.0,-1.0,-1.0,-1.0,-1.0,-1.0,0.0,1.0,0.0,0.0,0.0,0.0,1.0,0.0,0.0,0.0,1.0,0.0,1.0,0.0
-0.31645569620253167,-0.2692751980081092,-0.5704373344408764,-0.6439431695605231,0.2734925445434577,-0.4164445537281488,0.2353600440295902,0.0,1.0,0.0,0.0,1.0,0.0,0.0,0.0,0.0,1.0,0.0,0.0,1.0,0.0
-0.11392405063291144,-1.0,-1.0,-1.0,-1.0,-1.0,-1.0,0.0,0.0,0.0,1.0,0.0,1.0,0.0,0.0,0.0,0.0,1.0,0.0,1.0,0.0
0.5696202531645569,-0.027382553715787572,-0.2201440682989565,0.047845730398091924,0.21389655885989578,-1.0,0.2714775917362522,0.0,1.0,0.0,0.0,0.0,1.0,0.0,0.0,0.0,0.0,1.0,0.0,1.0,0.0
-0.3924050632911392,-1.0,-1.0,-1.0,-1.0,-1.0,-1.0,0.0,1.0,0.0,0.0,0.0,0.0,1.0,0.0,0.0,0.0,1.0,0.0,1.0,0.0
-0.5189873417721519,-1.0,-1.0,-1.0,-1.0,-1.0,-1.0,0.0,0.0,0.0,1.0,0.0,0.0,1.0,0.0,0.0,0.0,1.0,0.0,1.0,0.0
0.2911392405063291,-1.0,-1.0,-1.0,-1.0,-1.0,-1.0,0.0,1.0,0.0,0.0,0.0,0.0,1.0,0.0,0.0,0.0,1.0,0.0,1.0,0.0
-0.2911392405063291,-1.0,-1.0,-1.0,-1.0,-1.0,-1.0,0.0,0.0,0.0,1.0,0.0,0.0,1.0,0.0,0.0,0.0,1.0,0.0,1.0,0.0
-0.4177215189873418,-1.0,0.2398999219407465,0.35110226668347244,-1.0,-0.04627794669504215,0.4048254627745176,0.0,1.0,0.0,0.0,0.0,1.0,0.0,0.0,0.0,0.0,1.0,0.0,1.0,0.0
-0.4683544303797469,-1.0,-1.0,-1.0,-1.0,-1.0,-1.0,0.0,0.0,1.0,0.0,0.0,0.0,1.0,1.0,0.0,0.0,0.0,0.0,1.0,0.0
0.08860759493670889,0.39803961966142576,-1.0,0.18302316178336198,-0.042490525223414455,-1.0,0.368085979952647,0.0,0.0,0.0,1.0,0.0,1.0,0.0,1.0,0.0,0.0,0.0,0.0,1.0,0.0
-0.03797468354430378,-1.0,0.007480844957414412,0.27642186032429183,-1.0,-1.0,0.2714775917362522,0.0,1.0,0.0,0.0,0.0,1.0,0.0,0.0,0.0,0.0,1.0,0.0,1.0,0.0
-0.5189873417721519,0.5692392829145558,-0.29405690266257756,-0.12430071403862064,-1.0,-1.0,0.44333262514927396,0.0,0.0,0.0,1.0,0.0,1.0,0.0,0.0,0.0,0.0,1.0,0.0,1.0,0.0
-0.9493670886075949,-1.0,-1.0,-1.0,-1.0,-1.0,-1.0,0.0,0.0,1.0,0.0,0.0,1.0,0.0,0.0,0.0,0.0,1.0,0.0,1.0,0.0
-0.9240506329113924,-1.0,-1.0,-1.0,-1.0,-1.0,-1.0,0.0,1.0,0.0,0.0,0.0,1.0,0.0,0.0,0.0,0.0,1.0,0.0,1.0,0.0
-0.11392405063291144,0.34673998376460435,-0.6195699068776419,0.24616518183217018,-0.017695141726769226,-1.0,0.3667696985133764,0.0,0.0,0.0,1.0,0.0,1.0,0.0,0.0,0.0,0.0,1.0,0.0,0.0,1.0
-0.3924050632911392,0.38239199242924937,0.2632324988030701,0.36828228965866994,-0.6786656890936953,-1.0,0.4810789940603897,0.0,0.0,0.0,1.0,0.0,1.0,0.0,0.0,0.0,0.0,1.0,0.0,1.0,0.0
0.012658227848101333,-1.0,-1.0,-1.0,-0.5848265349639614,0.3205596724841082,0.27196083830957996,0.0,1.0,0.0,0.0,0.0,1.0,0.0,0.0,1.0,0.0,0.0,0.0,1.0,0.0
-0.2911392405063291,-0.5408085165037282,-1.0,-0.1342387398420678,0.26376823218314005,-1.0,0.23359755994066989,0.0,1.0,0.0,0.0,0.0,1.0,0.0,0.0,0.0,0.0,1.0,0.0,1.0,0.0
-0.2405063291139241,-1.0,0.3039028449673291,-0.05366507818368049,0.5099364493931131,-0.7822671181404642,0.515218152602174,0.0,0.0,1.0,0.0,0.0,1.0,0.0,1.0,0.0,0.0,0.0,0.0,1.0,0.0
0.16455696202531644,-1.0,-1.0,-1.0,-1.0,-1.0,-1.0,0.0,0.0,1.0,0.0,0.0,0.0,1.0,1.0,0.0,0.0,0.0,0.0,1.0,0.0
-0.03797468354430378,0.5590255832741953,-1.0,-0.042117982044430624,-0.6422640538624581,-0.057890666102418775,0.44712514306443696,0.0,1.0,0.0,0.0,0.0,1.0,0.0,0.0,0.0,0.0,1.0,0.0,1.0,0.0
-0.16455696202531644,-1.0,-1.0,-1.0,-1.0,-1.0,-1.0,0.0,0.0,1.0,0.0,0.0,0.0,1.0,0.0,0.0,0.0,1.0,0.0,1.0,0.0
-0.26582278481012656,0.5088116949514674,-1.0,0.3263628375113472,0.06853183468750279,-1.0,0.4811595521309302,0.0,0.0,0.0,1.0,0.0,1.0,0.0,0.0,0.0,0.0,1.0,0.0,1.0,0.0
-0.189873417721519,-1.0,-1.0,-1.0,-1.0,-1.0,-1.0,0.0,0.0,0.0,1.0,0.0,1.0,0.0,0.0,0.0,0.0,1.0,0.0,0.0,1.0
-0.1392405063291139,0.816688015284964,-1.0,-0.7245168312189103,-1.0,-1.0,0.6573020725607153,0.0,0.0,0.0,1.0,0.0,1.0,0.0,0.0,0.0,0.0,1.0,0.0,1.0,0.0
-0.2911392405063291,-1.0,-1.0,-1.0,-1.0,-1.0,-1.0,1.0,0.0,0.0,0.0,0.0,0.0,1.0,0.0,0.0,0.0,1.0,0.0,1.0,0.0
-0.11392405063291144,0.5044834060644237,-0.23519013610451522,-0.19311241640142773,-1.0,-1.0,0.38694373333288823,0.0,0.0,0.0,1.0,0.0,1.0,0.0,0.0,0.0,0.0,1.0,0.0,1.0,0.0
-0.26582278481012656,-1.0,-1.0,-1.0,-1.0,-1.0,-1.0,0.0,1.0,0.0,0.0,0.0,0.0,1.0,0.0,0.0,0.0,1.0,0.0,1.0,0.0
-0.7974683544303798,-1.0,-1.0,-1.0,-1.0,-1.0,-1.0,0.0,0.0,0.0,1.0,0.0,0.0,1.0,0.0,0.0,0.0,1.0,0.0,1.0,0.0
-0.31645569620253167,0.08526073515129728,-1.0,0.490168649985524,-0.02511816146215251,-1.0,0.4597895304392865,0.0,0.0,0.0,1.0,0.0,1.0,0.0,0.0,0.0,0.0,1.0,0.0,1.0,0.0
0.06329113924050622,-1.0,-1.0,-0.5633695079021357,0.6240971528573025,-1.0,0.55120708364728,0.0,1.0,0.0,0.0,0.0,1.0,0.0,0.0,0.0,0.0,1.0,0.0,1.0,0.0
-0.2911392405063291,-1.0,-1.0,-1.0,-1.0,-1.0,-1.0,0.0,1.0,0.0,0.0,0.0,0.0,1.0,0.0,0.0,1.0,0.0,0.0,1.0,0.0
-0.5189873417721519,-1.0,-1.0,-1.0,0.335868364965646,-0.6448929646444241,0.27672710334034045,0.0,1.0,0.0,0.0,0.0,1.0,0.0,0.0,0.0,0.0,1.0,0.0,1.0,0.0
-0.11392405063291144,0.8790160147914068,0.11575372096806125,-1.0,-1.0,0.44089611324630296,0.7513709753195887,0.0,0.0,1.0,0.0,0.0,1.0,0.0,1.0,0.0,0.0,0.0,0.0,0.0,1.0
-0.4177215189873418,-0.14433500659683873,-1.0,-1.0,0.3027628419509978,-1.0,0.2597536738213766,0.0,1.0,0.0,0.0,0.0,1.0,0.0,0.0,0.0,0.0,1.0,0.0,1.0,0.0
-1.0,-1.0,-1.0,-1.0,-1.0,-1.0,-1.0,0.0,1.0,0.0,0.0,0.0,0.0,1.0,0.0,0.0,0.0,1.0,0.0,1.0,0.0
0.3417721518987342,0.20810053651695837,-0.062411466047175734,-0.4618586993203633,0.22019254734431426,-1.0,0.2985001993479246,0.0,1.0,0.0,0.0,0.0,1.0,0.0,0.0,0.0,0.0,1.0,0.0,1.0,0.0
-0.5189873417721519,0.1445099643721517,-0.8644880666376419,-0.33085400079197247,0.06567274669392442,-0.05117175113851924,0.21759895966419496,0.0,1.0,0.0,0.0,0.0,1.0,0.0,0.0,0.0,0.0,1.0,0.0,1.0,0.0
-0.4683544303797469,-0.8551412152377926,-0.3870033736503038,-1.0,0.29316790347049526,-0.7822671181404642,0.24196919939753858,0.0,1.0,0.0,0.0,0.0,1.0,0.0,0.0,0.0,1.0,0.0,0.0,1.0,0.0
-1.0,-1.0,-1.0,-1.0,-1.0,-1.0,-1.0,0.0,1.0,0.0,0.0,0.0,0.0,1.0,0.0,0.0,0.0,1.0,0.0,1.0,0.0
0.16455696202531644,-1.0,-1.0,-1.0,0.46408375183869377,0.59134534549659,0.6077860518666203,0.0,0.0,1.0,0.0,0.0,1.0,0.0,1.0,0.0,0.0,0.0,0.0,1.0,0.0
0.26582278481012667,-1.0,-1.0,-0.051973841586329006,0.31163791341782243,-1.0,0.28137710633298174,0.0,1.0,0.0,0.0,0.0,1.0,0.0,1.0,0.0,0.0,0.0,0.0,1.0,0.0
-0.189873417721519,0.6688628217741677,-0.196314317122529,0.30097130946213424,-1.0,-1.0,0.5660111509569377,0.0,0.0,0.0,1.0,0.0,1.0,0.0,0.0,0.0,0.0,1.0,0.0,1.0,0.0
-0.5189873417721519,-1.0,-0.0005941480345520445,-1.0,0.3079640220288462,-1.0,0.2892512916546419,0.0,1.0,0.0,0.0,0.0,1.0,0.0,0.0,1.0,0.0,0.0,0.0,1.0,0.0
-0.2405063291139241,-1.0,-1.0,-1.0,-1.0,-1.0,-1.0,0.0,0.0,0.0,1.0,0.0,0.0,1.0,1.0,0.0,0.0,0.0,0.0,1.0,0.0
-0.36708860759493667,-1.0,0.2065822433457114,-0.15014475473050126,-0.5038728988504453,0.009525309460011844,0.2550655522240399,0.0,1.0,0.0,0.0,0.0,1.0,0.0,0.0,0.0,0.0,1.0,0.0,1.0,0.0
-0.3417721518987342,-1.0,0.7606742103820276,-1.0,0.6298110757186979,-0.0873058799802705,0.7867394911747285,0.0,0.0,1.0,0.0,0.0,1.0,0.0,0.0,0.0,0.0,1.0,0.0,1.0,0.0
0.08860759493670889,-1.0,0.7991521014392817,0.29043292338112625,-0.5212452626117072,0.10733128020455229,0.771593557788437,0.0,0.0,1.0,0.0,0.0,1.0,0.0,1.0,0.0,0.0,0.0,0.0,1.0,0.0
0.26582278481012667,0.38154986751378406,-0.39569379966122975,-0.5234924077581515,-0.3419656266234128,-0.6810270934861755,0.2753096940518822,0.0,1.0,0.0,0.0,0.0,1.0,0.0,0.0,0.0,0.0,1.0,0.0,1.0,0.0
-0.36708860759493667,-1.0,-1.0,-1.0,-1.0,-1.0,-1.0,0.0,0.0,1.0,0.0,0.0,0.0,1.0,0.0,0.0,0.0,1.0,0.0,1.0,0.0
-0.36708860759493667,0.6358753004336473,-1.0,-0.3684600007794333,-1.0,-0.1637399452446352,0.49898510784718453,0.0,0.0,0.0,1.0,0.0,1.0,0.0,0.0,0.0,0.0,1.0,0.0,1.0,0.0
-0.4177215189873418,-0.5408085165037282,0.008607663029249535,-1.0,0.3894872911479892,-1.0,0.35698338610455416,0.0,1.0,0.0,0.0,0.0,1.0,0.0,0.0,0.0,1.0,0.0,0.0,1.0,0.0
-0.3417721518987342,-1.0,-1.0,-1.0,-1.0,-1.0,-1.0,0.0,0.0,1.0,0.0,0.0,0.0,1.0,0.0,0.0,0.0,1.0,0.0,1.0,0.0
-0.2405063291139241,-1.0,-0.6195699068776419,-1.0,-1.0,0.4407581466483226,0.38667950505621995,0.0,1.0,0.0,0.0,0.0,1.0,0.0,0.0,0.0,0.0,1.0,0.0,1.0,0.0
0.4177215189873418,-1.0,0.3019079052670004,-0.4902955702815448,-0.7232176899759744,-0.2897859292888483,0.28137710633298174,0.0,1.0,0.0,0.0,0.0,1.0,0.0,0.0,0.0,0.0,1.0,0.0,1.0,0.0
0.139240506329114,-1.0,-1.0,0.5410487954547256,-0.11299698542437708,-1.0,0.48514466109897203,0.0,1.0,0.0,0.0,0.0,1.0,0.0,0.0,0.0,0.0,1.0,0.0,1.0,0.0
-0.3924050632911392,0.20088205582245466,0.06145006963417288,-0.21867114605976812,-1.0,-1.0,0.21631084212100937,0.0,1.0,0.0,0.0,0.0,1.0,0.0,0.0,0.0,1.0,0.0,1.0,0.0,0.0
-0.44303797468354433,-1.0,-1.0,0.2998275992505215,-0.41212440500723446,-1.0,0.25187483889735773,0.0,1.0,0.0,0.0,0.0,1.0,0.0,0.0,0.0,0.0,1.0,0.0,1.0,0.0
-0.189873417721519,-1.0,-1.0,-1.0,-1.0,-1.0,-1.0,0.0,1.0,0.0,0.0,0.0,0.0,1.0,0.0,0.0,1.0,0.0,0.0,1.0,0.0
-0.44303797468354433,-1.0,-1.0,-1.0,-1.0,-1.0,-1.0,0.0,1.0,0.0,0.0,0.0,0.0,1.0,0.0,0.0,0.0,1.0,0.0,1.0,0.0
-0.36708860759493667,-1.0,-1.0,-1.0,-1.0,-1.0,-1.0,0.0,1.0,0.0,0.0,0.0,0.0,1.0,0.0,0.0,0.0,1.0,0.0,1.0,0.0
-0.5949367088607596,-1.0,-1.0,-1.0,-1.0,-1.0,-1.0,0.0,1.0,0.0,0.0,1.0,0.0,0.0,1.0,0.0,0.0,0.0,0.0,1.0,0.0
-0.21518987341772156,0.4563994852879003,-1.0,0.32910383408148736,-0.14613695271290328,-1.0,0.44284090274331533,0.0,1.0,0.0,0.0,0.0,1.0,0.0,0.0,0.0,0.0,1.0,0.0,1.0,0.0
-0.21518987341772156,-1.0,-1.0,-1.0,-1.0,-1.0,-1.0,0.0,0.0,1.0,0.0,0.0,0.0,1.0,0.0,0.0,0.0,1.0,0.0,1.0,0.0
-0.3924050632911392,-1.0,-1.0,0.26952917743281346,-0.0886994338144067,-1.0,0.24615927292440265,0.0,1.0,0.0,0.0,0.0,1.0,0.0,0.0,0.0,0.0,1.0,0.0,1.0,0.0
-0.5949367088607596,-1.0,-1.0,0.10954736537926069,-1.0,-1.0,0.06444148337844235,0.0,1.0,0.0,0.0,0.0,1.0,0.0,0.0,0.0,0.0,1.0,0.0,1.0,0.0
0.6962025316455696,-0.3112127747555923,0.3092862297471686,-1.0,-0.2634922240576568,-0.3468013544213927,0.29702480812812015,0.0,1.0,0.0,0.0,0.0,1.0,0.0,0.0,0.0,0.0,1.0,0.0,1.0,0.0
-0.5949367088607596,-1.0,-1.0,-1.0,-1.0,-1.0,-1.0,0.0,0.0,1.0,0.0,0.0,0.0,1.0,1.0,0.0,0.0,0.0,0.0,1.0,0.0
-0.5189873417721519,-0.8551412152377926,-0.5934641999129258,-1.0,0.3050912209109766,-1.0,0.24835688424629865,0.0,1.0,0.0,0.0,0.0,1.0,0.0,0.0,0.0,0.0,1.0,0.0,1.0,0.0
-0.21518987341772156,-1.0,-1.0,-1.0,-1.0,-1.0,-1.0,0.0,0.0,0.0,1.0,0.0,0.0,1.0,0.0,0.0,0.0,1.0,0.0,1.0,0.0
0.26582278481012667,-1.0,-1.0,-1.0,-1.0,-1.0,-1.0,0.0,0.0,0.0,1.0,0.0,0.0,1.0,1.0,0.0,0.0,0.0,0.0,1.0,0.0
-0.49367088607594933,-1.0,0.10914828204739546,-1.0,0.5038283456551969,0.06714774581743832,0.4817225074852485,0.0,0.0,1.0,0.0,0.0,1.0,0.0,1.0,0.0,0.0,0.0,0.0,1.0,0.0
-0.3924050632911392,-1.0,-0.37868286713336385,-1.0,0.04227657915691263,0.5558814714897924,0.5114079338450266,0.0,1.0,0.0,0.0,0.0,1.0,0.0,0.0,0.0,1.0,0.0,0.0,1.0,0.0
-0.4177215189873418,-1.0,-1.0,-1.0,-1.0,-1.0,-1.0,0.0,0.0,1.0,0.0,0.0,0.0,1.0,1.0,0.0,0.0,0.0,0.0,1.0,0.0
-0.31645569620253167,-1.0,-1.0,-1.0,-1.0,-1.0,-1.0,0.0,0.0,1.0,0.0,0.0,0.0,1.0,0.0,0.0,0.0,1.0,0.0,1.0,0.0
-0.44303797468354433,-1.0,-0.24728692567616273,-1.0,0.30129369453438803,-1.0,0.2550655522240399,0.0,1.0,0.0,0.0,0.0,1.0,0.0,0.0,0.0,0.0,1.0,0.0,1.0,0.0
0.1898734177215189,0.7262279495573383,0.612043711204447,-1.0,-0.487891873354127,0.047072916600772174,0.7105407064856857,0.0,0.0,1.0,0.0,0.0,1.0,0.0,0.0,0.0,0.0,1.0,0.0,1.0,0.0
0.36708860759493667,0.39751910370017707,-0.6497067338580801,-1.0,-1.0,-1.0,0.2760197159940232,0.0,1.0,0.0,0.0,0.0,1.0,0.0,1.0,0.0,0.0,0.0,0.0,1.0,0.0
-0.2911392405063291,0.6338665988624101,-0.038131949369973106,-0.25257769536476193,-1.0,-1.0,0.5036227378881948,0.0,0.0,0.0,1.0,0.0,1.0,0.0,1.0,0.0,0.0,0.0,0.0,1.0,0.0
0.21518987341772156,-1.0,-1.0,-1.0,-1.0,-1.0,-1.0,0.0,0.0,1.0,0.0,0.0,0.0,1.0,1.0,0.0,0.0,0.0,0.0,1.0,0.0
-0.4177215189873418,-1.0,-0.4840579735152838,-1.0,0.32802778406727096,-1.0,0.27123550831185184,0.0,1.0,0.0,0.0,0.0,1.0,0.0,0.0,0.0,0.0,1.0,1.0,0.0,0.0
-0.26582278481012656,-1.0,-1.0,-1.0,-1.0,-1.0,-1.0,0.0,1.0,0.0,0.0,0.0,0.0,1.0,0.0,0.0,1.0,0.0,0.0,1.0,0.0
-0.6455696202531646,-1.0,0.3453323856339898,-1.0,-0.8616088449879872,-1.0,0.3120724982599339,0.0,1.0,0.0,0.0,0.0,1.0,0.0,1.0,0.0,0.0,0.0,0.0,1.0,0.0
-0.4177215189873418,-1.0,-0.7289761332752838,-1.0,-1.0,0.24947246671653112,0.2029270551336151,0.0,1.0,0.0,0.0,0.0,1.0,0.0,0.0,0.0,1.0,0.0,0.0,1.0,0.0
-0.7974683544303798,-1.0,-1.0,-1.0,-1.0,-1.0,-1.0,0.0,1.0,0.0,0.0,0.0,1.0,0.0,1.0,0.0,0.0,0.0,0.0,1.0,0.0
-0.11392405063291144,-1.0,-1.0,-1.0,-1.0,-1.0,-1.0,0.0,1.0,0.0,0.0,0.0,0.0,1.0,1.0,0.0,0.0,0.0,0.0,1.0,0.0
-0.4683544303797469,-1.0,-1.0,0.2796219149945214,-0.0597129406238629,-1.0,0.2584629399057312,0.0,1.0,0.0,0.0,0.0,1.0,0.0,0.0,1.0,0.0,0.0,0.0,1.0,0.0
-0.7721518987341772,-1.0,-1.0,-1.0,-1.0,-1.0,-1.0,0.0,0.0,0.0,1.0,0.0,0.0,1.0,0.0,0.0,0.0,1.0,0.0,1.0,0.0
-0.012658227848101333,-1.0,-0.1694090082487204,-0.32411711492981843,0.20833732548192763,-0.4164445537281488,0.19978167481936238,0.0,1.0,0.0,0.0,0.0,1.0,0.0,0.0,0.0,1.0,0.0,0.0,1.0,0.0
0.012658227848101333,0.4239216899540077,-1.0,-1.0,-1.0,-1.0,0.29891965093869466,0.0,1.0,0.0,0.0,0.0,1.0,0.0,0.0,0.0,0.0,1.0,0.0,1.0,0.0
-0.26582278481012656,-1.0,-1.0,-1.0,-1.0,-1.0,-1.0,0.0,0.0,1.0,0.0,0.0,0.0,1.0,0.0,0.0,0.0,1.0,0.0,1.0,0.0
-0.6708860759493671,-1.0,-1.0,-1.0,-1.0,-1.0,-1.0,0.0,1.0,0.0,0.0,0.0,0.0,1.0,0.0,0.0,0.0,1.0,0.0,1.0,0.0
-0.3924050632911392,0.5221463621100191,0.5053376259410485,0.013440870351924206,0.5501900928455401,-1.0,0.6641164397205033,0.0,0.0,0.0,1.0,0.0,1.0,0.0,0.0,0.0,0.0,1.0,0.0,1.0,0.0
-0.6708860759493671,0.2557641440641556,-1.0,0.4747297247988074,-1.0,0.20085162757043862,0.4918861635236764,0.0,1.0,0.0,0.0,0.0,1.0,0.0,1.0,0.0,0.0,0.0,0.0,1.0,0.0
-0.2911392405063291,-1.0,0.45843119764996243,-1.0,-0.004991874962858578,0.27903754940988934,0.4927975947629675,0.0,0.0,1.0,0.0,0.0,1.0,0.0,0.0,0.0,0.0,1.0,0.0,1.0,0.0
-0.2911392405063291,-1.0,0.6563754641840567,0.4852672577771049,-0.8616088449879872,0.09270098488072276,0.68206195512079,0.0,0.0,1.0,0.0,0.0,1.0,0.0,0.0,0.0,0.0,1.0,0.0,1.0,0.0
-0.44303797468354433,-1.0,-1.0,-1.0,-1.0,-1.0,-1.0,0.0,1.0,0.0,0.0,0.0,0.0,1.0,0.0,0.0,1.0,0.0,0.0,1.0,0.0
-0.3417721518987342,0.532370212832247,-0.8644880666376419,-1.0,-1.0,-1.0,0.3979724286385269,0.0,1.0,0.0,0.0,0.0,1.0,0.0,0.0,0.0,0.0,1.0,0.0,1.0,0.0
-0.16455696202531644,-1.0,-1.0,-1.0,-1.0,-1.0,-1.0,0.0,0.0,0.0,1.0,0.0,0.0,1.0,0.0,1.0,0.0,0.0,0.0,1.0,0.0
-0.4683544303797469,0.4635499940293908,-1.0,0.49181232437487954,-1.0,-1.0,0.5211865219098883,0.0,0.0,0.0,1.0,0.0,1.0,0.0,1.0,0.0,0.0,0.0,0.0,1.0,0.0
-0.5949367088607596,-1.0,-1.0,-1.0,-1.0,-1.0,-1.0,0.0,1.0,0.0,0.0,0.0,0.0,1.0,0.0,0.0,0.0,1.0,0.0,1.0,0.0
-0.9746835443037974,-1.0,-1.0,-1.0,-1.0,-1.0,-1.0,0.0,1.0,0.0,0.0,0.0,0.0,1.0,0.0,0.0,0.0,1.0,0.0,1.0,0.0
-0.9493670886075949,-1.0,-1.0,-1.0,-1.0,-1.0,-1.0,0.0,1.0,0.0,0.0,0.0,0.0,1.0,0.0,0.0,0.0,1.0,0.0,1.0,0.0
-0.44303797468354433,-0.8551412152377926,0.2742203387441471,-0.4755689006986463,0.07504800105209197,-0.8626258465039598,0.29871004050405636,0.0,1.0,0.0,0.0,0.0,1.0,0.0,0.0,0.0,0.0,1.0,0.0,1.0,0.0
0.36708860759493667,-1.0,-0.6497067338580801,-1.0,0.27551610476783406,0.059737947850005524,0.2764915990842052,1.0,0.0,0.0,0.0,0.0,1.0,0.0,1.0,0.0,0.0,0.0,0.0,1.0,0.0
0.4177215189873418,-1.0,0.13725915935135236,0.2476621312892897,-0.4464353799519486,-0.3468013544213927,0.29871004050405636,0.0,1.0,0.0,0.0,0.0,1.0,0.0,0.0,0.0,0.0,1.0,0.0,1.0,0.0
0.012658227848101333,0.33582790396524187,-1.0,-0.02376163893706562,-0.14066657673737903,-1.0,0.2755466619768592,0.0,1.0,0.0,0.0,0.0,1.0,0.0,0.0,0.0,0.0,1.0,1.0,0.0,0.0
-0.4683544303797469,-1.0,-1.0,-1.0,-1.0,-1.0,-1.0,0.0,1.0,0.0,0.0,0.0,0.0,1.0,0.0,0.0,0.0,1.0,0.0,1.0,0.0
-0.36708860759493667,-1.0,0.35009129957136675,-1.0,-1.0,-1.0,0.3165174390321084,0.0,1.0,0.0,0.0,0.0,1.0,0.0,0.0,0.0,0.0,1.0,0.0,1.0,0.0
-0.3417721518987342,0.5244303963242167,-1.0,-0.5867752468283656,-0.6422640538624581,-1.0,0.3921528189089365,0.0,1.0,0.0,0.0,0.0,1.0,0.0,0.0,0.0,0.0,1.0,0.0,1.0,0.0
-0.4177215189873418,0.12624620523876162,-1.0,0.535433667887627,0.23998501628876845,-1.0,0.5252559165621498,0.0,0.0,0.0,1.0,0.0,1.0,0.0,1.0,0.0,0.0,0.0,0.0,1.0,0.0
-0.26582278481012656,-1.0,-1.0,0.3026746264682949,-1.0,-0.19871167186861294,0.2643292695647548,0.0,1.0,0.0,0.0,0.0,1.0,0.0,0.0,0.0,0.0,1.0,0.0,1.0,0.0
-0.5443037974683544,-1.0,-1.0,-1.0,-1.0,-1.0,-1.0,0.0,1.0,0.0,0.0,0.0,0.0,1.0,0.0,0.0,0.0,1.0,0.0,1.0,0.0
-0.5443037974683544,-1.0,-1.0,-1.0,-1.0,-1.0,-1.0,0.0,1.0,0.0,0.0,0.0,0.0,1.0,0.0,0.0,0.0,1.0,0.0,1.0,0.0
0.06329113924050622,0.40113578074116885,-0.4143271680087205,-0.7816847539510678,-0.5038728988504453,-0.4271600827848884,0.2892512916546419,0.0,1.0,0.0,0.0,0.0,1.0,0.0,0.0,0.0,0.0,1.0,0.0,1.0,0.0
-0.44303797468354433,-1.0,-1.0,-1.0,-1.0,-1.0,-1.0,0.0,0.0,0.0,1.0,0.0,1.0,0.0,0.0,0.0,0.0,1.0,1.0,0.0,0.0
-0.5949367088607596,-1.0,-1.0,-1.0,-1.0,-1.0,-1.0,0.0,0.0,1.0,0.0,0.0,0.0,1.0,1.0,0.0,0.0,0.0,0.0,1.0,0.0
0.21518987341772156,-0.4639587993442762,-1.0,-1.0,-1.0,0.32407197471027316,0.2764915990842052,0.0,1.0,0.0,0.0,0.0,1.0,0.0,0.0,0.0,0.0,1.0,0.0,1.0,0.0
-0.5696202531645569,0.5441940505475287,-1.0,0.4870636008632905,-1.0,-1.0,0.5499199114492679,0.0,0.0,0.0,1.0,0.0,1.0,0.0,0.0,0.0,0.0,1.0,0.0,1.0,0.0
-0.189873417721519,-1.0,-1.0,-1.0,-1.0,-1.0,-1.0,0.0,1.0,0.0,0.0,0.0,0.0,1.0,0.0,0.0,0.0,1.0,0.0,1.0,0.0
0.620253164556962,-1.0,-1.0,-1.0,-1.0,-1.0,-1.0,0.0,1.0,0.0,0.0,0.0,0.0,1.0,0.0,0.0,0.0,1.0,0.0,1.0,0.0
-0.44303797468354433,-1.0,-1.0,-1.0,-1.0,-1.0,-1.0,0.0,1.0,0.0,0.0,0.0,0.0,1.0,0.0,0.0,0.0,1.0,0.0,1.0,0.0
-0.7215189873417722,-1.0,-1.0,-1.0,-1.0,-1.0,-1.0,0.0,1.0,0.0,0.0,0.0,1.0,0.0,0.0,0.0,0.0,1.0,0.0,1.0,0.0
-0.5696202531645569,0.3312268177772477,-1.0,0.3165920133170277,-1.0,-1.0,0.3722665478241478,0.0,0.0,0.0,1.0,1.0,0.0,0.0,0.0,0.0,0.0,1.0,0.0,1.0,0.0
-0.7215189873417722,-1.0,-1.0,-1.0,-1.0,-1.0,-1.0,0.0,1.0,0.0,0.0,0.0,1.0,0.0,0.0,0.0,1.0,0.0,0.0,1.0,0.0
-0.3417721518987342,-1.0,-1.0,-1.0,-1.0,-1.0,-1.0,0.0,0.0,1.0,0.0,0.0,0.0,1.0,1.0,0.0,0.0,0.0,0.0,1.0,0.0
-0.189873417721519,-1.0,0.5005876206195863,-1.0,0.8319127756054088,0.33914974082850335,0.8009658996274125,0.0,0.0,1.0,0.0,0.0,1.0,0.0,1.0,0.0,0.0,0.0,0.0,1.0,0.0
0.240506329113924,-0.27570607618896315,0.5466827873406732,-1.0,0.04227657915691263,-0.02636579174859499,0.5312326026185228,0.0,0.0,1.0,0.0,0.0,1.0,0.0,0.0,0.0,0.0,1.0,0.0,1.0,0.0
-0.620253164556962,-1.0,0.31662879377465947,-0.042117982044430624,-1.0,-0.39660911215985917,0.31382418596927875,0.0,1.0,0.0,0.0,0.0,1.0,0.0,0.0,0.0,0.0,1.0,0.0,1.0,0.0
0.240506329113924,-1.0,-1.0,-1.0,-1.0,-1.0,-1.0,0.0,0.0,0.0,1.0,0.0,0.0,1.0,0.0,0.0,0.0,1.0,0.0,1.0,0.0
-0.4177215189873418,-1.0,-1.0,-1.0,-1.0,-1.0,-1.0,0.0,1.0,0.0,0.0,0.0,0.0,1.0,0.0,0.0,1.0,0.0,0.0,1.0,0.0
0.7721518987341771,-1.0,0.49683224716991337,-1.0,0.5148538345276312,-0.2169069191651618,0.5876033050932261,0.0,0.0,1.0,0.0,0.0,1.0,0.0,1.0,0.0,0.0,0.0,0.0,1.0,0.0
-0.08860759493670889,0.4992643889789614,-1.0,-0.5867752468283656,-0.41212440500723446,-1.0,0.371265807095182,0.0,0.0,0.0,1.0,0.0,1.0,0.0,0.0,0.0,0.0,1.0,0.0,1.0,0.0
-0.5949367088607596,-1.0,-0.514194800495722,-1.0,-0.5613104177489419,0.33163456521137546,0.28524234476922583,0.0,1.0,0.0,0.0,0.0,1.0,0.0,0.0,0.0,0.0,1.0,0.0,1.0,0.0
-0.189873417721519,-1.0,-1.0,-1.0,-1.0,-1.0,-1.0,0.0,1.0,0.0,0.0,0.0,0.0,1.0,0.0,0.0,1.0,0.0,0.0,1.0,0.0
-0.26582278481012656,-1.0,-1.0,-1.0,-1.0,-1.0,-1.0,0.0,1.0,0.0,0.0,0.0,0.0,1.0,0.0,0.0,1.0,0.0,0.0,1.0,0.0
-0.31645569620253167,0.42184449620681885,-1.0,-1.0,-1.0,-0.8626258465039598,0.2972362786668288,0.0,1.0,0.0,0.0,0.0,1.0,0.0,0.0,0.0,0.0,1.0,0.0,1.0,0.0
-0.189873417721519,-1.0,-1.0,-1.0,0.6833850401351937,-1.0,0.6073710741862257,0.0,0.0,1.0,0.0,0.0,1.0,0.0,0.0,0.0,0.0,1.0,0.0,1.0,0.0
0.5443037974683544,-1.0,-0.2201440682989565,0.3318075370227811,-0.7232176899759744,-1.0,0.29035008818985286,1.0,0.0,0.0,0.0,0.0,1.0,0.0,0.0,0.0,0.0,1.0,0.0,1.0,0.0
0.1898734177215189,-1.0,-0.3164244002440262,-1.0,0.6573514325407261,0.44144702120351975,0.6418934225218769,0.0,0.0,1.0,0.0,0.0,1.0,0.0,0.0,0.0,0.0,1.0,0.0,1.0,0.0
-0.5949367088607596,-0.335827903965242,0.20698996485791565,-1.0,-1.0,0.17412239144705932,0.29166033850964634,0.0,1.0,0.0,0.0,0.0,1.0,0.0,0.0,0.0,0.0,1.0,0.0,1.0,0.0
-0.49367088607594933,-1.0,-1.0,-1.0,-1.0,-1.0,-1.0,0.0,0.0,0.0,1.0,0.0,0.0,1.0,0.0,0.0,0.0,1.0,0.0,1.0,0.0
-0.4177215189873418,-1.0,-1.0,-0.5633695079021357,0.3932438691927205,-1.0,0.3317474441638568,0.0,0.0,0.0,1.0,0.0,1.0,0.0,0.0,0.0,0.0,1.0,0.0,1.0,0.0
-0.1392405063291139,-1.0,-0.006573280527945591,-1.0,0.281140595944402,-0.245561329767104,0.2781340519483333,0.0,1.0,0.0,0.0,0.0,1.0,0.0,0.0,0.0,0.0,1.0,0.0,1.0,0.0
-0.26582278481012656,0.6921936291175079,-0.1314510425688057,-1.0,-1.0,-0.7822671181404642,0.5485674446162765,0.0,0.0,0.0,1.0,0.0,1.0,0.0,0.0,0.0,0.0,1.0,0.0,1.0,0.0
-0.4177215189873418,-1.0,0.01523549755040321,0.2609991511480887,-1.0,-1.0,0.2618008416391422,0.0,1.0,0.0,0.0,0.0,1.0,0.0,0.0,0.0,0.0,1.0,0.0,1.0,0.0
-0.49367088607594933,-1.0,-0.45795226655056753,0.2166562652984736,-0.0886994338144067,-1.0,0.20839382888543412,0.0,1.0,0.0,0.0,0.0,1.0,0.0,0.0,0.0,0.0,1.0,0.0,1.0,0.0
-0.16455696202531644,0.5794139702290066,-0.6497067338580801,-1.0,-1.0,0.07690398447276903,0.46265098259994253,0.0,0.0,0.0,1.0,0.0,1.0,0.0,1.0,0.0,0.0,0.0,0.0,1.0,0.0
0.06329113924050622,-0.21887545108419082,0.47729975995147167,-1.0,0.5073265268294007,-0.2500152028201851,0.5761609563697025,0.0,0.0,1.0,0.0,0.0,1.0,0.0,0.0,0.0,0.0,1.0,0.0,1.0,0.0
-0.1392405063291139,-1.0,-0.3870033736503038,-1.0,0.6004419304340474,0.6320002837555616,0.6828744450656994,0.0,0.0,1.0,0.0,0.0,1.0,0.0,1.0,0.0,0.0,0.0,0.0,1.0,0.0
-1.0,-1.0,-1.0,-1.0,-1.0,-1.0,-1.0,0.0,1.0,0.0,0.0,0.0,1.0,0.0,1.0,0.0,0.0,0.0,0.0,1.0,0.0
0.2911392405063291,-1.0,-1.0,-1.0,-1.0,-1.0,-1.0,0.0,1.0,0.0,0.0,0.0,0.0,1.0,0.0,0.0,1.0,0.0,0.0,1.0,0.0
0.11392405063291133,-1.0,-0.16390153435380206,0.7635779207872984,0.20974171274743392,0.1849494506192888,0.7142997714919248,0.0,0.0,1.0,0.0,0.0,1.0,0.0,1.0,0.0,0.0,0.0,0.0,1.0,0.0
-0.21518987341772156,-1.0,-1.0,-1.0,-1.0,-1.0,-1.0,0.0,1.0,0.0,0.0,0.0,0.0,1.0,0.0,0.0,0.0,1.0,0.0,1.0,0.0
-0.44303797468354433,-0.30361240807011936,-1.0,-1.0,0.297422535187265,-1.0,0.24643536373456643,0.0,1.0,0.0,0.0,0.0,1.0,0.0,0.0,0.0,1.0,0.0,0.0,1.0,0.0
0.21518987341772156,-1.0,0.5997645596602865,-0.12673901580427138,-0.03760074042528205,-1.0,0.5704994211405185,0.0,0.0,1.0,0.0,0.0,1.0,0.0,1.0,0.0,0.0,0.0,0.0,1.0,0.0
-0.5443037974683544,0.33722348210897146,-1.0,-1.0,0.0368062031813885,-0.5075188111483839,0.27220200301106146,0.0,1.0,0.0,0.0,0.0,1.0,0.0,0.0,0.0,0.0,1.0,1.0,0.0,0.0
-0.5189873417721519,0.39224137245738344,-1.0,0.13078311356202232,0.2817920034815897,-1.0,0.4169337010651313,0.0,0.0,0.0,1.0,0.0,1.0,0.0,0.0,0.0,0.0,1.0,0.0,1.0,0.0
-0.31645569620253167,-1.0,-0.17507614111065284,0.2907333302421522,-1.0,-1.0,0.25664110392811845,0.0,1.0,0.0,0.0,0.0,1.0,0.0,0.0,0.0,1.0,0.0,0.0,1.0,0.0
-0.3924050632911392,-1.0,0.2007830183233117,0.147513690217439,-1.0,-0.10599722017663704,0.29166033850964634,0.0,1.0,0.0,0.0,0.0,1.0,0.0,0.0,0.0,0.0,1.0,0.0,1.0,0.0
0.16455696202531644,0.15307620658420484,-1.0,-1.0,-0.6786656890936953,-1.0,0.054889085576735,0.0,1.0,0.0,0.0,0.0,1.0,0.0,0.0,0.0,0.0,1.0,0.0,1.0,0.0
-0.5189873417721519,0.3755580194729735,-0.19000724131851832,-0.5867752468283656,-1.0,-1.0,0.27220200301106146,0.0,1.0,0.0,0.0,0.0,1.0,0.0,0.0,0.0,0.0,1.0,0.0,1.0,0.0
-0.620253164556962,-1.0,-1.0,-1.0,-1.0,-1.0,-1.0,0.0,1.0,0.0,0.0,0.0,0.0,1.0,0.0,0.0,1.0,0.0,0.0,1.0,0.0
-0.4177215189873418,0.31907084070746206,-1.0,0.3125988628677585,-1.0,-1.0,0.36529642478936664,1.0,0.0,0.0,0.0,0.0,1.0,0.0,0.0,0.0,0.0,1.0,0.0,1.0,0.0
-0.2911392405063291,-0.7102824304755853,0.40192586639981176,-1.0,0.42388805976772215,0.3965680477812037,0.5664235700925739,0.0,0.0,1.0,0.0,0.0,1.0,0.0,0.0,1.0,0.0,0.0,0.0,1.0,0.0
-0.36708860759493667,0.4268860949820572,-1.0,-0.8622584156094552,-0.09719672610884411,-1.0,0.3197374772423094,0.0,0.0,0.0,1.0,0.0,1.0,0.0,0.0,0.0,0.0,1.0,0.0,1.0,0.0
0.03797468354430378,-1.0,-1.0,-1.0,-1.0,-1.0,-1.0,0.0,1.0,0.0,0.0,0.0,0.0,1.0,0.0,0.0,0.0,1.0,0.0,1.0,0.0
-0.2405063291139241,-1.0,-1.0,-1.0,-1.0,-1.0,-1.0,0.0,0.0,1.0,0.0,0.0,0.0,1.0,1.0,0.0,0.0,0.0,0.0,1.0,0.0
0.06329113924050622,-1.0,-1.0,-1.0,-1.0,-1.0,-1.0,0.0,0.0,0.0,1.0,0.0,0.0,1.0,0.0,0.0,0.0,1.0,0.0,1.0,0.0
-0.5443037974683544,-1.0,-1.0,-0.4490336624378206,0.2672958192305801,-0.11951534572289091,0.24055179010908012,0.0,1.0,0.0,0.0,0.0,1.0,0.0,0.0,0.0,1.0,0.0,0.0,1.0,0.0
0.11392405063291133,-1.0,-1.0,-1.0,-1.0,0.34189605280951874,0.2907878396361492,0.0,1.0,0.0,0.0,0.0,1.0,0.0,0.0,0.0,0.0,1.0,0.0,1.0,0.0
-0.31645569620253167,-1.0,-1.0,-1.0,-1.0,-1.0,-1.0,0.0,0.0,1.0,0.0,0.0,0.0,1.0,0.0,0.0,0.0,1.0,0.0,1.0,0.0
0.3417721518987342,-1.0,0.6223843498422481,-1.0,-0.47309575479577604,0.5963178619669942,0.69265582883775,1.0,0.0,0.0,0.0,0.0,1.0,0.0,1.0,0.0,0.0,0.0,0.0,1.0,0.0
-0.2911392405063291,-1.0,-1.0,-1.0,-1.0,-1.0,-1.0,0.0,0.0,1.0,0.0,0.0,0.0,1.0,0.0,0.0,0.0,1.0,0.0,1.0,0.0
-0.44303797468354433,0.5166195905409048,-1.0,-1.0,-1.0,-1.0,0.383479866238857,0.0,1.0,0.0,0.0,0.0,1.0,0.0,0.0,0.0,0.0,1.0,0.0,1.0,0.0
-0.012658227848101333,0.35615979807540077,0.05972757043652188,-1.0,-1.0,-1.0,0.29317766851801275,0.0,1.0,0.0,0.0,0.0,1.0,0.0,0.0,0.0,0.0,1.0,0.0,1.0,0.0
-0.31645569620253167,-1.0,-1.0,-1.0,-1.0,-1.0,-1.0,0.0,0.0,0.0,1.0,0.0,0.0,1.0,0.0,0.0,0.0,1.0,0.0,1.0,0.0
-0.03797468354430378,0.35295932127916574,-0.37868286713336385,-0.8622584156094552,-1.0,-1.0,0.24112001905762792,0.0,1.0,0.0,0.0,0.0,1.0,0.0,0.0,0.0,1.0,0.0,0.0,1.0,0.0
-0.49367088607594933,-1.0,-0.8644880666376419,-1.0,-0.3921421186822598,-0.25457147267740143,-0.20714773797086816,0.0,1.0,0.0,0.0,0.0,1.0,0.0,0.0,0.0,0.0,1.0,0.0,1.0,0.0
-0.44303797468354433,-1.0,0.2950206116576741,-0.4148837339220931,-1.0,-0.4164445537281488,0.2717193681429104,0.0,1.0,0.0,0.0,0.0,1.0,0.0,0.0,0.0,0.0,1.0,0.0,1.0,0.0
0.08860759493670889,-1.0,-1.0,-1.0,-1.0,-1.0,-1.0,0.0,0.0,1.0,0.0,0.0,0.0,1.0,0.0,0.0,0.0,1.0,0.0,1.0,0.0
-0.3924050632911392,-0.3191000145820688,0.10507516817602003,-1.0,0.1584290984725616,-0.17268231964341751,0.24998862605774574,0.0,1.0,0.0,0.0,0.0,1.0,0.0,0.0,0.0,0.0,1.0,0.0,1.0,0.0
-0.49367088607594933,-1.0,-1.0,-1.0,-1.0,0.3039352842170566,0.25427286637886715,0.0,1.0,0.0,0.0,0.0,1.0,0.0,0.0,0.0,0.0,1.0,0.0,1.0,0.0
-0.16455696202531644,0.5787581525870418,-0.31058807447301096,-1.0,-0.8616088449879872,-0.6810270934861755,0.4439210227493813,0.0,0.0,1.0,0.0,1.0,0.0,0.0,0.0,0.0,0.0,1.0,0.0,1.0,0.0
-0.1392405063291139,-1.0,-1.0,-1.0,-1.0,-1.0,-1.0,0.0,0.0,1.0,0.0,0.0,0.0,1.0,0.0,0.0,0.0,1.0,0.0,1.0,0.0
-0.5443037974683544,-1.0,-1.0,-1.0,-1.0,-1.0,-1.0,0.0,0.0,1.0,0.0,0.0,0.0,1.0,1.0,0.0,0.0,0.0,0.0,1.0,0.0
-0.6708860759493671,-1.0,-1.0,-1.0,-1.0,-1.0,-1.0,0.0,1.0,0.0,0.0,0.0,0.0,1.0,0.0,0.0,1.0,0.0,0.0,1.0,0.0
0.36708860759493667,-1.0,-1.0,-1.0,-1.0,-1.0,-1.0,0.0,1.0,0.0,0.0,0.0,0.0,1.0,0.0,0.0,0.0,1.0,0.0,1.0,0.0
-0.31645569620253167,-1.0,-1.0,-1.0,-1.0,-1.0,-1.0,0.0,0.0,1.0,0.0,0.0,0.0,1.0,0.0,0.0,0.0,1.0,0.0,1.0,0.0
-0.8987341772151899,-1.0,-1.0,-1.0,-1.0,-1.0,-1.0,0.0,0.0,0.0,1.0,0.0,0.0,1.0,0.0,0.0,0.0,1.0,0.0,1.0,0.0
-0.49367088607594933,0.6099231843343877,-1.0,-1.0,-0.1083536079323586,-1.0,0.47585115878713924,0.0,1.0,0.0,0.0,0.0,1.0,0.0,0.0,0.0,0.0,1.0,0.0,1.0,0.0
0.21518987341772156,0.0342267326558634,-0.05141646646349329,-1.0,0.6610347782977937,0.24020094412061255,0.619521489899401,0.0,0.0,1.0,0.0,0.0,1.0,0.0,1.0,0.0,0.0,0.0,0.0,1.0,0.0
-0.620253164556962,-1.0,0.21221438905196055,-0.22662097017838223,-0.3921421186822598,0.1884309029261919,0.3095135246556546,0.0,1.0,0.0,0.0,0.0,1.0,0.0,1.0,0.0,0.0,0.0,1.0,0.0,0.0
-0.31645569620253167,-1.0,0.13135229329660492,-1.0,-0.5613104177489419,0.4650194182179215,0.44480022801761,0.0,0.0,1.0,0.0,0.0,1.0,0.0,0.0,0.0,0.0,1.0,0.0,1.0,0.0
-0.4683544303797469,-1.0,-0.3485460401529257,0.4059303243582333,-1.0,0.23714004914866726,0.4205097153382329,0.0,1.0,0.0,0.0,0.0,1.0,0.0,0.0,0.0,1.0,0.0,0.0,1.0,0.0
0.1898734177215189,-1.0,-1.0,-0.43698639210870016,-0.7232176899759744,0.3379941165047473,0.2912245882145654,0.0,1.0,0.0,0.0,0.0,1.0,0.0,0.0,0.0,0.0,1.0,0.0,1.0,0.0
-0.6455696202531646,-1.0,-1.0,-1.0,-1.0,-1.0,-1.0,0.0,0.0,1.0,0.0,0.0,0.0,1.0,0.0,0.0,0.0,1.0,0.0,1.0,0.0
-0.06329113924050633,-1.0,-1.0,-1.0,-1.0,-1.0,-1.0,0.0,0.0,1.0,0.0,0.0,0.0,1.0,1.0,0.0,0.0,0.0,0.0,1.0,0.0
-1.0,-1.0,-1.0,-1.0,-1.0,-1.0,-1.0,0.0,1.0,0.0,0.0,0.0,1.0,0.0,1.0,0.0,0.0,0.0,0.0,1.0,0.0
-1.0,-1.0,-1.0,-1.0,-1.0,-1.0,-1.0,0.0,1.0,0.0,0.0,1.0,0.0,0.0,0.0,0.0,0.0,1.0,0.0,1.0,0.0
-1.0,-1.0,-1.0,-1.0,-1.0,-1.0,-1.0,0.0,1.0,0.0,0.0,0.0,0.0,1.0,1.0,0.0,0.0,0.0,0.0,1.0,0.0
0.08860759493670889,-1.0,-1.0,-1.0,-1.0,-1.0,-1.0,0.0,0.0,0.0,1.0,0.0,0.0,1.0,0.0,0.0,0.0,1.0,0.0,1.0,0.0
-0.3417721518987342,0.5937525417588418,0.7694678492739659,-1.0,0.11849794081219467,0.27966078580396814,0.782211152177714,0.0,0.0,1.0,0.0,0.0,1.0,0.0,0.0,0.0,0.0,1.0,0.0,1.0,0.0
0.3417721518987342,0.4142870788320885,-1.0,0.29809959618176607,0.24899948816833484,-0.3620541869723509,0.45825173258313723,0.0,0.0,0.0,1.0,0.0,1.0,0.0,0.0,0.0,0.0,1.0,0.0,1.0,0.0
0.4683544303797469,-1.0,0.5925311474498445,-1.0,0.31851854721909234,0.5247635098122652,0.6701584285770239,0.0,0.0,1.0,0.0,0.0,1.0,0.0,1.0,0.0,0.0,0.0,0.0,1.0,0.0
0.11392405063291133,0.6702099863907689,-1.0,-0.5234924077581515,-0.487891873354127,0.2963602598874113,0.5648204517881152,0.0,0.0,0.0,1.0,0.0,1.0,0.0,1.0,0.0,0.0,0.0,0.0,1.0,0.0
-0.36708860759493667,0.005684214437439383,-0.1314510425688057,-1.0,-1.0,-1.0,0.01663308952416065,0.0,1.0,0.0,0.0,0.0,1.0,0.0,0.0,0.0,0.0,1.0,0.0,1.0,0.0
-0.3417721518987342,0.1827584950947696,0.5890424937998986,0.2630799984411334,0.07135055773542098,0.25019578507413187,0.6241043264499919,0.0,0.0,1.0,0.0,0.0,1.0,0.0,1.0,0.0,0.0,0.0,0.0,1.0,0.0
0.21518987341772156,0.2505651931161017,-1.0,-1.0,-1.0,0.12910131793979018,0.24726124518980264,0.0,1.0,0.0,0.0,0.0,1.0,0.0,0.0,0.0,0.0,1.0,0.0,1.0,0.0
-0.5696202531645569,0.33158436628260635,0.2913515582346724,-0.20366635312744685,-1.0,0.27493802833748404,0.4488504097812791,0.0,1.0,0.0,0.0,0.0,1.0,0.0,0.0,0.0,0.0,1.0,0.0,1.0,0.0
-0.6455696202531646,-0.28234114300394575,0.29631447736135774,-0.05537083201088289,-1.0,-1.0,0.29744751488910315,0.0,1.0,0.0,0.0,0.0,1.0,0.0,0.0,0.0,0.0,1.0,0.0,1.0,0.0
-0.21518987341772156,-0.3191000145820688,0.28434934662688294,-1.0,-0.4343312963306818,-1.0,0.2630692473235283,0.0,1.0,0.0,0.0,0.0,1.0,0.0,0.0,1.0,0.0,0.0,0.0,1.0,0.0
-0.4683544303797469,-0.7102824304755853,-0.8644880666376419,-1.0,0.45946340141930775,-0.06662287186008997,0.4075702585050258,0.0,1.0,0.0,0.0,0.0,1.0,0.0,0.0,0.0,0.0,1.0,0.0,1.0,0.0
0.240506329113924,0.7098151590670454,0.40312435226340115,0.14440378166520462,0.2906953488609503,-0.3542810726612019,0.6541104149524521,0.0,0.0,1.0,0.0,0.0,1.0,0.0,0.0,0.0,0.0,1.0,0.0,1.0,0.0
-0.620253164556962,-1.0,-1.0,0.2480346133116076,-0.1433830299748715,-1.0,0.22141190018755852,0.0,1.0,0.0,0.0,0.0,1.0,0.0,0.0,0.0,1.0,0.0,0.0,1.0,0.0
-0.11392405063291144,-1.0,-1.0,-1.0,-1.0,-1.0,-1.0,0.0,0.0,0.0,1.0,0.0,0.0,1.0,0.0,0.0,0.0,1.0,0.0,1.0,0.0
-0.26582278481012656,-0.8551412152377926,0.2981116229903178,-0.8622584156094552,0.1147798401969895,0.4546157096742447,0.49692012100708394,0.0,0.0,1.0,0.0,0.0,1.0,0.0,1.0,0.0,0.0,0.0,0.0,1.0,0.0
-0.6455696202531646,0.5756701610954098,-1.0,-0.4490336624378206,-1.0,-1.0,0.438860785923904,0.0,0.0,0.0,1.0,0.0,1.0,0.0,1.0,0.0,0.0,0.0,0.0,1.0,0.0
-0.36708860759493667,-1.0,-1.0,-1.0,-1.0,-1.0,-1.0,0.0,0.0,1.0,0.0,1.0,0.0,0.0,1.0,0.0,0.0,0.0,0.0,1.0,0.0
-0.11392405063291144,-0.09770089399064286,0.6683503590104862,-1.0,0.3568050159106644,0.5001742293907117,0.7130151901105424,0.0,0.0,1.0,0.0,0.0,1.0,0.0,1.0,0.0,0.0,0.0,0.0,1.0,0.0
-0.6455696202531646,-1.0,-1.0,-1.0,-1.0,-1.0,-1.0,0.0,1.0,0.0,0.0,0.0,0.0,1.0,0.0,0.0,0.0,1.0,0.0,1.0,0.0
-0.3924050632911392,0.24251591641358305,0.33545226764717095,0.1600685447324266,-1.0,0.2815188213814106,0.4749380077348897,0.0,1.0,0.0,0.0,0.0,1.0,0.0,0.0,0.0,0.0,1.0,0.0,1.0,0.0
0.26582278481012667,-1.0,-1.0,-1.0,-1.0,-1.0,-1.0,0.0,0.0,0.0,1.0,0.0,0.0,1.0,0.0,0.0,0.0,1.0,0.0,1.0,0.0
-0.6708860759493671,-0.3540121549940377,-1.0,0.461706385234681,-1.0,-0.8626258465039598,0.4049456270842622,0.0,0.0,0.0,1.0,0.0,1.0,0.0,0.0,0.0,0.0,1.0,0.0,1.0,0.0
-0.620253164556962,-1.0,-1.0,-1.0,-1.0,-1.0,-1.0,0.0,1.0,0.0,0.0,0.0,0.0,1.0,1.0,0.0,0.0,0.0,1.0,0.0,0.0
-0.5949367088607596,0.2648082642054248,-1.0,0.09482069579636221,0.181206617716146,-1.0,0.32455938550630026,0.0,0.0,0.0,1.0,0.0,1.0,0.0,0.0,0.0,0.0,1.0,0.0,1.0,0.0
-0.2911392405063291,-0.6255454734896567,0.49110798605717476,-1.0,0.6200157546013387,-1.0,0.6383247096774212,0.0,0.0,1.0,0.0,0.0,1.0,0.0,1.0,0.0,0.0,0.0,0.0,1.0,0.0
0.139240506329114,-1.0,-1.0,-1.0,-1.0,-1.0,-1.0,0.0,0.0,1.0,0.0,0.0,1.0,0.0,0.0,0.0,0.0,1.0,0.0,1.0,0.0
-0.5949367088607596,-1.0,-1.0,-1.0,-1.0,-1.0,-1.0,0.0,0.0,1.0,0.0,0.0,0.0,1.0,0.0,0.0,0.0,1.0,0.0,1.0,0.0
-0.1392405063291139,-1.0,0.5911659811631536,-0.6133104850891911,0.5577597214615595,0.3930879055073837,0.6879776252899692,0.0,0.0,1.0,0.0,0.0,1.0,0.0,1.0,0.0,0.0,0.0,0.0,1.0,0.0
-0.4177215189873418,-1.0,-1.0,-1.0,-1.0,-1.0,-1.0,0.0,0.0,1.0,0.0,0.0,0.0,1.0,0.0,0.0,0.0,1.0,0.0,1.0,0.0
-0.2405063291139241,-1.0,0.310968497975598,-1.0,-1.0,-1.0,0.2783675371840073,0.0,1.0,0.0,0.0,0.0,1.0,0.0,0.0,0.0,1.0,0.0,0.0,1.0,0.0
-0.31645569620253167,-1.0,-1.0,-1.0,-1.0,-1.0,-1.0,0.0,0.0,1.0,0.0,0.0,0.0,1.0,1.0,0.0,0.0,0.0,0.0,1.0,0.0
0.8227848101265822,-1.0,-1.0,-1.0,-1.0,-1.0,-1.0,0.0,0.0,1.0,0.0,0.0,0.0,1.0,0.0,0.0,0.0,1.0,0.0,1.0,0.0
-0.6455696202531646,-1.0,-1.0,-1.0,-1.0,-1.0,-1.0,0.0,0.0,1.0,0.0,0.0,0.0,1.0,0.0,0.0,0.0,1.0,0.0,1.0,0.0
0.1898734177215189,-1.0,-1.0,-1.0,-1.0,-1.0,-1.0,0.0,0.0,1.0,0.0,0.0,0.0,1.0,1.0,0.0,0.0,0.0,0.0,1.0,0.0
-0.3924050632911392,-1.0,-1.0,-1.0,-1.0,-1.0,-1.0,0.0,0.0,1.0,0.0,0.0,0.0,1.0,0.0,0.0,0.0,1.0,0.0,1.0,0.0
-0.5189873417721519,-1.0,0.40813750884252253,-1.0,0.004358285920376348,0.2530629455303446,0.453841534846567,0.0,0.0,1.0,0.0,0.0,1.0,0.0,0.0,0.0,0.0,1.0,0.0,1.0,0.0
-0.21518987341772156,-1.0,-1.0,-1.0,-1.0,-1.0,-1.0,1.0,0.0,0.0,0.0,0.0,0.0,1.0,0.0,0.0,0.0,1.0,0.0,1.0,0.0
0.1898734177215189,0.12239380029475377,-1.0,0.4412624254834552,-1.0,0.41006911331482265,0.5168948623647347,0.0,0.0,0.0,1.0,0.0,1.0,0.0,0.0,0.0,0.0,1.0,0.0,1.0,0.0
-0.31645569620253167,0.08757000782339697,-1.0,-0.7816847539510678,-1.0,0.2878881058732812,0.28524234476922583,0.0,1.0,0.0,0.0,0.0,1.0,0.0,0.0,0.0,0.0,1.0,0.0,1.0,0.0
-0.3924050632911392,0.12336357953102994,-1.0,-1.0,-1.0,0.1615434194213652,0.20839382888543412,0.0,1.0,0.0,0.0,0.0,1.0,0.0,0.0,0.0,0.0,1.0,0.0,1.0,0.0
0.08860759493670889,-1.0,-1.0,-0.5867752468283656,-1.0,0.36177478126451423,0.3112887739450776,1.0,0.0,0.0,0.0,0.0,1.0,0.0,0.0,0.0,0.0,1.0,0.0,1.0,0.0
-0.5696202531645569,-1.0,0.25984308950205337,-1.0,-0.16050691052666288,0.2107857302427607,0.34254616188161435,0.0,1.0,0.0,0.0,0.0,1.0,0.0,0.0,0.0,0.0,1.0,0.0,1.0,0.0
-0.26582278481012656,0.49701026951014393,-1.0,-0.6133104850891911,-0.8616088449879872,-1.0,0.36662288243288343,0.0,0.0,0.0,1.0,0.0,1.0,0.0,0.0,0.0,0.0,1.0,0.0,1.0,0.0
-0.31645569620253167,-0.6636483178693894,-1.0,0.35110226668347244,0.08574642978544778,-1.0,0.340198753687325,0.0,0.0,0.0,1.0,0.0,1.0,0.0,0.0,0.0,0.0,1.0,0.0,1.0,0.0
-0.44303797468354433,-1.0,-1.0,0.34954542189338,-1.0,-1.0,0.2946830172281585,0.0,1.0,0.0,0.0,0.0,1.0,0.0,0.0,1.0,0.0,0.0,0.0,1.0,0.0
-0.49367088607594933,-1.0,-1.0,-1.0,-1.0,-1.0,-1.0,0.0,1.0,0.0,0.0,0.0,0.0,1.0,0.0,0.0,0.0,1.0,0.0,1.0,0.0
-0.4177215189873418,-1.0,0.00406089079355243,-1.0,0.2612613048412311,-1.0,0.2550655522240399,0.0,1.0,0.0,0.0,0.0,1.0,0.0,1.0,0.0,0.0,0.0,0.0,1.0,0.0
0.012658227848101333,-0.37393074834497464,-0.5312057330235879,-0.8622584156094552,0.6906895698038726,0.7244122913869255,0.7704844109853284,0.0,0.0,1.0,0.0,0.0,1.0,0.0,0.0,0.0,0.0,1.0,0.0,1.0,0.0
-0.11392405063291144,-1.0,-1.0,-1.0,0.3556852360093785,-1.0,0.2944686937979426,0.0,1.0,0.0,0.0,0.0,1.0,0.0,0.0,0.0,0.0,1.0,0.0,1.0,0.0
-0.4177215189873418,-1.0,0.5580961319391866,-1.0,-0.6114869098077889,-1.0,0.5197447499076808,0.0,1.0,0.0,0.0,0.0,1.0,0.0,0.0,0.0,0.0,1.0,0.0,1.0,0.0
0.139240506329114,0.4473597125475719,0.6147438523386903,-1.0,0.27785129200842396,0.6437894870216745,0.7457052183555086,0.0,0.0,1.0,0.0,0.0,1.0,0.0,1.0,0.0,0.0,0.0,0.0,0.0,1.0
0.2911392405063291,-1.0,-1.0,-1.0,-1.0,0.34393109760371887,0.29274537656158284,0.0,1.0,0.0,0.0,0.0,1.0,0.0,0.0,0.0,0.0,1.0,0.0,1.0,0.0
-0.4683544303797469,-1.0,-1.0,-1.0,-1.0,-1.0,-1.0,0.0,0.0,1.0,0.0,0.0,0.0,1.0,0.0,0.0,0.0,1.0,1.0,0.0,0.0
-0.08860759493670889,-1.0,-0.22379842505634373,-0.5633695079021357,-1.0,0.6516102371965296,0.5914354074088559,0.0,1.0,0.0,0.0,0.0,1.0,0.0,0.0,0.0,0.0,1.0,0.0,1.0,0.0
-0.4177215189873418,-1.0,0.16938079926025185,-1.0,-0.6114869098077889,-1.0,0.14316765038036028,0.0,0.0,1.0,0.0,0.0,1.0,0.0,1.0,0.0,0.0,0.0,0.0,1.0,0.0
-0.06329113924050633,-0.4340525761212535,-1.0,-0.10143424030282511,0.4162424470204369,-1.0,0.3682316740148377,0.0,0.0,0.0,1.0,0.0,1.0,0.0,0.0,0.0,0.0,1.0,0.0,1.0,0.0
-0.3924050632911392,-1.0,-1.0,-0.7245168312189103,-0.12262083549788372,-1.0,-0.15530611195693822,0.0,1.0,0.0,0.0,0.0,1.0,0.0,0.0,0.0,0.0,1.0,0.0,1.0,0.0
0.3417721518987342,0.5848005326000185,-1.0,0.2827712535045668,-1.0,-1.0,0.49905844528648013,0.0,0.0,0.0,1.0,0.0,1.0,0.0,0.0,0.0,0.0,1.0,0.0,1.0,0.0
0.240506329113924,-1.0,-1.0,-1.0,-1.0,-1.0,-1.0,0.0,0.0,1.0,0.0,0.0,0.0,1.0,0.0,0.0,0.0,1.0,0.0,1.0,0.0
-0.9240506329113924,-1.0,-1.0,-1.0,-1.0,-1.0,-1.0,0.0,0.0,0.0,1.0,0.0,1.0,0.0,0.0,0.0,0.0,1.0,0.0,1.0,0.0
-0.3924050632911392,-1.0,-1.0,-1.0,-1.0,-1.0,-1.0,0.0,1.0,0.0,0.0,0.0,0.0,1.0,0.0,0.0,1.0,0.0,0.0,1.0,0.0
-0.4177215189873418,-1.0,-1.0,-1.0,-1.0,-1.0,-1.0,0.0,1.0,0.0,0.0,0.0,0.0,1.0,0.0,0.0,0.0,1.0,0.0,1.0,0.0
-0.49367088607594933,-1.0,0.1761731288640953,0.37170682926023013,0.07320783841262579,-1.0,0.40875143124949465,0.0,1.0,0.0,0.0,0.0,1.0,0.0,0.0,0.0,0.0,1.0,0.0,1.0,0.0
-0.3417721518987342,-1.0,-0.03671010750838377,-1.0,-1.0,0.771778658311868,0.7076903615838648,0.0,0.0,1.0,0.0,0.0,1.0,0.0,0.0,0.0,0.0,1.0,0.0,1.0,0.0
-0.7215189873417722,-1.0,-1.0,-1.0,-1.0,-1.0,-1.0,0.0,1.0,0.0,0.0,0.0,1.0,0.0,0.0,0.0,0.0,1.0,0.0,1.0,0.0
0.4177215189873418,-1.0,0.4567355894994518,-1.0,-0.08663043879110688,-1.0,0.4308520841755783,0.0,1.0,0.0,0.0,0.0,1.0,0.0,0.0,0.0,0.0,1.0,0.0,1.0,0.0
-0.3417721518987342,-1.0,0.6124536770568909,-1.0,0.5050012294359021,-0.02491385111556299,0.6530672349426845,0.0,0.0,1.0,0.0,0.0,1.0,0.0,0.0,0.0,0.0,1.0,0.0,1.0,0.0
-0.620253164556962,-1.0,-1.0,-1.0,-1.0,-1.0,-1.0,0.0,0.0,1.0,0.0,0.0,0.0,1.0,0.0,0.0,0.0,1.0,0.0,1.0,0.0
0.5189873417721518,-1.0,-1.0,-1.0,-1.0,-1.0,-1.0,0.0,0.0,0.0,1.0,0.0,0.0,1.0,0.0,0.0,0.0,1.0,0.0,1.0,0.0
-0.49367088607594933,-1.0,0.2779388577581794,-1.0,-1.0,-1.0,0.24615927292440265,0.0,1.0,0.0,0.0,0.0,1.0,0.0,0.0,0.0,1.0,0.0,0.0,1.0,0.0
0.03797468354430378,-1.0,-1.0,-1.0,-1.0,-1.0,-1.0,0.0,0.0,0.0,1.0,0.0,0.0,1.0,0.0,0.0,0.0,1.0,0.0,1.0,0.0
-0.3924050632911392,-1.0,-1.0,-1.0,-1.0,-1.0,-1.0,0.0,0.0,0.0,1.0,0.0,0.0,1.0,0.0,0.0,0.0,1.0,0.0,1.0,0.0
-0.620253164556962,-1.0,-1.0,-1.0,-1.0,-1.0,-1.0,0.0,1.0,0.0,0.0,0.0,0.0,1.0,0.0,0.0,0.0,1.0,0.0,1.0,0.0
0.012658227848101333,-1.0,-1.0,-1.0,-1.0,-1.0,-1.0,0.0,0.0,1.0,0.0,0.0,0.0,1.0,1.0,0.0,0.0,0.0,0.0,1.0,0.0
-0.44303797468354433,0.42778982417589173,-1.0,-1.0,-1.0,-0.1340234558945359,0.31784993042557796,0.0,1.0,0.0,0.0,0.0,1.0,0.0,0.0,0.0,0.0,1.0,0.0,1.0,0.0
-0.3417721518987342,-1.0,-1.0,-1.0,-1.0,-1.0,-1.0,0.0,0.0,1.0,0.0,0.0,0.0,1.0,1.0,0.0,0.0,0.0,0.0,1.0,0.0
0.139240506329114,-1.0,-1.0,-1.0,-1.0,-1.0,-1.0,0.0,0.0,1.0,0.0,0.0,0.0,1.0,1.0,0.0,0.0,0.0,0.0,1.0,0.0
-0.4177215189873418,-1.0,-1.0,-1.0,-1.0,-1.0,-1.0,0.0,0.0,1.0,0.0,0.0,0.0,1.0,1.0,0.0,0.0,0.0,1.0,0.0,0.0
0.9240506329113924,-1.0,0.547040784866534,0.20172836116599902,0.9400310105216252,0.14991609669010497,0.8887590605446911,0.0,0.0,1.0,0.0,0.0,1.0,0.0,1.0,0.0,0.0,0.0,0.0,1.0,0.0
-1.0,-1.0,-1.0,-1.0,-1.0,-1.0,-1.0,0.0,1.0,0.0,0.0,0.0,1.0,0.0,1.0,0.0,0.0,0.0,0.0,1.0,0.0
0.620253164556962,-1.0,-1.0,-1.0,-1.0,-1.0,-1.0,0.0,1.0,0.0,0.0,0.0,0.0,1.0,0.0,0.0,1.0,0.0,0.0,1.0,0.0
-0.5949367088607596,-1.0,0.48628766311998683,-1.0,-0.08663043879110688,-0.15799493400953013,0.4644178225968989,0.0,0.0,1.0,0.0,0.0,1.0,0.0,0.0,0.0,0.0,1.0,0.0,1.0,0.0
-0.03797468354430378,-1.0,-1.0,-1.0,-1.0,-1.0,-1.0,0.0,0.0,1.0,0.0,0.0,0.0,1.0,1.0,0.0,0.0,0.0,0.0,1.0,0.0
-0.5443037974683544,-1.0,-1.0,-1.0,-1.0,-1.0,-1.0,0.0,0.0,1.0,0.0,0.0,0.0,1.0,0.0,0.0,0.0,1.0,0.0,1.0,0.0
0.06329113924050622,-1.0,-1.0,-1.0,-1.0,-1.0,-1.0,0.0,1.0,0.0,0.0,0.0,0.0,1.0,0.0,0.0,0.0,1.0,0.0,1.0,0.0
-0.189873417721519,-1.0,-1.0,-1.0,-1.0,-1.0,-1.0,0.0,1.0,0.0,0.0,1.0,0.0,0.0,0.0,0.0,0.0,1.0,0.0,1.0,0.0
-0.6455696202531646,-1.0,0.15128974025978947,-1.0,-0.34950071834211405,0.4271929281628215,0.42095203727934716,0.0,1.0,0.0,0.0,0.0,1.0,0.0,0.0,0.0,0.0,1.0,0.0,1.0,0.0
-1.0,-1.0,-1.0,-1.0,-1.0,-1.0,-1.0,0.0,1.0,0.0,0.0,0.0,1.0,0.0,0.0,0.0,0.0,1.0,0.0,1.0,0.0
0.26582278481012667,0.715809682898626,0.3026583952260149,-1.0,-0.6114869098077889,0.399988132824306,0.6464824441566719,0.0,0.0,1.0,0.0,0.0,1.0,0.0,0.0,0.0,0.0,1.0,0.0,1.0,0.0
-0.3417721518987342,-1.0,-1.0,0.35242706559497905,-1.0,-1.0,0.29744751488910315,1.0,0.0,0.0,0.0,0.0,1.0,0.0,0.0,0.0,0.0,1.0,0.0,1.0,0.0
-0.36708860759493667,0.2175585781043723,0.12772056544071209,-0.3051771617092195,-0.4464353799519486,-1.0,0.25025923032049513,0.0,0.0,0.0,1.0,0.0,1.0,0.0,0.0,0.0,0.0,1.0,0.0,1.0,0.0
-0.7721518987341772,-1.0,-1.0,-1.0,-1.0,-1.0,-1.0,0.0,1.0,0.0,0.0,0.0,0.0,1.0,0.0,0.0,0.0,1.0,0.0,1.0,0.0
-0.5189873417721519,-1.0,-1.0,-1.0,-1.0,-1.0,-1.0,0.0,0.0,1.0,0.0,0.0,0.0,1.0,0.0,0.0,0.0,1.0,0.0,1.0,0.0
-0.49367088607594933,-1.0,-1.0,-1.0,-1.0,-1.0,-1.0,0.0,0.0,0.0,1.0,0.0,1.0,0.0,0.0,0.0,0.0,1.0,0.0,1.0,0.0
-0.1392405063291139,-1.0,-1.0,0.3001141445066957,-0.7232176899759744,-0.13654819080166625,0.2680601258366466,0.0,1.0,0.0,0.0,0.0,1.0,0.0,0.0,0.0,1.0,0.0,0.0,1.0,0.0
-0.36708860759493667,0.14363370711187695,-1.0,0.35417983639153494,-1.0,-0.4916552261572421,0.3451939915448772,1.0,0.0,0.0,0.0,0.0,1.0,0.0,0.0,0.0,0.0,1.0,0.0,1.0,0.0
-0.7721518987341772,-1.0,-1.0,-1.0,-1.0,-1.0,-1.0,0.0,1.0,0.0,0.0,0.0,0.0,1.0,0.0,0.0,0.0,1.0,0.0,1.0,0.0
0.21518987341772156,-1.0,-1.0,-1.0,-1.0,-1.0,-1.0,0.0,0.0,1.0,0.0,0.0,0.0,1.0,0.0,0.0,0.0,1.0,0.0,1.0,0.0
-0.5949367088607596,-1.0,-1.0,-1.0,-1.0,-1.0,-1.0,0.0,0.0,1.0,0.0,0.0,0.0,1.0,0.0,0.0,0.0,1.0,0.0,1.0,0.0
-0.31645569620253167,-1.0,-1.0,-1.0,-1.0,-1.0,-1.0,0.0,1.0,0.0,0.0,0.0,0.0,1.0,0.0,0.0,1.0,0.0,0.0,1.0,0.0
-0.3417721518987342,-1.0,-0.4840579735152838,-1.0,0.645927735761934,0.620582391918914,0.6977915945477728,0.0,0.0,1.0,0.0,0.0,1.0,0.0,0.0,0.0,0.0,1.0,0.0,1.0,0.0
-0.6455696202531646,-1.0,-1.0,-1.0,-1.0,-1.0,-1.0,0.0,1.0,0.0,0.0,0.0,0.0,1.0,1.0,0.0,0.0,0.0,0.0,1.0,0.0
-0.189873417721519,0.09983409977792346,-1.0,0.21045962200029988,-0.41212440500723446,-1.0,0.2353600440295902,0.0,0.0,0.0,1.0,0.0,1.0,0.0,0.0,0.0,1.0,0.0,0.0,1.0,0.0
-0.36708860759493667,-1.0,-1.0,-1.0,-1.0,-1.0,-1.0,0.0,1.0,0.0,0.0,0.0,0.0,1.0,0.0,0.0,0.0,1.0,0.0,1.0,0.0
-0.189873417721519,-0.5654236457133779,0.28734248280309105,-1.0,-0.6114869098077889,-0.4769678405233547,0.2620551988097608,0.0,1.0,0.0,0.0,0.0,1.0,0.0,1.0,0.0,0.0,0.0,0.0,1.0,0.0
-0.3417721518987342,0.34406491299538033,-1.0,0.04058103784922462,-1.0,0.42179969713839705,0.4594288100457655,0.0,1.0,0.0,0.0,0.0,1.0,0.0,1.0,0.0,0.0,0.0,1.0,0.0,0.0
-0.7721518987341772,-1.0,-1.0,-1.0,-1.0,-1.0,-1.0,0.0,1.0,0.0,0.0,0.0,1.0,0.0,0.0,1.0,0.0,0.0,0.0,1.0,0.0
-0.5443037974683544,-0.015769174431463306,-0.09201045941676678,0.22350932719476058,-0.5038728988504453,-0.8626258465039598,0.2480835642409187,0.0,1.0,0.0,0.0,0.0,1.0,0.0,0.0,0.0,0.0,1.0,0.0,1.0,0.0
-0.49367088607594933,-0.8551412152377926,-1.0,-1.0,0.6975742388836874,-0.8626258465039598,0.6209969240463495,0.0,1.0,0.0,0.0,0.0,1.0,0.0,1.0,0.0,0.0,0.0,0.0,1.0,0.0
-0.2911392405063291,-0.1824378509765714,-1.0,-1.0,-0.7806552088744709,0.39448730415462596,0.3497410033357169,0.0,0.0,0.0,1.0,0.0,1.0,0.0,1.0,0.0,0.0,0.0,0.0,1.0,0.0
-0.2911392405063291,-1.0,-1.0,-1.0,-1.0,-1.0,-1.0,0.0,0.0,0.0,1.0,0.0,0.0,1.0,0.0,0.0,0.0,1.0,0.0,1.0,0.0
-0.2911392405063291,-0.0595980496109102,-0.7289761332752838,0.26169519074139336,0.10945535844281906,-1.0,0.3014171626985669,0.0,1.0,0.0,0.0,0.0,1.0,0.0,0.0,0.0,0.0,1.0,0.0,1.0,0.0
-0.620253164556962,-1.0,-1.0,-1.0,-1.0,-1.0,-1.0,0.0,0.0,0.0,1.0,0.0,0.0,1.0,0.0,0.0,0.0,1.0,0.0,1.0,0.0
-0.31645569620253167,-1.0,-1.0,-1.0,-0.30190047148617816,0.45944672653284835,0.4076887056483811,0.0,1.0,0.0,0.0,0.0,1.0,0.0,0.0,0.0,0.0,1.0,0.0,1.0,0.0
-0.4683544303797469,0.6833572992966026,-1.0,-0.8622584156094552,-1.0,-1.0,0.535640675793039,0.0,0.0,0.0,1.0,0.0,1.0,0.0,0.0,0.0,0.0,1.0,0.0,1.0,0.0
-0.5443037974683544,-1.0,-1.0,-1.0,-0.10607179757566865,0.41055191260350843,0.3698270027479391,0.0,1.0,0.0,0.0,0.0,1.0,0.0,0.0,0.0,0.0,1.0,0.0,1.0,0.0
-0.9240506329113924,-1.0,-1.0,-1.0,-1.0,-1.0,-1.0,0.0,1.0,0.0,0.0,0.0,0.0,1.0,0.0,0.0,0.0,1.0,0.0,1.0,0.0
-0.5696202531645569,-1.0,0.41373392280542265,-0.7816847539510678,-1.0,-1.0,0.3788530989524681,0.0,1.0,0.0,0.0,0.0,1.0,0.0,0.0,0.0,1.0,0.0,0.0,1.0,0.0
0.11392405063291133,0.47751214084568994,-1.0,-0.4755689006986463,0.2910060979245197,0.23127025160624592,0.47807415876266,0.0,1.0,0.0,0.0,0.0,1.0,0.0,0.0,0.0,0.0,1.0,0.0,1.0,0.0
-0.5949367088607596,-1.0,-1.0,-1.0,-1.0,-1.0,-1.0,0.0,1.0,0.0,0.0,0.0,0.0,1.0,1.0,0.0,0.0,0.0,0.0,1.0,0.0
-0.4177215189873418,-1.0,-1.0,0.2289085063530636,0.04654746356879835,-1.0,0.24140349966168073,0.0,1.0,0.0,0.0,0.0,1.0,0.0,0.0,0.0,0.0,1.0,0.0,1.0,0.0
-0.5189873417721519,0.3666887797386742,-1.0,-0.5234924077581515,0.2641238088275044,-0.3542810726612019,0.36514846927468536,0.0,0.0,0.0,1.0,0.0,1.0,0.0,0.0,0.0,0.0,1.0,0.0,1.0,0.0
-0.3417721518987342,-1.0,-1.0,-1.0,-0.8616088449879872,-0.22868398803878975,-0.2542093088949986,0.0,1.0,0.0,0.0,0.0,1.0,0.0,0.0,0.0,0.0,1.0,0.0,1.0,0.0
0.4683544303797469,-1.0,-1.0,-1.0,-1.0,-1.0,-1.0,0.0,0.0,0.0,1.0,0.0,0.0,1.0,0.0,0.0,0.0,1.0,0.0,1.0,0.0
-0.03797468354430378,-1.0,-1.0,-1.0,-1.0,-1.0,-1.0,0.0,1.0,0.0,0.0,0.0,0.0,1.0,0.0,0.0,1.0,0.0,0.0,1.0,0.0
-0.6708860759493671,0.41040335172717635,-0.023033035937861435,-0.5867752468283656,-1.0,-0.8626258465039598,0.31841815937412554,0.0,1.0,0.0,0.0,0.0,1.0,0.0,0.0,0.0,0.0,1.0,0.0,1.0,0.0
-0.8987341772151899,-1.0,-1.0,-1.0,-1.0,-1.0,-1.0,0.0,1.0,0.0,0.0,0.0,0.0,1.0,0.0,0.0,0.0,1.0,0.0,1.0,0.0
-0.2911392405063291,-1.0,-1.0,-1.0,-1.0,-1.0,-1.0,0.0,0.0,1.0,0.0,0.0,0.0,1.0,1.0,0.0,0.0,0.0,0.0,1.0,0.0
-0.4177215189873418,0.33757092533181643,-1.0,-0.0588269034826161,-1.0,-0.268904632998055,0.2630692473235283,0.0,1.0,0.0,0.0,0.0,1.0,0.0,0.0,0.0,1.0,0.0,0.0,1.0,0.0
-0.11392405063291144,0.7629658945282605,-1.0,0.35763966874029407,0.18756225992235165,-1.0,0.655825723285091,0.0,0.0,0.0,1.0,0.0,1.0,0.0,0.0,0.0,0.0,1.0,0.0,1.0,0.0
-0.9240506329113924,-1.0,-1.0,-1.0,-1.0,-1.0,-1.0,0.0,0.0,0.0,1.0,0.0,1.0,0.0,1.0,0.0,0.0,0.0,0.0,1.0,0.0
-0.08860759493670889,-1.0,0.15183054944073304,0.24006200422470325,-0.29015259890148426,-1.0,0.2985001993479246,0.0,1.0,0.0,0.0,0.0,1.0,0.0,0.0,0.0,0.0,1.0,0.0,1.0,0.0
-0.3924050632911392,-0.8551412152377926,-1.0,-0.5062015851699782,-1.0,0.3080218003345705,0.2612911069207595,0.0,1.0,0.0,0.0,0.0,1.0,0.0,0.0,0.0,1.0,0.0,0.0,1.0,0.0
-0.4177215189873418,-1.0,-1.0,-1.0,-0.23997610684263726,0.4767542127816031,0.4253197121895349,0.0,1.0,0.0,0.0,0.0,1.0,0.0,0.0,0.0,0.0,1.0,0.0,1.0,0.0
-0.08860759493670889,0.007376426520468993,-0.7289761332752838,-1.0,-0.5848265349639614,-1.0,-0.06627253360765961,0.0,1.0,0.0,0.0,0.0,1.0,0.0,0.0,0.0,0.0,1.0,0.0,1.0,0.0
-0.11392405063291144,-1.0,-1.0,-1.0,-1.0,-1.0,-1.0,0.0,0.0,1.0,0.0,0.0,0.0,1.0,1.0,0.0,0.0,0.0,0.0,1.0,0.0
-0.08860759493670889,-1.0,0.663876424775456,-0.12189196817407655,0.4625116473929647,0.25971068469531233,0.6916972983045342,0.0,0.0,1.0,0.0,0.0,1.0,0.0,1.0,0.0,0.0,0.0,0.0,1.0,0.0
0.11392405063291133,-1.0,-1.0,-1.0,-1.0,-1.0,-1.0,0.0,0.0,1.0,0.0,0.0,0.0,1.0,0.0,0.0,0.0,1.0,0.0,1.0,0.0
-0.06329113924050633,-1.0,-1.0,0.3778035886152482,-1.0,-1.0,0.32179241863050323,0.0,1.0,0.0,0.0,0.0,1.0,0.0,0.0,0.0,0.0,1.0,0.0,1.0,0.0
0.08860759493670889,-1.0,-1.0,-1.0,-1.0,-1.0,-1.0,0.0,1.0,0.0,0.0,0.0,0.0,1.0,0.0,0.0,0.0,1.0,0.0,1.0,0.0
0.26582278481012667,0.18779457132127497,-1.0,-0.3857508233676067,0.26834205516024556,-1.0,0.29425412914828364,0.0,1.0,0.0,0.0,0.0,1.0,0.0,0.0,0.0,0.0,1.0,0.0,1.0,0.0
-0.4683544303797469,0.2335739299735522,-0.22379842505634373,-1.0,-1.0,0.123023495526569,0.250529451019313,0.0,1.0,0.0,0.0,0.0,1.0,0.0,0.0,0.0,0.0,1.0,0.0,1.0,0.0
0.3924050632911391,0.25882254572586816,-0.10362788039292559,-0.7245168312189103,-1.0,-1.0,0.1896503749589813,0.0,1.0,0.0,0.0,0.0,1.0,0.0,0.0,0.0,0.0,1.0,0.0,1.0,0.0
0.03797468354430378,-1.0,-1.0,-1.0,-1.0,-1.0,-1.0,0.0,1.0,0.0,0.0,0.0,0.0,1.0,0.0,0.0,1.0,0.0,0.0,1.0,0.0
0.012658227848101333,-1.0,-1.0,-1.0,-1.0,-1.0,-1.0,0.0,0.0,1.0,0.0,0.0,0.0,1.0,0.0,0.0,0.0,1.0,0.0,1.0,0.0
-0.3924050632911392,0.47945786590709893,-1.0,0.1814686367707783,-0.7232176899759744,0.022468062261076893,0.4229298833076711,0.0,1.0,0.0,0.0,0.0,1.0,0.0,0.0,0.0,0.0,1.0,0.0,1.0,0.0
0.1898734177215189,-1.0,0.6747819388112175,-1.0,-0.03599706728108598,0.13108653330320363,0.6479319337417675,0.0,0.0,1.0,0.0,0.0,1.0,0.0,0.0,1.0,0.0,0.0,0.0,1.0,0.0
-0.4683544303797469,0.3977795237343804,-1.0,-0.8622584156094552,-0.8616088449879872,-1.0,0.2755466619768592,0.0,1.0,0.0,0.0,0.0,1.0,0.0,0.0,0.0,0.0,1.0,0.0,1.0,0.0
-0.7974683544303798,-1.0,-1.0,-1.0,-1.0,-1.0,-1.0,0.0,1.0,0.0,0.0,0.0,1.0,0.0,0.0,0.0,0.0,1.0,0.0,1.0,0.0
0.2911392405063291,-0.296278776647921,-0.10970616460354188,-1.0,-0.29015259890148426,0.28028206847573833,0.2731636225586538,0.0,1.0,0.0,0.0,0.0,1.0,0.0,0.0,0.0,0.0,1.0,0.0,1.0,0.0
-0.5443037974683544,0.5853316308538403,-1.0,0.1406064858527014,-1.0,-1.0,0.4740204617142474,0.0,1.0,0.0,0.0,0.0,1.0,0.0,0.0,0.0,0.0,1.0,1.0,0.0,0.0
0.3417721518987342,-1.0,-1.0,-1.0,-1.0,-1.0,-1.0,0.0,0.0,1.0,0.0,0.0,1.0,0.0,0.0,1.0,0.0,0.0,0.0,1.0,0.0
-0.31645569620253167,-1.0,-1.0,-1.0,-1.0,-1.0,-1.0,0.0,0.0,0.0,1.0,0.0,0.0,1.0,1.0,0.0,0.0,0.0,0.0,1.0,0.0
-0.189873417721519,-1.0,-1.0,-1.0,-1.0,-1.0,-1.0,0.0,0.0,0.0,1.0,0.0,0.0,1.0,0.0,0.0,0.0,1.0,0.0,1.0,0.0
-0.620253164556962,0.4524300012731972,-1.0,-0.2824416396096122,-1.0,-1.0,0.3313944057831548,0.0,1.0,0.0,0.0,0.0,1.0,0.0,0.0,0.0,0.0,1.0,0.0,1.0,0.0
-0.5189873417721519,0.5945661176784123,-1.0,0.07628260135927345,0.13812909051300326,-0.4062787864940952,0.49905844528648013,0.0,0.0,0.0,1.0,0.0,1.0,0.0,0.0,0.0,0.0,1.0,0.0,1.0,0.0
-0.26582278481012656,-1.0,0.4035718970469644,-1.0,-1.0,-1.0,0.36866808932430284,0.0,1.0,0.0,0.0,0.0,1.0,0.0,0.0,0.0,0.0,1.0,0.0,1.0,0.0
-0.5189873417721519,0.10091413861792087,0.08101662540619792,-1.0,0.0206402251632396,-1.0,0.2226661196528228,0.0,1.0,0.0,0.0,0.0,1.0,0.0,0.0,0.0,0.0,1.0,0.0,1.0,0.0
-0.6708860759493671,-1.0,0.3504826958867644,-1.0,-1.0,-0.6810270934861755,0.3176601437786466,0.0,1.0,0.0,0.0,0.0,1.0,0.0,0.0,0.0,0.0,1.0,0.0,1.0,0.0
-0.3924050632911392,-1.0,0.09232048994907505,0.4473602821914435,-0.18253858794414057,-1.0,0.4269321323268689,0.0,1.0,0.0,0.0,0.0,1.0,0.0,0.0,0.0,1.0,0.0,0.0,1.0,0.0
-0.6455696202531646,-1.0,-1.0,-1.0,-1.0,-1.0,-1.0,0.0,0.0,1.0,0.0,0.0,0.0,1.0,0.0,1.0,0.0,0.0,0.0,1.0,0.0
-0.11392405063291144,0.4851886551182343,-1.0,0.48311279278566444,0.3193285127641676,-1.0,0.5664235700925739,0.0,0.0,0.0,1.0,0.0,1.0,0.0,0.0,0.0,0.0,1.0,0.0,1.0,0.0
0.49367088607594933,0.1699976921372257,0.4628822127639429,-1.0,-1.0,-0.4916552261572421,0.4544910777955362,0.0,1.0,0.0,0.0,0.0,1.0,0.0,1.0,0.0,0.0,0.0,1.0,0.0,0.0
-0.31645569620253167,-0.5408085165037282,0.6000920344340794,-1.0,-0.47309575479577604,-0.19526481959845898,0.5644045461503511,0.0,0.0,1.0,0.0,0.0,1.0,0.0,0.0,0.0,0.0,1.0,0.0,1.0,0.0
0.4177215189873418,-1.0,-1.0,-1.0,-1.0,-1.0,-1.0,0.0,1.0,0.0,0.0,0.0,0.0,1.0,0.0,0.0,0.0,1.0,0.0,1.0,0.0
-0.44303797468354433,-1.0,0.1913074795315033,-1.0,-1.0,0.17145493516449362,0.27696231702976926,0.0,1.0,0.0,0.0,0.0,1.0,0.0,0.0,0.0,0.0,1.0,0.0,1.0,0.0
-0.3924050632911392,-1.0,-1.0,-1.0,-1.0,-1.0,-1.0,0.0,1.0,0.0,0.0,0.0,0.0,1.0,0.0,0.0,0.0,1.0,0.0,1.0,0.0
0.31645569620253156,-1.0,-1.0,-1.0,-1.0,-1.0,-1.0,0.0,0.0,1.0,0.0,0.0,0.0,1.0,0.0,0.0,0.0,1.0,0.0,1.0,0.0
-0.2911392405063291,-1.0,-1.0,-1.0,-1.0,-1.0,-1.0,0.0,1.0,0.0,0.0,0.0,0.0,1.0,1.0,0.0,0.0,0.0,0.0,1.0,0.0
-0.012658227848101333,-1.0,-1.0,-1.0,-1.0,-1.0,-1.0,0.0,0.0,1.0,0.0,0.0,0.0,1.0,1.0,0.0,0.0,0.0,0.0,1.0,0.0
0.4177215189873418,-1.0,-1.0,-1.0,-1.0,-1.0,-1.0,0.0,0.0,1.0,0.0,0.0,0.0,1.0,1.0,0.0,0.0,0.0,0.0,0.0,1.0
0.36708860759493667,-1.0,-1.0,-1.0,-1.0,-1.0,-1.0,0.0,0.0,1.0,0.0,0.0,0.0,1.0,1.0,0.0,0.0,0.0,0.0,1.0,0.0
-0.5949367088607596,-1.0,-1.0,-1.0,-1.0,-1.0,-1.0,0.0,0.0,0.0,1.0,0.0,0.0,1.0,0.0,0.0,0.0,1.0,0.0,1.0,0.0
0.6455696202531644,-0.6255454734896567,0.12649484108557618,-1.0,-1.0,-0.04467316861531734,0.16296889892396238,0.0,1.0,0.0,0.0,0.0,1.0,0.0,0.0,0.0,0.0,1.0,0.0,1.0,0.0
-0.4683544303797469,-1.0,-0.6497067338580801,-1.0,0.3045116668522514,-0.5247635098122653,0.24971763714062,0.0,1.0,0.0,0.0,0.0,1.0,0.0,0.0,0.0,0.0,1.0,0.0,1.0,0.0
-0.5189873417721519,-1.0,-1.0,-1.0,-1.0,-1.0,-1.0,0.0,1.0,0.0,0.0,0.0,0.0,1.0,1.0,0.0,0.0,0.0,0.0,1.0,0.0
-0.26582278481012656,-1.0,-1.0,-1.0,-1.0,-1.0,-1.0,0.0,0.0,0.0,1.0,0.0,0.0,1.0,0.0,0.0,0.0,1.0,0.0,1.0,0.0
0.012658227848101333,-1.0,-1.0,-1.0,-1.0,-1.0,-1.0,0.0,0.0,1.0,0.0,0.0,1.0,0.0,0.0,0.0,0.0,1.0,0.0,1.0,0.0
0.16455696202531644,-1.0,-1.0,-1.0,-1.0,-1.0,-1.0,0.0,0.0,0.0,1.0,0.0,0.0,1.0,0.0,1.0,0.0,0.0,0.0,1.0,0.0
-0.06329113924050633,-1.0,-1.0,0.3368691825473473,-1.0,-0.5645342362809285,0.2843399020374313,0.0,1.0,0.0,0.0,0.0,1.0,0.0,0.0,0.0,1.0,0.0,0.0,1.0,0.0
-0.5443037974683544,-1.0,0.28922362001033397,-0.12920760780711604,-1.0,-1.0,0.27672710334034045,0.0,1.0,0.0,0.0,0.0,1.0,0.0,0.0,0.0,0.0,1.0,0.0,1.0,0.0
0.31645569620253156,-1.0,-0.7852186672204382,-1.0,0.8575132350625783,0.3275231143266464,0.7872414544157686,0.0,0.0,1.0,0.0,0.0,1.0,0.0,1.0,0.0,0.0,0.0,0.0,1.0,0.0
-0.2405063291139241,-1.0,-1.0,-1.0,-1.0,-1.0,-1.0,0.0,1.0,0.0,0.0,0.0,0.0,1.0,0.0,0.0,0.0,1.0,1.0,0.0,0.0
-0.08860759493670889,-1.0,-1.0,-1.0,-1.0,-1.0,-1.0,0.0,0.0,1.0,0.0,0.0,0.0,1.0,1.0,0.0,0.0,0.0,0.0,1.0,0.0
-0.620253164556962,-0.1866599551890682,-0.6195699068776419,-1.0,0.3699834384394949,-1.0,0.3186071932727055,0.0,1.0,0.0,0.0,0.0,1.0,0.0,0.0,0.0,0.0,1.0,1.0,0.0,0.0
-0.31645569620253167,-1.0,-1.0,-1.0,-1.0,-1.0,-1.0,0.0,0.0,0.0,1.0,0.0,0.0,1.0,0.0,0.0,0.0,1.0,0.0,1.0,0.0
-0.189873417721519,-1.0,0.213005897802099,-1.0,-1.0,0.06347747407439841,0.25106874606381147,0.0,1.0,0.0,0.0,0.0,1.0,0.0,0.0,0.0,1.0,0.0,0.0,1.0,0.0
0.26582278481012667,-1.0,-1.0,-1.0,-1.0,-1.0,-1.0,0.0,0.0,1.0,0.0,0.0,0.0,1.0,0.0,0.0,1.0,0.0,0.0,1.0,0.0
-0.16455696202531644,-1.0,0.7320267657794821,-1.0,0.3588049281219401,0.1903931863821462,0.7214199602172282,0.0,0.0,1.0,0.0,0.0,1.0,0.0,0.0,0.0,0.0,1.0,0.0,1.0,0.0
-0.189873417721519,-1.0,-1.0,-1.0,-1.0,-1.0,-1.0,0.0,0.0,1.0,0.0,0.0,0.0,1.0,0.0,0.0,0.0,1.0,0.0,1.0,0.0
-0.16455696202531644,-1.0,0.5714220934919012,-1.0,0.055835474651363626,-0.2640108285545778,0.5464062205446505,0.0,0.0,1.0,0.0,0.0,1.0,0.0,1.0,0.0,0.0,0.0,0.0,0.0,1.0
-0.620253164556962,0.49275843012533804,-1.0,-0.7816847539510678,-0.36548174383843235,-1.0,0.3654442655653667,0.0,0.0,0.0,1.0,0.0,1.0,0.0,0.0,0.0,0.0,1.0,0.0,1.0,0.0
-0.8987341772151899,-1.0,-1.0,-1.0,-1.0,-1.0,-1.0,0.0,1.0,0.0,0.0,0.0,0.0,1.0,1.0,0.0,0.0,0.0,0.0,1.0,0.0
-0.5696202531645569,-0.6636483178693894,-1.0,0.3445715328663783,-1.0,-1.0,0.2907878396361492,0.0,1.0,0.0,0.0,0.0,1.0,0.0,0.0,0.0,0.0,1.0,0.0,1.0,0.0
-0.06329113924050633,-0.3637342358463982,-1.0,0.5595003141456083,-0.3921421186822598,-1.0,0.49905844528648013,0.0,0.0,0.0,1.0,0.0,1.0,0.0,0.0,0.0,0.0,1.0,0.0,1.0,0.0
-0.36708860759493667,0.540151117250081,0.5169397216096461,0.36209116273455,-0.8616088449879872,0.11461846174613433,0.6294695562628911,0.0,0.0,1.0,0.0,0.0,1.0,0.0,0.0,0.0,0.0,1.0,0.0,1.0,0.0
-0.03797468354430378,-1.0,-1.0,-1.0,-1.0,-1.0,-1.0,0.0,0.0,1.0,0.0,0.0,0.0,1.0,0.0,0.0,0.0,1.0,0.0,1.0,0.0
-0.21518987341772156,-1.0,0.0005800440491012804,-0.6801739453692954,0.5345902120396564,0.1569740179418153,0.5055458993942652,0.0,0.0,1.0,0.0,0.0,1.0,0.0,0.0,0.0,0.0,1.0,0.0,0.0,1.0
-0.31645569620253167,-1.0,-1.0,-0.3684600007794333,-0.3143830504493078,0.32874124360698076,0.2901308349499321,0.0,1.0,0.0,0.0,0.0,1.0,0.0,0.0,0.0,0.0,1.0,0.0,1.0,0.0
-0.4177215189873418,-1.0,-1.0,-1.0,-1.0,-1.0,-1.0,0.0,0.0,1.0,0.0,0.0,0.0,1.0,0.0,0.0,0.0,1.0,0.0,1.0,0.0
-0.49367088607594933,0.5760032082581747,-1.0,-1.0,0.8136285487006956,-1.0,0.768657028409232,0.0,0.0,1.0,0.0,0.0,1.0,0.0,0.0,0.0,0.0,1.0,0.0,1.0,0.0
-0.26582278481012656,-1.0,-1.0,-1.0,-1.0,-1.0,-1.0,0.0,0.0,1.0,0.0,0.0,0.0,1.0,0.0,0.0,0.0,1.0,0.0,1.0,0.0
-0.6455696202531646,-1.0,-1.0,-1.0,-1.0,-1.0,-1.0,0.0,0.0,0.0,1.0,0.0,0.0,1.0,0.0,0.0,0.0,1.0,0.0,1.0,0.0
-0.49367088607594933,0.4304777975705907,-0.1995458352291587,-0.31129207804727577,-0.487891873354127,-1.0,0.32455938550630026,0.0,0.0,0.0,1.0,0.0,1.0,0.0,0.0,0.0,0.0,1.0,0.0,1.0,0.0
-0.2911392405063291,-1.0,-1.0,-1.0,-1.0,-1.0,-1.0,0.0,0.0,1.0,0.0,0.0,0.0,1.0,1.0,0.0,0.0,0.0,0.0,1.0,0.0
0.06329113924050622,-1.0,-1.0,-1.0,-1.0,-1.0,-1.0,0.0,1.0,0.0,0.0,0.0,0.0,1.0,0.0,0.0,1.0,0.0,0.0,1.0,0.0
-0.06329113924050633,0.34970906835804105,-1.0,-1.0,-0.09503825932377863,0.14321782749006529,0.3260188427478288,0.0,0.0,0.0,1.0,0.0,1.0,0.0,0.0,0.0,0.0,1.0,0.0,1.0,0.0
-0.7215189873417722,-1.0,-1.0,-1.0,-1.0,-1.0,-1.0,0.0,0.0,0.0,1.0,0.0,0.0,1.0,0.0,0.0,0.0,1.0,0.0,1.0,0.0
-0.2405063291139241,-1.0,-1.0,-0.23071841638888846,0.30910166746036993,-0.6810270934861755,0.263321918892786,0.0,1.0,0.0,0.0,0.0,1.0,0.0,0.0,0.0,0.0,1.0,0.0,1.0,0.0
-0.5443037974683544,0.4622158268417469,-1.0,0.061623858319755254,0.0017311923196254853,-1.0,0.3878656589276379,0.0,0.0,0.0,1.0,0.0,1.0,0.0,1.0,0.0,0.0,0.0,0.0,1.0,0.0
0.3417721518987342,-1.0,0.37403020719047353,-1.0,0.6529411757863124,-1.0,0.6262610465348537,0.0,0.0,1.0,0.0,0.0,1.0,0.0,1.0,0.0,0.0,0.0,0.0,1.0,0.0
-0.4177215189873418,-0.8551412152377926,-1.0,-1.0,0.09257294887354228,0.25199261524217453,0.2724428630192193,0.0,1.0,0.0,0.0,0.0,1.0,0.0,0.0,0.0,0.0,1.0,0.0,1.0,0.0
-0.189873417721519,-1.0,-1.0,-1.0,-1.0,-1.0,-1.0,0.0,1.0,0.0,0.0,0.0,0.0,1.0,0.0,0.0,0.0,1.0,0.0,1.0,0.0
-0.5443037974683544,0.24251591641358305,-0.6853510347334366,-1.0,-1.0,0.17145493516449362,0.2630692473235283,0.0,1.0,0.0,0.0,0.0,1.0,0.0,0.0,0.0,0.0,1.0,0.0,1.0,0.0
0.11392405063291133,-1.0,-1.0,-1.0,-1.0,-1.0,-1.0,0.0,0.0,1.0,0.0,0.0,0.0,1.0,1.0,0.0,0.0,0.0,0.0,1.0,0.0
-0.5443037974683544,-1.0,-1.0,-1.0,-1.0,-1.0,-1.0,0.0,0.0,1.0,0.0,0.0,0.0,1.0,1.0,0.0,0.0,0.0,0.0,1.0,0.0
-0.012658227848101333,-0.03967945625997338,-1.0,-0.038938408600782015,-1.0,0.38484377440323825,0.3677942573691766,0.0,0.0,0.0,1.0,0.0,1.0,0.0,1.0,0.0,0.0,0.0,0.0,1.0,0.0
-0.4177215189873418,0.30291110858515724,-1.0,0.046824036112903755,-1.0,-0.7822671181404642,0.25025923032049513,0.0,1.0,0.0,0.0,0.0,1.0,0.0,0.0,0.0,0.0,1.0,0.0,1.0,0.0
-0.012658227848101333,-1.0,-1.0,-1.0,-1.0,-1.0,-1.0,0.0,0.0,0.0,1.0,0.0,0.0,1.0,0.0,0.0,0.0,1.0,0.0,1.0,0.0
-0.06329113924050633,-1.0,0.5060446878120872,-0.7816847539510678,0.43078966934912377,0.1131823032153838,0.5707009440674213,0.0,0.0,1.0,0.0,0.0,1.0,0.0,1.0,0.0,0.0,0.0,0.0,1.0,0.0
-0.4683544303797469,-1.0,-1.0,-1.0,-1.0,-1.0,-1.0,0.0,0.0,0.0,1.0,0.0,0.0,1.0,0.0,0.0,0.0,1.0,0.0,1.0,0.0
-0.16455696202531644,-1.0,0.4367922220574645,0.6387239061693253,-1.0,0.4407581466483226,0.68242660302484,0.0,0.0,1.0,0.0,0.0,1.0,0.0,0.0,0.0,0.0,1.0,0.0,1.0,0.0
-0.189873417721519,-1.0,-1.0,-1.0,-1.0,-1.0,-1.0,0.0,0.0,1.0,0.0,0.0,0.0,1.0,1.0,0.0,0.0,0.0,0.0,1.0,0.0
0.139240506329114,-1.0,-1.0,-1.0,-1.0,-1.0,-1.0,0.0,0.0,1.0,0.0,0.0,0.0,1.0,0.0,0.0,0.0,1.0,0.0,1.0,0.0
-0.36708860759493667,-1.0,-1.0,0.3040829888531478,-0.8616088449879872,-1.0,0.25133782256733506,0.0,1.0,0.0,0.0,0.0,1.0,0.0,0.0,0.0,1.0,0.0,0.0,1.0,0.0
0.139240506329114,-1.0,-1.0,-1.0,-1.0,-1.0,-1.0,0.0,0.0,1.0,0.0,0.0,0.0,1.0,1.0,0.0,0.0,0.0,0.0,1.0,0.0
0.03797468354430378,-1.0,0.12833055780529112,0.6641226705511494,0.43369770728819956,-0.2169069191651618,0.6590523956665151,0.0,0.0,1.0,0.0,0.0,1.0,0.0,1.0,0.0,0.0,0.0,0.0,1.0,0.0
-0.189873417721519,0.3552047908518825,-1.0,0.2889240391330137,-1.0,-1.0,0.36837725681771083,0.0,0.0,0.0,1.0,0.0,1.0,0.0,0.0,0.0,0.0,1.0,0.0,1.0,0.0
-0.31645569620253167,-0.5933299775945341,-1.0,-1.0,0.3348738113124028,-0.7252516930079197,0.27672710334034045,0.0,1.0,0.0,0.0,0.0,1.0,0.0,0.0,0.0,0.0,1.0,0.0,1.0,0.0
0.31645569620253156,0.4952219602282695,-1.0,0.3846566505115352,0.17519735819340143,-1.0,0.5062532867405825,0.0,0.0,0.0,1.0,0.0,1.0,0.0,1.0,0.0,0.0,0.0,0.0,1.0,0.0
-0.11392405063291144,-0.04611033444082724,0.5921339577152862,-1.0,0.19219964542046086,0.14259751709323565,0.592561197092969,0.0,0.0,1.0,0.0,0.0,1.0,0.0,1.0,0.0,0.0,0.0,0.0,1.0,0.0
0.03797468354430378,0.20088205582245466,-0.12027643581195502,-0.24354345327143112,-1.0,0.09665698468795836,0.24835688424629865,0.0,1.0,0.0,0.0,0.0,1.0,0.0,1.0,0.0,0.0,0.0,0.0,1.0,0.0
-0.49367088607594933,-1.0,-1.0,-1.0,-1.0,-1.0,-1.0,0.0,1.0,0.0,0.0,0.0,0.0,1.0,0.0,0.0,1.0,0.0,0.0,1.0,0.0
-0.6708860759493671,-1.0,-1.0,-1.0,-1.0,-1.0,-1.0,0.0,1.0,0.0,0.0,1.0,0.0,0.0,0.0,0.0,1.0,0.0,0.0,1.0,0.0
-0.2911392405063291,0.4044389882982464,-1.0,-0.1474037581603611,-0.6114869098077889,-1.0,0.29829012696182167,0.0,0.0,0.0,1.0,1.0,0.0,0.0,0.0,0.0,0.0,1.0,0.0,1.0,0.0
-0.3417721518987342,-1.0,0.4361625841726715,-1.0,-1.0,0.31646788306820506,0.47700706072389676,0.0,0.0,1.0,0.0,0.0,1.0,0.0,0.0,0.0,0.0,1.0,0.0,1.0,0.0
-0.3924050632911392,-1.0,-1.0,0.3256086844212911,-1.0,-0.7252516930079197,0.2724428630192193,0.0,1.0,0.0,0.0,0.0,1.0,0.0,0.0,0.0,0.0,1.0,0.0,1.0,0.0
0.4683544303797469,-1.0,-0.13610608139691016,-1.0,0.324120492380952,-1.0,0.28388707362714305,0.0,1.0,0.0,0.0,0.0,1.0,0.0,0.0,0.0,0.0,1.0,0.0,1.0,0.0
-0.3417721518987342,-1.0,-1.0,-1.0,-1.0,-1.0,-1.0,0.0,1.0,0.0,0.0,0.0,0.0,1.0,0.0,0.0,1.0,0.0,0.0,1.0,0.0
-0.6708860759493671,-1.0,-1.0,-1.0,-1.0,0.45124109359241404,0.39596830325818133,0.0,1.0,0.0,0.0,0.0,1.0,0.0,0.0,0.0,0.0,1.0,0.0,1.0,0.0
-0.5189873417721519,0.3016781430595834,-1.0,0.18862125312080247,0.013290085966368936,0.07776755451008843,0.3654442655653667,0.0,0.0,0.0,1.0,0.0,1.0,0.0,0.0,0.0,0.0,1.0,0.0,1.0,0.0
-0.21518987341772156,-1.0,0.33225945208697216,-0.18971542597687385,0.4797634093788663,0.40812606824168207,0.5734008570769353,0.0,0.0,1.0,0.0,0.0,1.0,0.0,0.0,0.0,0.0,1.0,0.0,1.0,0.0
-0.7468354430379747,-1.0,-1.0,-1.0,-1.0,-1.0,-1.0,0.0,1.0,0.0,0.0,0.0,0.0,1.0,0.0,0.0,0.0,1.0,0.0,1.0,0.0
-0.16455696202531644,-1.0,-1.0,-1.0,-1.0,-1.0,-1.0,0.0,0.0,1.0,0.0,0.0,0.0,1.0,0.0,0.0,0.0,1.0,0.0,1.0,0.0
-0.11392405063291144,-1.0,-1.0,-1.0,-1.0,-1.0,-1.0,0.0,0.0,0.0,1.0,0.0,0.0,1.0,0.0,0.0,0.0,1.0,0.0,1.0,0.0
0.012658227848101333,0.4934182161521352,-1.0,-1.0,-1.0,-1.0,0.3623152745797946,0.0,0.0,0.0,1.0,0.0,1.0,0.0,0.0,0.0,0.0,1.0,0.0,1.0,0.0
0.3417721518987342,0.4524300012731972,-1.0,-0.7816847539510678,-0.8616088449879872,-0.5075188111483839,0.3274672118880446,0.0,0.0,0.0,1.0,1.0,0.0,0.0,0.0,1.0,0.0,0.0,0.0,1.0,0.0
-0.21518987341772156,-1.0,0.36840385071710124,-1.0,0.02539416958763585,0.4095851350279245,0.4908938374696301,0.0,0.0,1.0,0.0,0.0,1.0,0.0,1.0,0.0,0.0,0.0,0.0,1.0,0.0
-0.1392405063291139,-1.0,-0.23913981375528381,0.5170886300910731,-0.7232176899759744,-0.6143419940193948,0.46059866442444464,0.0,0.0,1.0,0.0,0.0,1.0,0.0,0.0,0.0,0.0,1.0,0.0,1.0,0.0
0.11392405063291133,-1.0,0.6100327233095861,-1.0,0.2493823382051834,-0.6810270934861755,0.5948373974275121,0.0,0.0,1.0,0.0,0.0,1.0,0.0,0.0,0.0,0.0,1.0,0.0,1.0,0.0
-1.0,-1.0,-1.0,-1.0,-1.0,-1.0,-1.0,0.0,1.0,0.0,0.0,0.0,1.0,0.0,0.0,0.0,0.0,1.0,0.0,1.0,0.0
0.21518987341772156,-1.0,-1.0,-1.0,-1.0,-1.0,-1.0,0.0,0.0,1.0,0.0,0.0,0.0,1.0,0.0,0.0,0.0,1.0,0.0,1.0,0.0
-0.620253164556962,-1.0,-1.0,-1.0,-1.0,-1.0,-1.0,0.0,0.0,1.0,0.0,0.0,0.0,1.0,0.0,0.0,0.0,1.0,0.0,1.0,0.0
0.4683544303797469,0.29369575774983114,-1.0,0.04886219860270735,-1.0,-0.5878775395118796,0.24615927292440265,0.0,1.0,0.0,0.0,0.0,1.0,0.0,0.0,0.0,1.0,0.0,0.0,1.0,0.0
-0.3417721518987342,-0.8551412152377926,0.06400569287833191,-1.0,-0.2490529531958,0.6453195305590849,0.5951477066920914,0.0,0.0,1.0,0.0,0.0,1.0,0.0,0.0,0.0,0.0,1.0,0.0,1.0,0.0
-0.2911392405063291,-1.0,0.648234442395859,-1.0,-0.7806552088744709,-0.2897859292888483,0.6087783282569594,0.0,0.0,1.0,0.0,0.0,1.0,0.0,0.0,0.0,0.0,1.0,1.0,0.0,0.0
-0.620253164556962,-1.0,0.5740564293266528,-1.0,-1.0,-1.0,0.5349130387604637,0.0,1.0,0.0,0.0,0.0,1.0,0.0,0.0,0.0,0.0,1.0,0.0,1.0,0.0
-0.1392405063291139,-1.0,-1.0,-1.0,-1.0,-1.0,-1.0,0.0,1.0,0.0,0.0,0.0,0.0,1.0,0.0,0.0,0.0,1.0,0.0,1.0,0.0
-0.06329113924050633,-1.0,-0.12027643581195502,-0.4490336624378206,-0.3921421186822598,0.2654753565633383,0.2534768707710904,0.0,1.0,0.0,0.0,0.0,1.0,0.0,1.0,0.0,0.0,0.0,0.0,1.0,0.0
-0.620253164556962,-1.0,-1.0,-1.0,-1.0,-1.0,-1.0,0.0,0.0,1.0,0.0,0.0,0.0,1.0,1.0,0.0,0.0,0.0,0.0,1.0,0.0
-0.7974683544303798,-1.0,-1.0,-1.0,-1.0,-1.0,-1.0,0.0,0.0,0.0,1.0,0.0,1.0,0.0,0.0,0.0,0.0,1.0,0.0,1.0,0.0
-0.3924050632911392,-1.0,-1.0,-1.0,-1.0,-1.0,-1.0,0.0,1.0,0.0,0.0,0.0,0.0,1.0,0.0,0.0,0.0,1.0,0.0,1.0,0.0
-0.36708860759493667,-1.0,-1.0,-1.0,-1.0,-1.0,-1.0,0.0,0.0,1.0,0.0,0.0,0.0,1.0,1.0,0.0,0.0,0.0,0.0,1.0,0.0
-0.2911392405063291,-1.0,-1.0,-1.0,-1.0,-1.0,-1.0,0.0,0.0,0.0,1.0,0.0,0.0,1.0,0.0,0.0,0.0,1.0,0.0,1.0,0.0
-0.189873417721519,-1.0,-1.0,-1.0,-1.0,-1.0,-1.0,0.0,0.0,0.0,1.0,0.0,0.0,1.0,0.0,0.0,0.0,1.0,0.0,1.0,0.0
-0.06329113924050633,0.3493812454666556,0.1360919774114595,-1.0,0.06374368595733126,-0.1637399452446352,0.35821531718370236,0.0,0.0,1.0,0.0,0.0,1.0,0.0,0.0,0.0,0.0,1.0,0.0,1.0,0.0
-0.6455696202531646,0.151390818011107,-1.0,0.5251853647517597,-1.0,-1.0,0.48379904977910915,0.0,0.0,0.0,1.0,0.0,1.0,0.0,0.0,0.0,0.0,1.0,0.0,1.0,0.0
-0.08860759493670889,-1.0,-1.0,-1.0,-1.0,-1.0,-1.0,0.0,0.0,0.0,1.0,0.0,0.0,1.0,0.0,0.0,0.0,1.0,0.0,1.0,0.0
-0.5189873417721519,-1.0,0.37350956135881375,-0.6801739453692954,-1.0,-1.0,0.3400299704349561,0.0,1.0,0.0,0.0,0.0,1.0,0.0,0.0,0.0,0.0,1.0,0.0,1.0,0.0
-0.3924050632911392,0.3589989111030514,0.3381778143377876,-0.8622584156094552,-1.0,-1.0,0.4072144748787183,0.0,1.0,0.0,0.0,0.0,1.0,0.0,0.0,0.0,0.0,1.0,0.0,1.0,0.0
0.08860759493670889,-0.5654236457133779,0.213005897802099,0.5527098868306919,0.21706936940016286,-0.15241177579280807,0.5551265753015104,0.0,0.0,1.0,0.0,0.0,1.0,0.0,0.0,0.0,0.0,1.0,0.0,1.0,0.0
-0.36708860759493667,-0.6255454734896567,-0.8644880666376419,0.28214536605574936,-1.0,0.03885665155921236,0.28091717686720474,0.0,0.0,0.0,1.0,0.0,1.0,0.0,1.0,0.0,0.0,0.0,0.0,1.0,0.0
0.06329113924050622,-1.0,-0.39569379966122975,-1.0,0.5801297972918751,0.6231832622670503,0.6696197261652315,0.0,0.0,1.0,0.0,0.0,1.0,0.0,1.0,0.0,0.0,0.0,0.0,1.0,0.0
-0.189873417721519,-1.0,-1.0,-1.0,-1.0,-1.0,-1.0,0.0,0.0,1.0,0.0,0.0,0.0,1.0,0.0,0.0,0.0,1.0,0.0,1.0,0.0
-0.06329113924050633,-1.0,-1.0,-1.0,-1.0,-1.0,-1.0,0.0,1.0,0.0,0.0,0.0,0.0,1.0,0.0,0.0,0.0,1.0,0.0,1.0,0.0
-0.49367088607594933,-1.0,-1.0,-1.0,-1.0,-1.0,-1.0,0.0,0.0,0.0,1.0,0.0,0.0,1.0,1.0,0.0,0.0,0.0,0.0,1.0,0.0
0.3417721518987342,-1.0,0.720443346205347,-1.0,0.7024182667995165,-0.07022640767860178,0.7872576247937502,0.0,0.0,1.0,0.0,0.0,1.0,0.0,0.0,0.0,0.0,1.0,0.0,1.0,0.0
-0.5949367088607596,0.29960689666652374,0.34553300380884755,0.4030515141375557,-1.0,-1.0,0.501969046419461,0.0,0.0,0.0,1.0,0.0,1.0,0.0,0.0,0.0,0.0,1.0,0.0,1.0,0.0
-0.8481012658227848,-1.0,-1.0,-1.0,-1.0,-1.0,-1.0,0.0,1.0,0.0,0.0,0.0,1.0,0.0,0.0,0.0,0.0,1.0,0.0,1.0,0.0
-0.36708860759493667,-1.0,-0.7289761332752838,-0.3684600007794333,0.3062453063962822,-1.0,0.25427286637886715,0.0,1.0,0.0,0.0,0.0,1.0,0.0,0.0,0.0,0.0,1.0,0.0,1.0,0.0
-0.9493670886075949,-1.0,-1.0,-1.0,-1.0,-1.0,-1.0,0.0,1.0,0.0,0.0,0.0,0.0,1.0,0.0,0.0,0.0,1.0,0.0,1.0,0.0
-0.5189873417721519,0.08526073515129728,-0.4461000078353691,0.09482069579636221,0.12573265381549148,-1.0,0.25480168966136607,0.0,1.0,0.0,0.0,1.0,0.0,0.0,1.0,0.0,0.0,0.0,0.0,1.0,0.0
-0.5949367088607596,-1.0,-1.0,-1.0,-1.0,-1.0,-1.0,0.0,1.0,0.0,0.0,0.0,0.0,1.0,0.0,0.0,0.0,1.0,0.0,1.0,0.0
-0.8481012658227848,-1.0,-1.0,-1.0,-1.0,-1.0,-1.0,0.0,1.0,0.0,0.0,0.0,0.0,1.0,0.0,0.0,0.0,1.0,0.0,1.0,0.0
-0.5949367088607596,-1.0,-1.0,-1.0,-1.0,-1.0,-1.0,0.0,1.0,0.0,0.0,0.0,0.0,1.0,0.0,0.0,0.0,1.0,0.0,1.0,0.0
-0.3417721518987342,-1.0,-1.0,0.306593158238867,-1.0,-0.8626258465039598,0.25374257209786033,0.0,1.0,0.0,0.0,0.0,1.0,0.0,0.0,0.0,0.0,1.0,0.0,1.0,0.0
-0.9493670886075949,-1.0,-1.0,-1.0,-1.0,-1.0,-1.0,0.0,1.0,0.0,0.0,0.0,1.0,0.0,0.0,0.0,0.0,1.0,0.0,1.0,0.0
-0.11392405063291144,0.04854651415563338,-1.0,-0.09091754827764109,0.2897601891511101,-1.0,0.2936089824375072,0.0,1.0,0.0,0.0,0.0,1.0,0.0,0.0,0.0,0.0,1.0,0.0,1.0,0.0
0.8227848101265822,0.6305607116498773,0.566821824910476,-1.0,0.3093850688323523,-0.39660911215985917,0.6645170425874278,0.0,0.0,1.0,0.0,0.0,1.0,0.0,1.0,0.0,0.0,0.0,0.0,1.0,0.0
-0.7215189873417722,-1.0,-1.0,-1.0,-1.0,-1.0,-1.0,0.0,1.0,0.0,0.0,0.0,0.0,1.0,0.0,0.0,0.0,1.0,0.0,1.0,0.0
-0.2911392405063291,-1.0,0.11048734477719502,0.38049682191133916,-0.8616088449879872,0.22766307197107483,0.43127107483016314,0.0,1.0,0.0,0.0,0.0,1.0,0.0,0.0,0.0,0.0,1.0,0.0,1.0,0.0
0.139240506329114,-0.8551412152377926,-1.0,0.2837064039396284,-0.5402745340816825,0.008305680934183046,0.27672710334034045,0.0,1.0,0.0,0.0,0.0,1.0,0.0,0.0,0.0,0.0,1.0,0.0,1.0,0.0
0.03797468354430378,-0.7102824304755853,-1.0,0.2928235579359977,-1.0,-1.0,0.24112001905762792,0.0,1.0,0.0,0.0,0.0,1.0,0.0,0.0,0.0,0.0,1.0,0.0,1.0,0.0
-0.3417721518987342,-1.0,0.23073957567895054,-0.23490213093186518,-0.6786656890936953,-0.0933425601568989,0.2456058888751731,0.0,1.0,0.0,0.0,0.0,1.0,0.0,0.0,0.0,1.0,0.0,0.0,1.0,0.0
-0.3924050632911392,-1.0,-1.0,0.4446117030933725,-0.5212452626117072,-1.0,0.3872075958955621,0.0,1.0,0.0,0.0,0.0,1.0,0.0,1.0,0.0,0.0,0.0,0.0,1.0,0.0
-0.21518987341772156,-0.3447223122490274,0.80115124108578,-0.7816847539510678,-0.03599706728108598,-0.8626258465039598,0.759172825607791,0.0,0.0,1.0,0.0,0.0,1.0,0.0,0.0,0.0,0.0,1.0,0.0,1.0,0.0
-0.21518987341772156,-1.0,-1.0,-1.0,-1.0,-1.0,-1.0,0.0,0.0,1.0,0.0,0.0,0.0,1.0,0.0,0.0,0.0,1.0,0.0,1.0,0.0
-0.620253164556962,0.3077714916105583,-0.004159640065753312,-0.17667999299132686,-0.6422640538624581,-1.0,0.26230921706332944,0.0,1.0,0.0,0.0,0.0,1.0,0.0,0.0,0.0,1.0,0.0,0.0,1.0,0.0
0.26582278481012667,0.27768040588065124,-0.04392503674774717,0.04886219860270735,-0.3080442249399358,-1.0,0.27672710334034045,0.0,1.0,0.0,0.0,0.0,1.0,0.0,1.0,0.0,0.0,0.0,0.0,1.0,0.0
-0.4683544303797469,-1.0,-1.0,-1.0,-1.0,-1.0,-1.0,0.0,0.0,0.0,1.0,0.0,0.0,1.0,1.0,0.0,0.0,0.0,0.0,1.0,0.0
-0.3924050632911392,-1.0,0.26231392674087517,-0.022305814838097793,-0.27373324999522164,-1.0,0.27672710334034045,0.0,1.0,0.0,0.0,0.0,1.0,0.0,0.0,0.0,0.0,1.0,0.0,1.0,0.0
-0.11392405063291144,-1.0,-1.0,-0.17667999299132686,-1.0,0.3463903272509765,0.3079215265014559,0.0,1.0,0.0,0.0,0.0,1.0,0.0,0.0,0.0,0.0,1.0,0.0,1.0,0.0
-0.5949367088607596,-1.0,-1.0,-1.0,-1.0,-1.0,-1.0,0.0,1.0,0.0,0.0,0.0,0.0,1.0,0.0,0.0,1.0,0.0,0.0,1.0,0.0
-0.3924050632911392,-1.0,0.3031571260940402,-0.6439431695605231,-1.0,-0.8626258465039598,0.27220200301106146,0.0,1.0,0.0,0.0,0.0,1.0,0.0,1.0,0.0,0.0,0.0,0.0,1.0,0.0
0.03797468354430378,-1.0,-1.0,-1.0,-1.0,-1.0,-1.0,0.0,1.0,0.0,0.0,0.0,0.0,1.0,1.0,0.0,0.0,0.0,0.0,1.0,0.0
-0.49367088607594933,0.374978304675712,-1.0,-0.5234924077581515,-1.0,-1.0,0.25690243456684425,0.0,1.0,0.0,0.0,0.0,1.0,0.0,1.0,0.0,0.0,0.0,0.0,1.0,0.0
0.012658227848101333,-1.0,-1.0,-1.0,-1.0,-1.0,-1.0,0.0,0.0,0.0,1.0,0.0,0.0,1.0,0.0,0.0,0.0,1.0,0.0,1.0,0.0
-0.21518987341772156,0.26918766416372764,-0.07752217342820955,0.08827791218993508,-0.1083536079323586,-1.0,0.2901308349499321,0.0,1.0,0.0,0.0,0.0,1.0,0.0,0.0,0.0,0.0,1.0,0.0,1.0,0.0
-0.08860759493670889,-1.0,-1.0,-1.0,-1.0,-1.0,-1.0,0.0,0.0,1.0,0.0,0.0,0.0,1.0,0.0,0.0,0.0,1.0,0.0,0.0,1.0
0.36708860759493667,-1.0,-1.0,-1.0,-1.0,-1.0,-1.0,0.0,1.0,0.0,0.0,0.0,0.0,1.0,0.0,0.0,0.0,1.0,0.0,1.0,0.0
-0.26582278481012656,-0.38465038264461693,-0.5934641999129258,-1.0,-1.0,0.31979886920819856,0.2755466619768592,0.0,1.0,0.0,0.0,0.0,1.0,0.0,0.0,0.0,0.0,1.0,0.0,1.0,0.0
0.03797468354430378,-1.0,-1.0,-1.0,-1.0,-1.0,-1.0,0.0,0.0,0.0,1.0,0.0,0.0,1.0,1.0,0.0,0.0,0.0,0.0,1.0,0.0
-0.03797468354430378,-1.0,-1.0,-1.0,-1.0,-1.0,-1.0,0.0,0.0,1.0,0.0,0.0,0.0,1.0,1.0,0.0,0.0,0.0,0.0,1.0,0.0
-0.4177215189873418,0.2657894258686748,-1.0,0.17133043053262886,-1.0,-1.0,0.2717193681429104,0.0,1.0,0.0,0.0,1.0,0.0,0.0,0.0,0.0,0.0,1.0,0.0,1.0,0.0
-0.8481012658227848,-1.0,-1.0,-1.0,-1.0,-1.0,-1.0,0.0,1.0,0.0,0.0,0.0,1.0,0.0,0.0,0.0,0.0,1.0,0.0,1.0,0.0
-0.06329113924050633,0.5202720262242606,-0.6853510347334366,-1.0,-0.7232176899759744,-1.0,0.3877342279185729,0.0,1.0,0.0,0.0,0.0,1.0,0.0,0.0,0.0,0.0,1.0,0.0,1.0,0.0
0.26582278481012667,-1.0,-1.0,-1.0,0.3310994790083679,-0.4062787864940952,0.2755466619768592,0.0,1.0,0.0,0.0,0.0,1.0,0.0,0.0,0.0,0.0,1.0,0.0,1.0,0.0
-0.5949367088607596,-0.6636483178693894,-1.0,0.5363951433097831,-0.7806552088744709,-1.0,0.4744380756185904,0.0,1.0,0.0,0.0,0.0,1.0,0.0,0.0,0.0,1.0,0.0,0.0,1.0,0.0
0.08860759493670889,-1.0,0.2098204522716316,-1.0,-1.0,0.5483275023518372,0.5235869976719665,0.0,0.0,1.0,0.0,0.0,1.0,0.0,1.0,0.0,0.0,0.0,0.0,0.0,1.0
-0.08860759493670889,-1.0,-1.0,-1.0,-1.0,-1.0,-1.0,0.0,1.0,0.0,0.0,0.0,0.0,1.0,0.0,0.0,0.0,1.0,0.0,1.0,0.0
-0.3417721518987342,-1.0,-1.0,-1.0,-1.0,-1.0,-1.0,0.0,0.0,1.0,0.0,0.0,0.0,1.0,0.0,0.0,0.0,1.0,0.0,1.0,0.0
-0.36708860759493667,-1.0,-1.0,-1.0,-1.0,-1.0,-1.0,0.0,0.0,1.0,0.0,0.0,0.0,1.0,1.0,0.0,0.0,0.0,0.0,1.0,0.0
0.240506329113924,-1.0,-1.0,-1.0,-1.0,-1.0,-1.0,0.0,1.0,0.0,0.0,0.0,0.0,1.0,1.0,0.0,0.0,0.0,0.0,1.0,0.0
-0.21518987341772156,-0.12441641324590191,0.4975706895747378,-1.0,0.7507936556589305,-0.8626258465039598,0.7275332109391148,0.0,0.0,1.0,0.0,0.0,1.0,0.0,1.0,0.0,0.0,0.0,0.0,1.0,0.0
-0.44303797468354433,-0.7704042582518641,-0.09013960883151684,0.19308703882643297,-1.0,-1.0,0.1889056838905807,0.0,1.0,0.0,0.0,0.0,1.0,0.0,0.0,0.0,1.0,0.0,0.0,1.0,0.0
-0.012658227848101333,-1.0,-1.0,-1.0,-1.0,-1.0,-1.0,0.0,1.0,0.0,0.0,0.0,0.0,1.0,1.0,0.0,0.0,0.0,0.0,1.0,0.0
-0.2405063291139241,-1.0,0.5784305427729495,-1.0,-0.7806552088744709,0.14991609669010497,0.5579469154725059,0.0,0.0,1.0,0.0,1.0,0.0,0.0,0.0,0.0,0.0,1.0,0.0,1.0,0.0
-0.2911392405063291,0.3995934338853615,-1.0,-0.31129207804727577,0.31743345632520215,-1.0,0.403377551983374,0.0,0.0,0.0,1.0,0.0,1.0,0.0,1.0,0.0,0.0,0.0,0.0,1.0,0.0
0.6455696202531644,-1.0,-1.0,-1.0,-1.0,-1.0,-1.0,0.0,0.0,1.0,0.0,0.0,0.0,1.0,1.0,0.0,0.0,0.0,0.0,1.0,0.0
0.4683544303797469,-0.7704042582518641,0.6146932499327542,-1.0,0.45785434314927254,-0.14698160022358553,0.6391001026421166,0.0,0.0,1.0,0.0,0.0,1.0,0.0,1.0,0.0,0.0,0.0,0.0,0.0,1.0
-0.8987341772151899,-1.0,-1.0,-1.0,-1.0,-1.0,-1.0,0.0,0.0,0.0,1.0,0.0,0.0,1.0,0.0,0.0,0.0,1.0,0.0,1.0,0.0
-0.5189873417721519,-1.0,0.1658940399363975,0.22266550808938423,-1.0,-1.0,0.28770225852659026,0.0,1.0,0.0,0.0,0.0,1.0,0.0,1.0,0.0,0.0,0.0,0.0,1.0,0.0
0.36708860759493667,-1.0,-1.0,0.3457129438202231,-1.0,-0.8626258465039598,0.2912245882145654,0.0,1.0,0.0,0.0,0.0,1.0,0.0,0.0,0.0,0.0,1.0,0.0,1.0,0.0
-0.44303797468354433,-1.0,-1.0,-1.0,-1.0,-1.0,-1.0,0.0,0.0,1.0,0.0,0.0,0.0,1.0,1.0,0.0,0.0,0.0,0.0,1.0,0.0
-0.5443037974683544,0.6591068655954553,-1.0,-0.42562792351159096,-1.0,-1.0,0.5146109087548685,0.0,0.0,0.0,1.0,0.0,1.0,0.0,1.0,0.0,0.0,0.0,0.0,1.0,0.0
0.5949367088607596,0.3097637569402578,-0.7852186672204382,-1.0,-1.0,-1.0,0.1955054430962424,0.0,1.0,0.0,0.0,0.0,1.0,0.0,0.0,0.0,1.0,0.0,0.0,1.0,0.0
-0.9240506329113924,-1.0,-1.0,-1.0,-1.0,-1.0,-1.0,0.0,1.0,0.0,0.0,0.0,0.0,1.0,0.0,0.0,0.0,1.0,0.0,1.0,0.0
0.08860759493670889,-1.0,-1.0,-1.0,-1.0,-1.0,-1.0,0.0,1.0,0.0,0.0,0.0,0.0,1.0,0.0,0.0,0.0,1.0,0.0,1.0,0.0
-0.3417721518987342,-1.0,-1.0,-1.0,-1.0,-1.0,-1.0,0.0,0.0,0.0,1.0,0.0,0.0,1.0,0.0,0.0,0.0,1.0,0.0,1.0,0.0
-0.31645569620253167,0.19886932388887235,-1.0,0.34040730154325405,-1.0,-1.0,0.3450295752594832,0.0,0.0,0.0,1.0,0.0,1.0,0.0,0.0,0.0,0.0,1.0,0.0,0.0,1.0
-0.6455696202531646,-1.0,-1.0,-1.0,-1.0,-1.0,-1.0,0.0,0.0,1.0,0.0,0.0,0.0,1.0,0.0,0.0,0.0,1.0,0.0,1.0,0.0
-0.44303797468354433,-0.8551412152377926,-1.0,-0.5234924077581515,0.2856564383103728,-1.0,0.2309229002624309,0.0,1.0,0.0,0.0,0.0,1.0,0.0,0.0,0.0,0.0,1.0,0.0,1.0,0.0
0.06329113924050622,0.2954017839618541,-0.08645077497427067,-0.5633695079021357,0.06081469113432347,-1.0,0.27625580354258283,0.0,1.0,0.0,0.0,0.0,1.0,0.0,0.0,0.0,1.0,0.0,0.0,1.0,0.0
-0.2911392405063291,-0.2891937913590461,0.16888648194445488,-1.0,0.31163791341782243,0.6609144103062268,0.641754724319253,0.0,0.0,1.0,0.0,0.0,1.0,0.0,0.0,0.0,0.0,1.0,0.0,1.0,0.0
-0.4683544303797469,0.48433039087129015,0.01523549755040321,0.25995049910653734,-1.0,0.27429973789850726,0.49751240318010015,0.0,0.0,0.0,1.0,0.0,1.0,0.0,0.0,0.0,0.0,1.0,0.0,1.0,0.0
-0.3417721518987342,-1.0,-1.0,-1.0,-1.0,-1.0,-1.0,0.0,0.0,1.0,0.0,0.0,0.0,1.0,1.0,0.0,0.0,0.0,0.0,1.0,0.0
-0.7974683544303798,-1.0,-1.0,-1.0,-1.0,-1.0,-1.0,0.0,1.0,0.0,0.0,0.0,0.0,1.0,0.0,0.0,1.0,0.0,0.0,1.0,0.0
-0.2405063291139241,-1.0,-1.0,-1.0,-1.0,-1.0,-1.0,0.0,0.0,1.0,0.0,0.0,0.0,1.0,1.0,0.0,0.0,0.0,0.0,1.0,0.0
-0.21518987341772156,-1.0,-1.0,-1.0,-1.0,-1.0,-1.0,0.0,0.0,0.0,1.0,0.0,0.0,1.0,1.0,0.0,0.0,0.0,0.0,1.0,0.0
-0.11392405063291144,-1.0,-0.3286472797228134,0.16857422683788026,0.2134391560641049,-1.0,0.27976247514746677,0.0,1.0,0.0,0.0,0.0,1.0,0.0,0.0,0.0,0.0,1.0,0.0,1.0,0.0
-0.6708860759493671,-0.2569782954639235,-0.8644880666376419,-1.0,0.34076815032643104,-0.32592005813059954,0.2944686937979426,0.0,1.0,0.0,0.0,1.0,0.0,0.0,0.0,0.0,0.0,1.0,0.0,1.0,0.0
-0.16455696202531644,0.3832307375700763,-0.04688725090638035,0.3820195810923044,0.22370307704590542,-1.0,0.48252385658907593,0.0,0.0,0.0,1.0,0.0,1.0,0.0,0.0,0.0,0.0,1.0,0.0,1.0,0.0
-0.31645569620253167,-1.0,-1.0,0.2824585561926414,-0.8616088449879872,-0.37014465765234383,0.2373958905280864,0.0,1.0,0.0,0.0,0.0,1.0,0.0,0.0,0.0,0.0,1.0,1.0,0.0,0.0
-0.5443037974683544,-1.0,-1.0,-1.0,-1.0,-1.0,-1.0,0.0,1.0,0.0,0.0,0.0,0.0,1.0,0.0,0.0,1.0,0.0,0.0,1.0,0.0
-0.2911392405063291,-1.0,-1.0,-1.0,-1.0,-1.0,-1.0,0.0,1.0,0.0,0.0,0.0,0.0,1.0,0.0,0.0,1.0,0.0,0.0,1.0,0.0
-0.49367088607594933,0.31982804099379947,-0.5704373344408764,0.4321921779196711,-0.6422640538624581,-1.0,0.4406621285017269,0.0,0.0,0.0,1.0,0.0,1.0,0.0,1.0,0.0,0.0,0.0,0.0,1.0,0.0
-0.4683544303797469,0.10412116396102222,-0.6497067338580801,0.2945978474082056,-0.487891873354127,-0.39660911215985917,0.2985001993479246,0.0,1.0,0.0,0.0,0.0,1.0,0.0,0.0,0.0,0.0,1.0,0.0,1.0,0.0
-0.3924050632911392,-0.4340525761212535,0.2815879674673172,-1.0,-1.0,-1.0,0.2534768707710904,0.0,1.0,0.0,0.0,0.0,1.0,0.0,0.0,0.0,0.0,1.0,0.0,1.0,0.0
-0.189873417721519,-1.0,-1.0,-1.0,-1.0,-1.0,-1.0,0.0,1.0,0.0,0.0,0.0,0.0,1.0,0.0,0.0,0.0,1.0,0.0,1.0,0.0
-0.189873417721519,-1.0,-1.0,-1.0,-1.0,-1.0,-1.0,0.0,1.0,0.0,0.0,0.0,0.0,1.0,0.0,0.0,1.0,0.0,0.0,1.0,0.0
-0.31645569620253167,-1.0,-1.0,-1.0,-1.0,-1.0,-1.0,0.0,1.0,0.0,0.0,0.0,0.0,1.0,0.0,0.0,0.0,1.0,0.0,1.0,0.0
-0.5189873417721519,-1.0,-1.0,0.2353583739655749,-0.7806552088744709,0.058791936459585914,0.25187483889735773,0.0,1.0,0.0,0.0,0.0,1.0,0.0,0.0,1.0,0.0,0.0,0.0,1.0,0.0
-0.5443037974683544,-1.0,-1.0,-0.4618586993203633,0.2856564383103728,-1.0,0.23181862941739362,0.0,1.0,0.0,0.0,0.0,1.0,0.0,1.0,0.0,0.0,0.0,0.0,1.0,0.0
-0.3924050632911392,0.5148434859379913,-1.0,-0.4618586993203633,-0.7806552088744709,0.010737478437502501,0.4047052226752319,0.0,1.0,0.0,0.0,0.0,1.0,0.0,0.0,0.0,0.0,1.0,0.0,1.0,0.0
-0.5189873417721519,-1.0,-1.0,0.2767441947027103,-1.0,-1.0,0.224841342433032,0.0,1.0,0.0,0.0,0.0,1.0,0.0,0.0,0.0,1.0,0.0,0.0,1.0,0.0
0.620253164556962,-1.0,0.46222098644846654,-1.0,0.6614722480035169,0.03028498008881364,0.6604411749088768,0.0,0.0,1.0,0.0,0.0,1.0,0.0,0.0,0.0,0.0,1.0,1.0,0.0,0.0
0.06329113924050622,0.8621123993780129,-1.0,-1.0,-1.0,-1.0,0.6986428431235063,0.0,0.0,0.0,1.0,0.0,1.0,0.0,0.0,0.0,0.0,1.0,0.0,1.0,0.0
0.5696202531645569,-0.04829870051400631,0.09305134087215072,0.5418139180711821,-0.09079009410092975,-1.0,0.5129820714675977,0.0,1.0,0.0,0.0,0.0,1.0,0.0,0.0,0.0,0.0,1.0,0.0,1.0,0.0
0.5696202531645569,-0.03140165932038008,0.27991222239980496,-1.0,-1.0,-1.0,0.2741204158899613,0.0,1.0,0.0,0.0,0.0,1.0,0.0,0.0,0.0,0.0,1.0,0.0,1.0,0.0
-0.6708860759493671,-1.0,-0.5934641999129258,-1.0,0.16378532459964856,0.16656113072101641,0.250529451019313,0.0,1.0,0.0,0.0,0.0,1.0,0.0,1.0,0.0,0.0,0.0,0.0,1.0,0.0
-0.9240506329113924,-1.0,-1.0,-1.0,-1.0,-1.0,-1.0,0.0,1.0,0.0,0.0,0.0,0.0,1.0,0.0,0.0,0.0,1.0,0.0,1.0,0.0
-0.2911392405063291,-1.0,-1.0,0.76235108366035,-1.0,-1.0,0.6907070939543074,1.0,0.0,0.0,0.0,0.0,1.0,0.0,0.0,0.0,0.0,1.0,0.0,1.0,0.0
-0.26582278481012656,0.4123542368429054,0.11897459108611264,-0.4148837339220931,0.4486240222861422,-1.0,0.49898510784718453,0.0,0.0,0.0,1.0,0.0,1.0,0.0,0.0,0.0,0.0,1.0,0.0,1.0,0.0
-0.6708860759493671,-1.0,-1.0,-1.0,-1.0,-1.0,-1.0,0.0,1.0,0.0,0.0,0.0,0.0,1.0,0.0,0.0,1.0,0.0,0.0,1.0,0.0
-0.5189873417721519,-1.0,0.2848969727391344,-0.7816847539510678,-1.0,-1.0,0.2534768707710904,0.0,1.0,0.0,0.0,0.0,1.0,0.0,0.0,0.0,0.0,1.0,0.0,1.0,0.0
-0.3924050632911392,-1.0,-1.0,-0.2620422984291655,-1.0,0.25971068469531233,0.22453211175517773,0.0,1.0,0.0,0.0,0.0,1.0,0.0,0.0,0.0,1.0,0.0,0.0,1.0,0.0
-0.8481012658227848,-1.0,-1.0,-1.0,-1.0,-1.0,-1.0,0.0,1.0,0.0,0.0,1.0,0.0,0.0,1.0,0.0,0.0,0.0,0.0,1.0,0.0
-0.21518987341772156,-1.0,-1.0,-1.0,-1.0,-1.0,-1.0,0.0,1.0,0.0,0.0,0.0,0.0,1.0,0.0,0.0,0.0,1.0,0.0,1.0,0.0
-0.36708860759493667,-1.0,-1.0,-1.0,-1.0,-1.0,-1.0,0.0,1.0,0.0,0.0,0.0,0.0,1.0,0.0,0.0,0.0,1.0,0.0,1.0,0.0
-0.620253164556962,-1.0,-1.0,-1.0,-1.0,-1.0,-1.0,0.0,0.0,1.0,0.0,0.0,0.0,1.0,1.0,0.0,0.0,0.0,0.0,1.0,0.0
-0.26582278481012656,-1.0,-1.0,-1.0,-1.0,-1.0,-1.0,0.0,0.0,0.0,1.0,0.0,0.0,1.0,0.0,0.0,0.0,1.0,0.0,1.0,0.0
-0.2405063291139241,-1.0,0.2782219894430644,-1.0,-0.21894022317537787,0.5310755120998683,0.5265933044063735,0.0,0.0,1.0,0.0,0.0,1.0,0.0,0.0,0.0,0.0,1.0,0.0,1.0,0.0
-0.03797468354430378,-1.0,-1.0,-1.0,-1.0,-1.0,-1.0,0.0,1.0,0.0,0.0,0.0,0.0,1.0,0.0,0.0,1.0,0.0,0.0,1.0,0.0
0.6455696202531644,0.5170612681630107,-1.0,-0.11716033747799548,-1.0,-1.0,0.394831654617823,0.0,0.0,0.0,1.0,0.0,1.0,0.0,0.0,0.0,0.0,1.0,0.0,1.0,0.0
-0.8734177215189873,-1.0,-1.0,-1.0,-1.0,-1.0,-1.0,0.0,0.0,0.0,1.0,0.0,0.0,1.0,0.0,0.0,0.0,1.0,0.0,1.0,0.0
-0.8734177215189873,-1.0,-1.0,-1.0,-1.0,-1.0,-1.0,0.0,0.0,0.0,1.0,0.0,0.0,1.0,0.0,0.0,0.0,1.0,0.0,1.0,0.0
-0.26582278481012656,-1.0,0.12587908500413025,-1.0,-1.0,0.15464919351282358,0.23623521314618867,0.0,1.0,0.0,0.0,0.0,1.0,0.0,0.0,0.0,0.0,1.0,0.0,1.0,0.0
-0.8734177215189873,-1.0,-1.0,-1.0,-1.0,-1.0,-1.0,0.0,1.0,0.0,0.0,0.0,0.0,1.0,1.0,0.0,0.0,0.0,0.0,1.0,0.0
-0.44303797468354433,-1.0,-0.45795226655056753,-1.0,0.25945117246925586,-0.04308128045852622,0.2456058888751731,0.0,1.0,0.0,0.0,0.0,1.0,0.0,1.0,0.0,0.0,0.0,0.0,1.0,0.0
0.4683544303797469,-1.0,-1.0,-1.0,-1.0,-1.0,-1.0,0.0,1.0,0.0,0.0,0.0,0.0,1.0,0.0,0.0,0.0,1.0,0.0,1.0,0.0
-0.4177215189873418,-1.0,-1.0,-1.0,-1.0,-1.0,-1.0,0.0,1.0,0.0,0.0,0.0,0.0,1.0,0.0,0.0,1.0,0.0,0.0,1.0,0.0
-0.2911392405063291,-1.0,-1.0,0.24654047769579424,0.26376823218314005,-0.18526997864493955,0.3435434126531227,0.0,1.0,0.0,0.0,0.0,1.0,0.0,0.0,0.0,0.0,1.0,0.0,1.0,0.0
-0.4683544303797469,-1.0,-1.0,-1.0,-1.0,-1.0,-1.0,0.0,1.0,0.0,0.0,0.0,0.0,1.0,0.0,0.0,0.0,1.0,0.0,1.0,0.0
-0.9240506329113924,-1.0,-1.0,-1.0,-1.0,-1.0,-1.0,0.0,1.0,0.0,0.0,0.0,0.0,1.0,0.0,0.0,0.0,1.0,0.0,1.0,0.0
-0.36708860759493667,-1.0,0.0416125472293829,-1.0,-1.0,0.2505564567114238,0.263321918892786,0.0,1.0,0.0,0.0,0.0,1.0,0.0,0.0,0.0,0.0,1.0,0.0,1.0,0.0
-0.06329113924050633,0.3420358965680501,-1.0,-0.21867114605976812,-0.5038728988504453,0.14321782749006529,0.3159435078276387,0.0,1.0,0.0,0.0,0.0,1.0,0.0,0.0,0.0,0.0,1.0,0.0,1.0,0.0
0.06329113924050622,0.5462505202817336,-1.0,-0.32411711492981843,-0.6786656890936953,-0.08144765022737921,0.42564328907813254,0.0,0.0,0.0,1.0,0.0,1.0,0.0,0.0,0.0,0.0,1.0,0.0,1.0,0.0
-0.4177215189873418,0.28315636240090836,-1.0,0.28983074382721696,-1.0,-1.0,0.33884428496238117,0.0,0.0,0.0,1.0,1.0,0.0,0.0,0.0,0.0,0.0,1.0,0.0,1.0,0.0
-0.4177215189873418,0.5540335200736524,-1.0,-1.0,-0.3080442249399358,0.16097797250429435,0.45615123926896595,0.0,0.0,0.0,1.0,0.0,1.0,0.0,0.0,0.0,0.0,1.0,0.0,1.0,0.0
-0.44303797468354433,-1.0,-1.0,-0.8622584156094552,0.2690365123231353,-1.0,0.21206331642130105,0.0,1.0,0.0,0.0,0.0,1.0,0.0,1.0,0.0,0.0,0.0,0.0,1.0,0.0
-0.16455696202531644,0.19340529891784075,-1.0,0.2357546235499588,-1.0,0.37179658304109187,0.4306422430194463,0.0,0.0,0.0,1.0,0.0,1.0,0.0,0.0,0.0,0.0,1.0,0.0,1.0,0.0
-0.4683544303797469,-1.0,-1.0,-1.0,-1.0,-1.0,-1.0,0.0,1.0,0.0,0.0,0.0,0.0,1.0,0.0,0.0,0.0,1.0,0.0,1.0,0.0
-0.26582278481012656,0.0386266225451013,0.2332483484365946,-1.0,-1.0,-1.0,0.24671105528094617,0.0,1.0,0.0,0.0,0.0,1.0,0.0,1.0,0.0,0.0,0.0,0.0,1.0,0.0
0.08860759493670889,-0.19986352748682001,-0.5704373344408764,-1.0,0.2798313700528299,-0.245561329767104,0.25025923032049513,0.0,1.0,0.0,0.0,0.0,1.0,0.0,0.0,0.0,0.0,1.0,0.0,1.0,0.0
-0.4177215189873418,-1.0,-0.4047885740980801,-0.34505426185320365,-1.0,0.28669058555317517,0.250529451019313,0.0,1.0,0.0,0.0,0.0,1.0,0.0,0.0,1.0,0.0,0.0,0.0,1.0,0.0
-0.36708860759493667,-1.0,-1.0,-1.0,-1.0,-1.0,-1.0,0.0,0.0,1.0,0.0,0.0,0.0,1.0,0.0,0.0,0.0,1.0,0.0,1.0,0.0
0.1898734177215189,0.2510909469793132,-1.0,0.147513690217439,-1.0,-0.6448929646444241,0.25532905008367734,0.0,1.0,0.0,0.0,0.0,1.0,0.0,0.0,0.0,0.0,1.0,0.0,1.0,0.0
-0.6708860759493671,0.31982804099379947,0.07788852036426097,-1.0,-0.6786656890936953,-1.0,0.2753096940518822,1.0,0.0,0.0,0.0,0.0,1.0,0.0,0.0,0.0,0.0,1.0,0.0,1.0,0.0
0.08860759493670889,-1.0,-1.0,-1.0,-1.0,-1.0,-1.0,0.0,0.0,1.0,0.0,0.0,0.0,1.0,0.0,0.0,0.0,1.0,0.0,1.0,0.0
-0.7215189873417722,-1.0,-1.0,-1.0,-1.0,-1.0,-1.0,0.0,1.0,0.0,0.0,0.0,1.0,0.0,1.0,0.0,0.0,0.0,0.0,1.0,0.0
0.08860759493670889,-1.0,-1.0,-1.0,-1.0,-1.0,-1.0,0.0,1.0,0.0,0.0,0.0,0.0,1.0,0.0,0.0,1.0,0.0,0.0,1.0,0.0
-0.16455696202531644,0.6970357301408145,-1.0,-0.4755689006986463,-0.4464353799519486,-1.0,0.5496389376753448,0.0,0.0,0.0,1.0,0.0,1.0,0.0,0.0,0.0,0.0,1.0,0.0,1.0,0.0
-0.5949367088607596,-1.0,-1.0,-1.0,-1.0,-1.0,-1.0,0.0,1.0,0.0,0.0,0.0,0.0,1.0,0.0,0.0,0.0,1.0,0.0,1.0,0.0
-0.189873417721519,-1.0,0.20535395201170537,-0.2148124015004551,0.21571576263548042,0.2815188213814106,0.4075702585050258,0.0,1.0,0.0,0.0,0.0,1.0,0.0,0.0,0.0,0.0,1.0,0.0,1.0,0.0
-0.3924050632911392,0.003978188225416401,-0.4047885740980801,-1.0,-0.1546342450073407,0.23442242954505166,0.25321079861192275,0.0,1.0,0.0,0.0,0.0,1.0,0.0,0.0,0.0,0.0,1.0,0.0,1.0,0.0
-0.6962025316455696,-1.0,-1.0,-1.0,-1.0,-1.0,-1.0,0.0,1.0,0.0,0.0,0.0,1.0,0.0,0.0,1.0,0.0,0.0,0.0,1.0,0.0
-0.5189873417721519,-1.0,-1.0,0.4842496328468624,0.04548827682454415,-1.0,0.44323438208031396,0.0,1.0,0.0,0.0,0.0,1.0,0.0,0.0,0.0,0.0,1.0,0.0,1.0,0.0
-0.3417721518987342,-1.0,-1.0,-1.0,0.2846973192535558,-0.5645342362809285,0.22911871640787962,0.0,1.0,0.0,0.0,0.0,1.0,0.0,0.0,1.0,0.0,0.0,0.0,1.0,0.0
0.03797468354430378,-1.0,-1.0,-1.0,-1.0,-1.0,-1.0,0.0,1.0,0.0,0.0,0.0,0.0,1.0,0.0,0.0,0.0,1.0,0.0,1.0,0.0
0.06329113924050622,0.06064560594164736,0.6396060142113509,-0.7816847539510678,-0.7232176899759744,0.22603856279371892,0.6251289727147233,0.0,0.0,1.0,0.0,0.0,1.0,0.0,0.0,0.0,0.0,1.0,1.0,0.0,0.0
0.3924050632911391,-1.0,0.2226385058497966,-0.029693992928129798,-0.16965306992792295,-0.7252516930079197,0.2534768707710904,0.0,1.0,0.0,0.0,0.0,1.0,0.0,1.0,0.0,0.0,0.0,0.0,1.0,0.0
-0.49367088607594933,-1.0,-1.0,0.2349613326732034,0.12925401904617861,-0.07953276566912171,0.29425412914828364,0.0,1.0,0.0,0.0,0.0,1.0,0.0,0.0,0.0,0.0,1.0,0.0,1.0,0.0
-0.6962025316455696,-1.0,-1.0,-1.0,-1.0,-1.0,-1.0,0.0,1.0,0.0,0.0,0.0,0.0,1.0,0.0,0.0,0.0,1.0,0.0,1.0,0.0
-0.4683544303797469,-1.0,-1.0,-1.0,-1.0,-1.0,-1.0,0.0,0.0,1.0,0.0,0.0,0.0,1.0,0.0,0.0,0.0,1.0,0.0,1.0,0.0
-0.06329113924050633,-0.1033495365093745,-1.0,-0.4148837339220931,-1.0,0.32727858744800775,0.2968131027525629,0.0,1.0,0.0,0.0,0.0,1.0,0.0,0.0,0.0,0.0,1.0,0.0,1.0,0.0
-0.3417721518987342,-1.0,-1.0,-1.0,0.25762447872938243,-1.0,0.20083591163183567,0.0,1.0,0.0,0.0,0.0,1.0,0.0,0.0,0.0,0.0,1.0,0.0,1.0,0.0
-0.189873417721519,0.16130510622586658,0.21536137682866308,-0.7245168312189103,-0.4464353799519486,-0.03683859081786567,0.2978692864573731,0.0,1.0,0.0,0.0,1.0,0.0,0.0,0.0,0.0,0.0,1.0,0.0,1.0,0.0
-0.31645569620253167,-0.7102824304755853,0.3410711372503892,0.061623858319755254,0.36935525889756793,-1.0,0.4596994143085147,0.0,0.0,0.0,1.0,0.0,1.0,0.0,0.0,0.0,0.0,1.0,0.0,0.0,1.0
-0.5189873417721519,-1.0,-1.0,-1.0,-1.0,-1.0,-1.0,0.0,1.0,0.0,0.0,0.0,0.0,1.0,0.0,0.0,0.0,1.0,0.0,1.0,0.0
0.31645569620253156,0.4857019268876699,-0.7852186672204382,-0.1420326446896587,-1.0,-1.0,0.3667696985133764,0.0,0.0,0.0,1.0,0.0,1.0,0.0,0.0,1.0,0.0,0.0,0.0,1.0,0.0
-0.7215189873417722,-1.0,-1.0,-1.0,-1.0,-1.0,-1.0,1.0,0.0,0.0,0.0,0.0,0.0,1.0,0.0,0.0,0.0,1.0,0.0,1.0,0.0
-0.012658227848101333,0.22182999497646705,-1.0,0.3401733767361066,-1.0,-0.05618946243817058,0.36837725681771083,0.0,0.0,0.0,1.0,0.0,1.0,0.0,0.0,0.0,0.0,1.0,0.0,1.0,0.0
0.31645569620253156,-1.0,0.4204089061014924,-1.0,0.44232158060065907,0.22725819131954772,0.5438727524151696,0.0,0.0,1.0,0.0,0.0,1.0,0.0,0.0,0.0,0.0,1.0,0.0,0.0,1.0
-0.5443037974683544,-1.0,-0.2994134677161602,0.2907333302421522,-1.0,-0.1757550790237592,0.26458027772622783,0.0,1.0,0.0,0.0,0.0,1.0,0.0,0.0,0.0,0.0,1.0,0.0,1.0,0.0
-0.5443037974683544,-1.0,-1.0,-1.0,-1.0,-1.0,-1.0,0.0,1.0,0.0,0.0,0.0,0.0,1.0,0.0,0.0,0.0,1.0,0.0,1.0,0.0
0.03797468354430378,0.37439697731782773,0.26384249116764935,-0.7816847539510678,0.4679606937137455,0.6811174051806046,0.7072234360844667,0.0,0.0,1.0,0.0,0.0,1.0,0.0,1.0,0.0,0.0,0.0,0.0,1.0,0.0
-0.5189873417721519,0.38600248974286355,0.18365738799559228,-1.0,-1.0,-1.0,0.34909803250330795,0.0,0.0,0.0,1.0,0.0,1.0,0.0,0.0,0.0,0.0,1.0,0.0,1.0,0.0
-0.5443037974683544,-1.0,0.10779998432926186,-0.2878863391210461,-1.0,0.20452189931347853,0.2643292695647548,0.0,1.0,0.0,0.0,0.0,1.0,0.0,0.0,0.0,0.0,1.0,0.0,1.0,0.0
-0.3417721518987342,-1.0,-1.0,-1.0,-1.0,-1.0,-1.0,0.0,0.0,0.0,1.0,0.0,0.0,1.0,0.0,0.0,0.0,1.0,0.0,1.0,0.0
-0.06329113924050633,-1.0,-0.3485460401529257,-0.5062015851699782,0.3171612596463158,-0.6448929646444241,0.2685521020350963,0.0,1.0,0.0,0.0,0.0,1.0,0.0,0.0,0.0,0.0,1.0,0.0,1.0,0.0
0.11392405063291133,-1.0,-1.0,-0.6439431695605231,-0.3143830504493078,0.319290039634748,0.27743187557035265,0.0,1.0,0.0,0.0,0.0,1.0,0.0,0.0,0.0,0.0,1.0,0.0,1.0,0.0
-1.0,-1.0,-1.0,-1.0,-1.0,-1.0,-1.0,0.0,1.0,0.0,0.0,0.0,1.0,0.0,0.0,0.0,0.0,1.0,1.0,0.0,0.0
0.1898734177215189,-1.0,0.5069249342079343,0.4628459053412768,0.05982873242428055,-0.37014465765234383,0.5822762338670469,0.0,0.0,1.0,0.0,0.0,1.0,0.0,1.0,0.0,0.0,0.0,0.0,0.0,1.0
0.240506329113924,-0.3540121549940377,-0.363034326141483,0.45459697627591455,-1.0,0.37738517042435515,0.4989117421848983,0.0,0.0,0.0,1.0,0.0,1.0,0.0,0.0,0.0,0.0,1.0,0.0,1.0,0.0
-0.5443037974683544,-1.0,-1.0,-1.0,-1.0,-1.0,-1.0,0.0,1.0,0.0,0.0,0.0,0.0,1.0,0.0,0.0,1.0,0.0,0.0,1.0,0.0
-0.4683544303797469,-1.0,-1.0,-1.0,-1.0,-1.0,-1.0,0.0,1.0,0.0,0.0,0.0,0.0,1.0,0.0,0.0,0.0,1.0,0.0,1.0,0.0
-0.44303797468354433,0.5097276367408123,-1.0,0.08576774280421584,-1.0,-1.0,0.4073331432118983,0.0,0.0,0.0,1.0,0.0,1.0,0.0,1.0,0.0,0.0,0.0,0.0,1.0,0.0
-0.49367088607594933,-1.0,-1.0,0.2571267343536934,-1.0,0.07862737802787545,0.2717193681429104,0.0,1.0,0.0,0.0,0.0,1.0,0.0,0.0,0.0,0.0,1.0,0.0,1.0,0.0
-0.44303797468354433,0.059335338010751304,-1.0,0.22560333077240924,-1.0,-0.3468013544213927,0.2379735899734854,0.0,1.0,0.0,0.0,0.0,1.0,0.0,0.0,0.0,1.0,0.0,0.0,1.0,0.0
0.620253164556962,0.6034097701512853,-1.0,0.044764752392201235,-0.18253858794414057,-1.0,0.483640116321719,0.0,0.0,0.0,1.0,0.0,1.0,0.0,0.0,0.0,0.0,1.0,0.0,1.0,0.0
-0.6455696202531646,-1.0,-1.0,-1.0,-1.0,-1.0,-1.0,0.0,0.0,0.0,1.0,0.0,0.0,1.0,0.0,0.0,0.0,1.0,0.0,1.0,0.0
-0.5443037974683544,0.593548651937396,-1.0,-0.7816847539510678,0.3464934525291443,-1.0,0.5198105220908751,0.0,0.0,0.0,1.0,0.0,1.0,0.0,0.0,0.0,0.0,1.0,0.0,1.0,0.0
-0.7974683544303798,-1.0,-1.0,-1.0,-1.0,-1.0,-1.0,0.0,0.0,0.0,1.0,0.0,1.0,0.0,0.0,0.0,0.0,1.0,0.0,1.0,0.0
-0.4177215189873418,-1.0,-1.0,-1.0,-1.0,-1.0,-1.0,0.0,1.0,0.0,0.0,0.0,0.0,1.0,0.0,0.0,1.0,0.0,0.0,1.0,0.0
0.16455696202531644,-1.0,-1.0,-1.0,-1.0,-1.0,-1.0,0.0,0.0,0.0,1.0,0.0,0.0,1.0,0.0,0.0,0.0,1.0,0.0,1.0,0.0
-0.3924050632911392,-0.13748235824173838,0.17036570005481244,0.038455679613956795,-0.8616088449879872,-1.0,0.23330222189384453,0.0,1.0,0.0,0.0,0.0,1.0,0.0,0.0,0.0,0.0,1.0,0.0,1.0,0.0
0.08860759493670889,-1.0,-1.0,-1.0,-1.0,-1.0,-1.0,0.0,0.0,0.0,1.0,0.0,0.0,1.0,0.0,0.0,0.0,1.0,0.0,1.0,0.0
-0.6962025316455696,-1.0,-1.0,-1.0,-1.0,-1.0,-1.0,0.0,0.0,0.0,1.0,0.0,0.0,1.0,0.0,0.0,0.0,1.0,0.0,1.0,0.0
-0.21518987341772156,-1.0,-1.0,-1.0,-1.0,-1.0,-1.0,0.0,0.0,0.0,1.0,0.0,0.0,1.0,0.0,0.0,0.0,1.0,0.0,1.0,0.0
-0.11392405063291144,-1.0,-1.0,-1.0,-1.0,-1.0,-1.0,0.0,0.0,0.0,1.0,0.0,0.0,1.0,0.0,0.0,0.0,1.0,0.0,1.0,0.0
-0.3417721518987342,0.07208240131144761,-1.0,0.1819881641274088,0.02183936530264141,-1.0,0.2534768707710904,0.0,1.0,0.0,0.0,0.0,1.0,0.0,0.0,0.0,0.0,1.0,0.0,1.0,0.0
-0.1392405063291139,-1.0,0.6886098330719357,-0.23917582469336995,0.5111771964189955,-0.19871167186861294,0.7054187453086425,0.0,0.0,1.0,0.0,0.0,1.0,0.0,1.0,0.0,0.0,0.0,0.0,1.0,0.0
-0.21518987341772156,-1.0,-1.0,-1.0,-1.0,-1.0,-1.0,0.0,0.0,0.0,1.0,0.0,0.0,1.0,0.0,0.0,0.0,1.0,0.0,1.0,0.0
0.06329113924050622,-1.0,0.4686279142859542,-0.7816847539510678,0.6072457380547065,0.5464741254665166,0.6987714892388528,0.0,0.0,1.0,0.0,0.0,1.0,0.0,0.0,0.0,0.0,1.0,0.0,1.0,0.0
-0.08860759493670889,-1.0,-1.0,-1.0,-1.0,-1.0,-1.0,0.0,1.0,0.0,0.0,0.0,0.0,1.0,0.0,0.0,1.0,0.0,0.0,1.0,0.0
-0.4177215189873418,-1.0,-1.0,-1.0,-1.0,-1.0,-1.0,0.0,0.0,1.0,0.0,0.0,0.0,1.0,0.0,0.0,0.0,1.0,0.0,1.0,0.0
0.36708860759493667,-0.013894838545704724,-1.0,0.3996104047635387,-0.5613104177489419,-0.37014465765234383,0.3650003988430881,0.0,0.0,0.0,1.0,0.0,1.0,0.0,0.0,0.0,0.0,1.0,0.0,0.0,1.0
-1.0,-1.0,-1.0,-1.0,-1.0,-1.0,-1.0,0.0,0.0,0.0,1.0,0.0,1.0,0.0,0.0,0.0,0.0,1.0,0.0,1.0,0.0
0.139240506329114,-1.0,0.12402009418983506,0.4886221900351677,0.20358338105753115,0.471387967089389,0.5902120406154454,0.0,0.0,1.0,0.0,0.0,1.0,0.0,1.0,0.0,0.0,0.0,0.0,1.0,0.0
-0.6455696202531646,-1.0,0.3268194128938615,-0.5633695079021357,-1.0,-1.0,0.29553790956252945,0.0,1.0,0.0,0.0,0.0,1.0,0.0,1.0,0.0,0.0,0.0,0.0,1.0,0.0
0.4177215189873418,-1.0,-1.0,-1.0,-1.0,-1.0,-1.0,0.0,0.0,1.0,0.0,0.0,0.0,1.0,1.0,0.0,0.0,0.0,1.0,0.0,0.0
-0.5443037974683544,0.41040335172717635,-0.23913981375528381,-1.0,-0.5848265349639614,-1.0,0.2985001993479246,0.0,1.0,0.0,0.0,0.0,1.0,0.0,0.0,0.0,0.0,1.0,0.0,1.0,0.0
-0.4683544303797469,-1.0,-1.0,-1.0,-1.0,-1.0,-1.0,0.0,1.0,0.0,0.0,0.0,0.0,1.0,0.0,0.0,0.0,1.0,0.0,1.0,0.0
-0.49367088607594933,-1.0,-1.0,-1.0,-1.0,-1.0,-1.0,0.0,1.0,0.0,0.0,0.0,0.0,1.0,0.0,0.0,0.0,1.0,0.0,1.0,0.0
-0.06329113924050633,-1.0,-1.0,-1.0,-1.0,-1.0,-1.0,0.0,0.0,0.0,1.0,0.0,0.0,1.0,0.0,0.0,0.0,1.0,0.0,1.0,0.0
-0.4683544303797469,-1.0,-1.0,-1.0,-1.0,-1.0,-1.0,0.0,0.0,1.0,0.0,0.0,0.0,1.0,1.0,0.0,0.0,0.0,0.0,1.0,0.0
0.16455696202531644,-1.0,-1.0,-1.0,-1.0,-1.0,-1.0,0.0,0.0,1.0,0.0,0.0,0.0,1.0,0.0,0.0,0.0,1.0,0.0,1.0,0.0
-0.4177215189873418,-0.6636483178693894,-0.010250549959750388,-0.013787978039696447,-1.0,0.047072916600772174,0.18475705849326296,0.0,1.0,0.0,0.0,0.0,1.0,0.0,0.0,0.0,1.0,0.0,0.0,1.0,0.0
-0.2911392405063291,-1.0,-1.0,-1.0,-1.0,-1.0,-1.0,0.0,0.0,0.0,1.0,0.0,0.0,1.0,0.0,0.0,0.0,1.0,0.0,1.0,0.0
0.03797468354430378,0.40644608224046186,-1.0,-1.0,-1.0,-0.22468003347631071,0.29382427401442257,0.0,1.0,0.0,0.0,0.0,1.0,0.0,0.0,1.0,0.0,0.0,0.0,1.0,0.0
-0.5949367088607596,0.3175481596515286,-0.11811616638148303,-0.3684600007794333,0.24629878296747854,-1.0,0.34731859881036686,0.0,0.0,0.0,1.0,0.0,1.0,0.0,0.0,0.0,0.0,1.0,0.0,1.0,0.0
-0.6455696202531646,0.3995934338853615,-1.0,-0.18637553053927358,-1.0,-1.0,0.2901308349499321,0.0,0.0,0.0,1.0,0.0,1.0,0.0,0.0,1.0,0.0,0.0,0.0,1.0,0.0
-0.31645569620253167,-1.0,0.4074082935463461,0.5033647007516968,-1.0,-1.0,0.5425932800212867,0.0,0.0,1.0,0.0,0.0,1.0,0.0,1.0,0.0,0.0,0.0,0.0,0.0,1.0
-0.44303797468354433,0.049925971642005296,-1.0,0.2757756187767868,-0.6114869098077889,-1.0,0.26731977278540575,0.0,1.0,0.0,0.0,0.0,1.0,0.0,0.0,0.0,0.0,1.0,0.0,1.0,0.0
-0.31645569620253167,-1.0,-1.0,-1.0,-1.0,-1.0,-1.0,0.0,0.0,0.0,1.0,0.0,0.0,1.0,0.0,0.0,0.0,1.0,0.0,1.0,0.0
0.16455696202531644,0.7123145472685415,0.23886460234072704,-1.0,-0.4464353799519486,0.6059035756941726,0.7009961457471416,0.0,0.0,1.0,0.0,0.0,1.0,0.0,0.0,0.0,0.0,1.0,0.0,1.0,0.0
0.9746835443037973,-1.0,0.049061158388087334,0.05583551411883647,0.1313374073386364,-1.0,0.24998862605774574,0.0,1.0,0.0,0.0,0.0,1.0,0.0,1.0,0.0,0.0,0.0,0.0,1.0,0.0
-0.9240506329113924,-1.0,-1.0,-1.0,-1.0,-1.0,-1.0,0.0,1.0,0.0,0.0,0.0,1.0,0.0,0.0,0.0,0.0,1.0,0.0,1.0,0.0
-0.26582278481012656,0.5106395816805467,-1.0,-1.0,0.023031346353778792,-1.0,0.39983235237745895,0.0,1.0,0.0,0.0,0.0,1.0,0.0,0.0,0.0,0.0,1.0,0.0,1.0,0.0
-0.7974683544303798,-1.0,-1.0,-1.0,-1.0,-1.0,-1.0,0.0,1.0,0.0,0.0,0.0,1.0,0.0,1.0,0.0,0.0,0.0,0.0,1.0,0.0
-0.21518987341772156,-1.0,-0.12466993293651352,-1.0,0.5423221264396538,0.07341157674672072,0.49721649210617924,0.0,0.0,1.0,0.0,0.0,1.0,0.0,0.0,0.0,0.0,1.0,0.0,1.0,0.0
1.0,0.8055249853796651,0.06819219962437728,-0.5867752468283656,0.5684084588600593,0.5231308222355655,0.7677994119476585,0.0,0.0,1.0,0.0,0.0,1.0,0.0,0.0,0.0,0.0,1.0,0.0,1.0,0.0
-0.31645569620253167,-1.0,-1.0,-1.0,-1.0,-1.0,-1.0,0.0,1.0,0.0,0.0,0.0,0.0,1.0,0.0,0.0,1.0,0.0,0.0,1.0,0.0
0.03797468354430378,-1.0,-1.0,-1.0,-1.0,-1.0,-1.0,0.0,0.0,0.0,1.0,0.0,0.0,1.0,1.0,0.0,0.0,0.0,0.0,1.0,0.0
-1.0,-1.0,-1.0,-1.0,-1.0,-1.0,-1.0,0.0,1.0,0.0,0.0,0.0,0.0,1.0,0.0,0.0,1.0,0.0,0.0,1.0,0.0
-0.03797468354430378,-1.0,0.28352502048259365,-0.2669491921976609,-0.17279732755673072,-1.0,0.27696231702976926,0.0,1.0,0.0,0.0,0.0,1.0,0.0,0.0,0.0,0.0,1.0,0.0,1.0,0.0
-0.5949367088607596,-0.20915337023183045,-0.7289761332752838,0.31579977665021186,-1.0,-1.0,0.273642619471695,0.0,1.0,0.0,0.0,0.0,1.0,0.0,1.0,0.0,0.0,0.0,0.0,1.0,0.0
-1.0,-1.0,-1.0,-1.0,-1.0,-1.0,-1.0,0.0,0.0,0.0,1.0,0.0,1.0,0.0,0.0,0.0,0.0,1.0,0.0,1.0,0.0
0.3924050632911391,0.6287587181169347,-1.0,-0.8622584156094552,-1.0,0.12026123464521166,0.5069580589705946,0.0,0.0,0.0,1.0,0.0,1.0,0.0,0.0,0.0,0.0,1.0,0.0,1.0,0.0
-0.21518987341772156,-1.0,0.3232566282958129,-1.0,-1.0,-1.0,0.29035008818985286,0.0,1.0,0.0,0.0,0.0,1.0,0.0,0.0,0.0,1.0,0.0,0.0,1.0,0.0
-0.06329113924050633,-1.0,-1.0,0.32485165836014684,-0.7232176899759744,-1.0,0.2717193681429104,0.0,1.0,0.0,0.0,0.0,1.0,0.0,0.0,0.0,0.0,1.0,0.0,1.0,0.0
0.08860759493670889,0.45482072763519876,-0.08104483439466637,0.26342469774824684,0.29193545367409657,-1.0,0.48260380654667356,0.0,0.0,0.0,1.0,0.0,1.0,0.0,0.0,0.0,0.0,1.0,0.0,1.0,0.0
-0.4683544303797469,-1.0,-0.3224403331882094,0.5179515853224907,-0.1301559272165851,-1.0,0.4659068682597831,0.0,1.0,0.0,0.0,0.0,1.0,0.0,0.0,0.0,0.0,1.0,0.0,1.0,0.0
-0.3417721518987342,-1.0,-0.3350577685915167,-1.0,0.32438337093510894,-1.0,0.2717193681429104,0.0,1.0,0.0,0.0,0.0,1.0,0.0,0.0,0.0,0.0,1.0,0.0,1.0,0.0
-0.21518987341772156,-1.0,-1.0,-1.0,-1.0,-1.0,-1.0,0.0,1.0,0.0,0.0,0.0,0.0,1.0,0.0,0.0,1.0,0.0,0.0,1.0,0.0
-0.2405063291139241,0.34271442654853956,-1.0,0.038455679613956795,0.06853183468750279,0.22191806073596987,0.39253782207802046,0.0,0.0,0.0,1.0,0.0,1.0,0.0,0.0,0.0,0.0,1.0,0.0,1.0,0.0
-0.3924050632911392,0.3857269629390707,-1.0,-1.0,-0.30190047148617816,-1.0,0.27196083830957996,0.0,1.0,0.0,0.0,0.0,1.0,0.0,0.0,0.0,0.0,1.0,0.0,1.0,0.0
0.08860759493670889,0.2928374935028868,-0.6853510347334366,-0.022305814838097793,-0.22297381961557772,-1.0,0.24168655935896544,0.0,1.0,0.0,0.0,0.0,1.0,0.0,1.0,0.0,0.0,0.0,0.0,1.0,0.0
-0.31645569620253167,-1.0,-1.0,-1.0,-1.0,-1.0,-1.0,0.0,1.0,0.0,0.0,0.0,0.0,1.0,0.0,0.0,1.0,0.0,0.0,1.0,0.0
-0.49367088607594933,-1.0,-0.8644880666376419,-0.3051771617092195,0.3233297735928242,-0.3873893563162252,0.27672710334034045,0.0,1.0,0.0,0.0,0.0,1.0,0.0,0.0,0.0,0.0,1.0,0.0,1.0,0.0
-0.620253164556962,0.41040335172717635,-1.0,-1.0,-0.019157831294643102,-1.0,0.3145975771764009,0.0,1.0,0.0,0.0,0.0,1.0,0.0,0.0,0.0,0.0,1.0,1.0,0.0,0.0
-0.9240506329113924,-1.0,-1.0,-1.0,-1.0,-1.0,-1.0,0.0,1.0,0.0,0.0,0.0,0.0,1.0,0.0,0.0,0.0,1.0,0.0,1.0,0.0
-0.5949367088607596,0.5044834060644237,-1.0,0.5637244540809825,-1.0,-1.0,0.5788816645194448,0.0,0.0,0.0,1.0,0.0,1.0,0.0,1.0,0.0,0.0,0.0,0.0,1.0,0.0
-1.0,-1.0,-1.0,-1.0,-1.0,-1.0,-1.0,0.0,1.0,0.0,0.0,0.0,1.0,0.0,0.0,0.0,0.0,1.0,0.0,1.0,0.0
0.5696202531645569,-1.0,-1.0,-1.0,-1.0,-1.0,-1.0,0.0,0.0,0.0,1.0,0.0,0.0,1.0,0.0,0.0,0.0,1.0,0.0,1.0,0.0
-0.4683544303797469,0.38928078520685516,-1.0,-1.0,-0.2585621900439785,-1.0,0.27696231702976926,0.0,1.0,0.0,0.0,0.0,1.0,0.0,1.0,0.0,0.0,0.0,0.0,1.0,0.0
-0.8734177215189873,-1.0,-1.0,-1.0,-1.0,-1.0,-1.0,0.0,1.0,0.0,0.0,0.0,0.0,1.0,1.0,0.0,0.0,0.0,0.0,1.0,0.0
0.08860759493670889,-1.0,-1.0,-1.0,0.4157443438937978,-0.4271600827848884,0.3544953811851115,0.0,1.0,0.0,0.0,0.0,1.0,0.0,0.0,0.0,0.0,1.0,0.0,1.0,0.0
0.11392405063291133,0.22953819255562014,0.11769260357932732,-1.0,-1.0,-0.03228232096064931,0.27268341910299565,0.0,1.0,0.0,0.0,0.0,1.0,0.0,0.0,0.0,0.0,1.0,0.0,1.0,0.0
0.06329113924050622,0.4188071798551589,-1.0,-0.5424323609787505,-0.6114869098077889,-1.0,0.29744751488910315,0.0,1.0,0.0,0.0,0.0,1.0,0.0,0.0,0.0,0.0,1.0,0.0,1.0,0.0
0.5189873417721518,-0.37393074834497464,0.7395716406552777,-1.0,-1.0,0.48354217112191766,0.7382418279936898,0.0,0.0,1.0,0.0,0.0,1.0,0.0,0.0,0.0,0.0,1.0,0.0,1.0,0.0
0.49367088607594933,-1.0,-1.0,-1.0,-1.0,-1.0,-1.0,0.0,0.0,1.0,0.0,0.0,0.0,1.0,1.0,0.0,0.0,0.0,0.0,1.0,0.0
-0.2911392405063291,-1.0,-0.3224403331882094,-1.0,0.429086503872963,0.34189605280951874,0.46599409803531455,0.0,0.0,1.0,0.0,0.0,1.0,0.0,1.0,0.0,0.0,0.0,0.0,1.0,0.0
0.03797468354430378,-1.0,0.6920810927310335,-0.5867752468283656,0.8187292878634853,-0.3326389730944991,0.8307591471512847,0.0,0.0,1.0,0.0,0.0,1.0,0.0,1.0,0.0,0.0,0.0,0.0,1.0,0.0
-0.5189873417721519,0.06707648412250133,-1.0,0.32434536738379705,-1.0,-1.0,0.30671874225238205,0.0,0.0,0.0,1.0,0.0,1.0,0.0,0.0,0.0,0.0,1.0,0.0,1.0,0.0
0.6455696202531644,-1.0,-1.0,-1.0,-1.0,-1.0,-1.0,0.0,0.0,1.0,0.0,0.0,0.0,1.0,0.0,0.0,0.0,1.0,0.0,1.0,0.0
-0.31645569620253167,-1.0,-1.0,-1.0,-1.0,-1.0,-1.0,0.0,1.0,0.0,0.0,0.0,0.0,1.0,0.0,0.0,0.0,1.0,0.0,1.0,0.0
-0.21518987341772156,-1.0,-1.0,-1.0,-1.0,-1.0,-1.0,0.0,0.0,1.0,0.0,0.0,0.0,1.0,0.0,0.0,0.0,1.0,0.0,0.0,1.0
-0.620253164556962,-1.0,-1.0,-1.0,-1.0,-1.0,-1.0,0.0,1.0,0.0,0.0,0.0,0.0,1.0,0.0,0.0,0.0,1.0,0.0,1.0,0.0
0.2911392405063291,-0.5408085165037282,-1.0,0.0597130830139494,0.4234086928314664,-0.46329421162663964,0.39112232628577637,0.0,1.0,0.0,0.0,0.0,1.0,0.0,1.0,0.0,0.0,0.0,0.0,1.0,0.0
-0.08860759493670889,0.5423778884623844,-1.0,-0.7816847539510678,-0.10607179757566865,-1.0,0.4172718164439144,0.0,1.0,0.0,0.0,0.0,1.0,0.0,0.0,0.0,0.0,1.0,0.0,1.0,0.0
0.16455696202531644,-1.0,-1.0,-1.0,-1.0,-1.0,-1.0,0.0,1.0,0.0,0.0,0.0,0.0,1.0,0.0,0.0,0.0,1.0,0.0,1.0,0.0
-0.5443037974683544,-1.0,-1.0,-1.0,-1.0,-1.0,-1.0,0.0,1.0,0.0,0.0,0.0,0.0,1.0,0.0,0.0,0.0,1.0,0.0,1.0,0.0
-0.5443037974683544,-0.4340525761212535,-0.7852186672204382,-0.011027946161267899,0.2808140934463914,-1.0,0.26731977278540575,0.0,1.0,0.0,0.0,1.0,0.0,0.0,0.0,0.0,0.0,1.0,0.0,1.0,0.0
-0.26582278481012656,-1.0,-1.0,0.32661358719852873,-1.0,-1.0,0.27268341910299565,0.0,1.0,0.0,0.0,0.0,1.0,0.0,0.0,1.0,0.0,0.0,0.0,1.0,0.0
-0.03797468354430378,0.35263656129160603,-1.0,-1.0,-0.019157831294643102,0.10282679062457256,0.3247424298517094,0.0,1.0,0.0,0.0,0.0,1.0,0.0,0.0,0.0,0.0,1.0,0.0,1.0,0.0
-0.3417721518987342,-1.0,0.8296432064887203,-1.0,-0.7232176899759744,0.1808942910416702,0.790432637440821,0.0,0.0,1.0,0.0,0.0,1.0,0.0,1.0,0.0,0.0,0.0,0.0,1.0,0.0
-0.8734177215189873,-1.0,-1.0,-1.0,-1.0,-1.0,-1.0,0.0,1.0,0.0,0.0,0.0,1.0,0.0,0.0,0.0,1.0,0.0,0.0,1.0,0.0
-0.5443037974683544,0.5873375840961992,-1.0,-0.09297683199834372,-1.0,-1.0,0.4568844735232316,0.0,0.0,0.0,1.0,0.0,1.0,0.0,0.0,1.0,0.0,0.0,0.0,1.0,0.0
0.012658227848101333,-1.0,0.45167524502606327,-1.0,-0.061519796693389694,0.14383620243789408,0.4589769476130814,0.0,0.0,1.0,0.0,0.0,1.0,0.0,1.0,0.0,0.0,0.0,0.0,1.0,0.0
-0.31645569620253167,-1.0,-1.0,-1.0,-1.0,-1.0,-1.0,0.0,0.0,1.0,0.0,0.0,0.0,1.0,0.0,0.0,0.0,1.0,0.0,1.0,0.0
-0.44303797468354433,0.3564771664741384,-1.0,-1.0,0.015770319514128994,-0.7252516930079197,0.27976247514746677,0.0,1.0,0.0,0.0,0.0,1.0,0.0,0.0,0.0,0.0,1.0,0.0,1.0,0.0
-0.012658227848101333,-1.0,-1.0,-1.0,-1.0,0.34991378022938324,0.2985001993479246,0.0,1.0,0.0,0.0,0.0,1.0,0.0,0.0,0.0,1.0,0.0,0.0,1.0,0.0
-0.36708860759493667,-1.0,0.5961256621593098,-0.3949952390402589,-0.3573313781873907,0.4440431225710473,0.6243325020261214,0.0,0.0,1.0,0.0,0.0,1.0,0.0,1.0,0.0,0.0,0.0,0.0,1.0,0.0
0.26582278481012667,0.10727971854784335,-1.0,0.03522440352900569,-1.0,-1.0,0.13343897478367173,0.0,1.0,0.0,0.0,0.0,1.0,0.0,0.0,0.0,1.0,0.0,0.0,1.0,0.0
-0.189873417721519,0.4471543198525083,-1.0,0.13868027593374688,-0.6422640538624581,-1.0,0.3711224143309204,0.0,0.0,0.0,1.0,0.0,1.0,0.0,0.0,0.0,0.0,1.0,0.0,1.0,0.0
0.03797468354430378,-1.0,0.4377954437290288,-1.0,-0.7806552088744709,-0.4384882522367155,0.40422350246668115,0.0,0.0,1.0,0.0,0.0,1.0,0.0,0.0,0.0,0.0,1.0,0.0,1.0,0.0
0.5949367088607596,-1.0,0.051782813399544825,-1.0,0.27551610476783406,-1.0,0.27696231702976926,0.0,1.0,0.0,0.0,0.0,1.0,0.0,0.0,0.0,0.0,1.0,0.0,1.0,0.0
-0.06329113924050633,-0.27570607618896315,0.7866239521256733,-1.0,0.3592466456318435,0.8480963215407336,0.9014042245651153,0.0,0.0,1.0,0.0,0.0,1.0,0.0,0.0,0.0,0.0,1.0,0.0,1.0,0.0
-0.44303797468354433,-1.0,-1.0,0.34273152804703244,-0.17279732755673072,-1.0,0.3014171626985669,0.0,1.0,0.0,0.0,0.0,1.0,0.0,0.0,0.0,0.0,1.0,0.0,1.0,0.0
0.03797468354430378,0.36395291018926,-1.0,-1.0,-1.0,-0.4271600827848884,0.24890235148852158,0.0,1.0,0.0,0.0,0.0,1.0,0.0,1.0,0.0,0.0,0.0,0.0,1.0,0.0
-0.2911392405063291,-1.0,0.3736832640750325,-0.7245168312189103,0.2644787533352788,-0.5878775395118796,0.4178340128734539,0.0,1.0,0.0,0.0,0.0,1.0,0.0,0.0,0.0,0.0,1.0,0.0,1.0,0.0
0.11392405063291133,0.6739920268453625,-0.3556560016613146,-1.0,-0.17279732755673072,0.3492578866026381,0.5813261164202574,0.0,0.0,1.0,0.0,0.0,1.0,0.0,1.0,0.0,0.0,0.0,0.0,0.0,1.0
0.5443037974683544,-0.8551412152377926,0.2535258227892496,-1.0,0.6476002584894676,-0.8626258465039598,0.6013359014809183,0.0,0.0,1.0,0.0,0.0,1.0,0.0,1.0,0.0,0.0,0.0,0.0,1.0,0.0
0.139240506329114,-1.0,-1.0,-1.0,-1.0,-1.0,-1.0,0.0,0.0,1.0,0.0,0.0,0.0,1.0,1.0,0.0,0.0,0.0,0.0,1.0,0.0
-0.49367088607594933,-1.0,-1.0,-1.0,-1.0,-1.0,-1.0,0.0,1.0,0.0,0.0,0.0,0.0,1.0,0.0,0.0,0.0,1.0,0.0,1.0,0.0
-0.08860759493670889,-1.0,0.5026631328743059,-1.0,0.3978423274812688,-0.013666066580674485,0.5512628509933257,0.0,0.0,1.0,0.0,0.0,1.0,0.0,0.0,0.0,0.0,1.0,0.0,1.0,0.0
-0.31645569620253167,-1.0,-1.0,-1.0,-1.0,-1.0,-1.0,0.0,0.0,1.0,0.0,0.0,0.0,1.0,1.0,0.0,0.0,0.0,0.0,1.0,0.0
-1.0,-1.0,-1.0,-1.0,-1.0,-1.0,-1.0,0.0,1.0,0.0,0.0,0.0,0.0,1.0,0.0,0.0,0.0,1.0,0.0,1.0,0.0
-0.26582278481012656,-1.0,0.56349654144109,-1.0,-0.32769839905788767,0.03885665155921236,0.5379864968955481,0.0,0.0,1.0,0.0,0.0,1.0,0.0,0.0,0.0,0.0,1.0,0.0,1.0,0.0
0.1898734177215189,-1.0,-1.0,-1.0,-1.0,-1.0,-1.0,0.0,0.0,0.0,1.0,0.0,0.0,1.0,0.0,0.0,0.0,1.0,0.0,1.0,0.0
-0.189873417721519,-1.0,-1.0,-1.0,-1.0,-1.0,-1.0,0.0,1.0,0.0,0.0,0.0,0.0,1.0,0.0,0.0,1.0,0.0,0.0,1.0,0.0
0.1898734177215189,-0.5654236457133779,0.32504613638959334,-0.42562792351159096,-1.0,-1.0,0.2972362786668288,0.0,1.0,0.0,0.0,0.0,1.0,0.0,0.0,0.0,0.0,1.0,0.0,1.0,0.0
0.4177215189873418,-1.0,0.2525603769050686,-1.0,0.0368062031813885,-1.0,0.2707504172839674,0.0,1.0,0.0,0.0,0.0,1.0,0.0,0.0,0.0,0.0,1.0,0.0,1.0,0.0
0.4177215189873418,-1.0,-1.0,-1.0,-1.0,-1.0,-1.0,0.0,1.0,0.0,0.0,0.0,0.0,1.0,0.0,0.0,0.0,1.0,0.0,1.0,0.0
-0.21518987341772156,-0.19536900909227262,0.4796362674022565,-1.0,0.3783761713007814,0.4140569542946273,0.5918865213701763,0.0,0.0,1.0,0.0,0.0,1.0,0.0,0.0,0.0,0.0,1.0,0.0,1.0,0.0
-0.03797468354430378,-0.2569782954639235,0.490249052994711,-1.0,0.4376097104036676,-1.0,0.5511512999830637,0.0,0.0,1.0,0.0,0.0,1.0,0.0,0.0,0.0,0.0,1.0,0.0,1.0,0.0
0.5189873417721518,-1.0,-1.0,-1.0,-0.5613104177489419,0.29806879641670503,0.25079928924001504,0.0,1.0,0.0,0.0,0.0,1.0,0.0,1.0,0.0,0.0,0.0,0.0,1.0,0.0
-0.8987341772151899,-1.0,-1.0,-1.0,-1.0,-1.0,-1.0,0.0,1.0,0.0,0.0,0.0,0.0,1.0,0.0,0.0,0.0,1.0,0.0,1.0,0.0
-0.3924050632911392,0.003978188225416401,-0.5312057330235879,0.15948834256631605,0.14405013760452956,-0.23277050415630363,0.2806867953635208,0.0,1.0,0.0,0.0,0.0,1.0,0.0,0.0,0.0,0.0,1.0,0.0,1.0,0.0
-0.44303797468354433,-1.0,-1.0,-1.0,-1.0,-1.0,-1.0,0.0,1.0,0.0,0.0,0.0,0.0,1.0,0.0,0.0,0.0,1.0,0.0,1.0,0.0
0.16455696202531644,-1.0,0.7788251017912944,-1.0,-1.0,0.0058436739940253,0.737948856542467,0.0,0.0,1.0,0.0,0.0,1.0,0.0,1.0,0.0,0.0,0.0,0.0,1.0,0.0
-0.189873417721519,-1.0,-1.0,-1.0,-1.0,-1.0,-1.0,0.0,1.0,0.0,0.0,0.0,0.0,1.0,0.0,0.0,1.0,0.0,0.0,1.0,0.0
-0.44303797468354433,-1.0,0.6071610915811427,-1.0,0.3980240810059177,0.512849973796307,0.6845722562634347,0.0,0.0,1.0,0.0,1.0,0.0,0.0,0.0,0.0,0.0,1.0,0.0,1.0,0.0
-0.5949367088607596,-1.0,0.19824399050331643,0.3090720149231738,-1.0,-1.0,0.34909803250330795,0.0,1.0,0.0,0.0,0.0,1.0,0.0,0.0,0.0,0.0,1.0,0.0,1.0,0.0
-0.06329113924050633,0.24251591641358305,-1.0,-0.7245168312189103,0.2188600202642883,-1.0,0.2818359288675667,0.0,0.0,0.0,1.0,0.0,1.0,0.0,0.0,0.0,1.0,0.0,0.0,0.0,1.0
-0.7468354430379747,-1.0,-1.0,-1.0,-1.0,-1.0,-1.0,0.0,0.0,0.0,1.0,0.0,1.0,0.0,0.0,0.0,0.0,1.0,0.0,1.0,0.0
-0.5696202531645569,-0.2453649161795992,-1.0,0.3754656898763875,-1.0,-1.0,0.3262004918050192,0.0,0.0,0.0,1.0,0.0,1.0,0.0,0.0,0.0,0.0,1.0,0.0,1.0,0.0
-0.31645569620253167,-0.5933299775945341,-1.0,-1.0,0.3267338311711576,0.3953569370110681,0.44086123104838615,0.0,1.0,0.0,0.0,0.0,1.0,0.0,0.0,0.0,0.0,1.0,0.0,1.0,0.0
-0.1392405063291139,0.5857555398235368,-1.0,-0.08887938578783727,-0.25375096367024685,-0.7252516930079197,0.4596994143085147,0.0,0.0,0.0,1.0,0.0,1.0,0.0,0.0,0.0,0.0,1.0,0.0,1.0,0.0
-0.49367088607594933,-0.28234114300394575,-0.04392503674774717,0.3955780305726251,-1.0,-1.0,0.3645554962582078,0.0,1.0,0.0,0.0,0.0,1.0,0.0,1.0,0.0,0.0,0.0,0.0,1.0,0.0
-0.4683544303797469,-0.5654236457133779,-1.0,0.2786672977829394,-1.0,-1.0,0.22881635207629936,0.0,1.0,0.0,0.0,0.0,1.0,0.0,0.0,0.0,0.0,1.0,0.0,1.0,0.0
-0.21518987341772156,-1.0,0.8193480417202557,0.2549822628153373,0.7982546394120218,0.7135996086063199,0.9335813609244792,0.0,0.0,1.0,0.0,0.0,1.0,0.0,1.0,0.0,0.0,0.0,0.0,0.0,1.0
-0.31645569620253167,-1.0,0.5243891125897489,-1.0,0.35342665725163314,0.20812543513199033,0.5691335407800691,0.0,0.0,1.0,0.0,0.0,1.0,0.0,1.0,0.0,0.0,0.0,0.0,1.0,0.0
-0.31645569620253167,-1.0,-0.5498391013710785,-1.0,-0.2585621900439785,0.7715707495490352,0.7053193627070968,0.0,0.0,1.0,0.0,0.0,1.0,0.0,0.0,0.0,0.0,1.0,0.0,1.0,0.0
0.012658227848101333,-1.0,-1.0,-1.0,-1.0,-1.0,-1.0,0.0,0.0,1.0,0.0,0.0,0.0,1.0,1.0,0.0,0.0,0.0,0.0,1.0,0.0
0.26582278481012667,0.30454382822092674,-1.0,-1.0,0.32569259682668106,-0.3873893563162252,0.3667696985133764,0.0,0.0,0.0,1.0,0.0,1.0,0.0,0.0,0.0,0.0,1.0,0.0,1.0,0.0
0.03797468354430378,0.20874456491694504,-0.7852186672204382,-1.0,-0.5848265349639614,-0.3468013544213927,0.12213082270734521,0.0,1.0,0.0,0.0,0.0,1.0,0.0,0.0,0.0,0.0,1.0,0.0,1.0,0.0
-0.36708860759493667,-1.0,0.6362809105758802,-1.0,0.032319357436344065,-0.18526997864493955,0.6057020710018755,0.0,0.0,1.0,0.0,0.0,1.0,0.0,0.0,0.0,0.0,1.0,0.0,1.0,0.0
-0.2911392405063291,-1.0,-0.01653734227624548,0.06817049131843089,-0.3143830504493078,0.23597991504574756,0.2985001993479246,0.0,1.0,0.0,0.0,0.0,1.0,0.0,0.0,0.0,0.0,1.0,0.0,1.0,0.0
-0.4683544303797469,-1.0,-1.0,-1.0,-1.0,-1.0,-1.0,0.0,1.0,0.0,0.0,0.0,0.0,1.0,1.0,0.0,0.0,0.0,0.0,1.0,0.0
-0.189873417721519,-1.0,-1.0,-1.0,-1.0,-1.0,-1.0,0.0,0.0,1.0,0.0,0.0,0.0,1.0,1.0,0.0,0.0,0.0,0.0,1.0,0.0
-0.620253164556962,-1.0,-1.0,-1.0,-1.0,-1.0,-1.0,0.0,1.0,0.0,0.0,0.0,0.0,1.0,0.0,0.0,0.0,1.0,0.0,1.0,0.0
-0.012658227848101333,-1.0,-1.0,-1.0,0.4639532149049568,0.3915016799746305,0.5025458718855447,0.0,0.0,1.0,0.0,0.0,1.0,0.0,1.0,0.0,0.0,0.0,0.0,1.0,0.0
-0.36708860759493667,-1.0,0.3102492976761926,-0.10580186888088627,-0.487891873354127,-1.0,0.2999642599693204,0.0,1.0,0.0,0.0,0.0,1.0,0.0,0.0,0.0,0.0,1.0,0.0,1.0,0.0
-0.31645569620253167,-1.0,-1.0,-1.0,-1.0,-1.0,-1.0,0.0,1.0,0.0,0.0,0.0,0.0,1.0,0.0,0.0,0.0,1.0,0.0,1.0,0.0
-0.4683544303797469,0.2341441542029139,0.3755838767785613,0.32736394341061525,-0.02361131481502332,-1.0,0.48616728732836023,0.0,1.0,0.0,0.0,0.0,1.0,0.0,0.0,0.0,0.0,1.0,1.0,0.0,0.0
-0.012658227848101333,0.6014547788096785,-1.0,-0.3684600007794333,-1.0,-1.0,0.46291705475911016,0.0,0.0,0.0,1.0,0.0,1.0,0.0,1.0,0.0,0.0,0.0,0.0,1.0,0.0
-0.4683544303797469,-1.0,-1.0,-1.0,-1.0,-1.0,-1.0,0.0,1.0,0.0,0.0,0.0,0.0,1.0,0.0,0.0,1.0,0.0,0.0,1.0,0.0
-0.26582278481012656,0.5074302110713749,-0.4047885740980801,-1.0,-0.47309575479577604,-1.0,0.37967778951508313,0.0,1.0,0.0,0.0,0.0,1.0,0.0,0.0,0.0,0.0,1.0,0.0,1.0,0.0
-0.5443037974683544,-0.8551412152377926,-0.8644880666376419,-1.0,0.08312508491371173,0.22725819131954772,0.2534768707710904,0.0,1.0,0.0,0.0,0.0,1.0,0.0,0.0,0.0,0.0,1.0,0.0,1.0,0.0
-0.5443037974683544,0.1418700928448171,-1.0,-0.08092956166922327,-1.0,0.14135104122351216,0.23565221369765466,0.0,1.0,0.0,0.0,0.0,1.0,0.0,1.0,0.0,0.0,0.0,0.0,1.0,0.0
-0.6708860759493671,0.32979047500710434,0.06059071706703123,-0.17985956643497547,-0.8616088449879872,-0.5878775395118796,0.2914425878622171,0.0,1.0,0.0,0.0,0.0,1.0,0.0,0.0,0.0,0.0,1.0,0.0,1.0,0.0
-0.5443037974683544,0.3213342604896201,-1.0,-1.0,0.3474319089363309,-0.6143419940193948,0.3830761089306518,0.0,0.0,0.0,1.0,0.0,1.0,0.0,0.0,0.0,0.0,1.0,0.0,1.0,0.0
0.03797468354430378,-1.0,-1.0,-1.0,-1.0,-1.0,-1.0,0.0,0.0,1.0,0.0,0.0,0.0,1.0,1.0,0.0,0.0,0.0,0.0,1.0,0.0
-0.3417721518987342,0.592935786247726,-1.0,0.5456791894595474,-0.5212452626117072,-1.0,0.6010784528650233,0.0,0.0,0.0,1.0,0.0,1.0,0.0,0.0,0.0,1.0,0.0,0.0,1.0,0.0
0.139240506329114,-1.0,-1.0,-1.0,-1.0,-1.0,-1.0,0.0,0.0,1.0,0.0,0.0,0.0,1.0,1.0,0.0,0.0,0.0,0.0,1.0,0.0
-0.6708860759493671,0.4673156283471134,-0.514194800495722,0.4289246751431901,-1.0,-1.0,0.488273835514492,0.0,0.0,0.0,1.0,0.0,1.0,0.0,0.0,0.0,0.0,1.0,0.0,1.0,0.0
-0.4683544303797469,-0.8551412152377926,0.1555748957942975,-1.0,-1.0,0.1819158861387078,0.2640779304761438,0.0,1.0,0.0,0.0,0.0,1.0,0.0,0.0,0.0,1.0,0.0,0.0,1.0,0.0
-0.5443037974683544,0.36849299569616356,-1.0,-0.35255398589099995,-1.0,-0.18204732211135755,0.2705074081100842,0.0,0.0,0.0,1.0,0.0,1.0,0.0,0.0,1.0,0.0,0.0,0.0,1.0,0.0
0.240506329113924,-0.5187895331071819,0.01523549755040321,-1.0,-0.7232176899759744,0.7778158579871866,0.7146787318276153,0.0,0.0,1.0,0.0,0.0,1.0,0.0,1.0,0.0,0.0,0.0,0.0,0.0,1.0
-0.49367088607594933,0.26033512446676066,0.20698996485791565,-1.0,0.38313011572517763,0.08620240235752097,0.4630942301167491,0.0,1.0,0.0,0.0,0.0,1.0,0.0,0.0,0.0,0.0,1.0,0.0,1.0,0.0
-0.11392405063291144,-0.8551412152377926,-1.0,-0.27714214953154825,0.31358851320541414,-1.0,0.2640779304761438,0.0,1.0,0.0,0.0,0.0,1.0,0.0,1.0,0.0,0.0,0.0,0.0,1.0,0.0
-0.5696202531645569,-1.0,-1.0,-1.0,-1.0,-1.0,-1.0,0.0,0.0,1.0,0.0,0.0,0.0,1.0,0.0,0.0,0.0,1.0,0.0,1.0,0.0
-0.49367088607594933,-1.0,-1.0,-1.0,-1.0,-1.0,-1.0,0.0,1.0,0.0,0.0,0.0,0.0,1.0,0.0,0.0,1.0,0.0,0.0,1.0,0.0
0.4430379746835442,-1.0,-1.0,-1.0,-1.0,-1.0,-1.0,0.0,0.0,1.0,0.0,0.0,0.0,1.0,1.0,0.0,0.0,0.0,0.0,1.0,0.0
-0.7974683544303798,-1.0,-1.0,-1.0,-1.0,-1.0,-1.0,0.0,1.0,0.0,0.0,0.0,0.0,1.0,1.0,0.0,0.0,0.0,0.0,1.0,0.0
-0.4177215189873418,0.6074566721315795,-1.0,-1.0,-1.0,-1.0,0.46634261855486403,0.0,1.0,0.0,0.0,0.0,1.0,0.0,0.0,0.0,0.0,1.0,0.0,1.0,0.0
-0.5443037974683544,-1.0,-1.0,-1.0,-0.8616088449879872,0.15288750182430144,0.1095445156874435,0.0,1.0,0.0,0.0,0.0,1.0,0.0,0.0,0.0,1.0,0.0,0.0,1.0,0.0
-0.3924050632911392,-1.0,-0.31058807447301096,-1.0,-0.11299698542437708,0.38114955728726474,0.3484528857925313,0.0,1.0,0.0,0.0,0.0,1.0,0.0,0.0,0.0,1.0,0.0,0.0,1.0,0.0
-0.31645569620253167,-1.0,0.6452706011211122,-1.0,0.7424258841170333,0.6998986057087706,0.8453719326772939,0.0,0.0,1.0,0.0,0.0,1.0,0.0,0.0,0.0,0.0,1.0,0.0,1.0,0.0
-0.1392405063291139,-1.0,0.5382625474231553,-0.8622584156094552,-0.02511816146215251,0.566990768462174,0.6404669595265942,0.0,0.0,1.0,0.0,0.0,1.0,0.0,1.0,0.0,0.0,0.0,0.0,1.0,0.0
-0.6455696202531646,-1.0,-1.0,-1.0,-1.0,-1.0,-1.0,0.0,1.0,0.0,0.0,0.0,0.0,1.0,0.0,0.0,0.0,1.0,0.0,1.0,0.0
0.06329113924050622,0.45402685374455753,-1.0,0.3063158112284252,-1.0,-0.7252516930079197,0.42564328907813254,0.0,0.0,0.0,1.0,0.0,1.0,0.0,0.0,0.0,0.0,1.0,0.0,1.0,0.0
-0.5443037974683544,-1.0,-0.010250549959750388,-1.0,0.17127691348932084,-0.18526997864493955,0.20973637437120352,0.0,1.0,0.0,0.0,0.0,1.0,0.0,0.0,0.0,0.0,1.0,0.0,1.0,0.0
-0.3417721518987342,0.02044237151630557,0.30685759734491724,-1.0,-1.0,-0.4384882522367155,0.3065175383591958,0.0,1.0,0.0,0.0,0.0,1.0,0.0,0.0,0.0,0.0,1.0,0.0,1.0,0.0
-0.5949367088607596,-1.0,0.2993852587276915,-1.0,-1.0,-0.5878775395118796,0.26879761484571585,0.0,1.0,0.0,0.0,1.0,0.0,0.0,0.0,0.0,0.0,1.0,0.0,1.0,0.0
-0.5189873417721519,-1.0,-1.0,-1.0,-1.0,-1.0,-1.0,0.0,0.0,0.0,1.0,1.0,0.0,0.0,0.0,0.0,0.0,1.0,0.0,1.0,0.0
-0.189873417721519,-1.0,0.05972757043652188,-1.0,0.6495683514310084,0.08702647427243382,0.5966917214928804,0.0,0.0,1.0,0.0,0.0,1.0,0.0,1.0,0.0,0.0,0.0,0.0,1.0,0.0
-0.5189873417721519,-1.0,-1.0,-1.0,-1.0,-1.0,-1.0,0.0,1.0,0.0,0.0,0.0,0.0,1.0,0.0,0.0,1.0,0.0,0.0,1.0,0.0
-0.3924050632911392,-0.1909691192030346,-1.0,-0.5234924077581515,-0.013370288877458503,0.4367147554107569,0.40685802602866517,0.0,1.0,0.0,0.0,0.0,1.0,0.0,0.0,0.0,0.0,1.0,0.0,1.0,0.0
-0.31645569620253167,-0.015769174431463306,-1.0,0.2837064039396284,-1.0,-1.0,0.2618008416391422,0.0,1.0,0.0,0.0,0.0,1.0,0.0,0.0,0.0,0.0,1.0,0.0,1.0,0.0
-0.31645569620253167,-1.0,-1.0,-1.0,-1.0,-1.0,-1.0,0.0,1.0,0.0,0.0,0.0,1.0,0.0,0.0,0.0,1.0,0.0,0.0,1.0,0.0
-0.1392405063291139,-1.0,-0.6853510347334366,-1.0,0.30393042558864636,0.48331961185092154,0.48920265913548655,0.0,0.0,1.0,0.0,0.0,1.0,0.0,0.0,0.0,0.0,1.0,0.0,0.0,1.0
-0.4177215189873418,-1.0,-1.0,-0.4902955702815448,0.31552024027346937,-0.4062787864940952,0.2640779304761438,0.0,1.0,0.0,0.0,0.0,1.0,0.0,0.0,0.0,0.0,1.0,0.0,1.0,0.0
-0.6455696202531646,-1.0,-1.0,-1.0,-1.0,-1.0,-1.0,0.0,1.0,0.0,0.0,0.0,0.0,1.0,1.0,0.0,0.0,0.0,0.0,1.0,0.0
0.16455696202531644,0.2677380371925622,-1.0,0.15890644141632815,-0.20730647247606515,-0.18204732211135755,0.2933934474557045,0.0,1.0,0.0,0.0,0.0,1.0,0.0,0.0,0.0,0.0,1.0,0.0,1.0,0.0
-0.3924050632911392,-1.0,0.5601137184135516,-0.6439431695605231,0.3336236116542357,0.5968208800288888,0.684489109934677,0.0,0.0,1.0,0.0,0.0,1.0,0.0,0.0,0.0,0.0,1.0,0.0,1.0,0.0
-0.11392405063291144,-0.03140165932038008,0.3021583888300843,-0.6133104850891911,-1.0,-1.0,0.2944686937979426,0.0,1.0,0.0,0.0,0.0,1.0,0.0,0.0,0.0,0.0,1.0,0.0,1.0,0.0
-0.44303797468354433,-1.0,-1.0,-1.0,-1.0,-1.0,-1.0,0.0,0.0,0.0,1.0,0.0,1.0,0.0,0.0,0.0,0.0,1.0,0.0,1.0,0.0
0.240506329113924,-0.5933299775945341,-0.8644880666376419,0.2837064039396284,0.3996524598532438,-0.37014465765234383,0.4263961728198056,0.0,1.0,0.0,0.0,0.0,1.0,0.0,0.0,0.0,0.0,1.0,0.0,1.0,0.0
-0.31645569620253167,0.37439697731782773,-1.0,-1.0,-1.0,-1.0,0.25374257209786033,0.0,1.0,0.0,0.0,0.0,1.0,0.0,0.0,0.0,0.0,1.0,0.0,1.0,0.0
-0.6455696202531646,-1.0,-1.0,-1.0,-1.0,-1.0,-1.0,0.0,0.0,1.0,0.0,0.0,0.0,1.0,1.0,0.0,0.0,0.0,0.0,1.0,0.0
0.3924050632911391,-1.0,-1.0,-1.0,-1.0,-1.0,-1.0,0.0,0.0,1.0,0.0,0.0,0.0,1.0,1.0,0.0,0.0,0.0,0.0,1.0,0.0
0.03797468354430378,-0.4340525761212535,0.724612123014599,-0.12430071403862064,0.27884378568289026,0.5825677703922871,0.7635806846543709,0.0,0.0,1.0,0.0,0.0,1.0,0.0,1.0,0.0,0.0,0.0,0.0,1.0,0.0
-0.9493670886075949,-1.0,-1.0,-1.0,-1.0,-1.0,-1.0,0.0,1.0,0.0,0.0,0.0,0.0,1.0,1.0,0.0,0.0,0.0,0.0,1.0,0.0
-0.6455696202531646,-1.0,0.6465217516856416,0.11397994545347934,0.05784208684864778,0.43258715107707113,0.6705763694577516,0.0,0.0,1.0,0.0,0.0,1.0,0.0,0.0,0.0,0.0,1.0,0.0,1.0,0.0
-0.5696202531645569,-1.0,-1.0,-1.0,-1.0,-1.0,-1.0,0.0,0.0,1.0,0.0,0.0,0.0,1.0,0.0,0.0,0.0,1.0,0.0,1.0,0.0
0.03797468354430378,-1.0,-1.0,0.29838864219741756,-1.0,-0.16965647445668952,0.2628162404236223,0.0,1.0,0.0,0.0,0.0,1.0,0.0,0.0,0.0,1.0,0.0,0.0,1.0,0.0
-0.26582278481012656,-1.0,0.44779213271275875,-1.0,-1.0,0.6326302890860538,0.6392758893499131,0.0,0.0,1.0,0.0,0.0,1.0,0.0,0.0,0.0,0.0,1.0,0.0,1.0,0.0
-0.5696202531645569,-1.0,-1.0,-1.0,-1.0,-1.0,-1.0,0.0,0.0,1.0,0.0,0.0,0.0,1.0,1.0,0.0,0.0,0.0,0.0,1.0,0.0
-0.6708860759493671,-1.0,-1.0,-1.0,-1.0,-1.0,-1.0,0.0,1.0,0.0,0.0,0.0,0.0,1.0,1.0,0.0,0.0,0.0,1.0,0.0,0.0
-0.2911392405063291,-1.0,0.16938079926025185,-0.05029687719789122,-0.45932089796816633,0.4680489637567815,0.46503236823507077,0.0,0.0,1.0,0.0,0.0,1.0,0.0,0.0,0.0,0.0,1.0,0.0,1.0,0.0
-0.11392405063291144,0.22182999497646705,0.6451840190141864,-1.0,-1.0,0.19805361860365212,0.6341471928599762,0.0,0.0,1.0,0.0,0.0,1.0,0.0,0.0,0.0,0.0,1.0,0.0,1.0,0.0
-0.49367088607594933,0.014011493335451597,-1.0,-1.0,0.25725712585106786,-1.0,0.24055179010908012,0.0,1.0,0.0,0.0,0.0,1.0,0.0,0.0,0.0,1.0,0.0,0.0,1.0,0.0
-0.16455696202531644,0.014011493335451597,0.2931946921012907,-0.5424323609787505,-1.0,-1.0,0.29296164507155775,0.0,1.0,0.0,0.0,0.0,1.0,0.0,0.0,0.0,0.0,1.0,0.0,1.0,0.0
-0.26582278481012656,0.010720290663944976,0.670986386283845,-0.5424323609787505,-0.8616088449879872,-0.8626258465039598,0.6343997209880514,0.0,0.0,1.0,0.0,0.0,1.0,0.0,0.0,0.0,0.0,1.0,0.0,1.0,0.0
0.6962025316455696,-1.0,0.06400569287833191,-1.0,0.6784517430271935,0.08784713387150966,0.621730381010769,0.0,0.0,1.0,0.0,0.0,1.0,0.0,0.0,0.0,0.0,1.0,0.0,1.0,0.0
-0.11392405063291144,-1.0,-1.0,-1.0,-1.0,-1.0,-1.0,0.0,0.0,1.0,0.0,0.0,0.0,1.0,0.0,0.0,0.0,1.0,0.0,1.0,0.0
0.11392405063291133,0.0386266225451013,-0.24317093377100574,-1.0,0.3130331408499871,-0.11264104932414476,0.3159435078276387,0.0,1.0,0.0,0.0,0.0,1.0,0.0,0.0,0.0,0.0,1.0,0.0,1.0,0.0
-0.620253164556962,-1.0,-1.0,-1.0,-1.0,-1.0,-1.0,0.0,0.0,0.0,1.0,0.0,0.0,1.0,0.0,0.0,0.0,1.0,0.0,1.0,0.0
0.2911392405063291,-1.0,-1.0,-1.0,0.25799115694638375,-0.4916552261572421,0.2053380803995981,0.0,1.0,0.0,0.0,0.0,1.0,0.0,0.0,0.0,0.0,1.0,0.0,1.0,0.0
-0.2405063291139241,-1.0,-1.0,-1.0,-1.0,-1.0,-1.0,0.0,0.0,1.0,0.0,0.0,0.0,1.0,0.0,0.0,1.0,0.0,0.0,1.0,0.0
-0.4177215189873418,0.24251591641358305,-1.0,-0.0208605786444378,-0.07080780777595519,-0.5645342362809285,0.22911871640787962,0.0,1.0,0.0,0.0,0.0,1.0,0.0,0.0,0.0,1.0,0.0,0.0,1.0,0.0
-0.5189873417721519,-1.0,-1.0,-1.0,-1.0,-1.0,-1.0,0.0,1.0,0.0,0.0,0.0,0.0,1.0,0.0,0.0,0.0,1.0,1.0,0.0,0.0
-0.3924050632911392,0.06833924959827642,-1.0,0.36909338915503276,-0.7806552088744709,-1.0,0.3433775660388374,0.0,0.0,0.0,1.0,0.0,1.0,0.0,0.0,0.0,0.0,1.0,0.0,1.0,0.0
-0.44303797468354433,0.26725258505696114,-0.7852186672204382,0.0832254595068509,-1.0,-0.18854590463455945,0.2550655522240399,0.0,1.0,0.0,0.0,0.0,1.0,0.0,1.0,0.0,0.0,0.0,0.0,1.0,0.0
-0.49367088607594933,-1.0,-1.0,-1.0,0.3318600751016938,-0.4384882522367155,0.2755466619768592,0.0,1.0,0.0,0.0,0.0,1.0,0.0,0.0,0.0,0.0,1.0,0.0,1.0,0.0
0.5696202531645569,-0.8551412152377926,-0.015263706538871658,0.05087966873025751,-1.0,0.21557208604712197,0.27719724086861364,0.0,1.0,0.0,0.0,0.0,1.0,0.0,0.0,0.0,0.0,1.0,0.0,1.0,0.0
0.012658227848101333,-1.0,0.595902930840154,0.3186893320014137,-0.487891873354127,-0.3070306279527296,0.5955901312840155,0.0,0.0,1.0,0.0,0.0,1.0,0.0,0.0,0.0,0.0,1.0,0.0,1.0,0.0
-0.31645569620253167,-1.0,-1.0,-1.0,-1.0,-1.0,-1.0,0.0,0.0,1.0,0.0,0.0,0.0,1.0,1.0,0.0,0.0,0.0,0.0,1.0,0.0
-0.21518987341772156,0.032739274060491264,0.622433000432083,-0.4755689006986463,0.08833380378817424,0.395183315440617,0.6433780897841415,0.0,0.0,1.0,0.0,0.0,1.0,0.0,1.0,0.0,0.0,0.0,0.0,1.0,0.0
0.03797468354430378,-1.0,-1.0,-1.0,-1.0,-1.0,-1.0,0.0,0.0,1.0,0.0,0.0,0.0,1.0,0.0,0.0,0.0,1.0,0.0,1.0,0.0
0.012658227848101333,-1.0,-1.0,-1.0,-1.0,-1.0,-1.0,0.0,0.0,1.0,0.0,0.0,0.0,1.0,0.0,0.0,0.0,1.0,0.0,1.0,0.0
-0.36708860759493667,-1.0,-1.0,-1.0,-1.0,-1.0,-1.0,0.0,0.0,1.0,0.0,0.0,0.0,1.0,0.0,0.0,0.0,1.0,0.0,1.0,0.0
-0.5443037974683544,0.46411918289799914,-0.5498391013710785,0.5647855044317833,-1.0,-1.0,0.5683704683626232,0.0,0.0,0.0,1.0,0.0,1.0,0.0,0.0,0.0,0.0,1.0,0.0,1.0,0.0
0.08860759493670889,-0.5933299775945341,-0.363034326141483,-1.0,0.710289995185919,-1.0,0.6341832887932655,0.0,1.0,0.0,0.0,0.0,1.0,0.0,0.0,0.0,1.0,0.0,0.0,1.0,0.0
-0.3417721518987342,-1.0,0.005207535689018439,-1.0,0.6414158383730364,-1.0,0.5758181214159894,0.0,0.0,1.0,0.0,0.0,1.0,0.0,0.0,0.0,0.0,1.0,0.0,1.0,0.0
-0.31645569620253167,-0.029382445057654194,-0.8644880666376419,-0.2226063063480459,0.5557910327117843,-0.3620541869723509,0.49898510784718453,0.0,0.0,0.0,1.0,0.0,1.0,0.0,0.0,0.0,0.0,1.0,0.0,1.0,0.0
-0.4683544303797469,-1.0,-1.0,-1.0,-1.0,-1.0,-1.0,0.0,0.0,1.0,0.0,0.0,0.0,1.0,1.0,0.0,0.0,0.0,0.0,1.0,0.0
0.2911392405063291,-1.0,0.10712233237091406,-1.0,0.4523951860220101,-0.16667613242938417,0.4285310290720816,0.0,0.0,1.0,0.0,0.0,1.0,0.0,1.0,0.0,0.0,0.0,0.0,0.0,1.0
0.7974683544303798,-1.0,-1.0,-1.0,-1.0,-1.0,-1.0,0.0,0.0,0.0,1.0,0.0,0.0,1.0,0.0,0.0,1.0,0.0,0.0,1.0,0.0
-0.2405063291139241,-1.0,-1.0,-1.0,-1.0,-1.0,-1.0,0.0,0.0,1.0,0.0,0.0,0.0,1.0,0.0,0.0,0.0,1.0,0.0,1.0,0.0
-0.08860759493670889,-0.3540121549940377,-1.0,0.3392349140676152,-1.0,-1.0,0.28947155819687853,0.0,1.0,0.0,0.0,0.0,1.0,0.0,0.0,0.0,0.0,1.0,0.0,1.0,0.0
-0.9746835443037974,-1.0,-1.0,-1.0,-1.0,-1.0,-1.0,0.0,0.0,0.0,1.0,0.0,0.0,1.0,0.0,0.0,0.0,1.0,0.0,1.0,0.0
-0.11392405063291144,-1.0,-1.0,-1.0,-1.0,-1.0,-1.0,0.0,0.0,1.0,0.0,0.0,0.0,1.0,1.0,0.0,0.0,0.0,0.0,1.0,0.0
-0.5189873417721519,0.32688783042389336,-1.0,-1.0,-0.08458266460356478,0.3282548899641491,0.39189571749289853,0.0,1.0,0.0,0.0,0.0,1.0,0.0,0.0,0.0,0.0,1.0,0.0,1.0,0.0
-1.0,-1.0,-1.0,-1.0,-1.0,-1.0,-1.0,0.0,0.0,0.0,1.0,0.0,1.0,0.0,0.0,0.0,0.0,1.0,0.0,1.0,0.0
0.06329113924050622,-1.0,-1.0,-1.0,-1.0,-1.0,-1.0,0.0,0.0,0.0,1.0,0.0,0.0,1.0,0.0,0.0,0.0,1.0,0.0,1.0,0.0
-0.4683544303797469,-1.0,-1.0,-1.0,-1.0,-1.0,-1.0,0.0,1.0,0.0,0.0,0.0,0.0,1.0,0.0,0.0,1.0,0.0,0.0,1.0,0.0
-0.012658227848101333,0.10832205013701102,-1.0,0.38873118301769516,-0.16350931647416544,-1.0,0.3739699754293264,0.0,0.0,0.0,1.0,0.0,1.0,0.0,0.0,0.0,0.0,1.0,0.0,1.0,0.0
-0.012658227848101333,-1.0,0.3066130664884681,-1.0,-0.1927796138817054,-1.0,0.28703451468770114,0.0,1.0,0.0,0.0,0.0,1.0,0.0,0.0,0.0,0.0,1.0,0.0,1.0,0.0
0.012658227848101333,-0.3540121549940377,-0.012741059999563098,-1.0,0.11627539949736287,-1.0,0.1621120854767617,0.0,1.0,0.0,0.0,0.0,1.0,0.0,0.0,0.0,0.0,1.0,0.0,1.0,0.0
-0.7215189873417722,-1.0,-1.0,-1.0,-1.0,-1.0,-1.0,0.0,0.0,1.0,0.0,0.0,1.0,0.0,1.0,0.0,0.0,0.0,0.0,1.0,0.0
-0.3924050632911392,-1.0,-1.0,0.2867921662649746,-1.0,-1.0,0.2344808387613615,0.0,1.0,0.0,0.0,0.0,1.0,0.0,0.0,0.0,1.0,0.0,0.0,1.0,0.0
-0.3417721518987342,-1.0,-1.0,-1.0,-1.0,-1.0,-1.0,0.0,0.0,1.0,0.0,0.0,1.0,0.0,0.0,0.0,0.0,1.0,0.0,0.0,1.0
-0.03797468354430378,-1.0,0.13899696985372523,-1.0,0.22151623992572467,-1.0,0.2724428630192193,0.0,1.0,0.0,0.0,0.0,1.0,0.0,0.0,0.0,0.0,1.0,0.0,1.0,0.0
-0.5949367088607596,-1.0,-1.0,-1.0,-1.0,-1.0,-1.0,0.0,1.0,0.0,0.0,0.0,0.0,1.0,0.0,0.0,1.0,0.0,0.0,1.0,0.0
-0.5189873417721519,-1.0,-1.0,-1.0,-1.0,-1.0,-1.0,0.0,1.0,0.0,0.0,1.0,0.0,0.0,0.0,0.0,0.0,1.0,0.0,1.0,0.0
-0.06329113924050633,-1.0,-1.0,-1.0,-1.0,-1.0,-1.0,0.0,0.0,1.0,0.0,0.0,0.0,1.0,1.0,0.0,0.0,0.0,0.0,0.0,1.0
-0.3417721518987342,0.33547754839214616,-0.1314510425688057,-1.0,-1.0,-0.03228232096064931,0.27696231702976926,0.0,1.0,0.0,0.0,0.0,1.0,0.0,1.0,0.0,0.0,0.0,0.0,1.0,0.0
-0.5949367088607596,-1.0,-1.0,-1.0,-1.0,-1.0,-1.0,0.0,0.0,1.0,0.0,0.0,0.0,1.0,0.0,0.0,0.0,1.0,0.0,1.0,0.0
-1.0,-1.0,-1.0,-1.0,-1.0,-1.0,-1.0,0.0,1.0,0.0,0.0,0.0,1.0,0.0,0.0,0.0,0.0,1.0,0.0,1.0,0.0
-0.36708860759493667,-1.0,-1.0,-1.0,-1.0,-1.0,-1.0,0.0,0.0,0.0,1.0,0.0,0.0,1.0,0.0,1.0,0.0,0.0,0.0,1.0,0.0
-0.3924050632911392,-1.0,-1.0,-1.0,-1.0,-1.0,-1.0,0.0,0.0,0.0,1.0,0.0,0.0,1.0,0.0,0.0,0.0,1.0,0.0,1.0,0.0
-0.49367088607594933,-1.0,-1.0,0.5691958516935549,-0.2845281077249162,0.15581501458033697,0.530301283369679,0.0,1.0,0.0,0.0,0.0,1.0,0.0,0.0,0.0,0.0,1.0,0.0,1.0,0.0
0.06329113924050622,-1.0,-1.0,-1.0,-1.0,-1.0,-1.0,0.0,0.0,1.0,0.0,0.0,0.0,1.0,0.0,0.0,0.0,1.0,0.0,1.0,0.0
-0.1392405063291139,-1.0,-1.0,-1.0,-1.0,-1.0,-1.0,0.0,0.0,0.0,1.0,0.0,0.0,1.0,0.0,0.0,0.0,1.0,0.0,1.0,0.0
-0.36708860759493667,-1.0,-1.0,-1.0,-1.0,-1.0,-1.0,0.0,0.0,1.0,0.0,0.0,0.0,1.0,1.0,0.0,0.0,0.0,0.0,1.0,0.0
0.240506329113924,0.20874456491694504,0.09880182585397423,-1.0,-1.0,-1.0,0.21951496243606505,0.0,1.0,0.0,0.0,0.0,1.0,0.0,0.0,0.0,0.0,1.0,0.0,1.0,0.0
-0.36708860759493667,-1.0,-1.0,-1.0,-1.0,-1.0,-1.0,0.0,0.0,1.0,0.0,0.0,0.0,1.0,0.0,0.0,0.0,1.0,0.0,1.0,0.0
-0.012658227848101333,-1.0,-1.0,-1.0,-1.0,-1.0,-1.0,1.0,0.0,0.0,0.0,0.0,0.0,1.0,1.0,0.0,0.0,0.0,0.0,1.0,0.0
0.31645569620253156,-1.0,0.41986127998924094,-0.31129207804727577,-1.0,0.4242148253948925,0.511613994759808,0.0,0.0,1.0,0.0,0.0,1.0,0.0,1.0,0.0,0.0,0.0,0.0,1.0,0.0
-0.03797468354430378,-1.0,-1.0,-1.0,-1.0,-1.0,-1.0,0.0,1.0,0.0,0.0,0.0,0.0,1.0,0.0,0.0,1.0,0.0,0.0,1.0,0.0
-0.189873417721519,-1.0,-1.0,-1.0,-1.0,-1.0,-1.0,0.0,1.0,0.0,0.0,0.0,0.0,1.0,0.0,0.0,0.0,1.0,0.0,1.0,0.0
-0.44303797468354433,-0.14088059653679108,-0.23913981375528381,-1.0,-1.0,0.2320630087032367,0.22235333751358932,0.0,1.0,0.0,0.0,0.0,1.0,0.0,0.0,0.0,0.0,1.0,0.0,1.0,0.0
0.2911392405063291,-1.0,0.48104493717120556,-1.0,0.5660732716194694,-0.268904632998055,0.6052405218863508,0.0,0.0,1.0,0.0,0.0,1.0,0.0,0.0,0.0,0.0,1.0,0.0,1.0,0.0
-0.9240506329113924,-1.0,-1.0,-1.0,-1.0,-1.0,-1.0,0.0,1.0,0.0,0.0,0.0,0.0,1.0,0.0,0.0,0.0,1.0,0.0,1.0,0.0
-0.6708860759493671,-0.03344057354545327,-0.4985462595038411,0.037384415021092465,0.32982534428834476,-1.0,0.3312176411241319,0.0,1.0,0.0,0.0,0.0,1.0,0.0,0.0,0.0,0.0,1.0,0.0,1.0,0.0
0.3924050632911391,-1.0,0.2012030021459288,0.11831580693040555,-0.22297381961557772,-1.0,0.27220200301106146,0.0,1.0,0.0,0.0,0.0,1.0,0.0,0.0,0.0,1.0,0.0,0.0,1.0,0.0
-0.4177215189873418,-1.0,-1.0,-1.0,-1.0,-1.0,-1.0,1.0,0.0,0.0,0.0,0.0,0.0,1.0,0.0,0.0,0.0,1.0,0.0,1.0,0.0
-0.3417721518987342,-1.0,-1.0,-1.0,-1.0,-1.0,-1.0,0.0,0.0,1.0,0.0,0.0,0.0,1.0,0.0,0.0,0.0,1.0,0.0,1.0,0.0
-0.4177215189873418,-1.0,-1.0,-1.0,0.263055173450073,-0.8626258465039598,0.20636211511482583,0.0,1.0,0.0,0.0,0.0,1.0,0.0,0.0,0.0,0.0,1.0,0.0,1.0,0.0
-0.21518987341772156,-1.0,-0.03250559289660093,0.18811880253523294,-1.0,-1.0,0.1976555486438838,0.0,1.0,0.0,0.0,0.0,1.0,0.0,0.0,0.0,1.0,0.0,0.0,1.0,0.0
-0.5696202531645569,0.32208331881986685,-1.0,-0.7245168312189103,-1.0,0.4095851350279245,0.4276799532340514,0.0,1.0,0.0,0.0,0.0,1.0,0.0,1.0,0.0,0.0,0.0,0.0,1.0,0.0
-0.21518987341772156,-1.0,-1.0,-1.0,-1.0,-1.0,-1.0,0.0,0.0,1.0,0.0,0.0,0.0,1.0,0.0,0.0,0.0,1.0,0.0,1.0,0.0
0.240506329113924,0.3542453994941479,-0.363034326141483,-1.0,0.34672848049394056,-0.7822671181404642,0.3977230621267156,0.0,1.0,0.0,0.0,0.0,1.0,0.0,0.0,0.0,0.0,1.0,0.0,1.0,0.0
0.012658227848101333,-1.0,-0.39569379966122975,-1.0,0.46066174186058273,0.43473284879480767,0.5209905575228222,0.0,0.0,1.0,0.0,0.0,1.0,0.0,1.0,0.0,0.0,0.0,0.0,0.0,1.0
-0.49367088607594933,-1.0,-1.0,-1.0,-1.0,-1.0,-1.0,0.0,1.0,0.0,0.0,0.0,0.0,1.0,0.0,0.0,0.0,1.0,0.0,1.0,0.0
-0.03797468354430378,-1.0,-1.0,-1.0,-1.0,-1.0,-1.0,0.0,1.0,0.0,0.0,0.0,0.0,1.0,0.0,0.0,0.0,1.0,0.0,1.0,0.0
-0.5189873417721519,-0.40789510005579643,0.45876856165817115,-0.5424323609787505,-0.6422640538624581,-0.5645342362809285,0.42661073746946476,0.0,1.0,0.0,0.0,0.0,1.0,0.0,0.0,0.0,0.0,1.0,0.0,1.0,0.0
-0.6962025316455696,-1.0,-1.0,-1.0,-1.0,-1.0,-1.0,0.0,0.0,0.0,1.0,0.0,0.0,1.0,0.0,0.0,0.0,1.0,0.0,1.0,0.0
-0.7974683544303798,-1.0,-1.0,-1.0,-1.0,-1.0,-1.0,0.0,1.0,0.0,0.0,0.0,1.0,0.0,0.0,0.0,0.0,1.0,0.0,1.0,0.0
-0.1392405063291139,-1.0,-1.0,-1.0,-1.0,-1.0,-1.0,0.0,0.0,0.0,1.0,0.0,0.0,1.0,0.0,0.0,0.0,1.0,0.0,1.0,0.0
-0.189873417721519,-1.0,-1.0,-1.0,-1.0,-1.0,-1.0,0.0,0.0,0.0,1.0,0.0,0.0,1.0,0.0,0.0,0.0,1.0,0.0,1.0,0.0
-0.5189873417721519,-1.0,-1.0,-1.0,-1.0,-1.0,-1.0,0.0,1.0,0.0,0.0,0.0,1.0,0.0,0.0,0.0,0.0,1.0,0.0,1.0,0.0
0.03797468354430378,-1.0,-1.0,-1.0,-1.0,-1.0,-1.0,0.0,1.0,0.0,0.0,0.0,0.0,1.0,0.0,0.0,0.0,1.0,0.0,1.0,0.0
-0.44303797468354433,-1.0,-1.0,-1.0,-1.0,-1.0,-1.0,0.0,1.0,0.0,0.0,0.0,0.0,1.0,0.0,0.0,0.0,1.0,0.0,1.0,0.0
-0.26582278481012656,-1.0,0.7676016287587997,-1.0,0.5978545564313209,0.7986064291630994,0.8896116588848186,0.0,0.0,1.0,0.0,0.0,1.0,0.0,0.0,0.0,0.0,1.0,0.0,1.0,0.0
-0.1392405063291139,0.367893319386837,-0.363034326141483,0.11759970128798636,-1.0,-1.0,0.3163263205488358,0.0,1.0,0.0,0.0,0.0,1.0,0.0,0.0,0.0,0.0,1.0,0.0,1.0,0.0
-0.5189873417721519,-1.0,-1.0,-1.0,-1.0,-1.0,-1.0,0.0,0.0,1.0,0.0,0.0,0.0,1.0,0.0,0.0,0.0,1.0,0.0,1.0,0.0
-0.36708860759493667,0.07697121021425968,-0.048385360874919625,-0.25725365464971406,-1.0,0.1563953634869628,0.2444942783140054,0.0,1.0,0.0,0.0,0.0,1.0,0.0,0.0,0.0,1.0,0.0,0.0,1.0,0.0
-0.5443037974683544,-1.0,-1.0,-1.0,-1.0,-1.0,-1.0,0.0,1.0,0.0,0.0,0.0,0.0,1.0,0.0,0.0,1.0,0.0,0.0,1.0,0.0
-0.5696202531645569,-1.0,-1.0,-1.0,-1.0,-1.0,-1.0,0.0,1.0,0.0,0.0,0.0,0.0,1.0,1.0,0.0,0.0,0.0,0.0,1.0,0.0
-0.5189873417721519,-1.0,-1.0,-1.0,-1.0,-1.0,-1.0,0.0,1.0,0.0,0.0,0.0,0.0,1.0,0.0,0.0,1.0,0.0,0.0,1.0,0.0
-0.03797468354430378,-1.0,-1.0,-1.0,-1.0,-1.0,-1.0,0.0,0.0,0.0,1.0,0.0,0.0,1.0,0.0,0.0,0.0,1.0,0.0,1.0,0.0
-0.189873417721519,-1.0,-1.0,-0.23071841638888846,0.3485988101717077,-0.37014465765234383,0.3026537551711814,0.0,1.0,0.0,0.0,0.0,1.0,0.0,0.0,0.0,0.0,1.0,0.0,1.0,0.0
-0.5189873417721519,-1.0,-1.0,-1.0,-1.0,0.3790879981693529,0.32656327149793496,0.0,1.0,0.0,0.0,0.0,1.0,0.0,0.0,0.0,0.0,1.0,0.0,1.0,0.0
0.08860759493670889,-1.0,0.5519153518229103,0.24951759855774447,-0.2490529531958,-0.013666066580674485,0.5570835540372348,0.0,0.0,1.0,0.0,0.0,1.0,0.0,0.0,0.0,0.0,1.0,0.0,1.0,0.0
0.7215189873417722,-1.0,-1.0,-1.0,-1.0,-1.0,-1.0,0.0,0.0,0.0,1.0,0.0,0.0,1.0,1.0,0.0,0.0,0.0,0.0,1.0,0.0
-0.26582278481012656,-1.0,-1.0,-1.0,-1.0,-1.0,-1.0,0.0,0.0,0.0,1.0,0.0,0.0,1.0,0.0,0.0,0.0,1.0,0.0,1.0,0.0
-0.3417721518987342,-0.5654236457133779,0.29476080777326974,-1.0,-0.2685470822285979,-1.0,0.273642619471695,0.0,1.0,0.0,0.0,0.0,1.0,0.0,1.0,0.0,0.0,0.0,0.0,1.0,0.0
-0.8227848101265822,-1.0,-1.0,-1.0,-1.0,-1.0,-1.0,0.0,0.0,0.0,1.0,0.0,1.0,0.0,0.0,0.0,0.0,1.0,0.0,1.0,0.0
-0.5189873417721519,-1.0,0.6443160824310799,-1.0,-0.5038728988504453,0.6151042446200865,0.7125132837098052,0.0,0.0,1.0,0.0,0.0,1.0,0.0,1.0,0.0,0.0,0.0,0.0,1.0,0.0
-1.0,-1.0,-1.0,-1.0,-1.0,-1.0,-1.0,0.0,0.0,0.0,1.0,0.0,1.0,0.0,0.0,0.0,0.0,1.0,0.0,1.0,0.0
-0.8227848101265822,-1.0,-1.0,-1.0,-1.0,-1.0,-1.0,0.0,0.0,0.0,1.0,0.0,1.0,0.0,0.0,0.0,0.0,1.0,0.0,1.0,0.0
-0.11392405063291144,0.3946328587617025,-1.0,-1.0,-1.0,-1.0,0.27220200301106146,0.0,1.0,0.0,0.0,0.0,1.0,0.0,1.0,0.0,0.0,0.0,0.0,1.0,0.0
-1.0,-1.0,-1.0,-1.0,-1.0,-1.0,-1.0,1.0,0.0,0.0,0.0,0.0,1.0,0.0,0.0,0.0,0.0,1.0,0.0,1.0,0.0
0.36708860759493667,-1.0,0.7629633242093847,-1.0,-0.1927796138817054,-0.052830246256110325,0.7231026297362948,0.0,0.0,1.0,0.0,0.0,1.0,0.0,0.0,0.0,0.0,1.0,0.0,1.0,0.0
-0.49367088607594933,-1.0,-1.0,-1.0,-1.0,-1.0,-1.0,0.0,1.0,0.0,0.0,1.0,0.0,0.0,0.0,0.0,0.0,1.0,0.0,1.0,0.0
-0.2405063291139241,0.271104990000969,0.6001465602730167,-1.0,0.6789861789466742,0.11816397687333313,0.7313218412937921,0.0,0.0,1.0,0.0,0.0,1.0,0.0,0.0,0.0,0.0,1.0,0.0,1.0,0.0
0.08860759493670889,-0.3112127747555923,-0.04392503674774717,-0.7245168312189103,-0.04750307886341254,0.252706810645664,0.28229364978636307,0.0,1.0,0.0,0.0,0.0,1.0,0.0,1.0,0.0,0.0,0.0,0.0,1.0,0.0
-0.44303797468354433,0.6470650221528549,-1.0,0.27119210848197595,-0.04750307886341254,-1.0,0.5481144817156895,0.0,0.0,0.0,1.0,0.0,1.0,0.0,0.0,0.0,0.0,1.0,0.0,1.0,0.0
-0.189873417721519,-1.0,0.30513942337362976,-1.0,-0.8616088449879872,0.42645258733182123,0.46095718013160547,0.0,0.0,1.0,0.0,0.0,1.0,0.0,0.0,0.0,0.0,1.0,0.0,0.0,1.0
0.240506329113924,-1.0,-1.0,-1.0,-1.0,-1.0,-1.0,0.0,0.0,0.0,1.0,0.0,0.0,1.0,0.0,0.0,0.0,1.0,0.0,1.0,0.0
0.36708860759493667,0.3843438536524524,-1.0,-0.24354345327143112,-0.45932089796816633,-1.0,0.27696231702976926,0.0,1.0,0.0,0.0,0.0,1.0,0.0,1.0,0.0,0.0,0.0,0.0,1.0,0.0
0.08860759493670889,-0.02540161897517723,0.1555748957942975,0.11177601416719973,0.34507744494102055,-0.4769678405233547,0.4061431226742702,0.0,0.0,1.0,0.0,0.0,1.0,0.0,0.0,0.0,0.0,1.0,0.0,1.0,0.0
-0.08860759493670889,-1.0,-1.0,-1.0,-1.0,-1.0,-1.0,0.0,1.0,0.0,0.0,0.0,0.0,1.0,0.0,0.0,0.0,1.0,0.0,1.0,0.0
-0.5696202531645569,-1.0,-1.0,-1.0,-1.0,-1.0,-1.0,0.0,0.0,1.0,0.0,0.0,0.0,1.0,1.0,0.0,0.0,0.0,0.0,1.0,0.0
-0.06329113924050633,-0.09220091735077918,0.552124557187168,-1.0,0.42970751909537985,0.41006911331482265,0.638289389497404,0.0,0.0,1.0,0.0,0.0,1.0,0.0,0.0,0.0,0.0,1.0,0.0,1.0,0.0
-0.620253164556962,-1.0,-1.0,-1.0,-1.0,-1.0,-1.0,0.0,0.0,1.0,0.0,0.0,0.0,1.0,0.0,0.0,0.0,1.0,0.0,1.0,0.0
-0.26582278481012656,-1.0,-0.5312057330235879,-1.0,0.27551610476783406,-0.049527019624530544,0.255592184247051,0.0,1.0,0.0,0.0,0.0,1.0,0.0,0.0,0.0,0.0,1.0,0.0,1.0,0.0
-0.11392405063291144,-0.3447223122490274,-1.0,0.4055937974349204,-1.0,-0.3011140987406753,0.35713781355009666,0.0,1.0,0.0,0.0,0.0,1.0,0.0,0.0,0.0,1.0,0.0,0.0,1.0,0.0
-0.4177215189873418,-1.0,0.3128735302891006,-1.0,0.2391815695987436,0.44673961328231937,0.5131183407165005,0.0,0.0,1.0,0.0,0.0,1.0,0.0,0.0,0.0,0.0,1.0,0.0,1.0,0.0
-0.5443037974683544,-1.0,-1.0,0.27119210848197595,-0.18253858794414057,-0.003022488517644084,0.27696231702976926,0.0,1.0,0.0,0.0,1.0,0.0,0.0,0.0,0.0,0.0,1.0,0.0,1.0,0.0
-0.36708860759493667,-1.0,-1.0,-1.0,-1.0,-1.0,-1.0,0.0,0.0,0.0,1.0,0.0,0.0,1.0,1.0,0.0,0.0,0.0,0.0,1.0,0.0
-0.44303797468354433,-1.0,-1.0,-1.0,0.47314029805121804,0.016689547685515782,0.42564328907813254,0.0,1.0,0.0,0.0,0.0,1.0,0.0,1.0,0.0,0.0,0.0,0.0,1.0,0.0
-0.31645569620253167,-0.7704042582518641,-1.0,0.4280241338706443,-1.0,-0.3468013544213927,0.3739699754293264,0.0,0.0,0.0,1.0,0.0,1.0,0.0,0.0,0.0,0.0,1.0,0.0,1.0,0.0
-0.7721518987341772,-1.0,-1.0,-1.0,-1.0,-1.0,-1.0,0.0,1.0,0.0,0.0,0.0,0.0,1.0,0.0,0.0,0.0,1.0,0.0,1.0,0.0
-1.0,-1.0,-1.0,-1.0,-1.0,-1.0,-1.0,0.0,1.0,0.0,0.0,0.0,1.0,0.0,0.0,0.0,0.0,1.0,0.0,1.0,0.0
-0.21518987341772156,-1.0,-1.0,-1.0,-1.0,-1.0,-1.0,0.0,1.0,0.0,0.0,0.0,0.0,1.0,0.0,0.0,1.0,0.0,0.0,1.0,0.0
-0.5443037974683544,-1.0,-0.5312057330235879,-1.0,-1.0,0.30909745567512825,0.2618008416391422,0.0,1.0,0.0,0.0,0.0,1.0,0.0,0.0,0.0,0.0,1.0,0.0,1.0,0.0
-1.0,-1.0,-1.0,-1.0,-1.0,-1.0,-1.0,0.0,1.0,0.0,0.0,0.0,1.0,0.0,1.0,0.0,0.0,0.0,0.0,1.0,0.0
-0.2405063291139241,-1.0,-1.0,-1.0,-1.0,-1.0,-1.0,0.0,1.0,0.0,0.0,0.0,0.0,1.0,0.0,0.0,0.0,1.0,0.0,1.0,0.0
0.49367088607594933,-1.0,0.2707239285188163,-1.0,-0.006364088151583069,-0.01780954174729288,0.3071205140999236,0.0,1.0,0.0,0.0,0.0,1.0,0.0,0.0,0.0,0.0,1.0,0.0,1.0,0.0
-0.06329113924050633,-1.0,-1.0,-1.0,-1.0,-1.0,-1.0,0.0,0.0,1.0,0.0,0.0,0.0,1.0,0.0,0.0,0.0,1.0,0.0,1.0,0.0
-0.620253164556962,-1.0,-1.0,-1.0,-1.0,-1.0,-1.0,0.0,0.0,1.0,0.0,0.0,0.0,1.0,0.0,0.0,0.0,1.0,0.0,1.0,0.0
0.08860759493670889,-1.0,-1.0,-1.0,-1.0,-1.0,-1.0,0.0,0.0,0.0,1.0,0.0,0.0,1.0,0.0,0.0,0.0,1.0,0.0,1.0,0.0
-0.5189873417721519,-1.0,-1.0,-1.0,-1.0,-1.0,-1.0,0.0,0.0,1.0,0.0,0.0,0.0,1.0,1.0,0.0,0.0,0.0,0.0,1.0,0.0
-0.5443037974683544,0.39383873348543696,-1.0,-0.07141965617655444,0.48640736706668686,-1.0,0.4993515132474975,0.0,0.0,0.0,1.0,0.0,1.0,0.0,0.0,0.0,0.0,1.0,0.0,1.0,0.0
-0.31645569620253167,-0.0012250776503305305,0.46211056430814423,0.6544454726368942,-0.04581820613847054,0.27429973789850726,0.6809920445439077,0.0,0.0,1.0,0.0,0.0,1.0,0.0,0.0,0.0,0.0,1.0,0.0,1.0,0.0
-0.26582278481012656,-1.0,-1.0,-1.0,-1.0,-1.0,-1.0,0.0,0.0,1.0,0.0,0.0,0.0,1.0,0.0,0.0,0.0,1.0,0.0,1.0,0.0
-0.6708860759493671,-1.0,-1.0,-1.0,-1.0,-1.0,-1.0,0.0,1.0,0.0,0.0,0.0,0.0,1.0,0.0,0.0,0.0,1.0,0.0,1.0,0.0
-0.08860759493670889,-1.0,-1.0,-1.0,-1.0,-1.0,-1.0,0.0,1.0,0.0,0.0,0.0,0.0,1.0,0.0,0.0,0.0,1.0,0.0,1.0,0.0
-0.5189873417721519,-1.0,-1.0,-1.0,-1.0,-1.0,-1.0,0.0,1.0,0.0,0.0,0.0,0.0,1.0,0.0,0.0,1.0,0.0,0.0,1.0,0.0
-0.7974683544303798,-1.0,-1.0,-1.0,-1.0,-1.0,-1.0,0.0,1.0,0.0,0.0,0.0,0.0,1.0,0.0,0.0,0.0,1.0,0.0,1.0,0.0
-0.08860759493670889,-1.0,-1.0,-1.0,-1.0,-1.0,-1.0,0.0,0.0,1.0,0.0,0.0,0.0,1.0,1.0,0.0,0.0,0.0,0.0,1.0,0.0
-1.0,-1.0,-1.0,-1.0,-1.0,-1.0,-1.0,0.0,1.0,0.0,0.0,0.0,0.0,1.0,0.0,0.0,0.0,1.0,0.0,1.0,0.0
-0.5189873417721519,-1.0,-1.0,-0.8622584156094552,0.29162614883603366,-1.0,0.23359755994066989,0.0,1.0,0.0,0.0,0.0,1.0,0.0,0.0,0.0,0.0,1.0,0.0,1.0,0.0
0.16455696202531644,0.322456843584906,-0.363034326141483,-1.0,-0.37397903613286987,0.31620931941770825,0.37719293747903837,0.0,1.0,0.0,0.0,1.0,0.0,0.0,0.0,0.0,1.0,0.0,1.0,0.0,0.0
-0.2405063291139241,-1.0,-1.0,-1.0,-1.0,-1.0,-1.0,0.0,1.0,0.0,0.0,0.0,0.0,1.0,0.0,0.0,0.0,1.0,0.0,1.0,0.0
-0.8987341772151899,-1.0,-1.0,-1.0,-1.0,-1.0,-1.0,0.0,1.0,0.0,0.0,0.0,0.0,1.0,0.0,0.0,0.0,1.0,0.0,1.0,0.0
0.1898734177215189,0.18202904566168598,0.25094062949372287,-0.7245168312189103,-1.0,0.2809014096359943,0.39784778615543503,0.0,1.0,0.0,0.0,0.0,1.0,0.0,0.0,0.0,0.0,1.0,0.0,1.0,0.0
-0.4683544303797469,-1.0,-1.0,-1.0,-1.0,-1.0,-1.0,0.0,0.0,0.0,1.0,0.0,0.0,1.0,0.0,0.0,0.0,1.0,0.0,1.0,0.0
-0.6708860759493671,0.4213800803481331,-1.0,-1.0,-1.0,-0.3620541869723509,0.3016238192728389,0.0,1.0,0.0,0.0,0.0,1.0,0.0,0.0,0.0,0.0,1.0,0.0,1.0,0.0
-0.6455696202531646,-0.28234114300394575,-0.1995458352291587,-1.0,0.26799391865871924,-1.0,0.23826178454250058,0.0,1.0,0.0,0.0,0.0,1.0,0.0,0.0,0.0,0.0,1.0,0.0,1.0,0.0
0.11392405063291133,0.6147705589224242,-1.0,-0.06957109307211395,-1.0,-1.0,0.48180279414514127,0.0,0.0,0.0,1.0,0.0,1.0,0.0,1.0,0.0,0.0,0.0,0.0,1.0,0.0
-0.44303797468354433,0.37381402840314926,-1.0,0.3093455443548321,0.15539013214534902,-1.0,0.42542763218737756,0.0,0.0,0.0,1.0,0.0,1.0,0.0,0.0,0.0,0.0,1.0,0.0,1.0,0.0
-0.3417721518987342,0.4188071798551589,-0.6195699068776419,-0.4490336624378206,-0.0009309302268775133,-1.0,0.3274672118880446,0.0,0.0,0.0,1.0,0.0,1.0,0.0,0.0,0.0,0.0,1.0,0.0,1.0,0.0
-0.5443037974683544,0.11945716578703025,0.24897905055355252,-0.7816847539510678,0.2383748766506515,-0.1788762303003234,0.37593825942930725,0.0,1.0,0.0,0.0,0.0,1.0,0.0,0.0,0.0,0.0,1.0,0.0,1.0,0.0
-0.21518987341772156,-0.2692751980081092,-1.0,0.34662137557699646,-1.0,-1.0,0.29871004050405636,0.0,1.0,0.0,0.0,0.0,1.0,0.0,0.0,0.0,0.0,1.0,0.0,1.0,0.0
-0.31645569620253167,-1.0,-0.20617366975031226,0.34087432667178597,-1.0,-1.0,0.29871004050405636,0.0,1.0,0.0,0.0,0.0,1.0,0.0,0.0,0.0,0.0,1.0,0.0,1.0,0.0
0.36708860759493667,-1.0,-1.0,-1.0,-1.0,-1.0,-1.0,0.0,0.0,1.0,0.0,0.0,0.0,1.0,1.0,0.0,0.0,0.0,0.0,1.0,0.0
-0.5949367088607596,-0.3959497317415208,-1.0,-1.0,0.25541015400221423,0.022468062261076893,0.2563794145649989,0.0,1.0,0.0,0.0,0.0,1.0,0.0,0.0,0.0,0.0,1.0,0.0,1.0,0.0
-0.5189873417721519,-0.1033495365093745,-0.6497067338580801,-1.0,0.16553927057663342,0.03885665155921236,0.22204004135253208,0.0,1.0,0.0,0.0,0.0,1.0,0.0,0.0,0.0,0.0,1.0,0.0,1.0,0.0
-0.4683544303797469,0.3012655327569349,-1.0,-1.0,-1.0,-0.06662287186008997,0.22453211175517773,0.0,1.0,0.0,0.0,0.0,1.0,0.0,0.0,0.0,1.0,0.0,0.0,1.0,0.0
-0.5696202531645569,-1.0,-0.21303410679056745,0.3548331600508796,-1.0,-0.20221953353127442,0.32142043671522,0.0,1.0,0.0,0.0,0.0,1.0,0.0,1.0,0.0,0.0,0.0,0.0,1.0,0.0
-0.9493670886075949,-1.0,-1.0,-1.0,-1.0,-1.0,-1.0,0.0,0.0,0.0,1.0,0.0,0.0,1.0,0.0,0.0,0.0,1.0,0.0,1.0,0.0
0.06329113924050622,-1.0,0.7086002951856283,-1.0,0.8563457581028915,-0.6810270934861755,0.8588217788588979,0.0,0.0,1.0,0.0,0.0,1.0,0.0,0.0,0.0,0.0,1.0,0.0,1.0,0.0
-0.31645569620253167,0.6957262441144434,0.24699759040708136,-1.0,0.030037547079654336,-0.15241177579280807,0.5892550757535986,0.0,0.0,1.0,0.0,0.0,1.0,0.0,1.0,0.0,0.0,0.0,0.0,1.0,0.0
-0.49367088607594933,0.322456843584906,-1.0,-0.11951207025916932,-0.05614755600273069,-1.0,0.263321918892786,0.0,1.0,0.0,0.0,0.0,1.0,0.0,0.0,0.0,0.0,1.0,0.0,1.0,0.0
-0.3417721518987342,-1.0,-1.0,-1.0,-1.0,-1.0,-1.0,0.0,0.0,0.0,1.0,0.0,0.0,1.0,1.0,0.0,0.0,0.0,0.0,1.0,0.0
-0.26582278481012656,0.1827584950947696,0.23217709976043688,-1.0,-1.0,-1.0,0.2818359288675667,0.0,1.0,0.0,0.0,0.0,1.0,0.0,0.0,0.0,0.0,1.0,0.0,1.0,0.0
-0.44303797468354433,-0.5408085165037282,0.2838001822370151,-1.0,-0.3347045997837631,-1.0,0.26103572755089166,0.0,1.0,0.0,0.0,0.0,1.0,0.0,0.0,0.0,0.0,1.0,0.0,1.0,0.0
-0.03797468354430378,-0.8551412152377926,-1.0,0.12602721578259968,-1.0,0.2530629455303446,0.285017134263297,0.0,1.0,0.0,0.0,0.0,1.0,0.0,0.0,0.0,0.0,1.0,0.0,1.0,0.0
-0.4177215189873418,-1.0,0.13667643941399787,0.1406064858527014,-1.0,-1.0,0.23330222189384453,0.0,1.0,0.0,0.0,0.0,1.0,0.0,0.0,0.0,0.0,1.0,0.0,1.0,0.0
-0.4683544303797469,0.2987726159162465,-1.0,0.046824036112903755,-0.8616088449879872,-0.8626258465039598,0.24753574584356097,0.0,1.0,0.0,0.0,0.0,1.0,0.0,1.0,0.0,0.0,0.0,0.0,1.0,0.0
-0.44303797468354433,-1.0,-1.0,-1.0,-1.0,-1.0,-1.0,0.0,1.0,0.0,0.0,0.0,0.0,1.0,0.0,0.0,0.0,1.0,0.0,1.0,0.0
-0.1392405063291139,-1.0,-1.0,-1.0,-1.0,-1.0,-1.0,0.0,0.0,1.0,0.0,0.0,0.0,1.0,1.0,0.0,0.0,0.0,0.0,1.0,0.0
-0.4683544303797469,-0.057288776938810404,-1.0,0.33278165221223177,-1.0,-1.0,0.2985001993479246,0.0,1.0,0.0,0.0,0.0,1.0,0.0,0.0,0.0,0.0,1.0,0.0,1.0,0.0
0.21518987341772156,-0.14784747667959774,-1.0,-0.4902955702815448,-1.0,-1.0,-0.18735984756559576,0.0,1.0,0.0,0.0,0.0,1.0,0.0,0.0,0.0,0.0,1.0,0.0,1.0,0.0
-0.36708860759493667,-1.0,-1.0,-1.0,-1.0,-1.0,-1.0,0.0,0.0,0.0,1.0,0.0,0.0,1.0,0.0,0.0,0.0,1.0,0.0,1.0,0.0
0.06329113924050622,-1.0,-0.22752239277912478,-1.0,0.6643166080130929,-0.4769678405233547,0.5920666684859652,0.0,0.0,1.0,0.0,0.0,1.0,0.0,0.0,0.0,0.0,1.0,0.0,1.0,0.0
-0.31645569620253167,0.40519390922896803,-1.0,-1.0,0.3509123497669291,-0.39660911215985917,0.4201772990881891,0.0,0.0,0.0,1.0,0.0,1.0,0.0,0.0,0.0,0.0,1.0,0.0,1.0,0.0
-0.4177215189873418,-1.0,-1.0,-1.0,-1.0,-1.0,-1.0,0.0,0.0,1.0,0.0,0.0,0.0,1.0,0.0,0.0,0.0,1.0,0.0,1.0,0.0
-0.31645569620253167,-1.0,0.26046373254470256,-1.0,-0.14613695271290328,-1.0,0.2494462624740159,0.0,1.0,0.0,0.0,0.0,1.0,0.0,1.0,0.0,0.0,0.0,0.0,1.0,0.0
-0.5443037974683544,-1.0,-0.42435512987010526,-0.14470005521906726,0.5306089913167138,-0.3542810726612019,0.47158009316180394,0.0,1.0,0.0,0.0,0.0,1.0,0.0,0.0,0.0,0.0,1.0,0.0,1.0,0.0
-0.31645569620253167,-1.0,-1.0,-1.0,0.36012715966332576,-1.0,0.29871004050405636,0.0,1.0,0.0,0.0,0.0,1.0,0.0,0.0,0.0,0.0,1.0,0.0,1.0,0.0
-0.5696202531645569,-1.0,0.25223749921938765,-1.0,-1.0,0.06805479092467825,0.27976247514746677,0.0,1.0,0.0,0.0,1.0,0.0,0.0,0.0,0.0,0.0,1.0,0.0,1.0,0.0
-0.16455696202531644,0.2804363190092234,-1.0,-1.0,-1.0,0.2090161737549363,0.29744751488910315,0.0,1.0,0.0,0.0,0.0,1.0,0.0,0.0,0.0,0.0,1.0,0.0,1.0,0.0
0.2911392405063291,0.33371690570915824,-0.34168560311267027,-0.14470005521906726,-1.0,-0.124234354614839,0.2680601258366466,0.0,1.0,0.0,0.0,0.0,1.0,0.0,0.0,0.0,1.0,0.0,0.0,1.0,0.0
-0.3417721518987342,-0.6636483178693894,0.2996389932139807,-1.0,-1.0,-1.0,0.26830627263791507,0.0,1.0,0.0,0.0,0.0,1.0,0.0,0.0,0.0,1.0,0.0,0.0,1.0,0.0
-0.6455696202531646,-1.0,-1.0,-1.0,-1.0,-1.0,-1.0,0.0,1.0,0.0,0.0,0.0,0.0,1.0,0.0,0.0,0.0,1.0,0.0,1.0,0.0
-0.6708860759493671,0.42438049815234846,-0.8644880666376419,-1.0,-0.13798658706186173,-1.0,0.3144045233157535,0.0,1.0,0.0,0.0,0.0,1.0,0.0,0.0,0.0,0.0,1.0,0.0,1.0,0.0
0.08860759493670889,-0.27570607618896315,-0.15077563990122977,-1.0,0.43968484954640097,0.4758313286460083,0.5370876707557841,0.0,0.0,1.0,0.0,0.0,1.0,0.0,0.0,0.0,0.0,1.0,0.0,1.0,0.0
-0.3924050632911392,0.33722348210897146,0.24865019867745564,0.4402748240860843,-1.0,-0.8626258465039598,0.49898510784718453,0.0,0.0,0.0,1.0,0.0,1.0,0.0,0.0,0.0,0.0,1.0,0.0,1.0,0.0
0.08860759493670889,-1.0,-1.0,-1.0,-1.0,-1.0,-1.0,0.0,0.0,0.0,1.0,0.0,0.0,1.0,1.0,0.0,0.0,0.0,0.0,1.0,0.0
-0.3924050632911392,-1.0,0.3198565009555816,-0.5062015851699782,-1.0,-1.0,0.28947155819687853,0.0,1.0,0.0,0.0,0.0,1.0,0.0,0.0,0.0,0.0,1.0,0.0,1.0,0.0
0.11392405063291133,-1.0,0.2003621303367622,-0.8622584156094552,0.028886787507560463,-1.0,0.2309229002624309,0.0,1.0,0.0,0.0,0.0,1.0,0.0,0.0,0.0,1.0,0.0,1.0,0.0,0.0
-1.0,-1.0,-1.0,-1.0,-1.0,-1.0,-1.0,0.0,1.0,0.0,0.0,0.0,0.0,1.0,0.0,0.0,0.0,1.0,0.0,1.0,0.0
-0.2405063291139241,0.5630767704001933,-1.0,-1.0,-0.47309575479577604,-1.0,0.4272529862670065,0.0,0.0,0.0,1.0,0.0,1.0,0.0,0.0,0.0,0.0,1.0,0.0,1.0,0.0
-0.5443037974683544,0.24306228809839592,-0.5312057330235879,0.12807941062072858,-0.09937878316191584,-0.5436529399901353,0.27026408877763064,0.0,1.0,0.0,0.0,0.0,1.0,0.0,0.0,0.0,0.0,1.0,1.0,0.0,0.0
0.8987341772151898,-1.0,-1.0,0.413031139083027,-1.0,0.4822030510948476,0.5259576230201282,0.0,1.0,0.0,0.0,0.0,1.0,0.0,0.0,0.0,0.0,1.0,0.0,1.0,0.0
-0.3924050632911392,-0.8551412152377926,-1.0,-1.0,0.1510563383304051,0.09270098488072276,0.2087303526640769,0.0,1.0,0.0,0.0,0.0,1.0,0.0,1.0,0.0,0.0,0.0,0.0,1.0,0.0
-0.03797468354430378,-1.0,-1.0,-1.0,-1.0,-1.0,-1.0,1.0,0.0,0.0,0.0,0.0,0.0,1.0,0.0,0.0,0.0,1.0,0.0,1.0,0.0
-0.6962025316455696,-1.0,-1.0,-1.0,-1.0,-1.0,-1.0,0.0,1.0,0.0,0.0,0.0,0.0,1.0,0.0,0.0,0.0,1.0,0.0,1.0,0.0
-0.21518987341772156,-1.0,-1.0,-1.0,-1.0,-1.0,-1.0,0.0,0.0,1.0,0.0,0.0,0.0,1.0,0.0,0.0,0.0,1.0,0.0,1.0,0.0
-0.620253164556962,-0.4988709397562451,-1.0,-0.08486472195750094,-1.0,0.5095612568802255,0.46202869960503823,0.0,1.0,0.0,0.0,1.0,0.0,0.0,0.0,0.0,0.0,1.0,0.0,1.0,0.0
-0.44303797468354433,0.25003811326444136,-1.0,-1.0,0.13946013699641102,-0.041502076804283305,0.27929862900355884,0.0,1.0,0.0,0.0,0.0,1.0,0.0,0.0,0.0,0.0,1.0,0.0,1.0,0.0
0.620253164556962,-1.0,-1.0,-1.0,-1.0,-1.0,-1.0,1.0,0.0,0.0,0.0,0.0,0.0,1.0,0.0,0.0,0.0,1.0,0.0,1.0,0.0
-0.3924050632911392,0.4556115972655219,-1.0,-1.0,0.12573265381549148,-1.0,0.3725515115111344,0.0,0.0,0.0,1.0,0.0,1.0,0.0,0.0,0.0,0.0,1.0,0.0,1.0,0.0
-0.5443037974683544,-1.0,0.5950094593313666,-1.0,0.2435610444172751,-0.5645342362809285,0.581516519103848,0.0,0.0,1.0,0.0,0.0,1.0,0.0,1.0,0.0,0.0,0.0,0.0,1.0,0.0
-0.31645569620253167,-1.0,-1.0,-1.0,-1.0,0.481754659478256,0.4253197121895349,0.0,1.0,0.0,0.0,0.0,1.0,0.0,0.0,0.0,0.0,1.0,0.0,1.0,0.0
-0.012658227848101333,-1.0,-0.7852186672204382,-1.0,0.3603466827564017,0.6051824505444436,0.5906207024463122,0.0,0.0,1.0,0.0,0.0,1.0,0.0,0.0,0.0,0.0,1.0,0.0,1.0,0.0
-0.4177215189873418,0.2949765812711149,0.12402009418983506,-1.0,-0.6114869098077889,-1.0,0.27672710334034045,0.0,1.0,0.0,0.0,0.0,1.0,0.0,0.0,0.0,0.0,1.0,0.0,1.0,0.0
-0.8227848101265822,-1.0,-1.0,-1.0,-1.0,-1.0,-1.0,0.0,1.0,0.0,0.0,0.0,1.0,0.0,0.0,0.0,0.0,1.0,0.0,1.0,0.0
-0.5949367088607596,-1.0,-1.0,-1.0,-1.0,-1.0,-1.0,0.0,0.0,0.0,1.0,0.0,0.0,1.0,0.0,0.0,0.0,1.0,0.0,1.0,0.0
-0.26582278481012656,-0.09493281312020219,-0.4349254010785184,-1.0,0.0694758375479605,0.23442242954505166,0.27672710334034045,0.0,1.0,0.0,0.0,0.0,1.0,0.0,1.0,0.0,0.0,0.0,0.0,1.0,0.0
-0.5443037974683544,-0.06429458546962297,-0.269276640735722,0.22849835326478662,-1.0,-1.0,0.2232901485933092,0.0,1.0,0.0,0.0,0.0,1.0,0.0,0.0,0.0,1.0,0.0,0.0,1.0,0.0
0.49367088607594933,-1.0,-1.0,-1.0,-1.0,-1.0,-1.0,0.0,0.0,0.0,1.0,0.0,0.0,1.0,0.0,0.0,0.0,1.0,0.0,1.0,0.0
-0.5443037974683544,-1.0,-1.0,-1.0,-1.0,-1.0,-1.0,0.0,1.0,0.0,0.0,0.0,0.0,1.0,0.0,0.0,0.0,1.0,0.0,1.0,0.0
0.31645569620253156,0.4872342216980503,-0.7852186672204382,-0.5633695079021357,-1.0,-1.0,0.35821531718370236,0.0,0.0,0.0,1.0,0.0,1.0,0.0,0.0,0.0,0.0,1.0,0.0,1.0,0.0
-0.189873417721519,0.5918075098608933,-1.0,-0.33085400079197247,0.2486159025882162,-1.0,0.49751240318010015,0.0,0.0,0.0,1.0,0.0,1.0,0.0,0.0,0.0,0.0,1.0,0.0,1.0,0.0
-0.31645569620253167,-1.0,-0.7852186672204382,-1.0,-1.0,0.34098483736528773,0.29035008818985286,0.0,1.0,0.0,0.0,0.0,1.0,0.0,0.0,0.0,1.0,0.0,0.0,1.0,0.0
-0.4683544303797469,-1.0,-1.0,-1.0,-1.0,-1.0,-1.0,0.0,0.0,0.0,1.0,0.0,0.0,1.0,0.0,0.0,0.0,1.0,0.0,1.0,0.0
-1.0,-1.0,-1.0,-1.0,-1.0,-1.0,-1.0,0.0,1.0,0.0,0.0,0.0,0.0,1.0,1.0,0.0,0.0,0.0,0.0,1.0,0.0
-0.1392405063291139,-1.0,-1.0,-1.0,-1.0,-1.0,-1.0,0.0,0.0,1.0,0.0,0.0,0.0,1.0,0.0,0.0,0.0,1.0,0.0,1.0,0.0
0.5189873417721518,0.43158766236923163,-0.2201440682989565,-1.0,-1.0,-1.0,0.3163263205488358,0.0,1.0,0.0,0.0,0.0,1.0,0.0,0.0,0.0,0.0,1.0,0.0,1.0,0.0
-1.0,-1.0,-1.0,-1.0,-1.0,-1.0,-1.0,0.0,1.0,0.0,0.0,0.0,0.0,1.0,0.0,0.0,0.0,1.0,0.0,1.0,0.0
-0.06329113924050633,-1.0,-1.0,-1.0,-1.0,-1.0,-1.0,0.0,0.0,0.0,1.0,0.0,0.0,1.0,0.0,0.0,0.0,1.0,0.0,1.0,0.0
-0.5443037974683544,-1.0,-1.0,-1.0,-1.0,-1.0,-1.0,0.0,1.0,0.0,0.0,0.0,0.0,1.0,1.0,0.0,0.0,0.0,0.0,1.0,0.0
-0.31645569620253167,-1.0,-0.37070206946687334,-1.0,0.3171612596463158,-1.0,0.2638262595866594,0.0,1.0,0.0,0.0,0.0,1.0,0.0,0.0,0.0,0.0,1.0,0.0,1.0,0.0
-0.49367088607594933,-1.0,-1.0,-1.0,-1.0,-1.0,-1.0,0.0,1.0,0.0,0.0,0.0,0.0,1.0,0.0,0.0,1.0,0.0,0.0,1.0,0.0
-0.36708860759493667,-1.0,-1.0,0.09880317578976294,-1.0,0.2516345500860693,0.2753096940518822,0.0,1.0,0.0,0.0,0.0,1.0,0.0,0.0,0.0,0.0,1.0,0.0,1.0,0.0
-0.08860759493670889,-1.0,0.1030063404657573,-1.0,-1.0,0.27841234696714756,0.29975579557337273,0.0,1.0,0.0,0.0,0.0,1.0,0.0,0.0,0.0,0.0,1.0,0.0,1.0,0.0
-0.620253164556962,-1.0,-1.0,-1.0,-1.0,-1.0,-1.0,0.0,1.0,0.0,0.0,0.0,0.0,1.0,0.0,0.0,0.0,1.0,0.0,1.0,0.0
0.06329113924050622,-1.0,-1.0,0.45590865827079097,-1.0,-0.6810270934861755,0.39722334841700824,0.0,1.0,0.0,0.0,0.0,1.0,0.0,0.0,0.0,0.0,1.0,0.0,1.0,0.0
0.08860759493670889,-1.0,0.7383118004788072,-1.0,0.5812214141885663,0.5398891672566151,0.7966744772629624,0.0,0.0,1.0,0.0,0.0,1.0,0.0,0.0,0.0,0.0,1.0,0.0,1.0,0.0
-0.5189873417721519,-1.0,-1.0,-1.0,-1.0,-1.0,-1.0,0.0,1.0,0.0,0.0,0.0,0.0,1.0,0.0,0.0,1.0,0.0,0.0,1.0,0.0
-0.3924050632911392,-1.0,0.2506150633997628,-1.0,-1.0,-1.0,0.21951496243606505,0.0,1.0,0.0,0.0,0.0,1.0,0.0,0.0,0.0,1.0,0.0,0.0,1.0,0.0
-0.2405063291139241,-1.0,0.6919447828811724,-1.0,-0.6422640538624581,-0.8626258465039598,0.650069108506192,0.0,0.0,1.0,0.0,0.0,1.0,0.0,1.0,0.0,0.0,0.0,0.0,1.0,0.0
-0.3417721518987342,-0.01019585613427354,-0.28376492672427933,-1.0,-1.0,0.277785166032366,0.270020458493869,0.0,1.0,0.0,0.0,0.0,1.0,0.0,0.0,0.0,0.0,1.0,0.0,1.0,0.0
